run_id,timestamp,true_label,predicted_label,confidence,correct
RUN_010,2026-10-03 20:18:02,BENIGN,BENIGN,0.8849386,True
RUN_010,2026-10-03 20:18:03,BENIGN,BENIGN,0.9972044,True
RUN_010,2026-10-03 20:18:04,BENIGN,BENIGN,0.99997526,True
RUN_010,2026-10-03 20:18:05,BENIGN,BENIGN,0.9999875,True
RUN_010,2026-10-03 20:18:06,BENIGN,BENIGN,0.9999756,True
RUN_010,2026-10-03 20:18:07,BENIGN,BENIGN,0.99995595,True
RUN_010,2026-10-03 20:18:08,BENIGN,BENIGN,0.99996656,True
RUN_010,2026-10-03 20:18:09,BENIGN,BENIGN,0.9998069,True
RUN_010,2026-10-03 20:18:10,BENIGN,BENIGN,0.9999411,True
RUN_010,2026-10-03 20:18:11,BENIGN,BENIGN,0.9997347,True
RUN_010,2026-10-03 20:18:12,BENIGN,BENIGN,0.9998642,True
RUN_010,2026-10-03 20:18:13,BENIGN,BENIGN,0.9990545,True
RUN_010,2026-10-03 20:18:14,BENIGN,BENIGN,0.920244,True
RUN_010,2026-10-03 20:18:15,BENIGN,BENIGN,0.99972016,True
RUN_010,2026-10-03 20:18:16,BENIGN,BENIGN,0.999721,True
RUN_010,2026-10-03 20:18:17,BENIGN,BENIGN,0.9997377,True
RUN_010,2026-10-03 20:18:18,BENIGN,BENIGN,0.9999003,True
RUN_010,2026-10-03 20:18:19,BENIGN,BENIGN,0.9999294,True
RUN_010,2026-10-03 20:18:20,BENIGN,BENIGN,0.999852,True
RUN_010,2026-10-03 20:18:21,BENIGN,BENIGN,0.9999869,True
RUN_010,2026-10-03 20:18:22,BENIGN,BENIGN,0.99999464,True
RUN_010,2026-10-03 20:18:23,BENIGN,BENIGN,0.9999964,True
RUN_010,2026-10-03 20:18:24,BENIGN,BENIGN,0.99999416,True
RUN_010,2026-10-03 20:18:25,BENIGN,BENIGN,0.9999875,True
RUN_010,2026-10-03 20:18:26,BENIGN,BENIGN,0.999985,True
RUN_010,2026-10-03 20:18:27,BENIGN,BENIGN,0.9999902,True
RUN_010,2026-10-03 20:18:28,BENIGN,BENIGN,0.9999943,True
RUN_010,2026-10-03 20:18:29,BENIGN,BENIGN,0.99999404,True
RUN_010,2026-10-03 20:18:30,BENIGN,BENIGN,0.99998003,True
RUN_010,2026-10-03 20:18:31,BENIGN,BENIGN,0.99998784,True
RUN_010,2026-10-03 20:18:32,BENIGN,BENIGN,0.999995,True
RUN_010,2026-10-03 20:18:33,BENIGN,BENIGN,0.9999975,True
RUN_010,2026-10-03 20:18:34,BENIGN,BENIGN,0.99999774,True
RUN_010,2026-10-03 20:18:35,BENIGN,BENIGN,0.9999976,True
RUN_010,2026-10-03 20:18:36,BENIGN,BENIGN,0.99999774,True
RUN_010,2026-10-03 20:18:37,BENIGN,BENIGN,0.99999666,True
RUN_010,2026-10-03 20:18:38,BENIGN,BENIGN,0.9999943,True
RUN_010,2026-10-03 20:18:39,BENIGN,BENIGN,0.9999956,True
RUN_010,2026-10-03 20:18:40,BENIGN,BENIGN,0.99999714,True
RUN_010,2026-10-03 20:18:41,BENIGN,BENIGN,0.99999666,True
RUN_010,2026-10-03 20:18:42,BENIGN,BENIGN,0.99996704,True
RUN_010,2026-10-03 20:18:43,BENIGN,BENIGN,0.9998108,True
RUN_010,2026-10-03 20:18:44,BENIGN,BENIGN,0.9999834,True
RUN_010,2026-10-03 20:18:45,BENIGN,BENIGN,0.9999631,True
RUN_010,2026-10-03 20:18:46,BENIGN,BENIGN,0.99987984,True
RUN_010,2026-10-03 20:18:47,BENIGN,BENIGN,0.9764257,True
RUN_010,2026-10-03 20:18:48,BENIGN,BENIGN,0.9306017,True
RUN_010,2026-10-03 20:18:49,BENIGN,BENIGN,0.9966177,True
RUN_010,2026-10-03 20:18:50,BENIGN,BENIGN,0.9992106,True
RUN_010,2026-10-03 20:18:51,BENIGN,BENIGN,0.99496156,True
RUN_010,2026-10-03 20:18:52,BENIGN,BENIGN,0.9999497,True
RUN_010,2026-10-03 20:18:53,BENIGN,BENIGN,0.9999393,True
RUN_010,2026-10-03 20:18:54,BENIGN,BENIGN,0.99953645,True
RUN_010,2026-10-03 20:18:55,BENIGN,BENIGN,0.9997813,True
RUN_010,2026-10-03 20:18:56,BENIGN,BENIGN,0.99988437,True
RUN_010,2026-10-03 20:18:57,BENIGN,BENIGN,0.999822,True
RUN_010,2026-10-03 20:18:58,BENIGN,BENIGN,0.9982351,True
RUN_010,2026-10-03 20:18:59,BENIGN,BENIGN,0.9994692,True
RUN_010,2026-10-03 20:19:00,BENIGN,BENIGN,0.9998618,True
RUN_010,2026-10-03 20:19:01,BENIGN,BENIGN,0.9999146,True
RUN_010,2026-10-03 20:19:02,BENIGN,BENIGN,0.99990195,True
RUN_010,2026-10-03 20:19:03,BENIGN,BENIGN,0.9994748,True
RUN_010,2026-10-03 20:19:04,BENIGN,BENIGN,0.9998476,True
RUN_010,2026-10-03 20:19:05,BENIGN,BENIGN,0.99995315,True
RUN_010,2026-10-03 20:19:06,BENIGN,BENIGN,0.99986213,True
RUN_010,2026-10-03 20:19:07,BENIGN,BENIGN,0.9999522,True
RUN_010,2026-10-03 20:19:08,BENIGN,BENIGN,0.9999724,True
RUN_010,2026-10-03 20:19:09,BENIGN,BENIGN,0.9999896,True
RUN_010,2026-10-03 20:19:10,BENIGN,BENIGN,0.99998003,True
RUN_010,2026-10-03 20:19:11,BENIGN,BENIGN,0.99997574,True
RUN_010,2026-10-03 20:19:12,BENIGN,BENIGN,0.99996656,True
RUN_010,2026-10-03 20:19:13,BENIGN,BENIGN,0.9999562,True
RUN_010,2026-10-03 20:19:14,BENIGN,BENIGN,0.9985067,True
RUN_010,2026-10-03 20:19:15,BENIGN,BENIGN,0.7556008,True
RUN_010,2026-10-03 20:19:16,BENIGN,BENIGN,0.989422,True
RUN_010,2026-10-03 20:19:17,BENIGN,BENIGN,0.99992293,True
RUN_010,2026-10-03 20:19:18,BENIGN,BENIGN,0.9999698,True
RUN_010,2026-10-03 20:19:19,BENIGN,BENIGN,0.9999919,True
RUN_010,2026-10-03 20:19:20,BENIGN,BENIGN,0.99998015,True
RUN_010,2026-10-03 20:19:21,BENIGN,BENIGN,0.9999956,True
RUN_010,2026-10-03 20:19:22,BENIGN,BENIGN,0.99997145,True
RUN_010,2026-10-03 20:19:23,BENIGN,BENIGN,0.9999679,True
RUN_010,2026-10-03 20:19:24,BENIGN,BENIGN,0.9998948,True
RUN_010,2026-10-03 20:19:25,BENIGN,BENIGN,0.999954,True
RUN_010,2026-10-03 20:19:26,BENIGN,BENIGN,0.9999356,True
RUN_010,2026-10-03 20:19:27,BENIGN,BENIGN,0.9999887,True
RUN_010,2026-10-03 20:19:28,BENIGN,BENIGN,0.99999213,True
RUN_010,2026-10-03 20:19:29,BENIGN,BENIGN,0.99998385,True
RUN_010,2026-10-03 20:19:30,BENIGN,BENIGN,0.9999263,True
RUN_010,2026-10-03 20:19:31,BENIGN,BENIGN,0.99998146,True
RUN_010,2026-10-03 20:19:32,BENIGN,BENIGN,0.9999876,True
RUN_010,2026-10-03 20:19:33,BENIGN,BENIGN,0.9999768,True
RUN_010,2026-10-03 20:19:34,BENIGN,BENIGN,0.9988161,True
RUN_010,2026-10-03 20:19:35,BENIGN,BENIGN,0.9999096,True
RUN_010,2026-10-03 20:19:36,BENIGN,BENIGN,0.99996203,True
RUN_010,2026-10-03 20:19:37,BENIGN,BENIGN,0.9999951,True
RUN_010,2026-10-03 20:19:38,BENIGN,BENIGN,0.99998915,True
RUN_010,2026-10-03 20:19:39,BENIGN,BENIGN,0.9999786,True
RUN_010,2026-10-03 20:19:40,BENIGN,BENIGN,0.9998371,True
RUN_010,2026-10-03 20:19:41,BENIGN,BENIGN,0.999355,True
RUN_010,2026-10-03 20:19:42,BENIGN,BENIGN,0.944636,True
RUN_010,2026-10-03 20:19:43,BENIGN,BENIGN,0.7139697,True
RUN_010,2026-10-03 20:19:44,BENIGN,BENIGN,0.99748725,True
RUN_010,2026-10-03 20:19:45,BENIGN,BENIGN,0.97384936,True
RUN_010,2026-10-03 20:19:46,BENIGN,BENIGN,0.9986483,True
RUN_010,2026-10-03 20:19:47,BENIGN,BENIGN,0.99854434,True
RUN_010,2026-10-03 20:19:48,BENIGN,BENIGN,0.9994987,True
RUN_010,2026-10-03 20:19:49,BENIGN,BENIGN,0.9990107,True
RUN_010,2026-10-03 20:19:50,BENIGN,BENIGN,0.9999281,True
RUN_010,2026-10-03 20:19:51,BENIGN,BENIGN,0.9999606,True
RUN_010,2026-10-03 20:19:52,BENIGN,BENIGN,0.9998038,True
RUN_010,2026-10-03 20:19:53,BENIGN,BENIGN,0.99672574,True
RUN_010,2026-10-03 20:19:54,BENIGN,BENIGN,0.999827,True
RUN_010,2026-10-03 20:19:55,BENIGN,BENIGN,0.99998474,True
RUN_010,2026-10-03 20:19:56,BENIGN,BENIGN,0.9999835,True
RUN_010,2026-10-03 20:19:57,BENIGN,BENIGN,0.9999724,True
RUN_010,2026-10-03 20:19:58,BENIGN,BENIGN,0.9969987,True
RUN_010,2026-10-03 20:19:59,BENIGN,BENIGN,0.9999347,True
RUN_013,2026-10-03 20:24:02,BENIGN,BENIGN,0.997419,True
RUN_013,2026-10-03 20:24:03,BENIGN,BENIGN,0.99916977,True
RUN_013,2026-10-03 20:24:04,BENIGN,BENIGN,0.9965152,True
RUN_013,2026-10-03 20:24:05,BENIGN,BENIGN,0.9996973,True
RUN_013,2026-10-03 20:24:06,BENIGN,BENIGN,0.9998702,True
RUN_013,2026-10-03 20:24:07,BENIGN,BENIGN,0.9999944,True
RUN_013,2026-10-03 20:24:08,BENIGN,BENIGN,0.9999974,True
RUN_013,2026-10-03 20:24:09,BENIGN,BENIGN,0.99999607,True
RUN_013,2026-10-03 20:24:10,BENIGN,BENIGN,0.99987817,True
RUN_013,2026-10-03 20:24:11,BENIGN,BENIGN,0.9992049,True
RUN_013,2026-10-03 20:24:12,BENIGN,BENIGN,0.99960846,True
RUN_013,2026-10-03 20:24:13,BENIGN,BENIGN,0.9999575,True
RUN_013,2026-10-03 20:24:14,BENIGN,BENIGN,0.99996907,True
RUN_013,2026-10-03 20:24:15,BENIGN,BENIGN,0.9999951,True
RUN_013,2026-10-03 20:24:16,BENIGN,BENIGN,0.9999945,True
RUN_013,2026-10-03 20:24:17,BENIGN,BENIGN,0.999995,True
RUN_013,2026-10-03 20:24:18,BENIGN,BENIGN,0.9999864,True
RUN_013,2026-10-03 20:24:19,BENIGN,BENIGN,0.99996334,True
RUN_013,2026-10-03 20:24:20,BENIGN,BENIGN,0.99999046,True
RUN_013,2026-10-03 20:24:21,BENIGN,BENIGN,0.9999926,True
RUN_013,2026-10-03 20:24:22,BENIGN,BENIGN,0.9999927,True
RUN_013,2026-10-03 20:24:23,BENIGN,BENIGN,0.99999416,True
RUN_013,2026-10-03 20:24:24,BENIGN,BENIGN,0.99999404,True
RUN_013,2026-10-03 20:24:25,BENIGN,BENIGN,0.9999834,True
RUN_013,2026-10-03 20:24:26,BENIGN,BENIGN,0.99999034,True
RUN_013,2026-10-03 20:24:27,BENIGN,BENIGN,0.9999932,True
RUN_013,2026-10-03 20:24:28,BENIGN,BENIGN,0.9999958,True
RUN_013,2026-10-03 20:24:29,BENIGN,BENIGN,0.99999666,True
RUN_013,2026-10-03 20:24:30,BENIGN,BENIGN,0.9999924,True
RUN_013,2026-10-03 20:24:31,BENIGN,BENIGN,0.9999932,True
RUN_013,2026-10-03 20:24:32,BENIGN,BENIGN,0.99999774,True
RUN_013,2026-10-03 20:24:33,BENIGN,BENIGN,0.9999913,True
RUN_013,2026-10-03 20:24:34,BENIGN,BENIGN,0.999995,True
RUN_013,2026-10-03 20:24:35,BENIGN,BENIGN,0.99999213,True
RUN_013,2026-10-03 20:24:36,BENIGN,BENIGN,0.999736,True
RUN_013,2026-10-03 20:24:37,BENIGN,BENIGN,0.99999297,True
RUN_013,2026-10-03 20:24:38,BENIGN,BENIGN,0.9999902,True
RUN_013,2026-10-03 20:24:39,BENIGN,BENIGN,0.999995,True
RUN_013,2026-10-03 20:24:40,BENIGN,BENIGN,0.9999962,True
RUN_013,2026-10-03 20:24:41,BENIGN,BENIGN,0.9999896,True
RUN_013,2026-10-03 20:24:42,BENIGN,BENIGN,0.99985594,True
RUN_013,2026-10-03 20:24:43,BENIGN,BENIGN,0.9999379,True
RUN_013,2026-10-03 20:24:44,BENIGN,BENIGN,0.9999362,True
RUN_013,2026-10-03 20:24:45,BENIGN,BENIGN,0.999955,True
RUN_013,2026-10-03 20:24:46,BENIGN,BENIGN,0.999857,True
RUN_013,2026-10-03 20:24:47,BENIGN,BENIGN,0.9998642,True
RUN_013,2026-10-03 20:24:48,BENIGN,BENIGN,0.9989568,True
RUN_013,2026-10-03 20:24:49,BENIGN,BENIGN,0.99994206,True
RUN_013,2026-10-03 20:24:50,BENIGN,BENIGN,0.99997824,True
RUN_013,2026-10-03 20:24:51,BENIGN,BENIGN,0.99999046,True
RUN_013,2026-10-03 20:24:52,BENIGN,BENIGN,0.99999094,True
RUN_013,2026-10-03 20:24:53,BENIGN,BENIGN,0.9999693,True
RUN_013,2026-10-03 20:24:54,BENIGN,BENIGN,0.99997383,True
RUN_013,2026-10-03 20:24:55,BENIGN,BENIGN,0.99995774,True
RUN_013,2026-10-03 20:24:56,BENIGN,BENIGN,0.9999667,True
RUN_013,2026-10-03 20:24:57,BENIGN,BENIGN,0.99998444,True
RUN_013,2026-10-03 20:24:58,BENIGN,BENIGN,0.9999799,True
RUN_013,2026-10-03 20:24:59,BENIGN,BENIGN,0.9996213,True
RUN_013,2026-10-03 20:25:00,BENIGN,BENIGN,0.9997944,True
RUN_013,2026-10-03 20:25:01,BENIGN,BENIGN,0.9985348,True
RUN_013,2026-10-03 20:25:02,BENIGN,BENIGN,0.9999222,True
RUN_013,2026-10-03 20:25:03,BENIGN,BENIGN,0.999957,True
RUN_013,2026-10-03 20:25:04,BENIGN,BENIGN,0.9999719,True
RUN_013,2026-10-03 20:25:05,BENIGN,BENIGN,0.9999869,True
RUN_013,2026-10-03 20:25:06,BENIGN,BENIGN,0.9999204,True
RUN_013,2026-10-03 20:25:07,BENIGN,BENIGN,0.99998003,True
RUN_013,2026-10-03 20:25:08,BENIGN,BENIGN,0.9999828,True
RUN_013,2026-10-03 20:25:09,BENIGN,BENIGN,0.99999046,True
RUN_013,2026-10-03 20:25:10,BENIGN,BENIGN,0.99996966,True
RUN_013,2026-10-03 20:25:11,BENIGN,BENIGN,0.9999883,True
RUN_013,2026-10-03 20:25:12,BENIGN,BENIGN,0.99999547,True
RUN_013,2026-10-03 20:25:13,BENIGN,BENIGN,0.999997,True
RUN_013,2026-10-03 20:25:14,BENIGN,BENIGN,0.99999416,True
RUN_013,2026-10-03 20:25:15,BENIGN,BENIGN,0.9999908,True
RUN_013,2026-10-03 20:25:16,BENIGN,BENIGN,0.999336,True
RUN_013,2026-10-03 20:25:17,BENIGN,BENIGN,0.9979522,True
RUN_013,2026-10-03 20:25:18,BENIGN,BENIGN,0.9766844,True
RUN_013,2026-10-03 20:25:19,BENIGN,BENIGN,0.99995893,True
RUN_013,2026-10-03 20:25:20,BENIGN,BENIGN,0.9999882,True
RUN_013,2026-10-03 20:25:21,BENIGN,BENIGN,0.99998784,True
RUN_013,2026-10-03 20:25:22,BENIGN,BENIGN,0.9999895,True
RUN_013,2026-10-03 20:25:23,BENIGN,BENIGN,0.9999798,True
RUN_013,2026-10-03 20:25:24,BENIGN,BENIGN,0.9999912,True
RUN_013,2026-10-03 20:25:25,BENIGN,BENIGN,0.9999563,True
RUN_013,2026-10-03 20:25:26,BENIGN,BENIGN,0.99956894,True
RUN_013,2026-10-03 20:25:27,BENIGN,BENIGN,0.921564,True
RUN_013,2026-10-03 20:25:28,BENIGN,BENIGN,0.8073299,True
RUN_013,2026-10-03 20:25:29,BENIGN,BENIGN,0.99975,True
RUN_013,2026-10-03 20:25:30,BENIGN,BENIGN,0.99997824,True
RUN_013,2026-10-03 20:25:31,BENIGN,BENIGN,0.9999958,True
RUN_013,2026-10-03 20:25:32,BENIGN,BENIGN,0.99999213,True
RUN_013,2026-10-03 20:25:33,BENIGN,BENIGN,0.99997157,True
RUN_013,2026-10-03 20:25:34,BENIGN,BENIGN,0.9999931,True
RUN_013,2026-10-03 20:25:35,BENIGN,BENIGN,0.99999154,True
RUN_013,2026-10-03 20:25:36,BENIGN,BENIGN,0.999987,True
RUN_013,2026-10-03 20:25:37,BENIGN,BENIGN,0.99997014,True
RUN_013,2026-10-03 20:25:38,BENIGN,BENIGN,0.9999372,True
RUN_013,2026-10-03 20:25:39,BENIGN,BENIGN,0.99749863,True
RUN_013,2026-10-03 20:25:40,BENIGN,BENIGN,0.9999491,True
RUN_013,2026-10-03 20:25:41,BENIGN,BENIGN,0.9997713,True
RUN_013,2026-10-03 20:25:42,BENIGN,BENIGN,0.99957144,True
RUN_013,2026-10-03 20:25:43,BENIGN,BENIGN,0.99990934,True
RUN_013,2026-10-03 20:25:44,BENIGN,BENIGN,0.9999976,True
RUN_013,2026-10-03 20:25:45,BENIGN,BENIGN,0.9999962,True
RUN_013,2026-10-03 20:25:46,BENIGN,BENIGN,0.999998,True
RUN_013,2026-10-03 20:25:47,BENIGN,BENIGN,0.99999475,True
RUN_013,2026-10-03 20:25:48,BENIGN,BENIGN,0.9999913,True
RUN_013,2026-10-03 20:25:49,BENIGN,BENIGN,0.9999803,True
RUN_013,2026-10-03 20:25:50,BENIGN,BENIGN,0.9999918,True
RUN_013,2026-10-03 20:25:51,BENIGN,BENIGN,0.9999949,True
RUN_013,2026-10-03 20:25:52,BENIGN,BENIGN,0.999995,True
RUN_013,2026-10-03 20:25:53,BENIGN,BENIGN,0.999997,True
RUN_013,2026-10-03 20:25:54,BENIGN,BENIGN,0.99999535,True
RUN_013,2026-10-03 20:25:55,BENIGN,BENIGN,0.9999949,True
RUN_013,2026-10-03 20:25:56,BENIGN,BENIGN,0.99999833,True
RUN_013,2026-10-03 20:25:57,BENIGN,BENIGN,0.99999857,True
RUN_013,2026-10-03 20:25:58,BENIGN,BENIGN,0.9999981,True
RUN_013,2026-10-03 20:25:59,BENIGN,BENIGN,0.99999404,True
RUN_019,2026-10-03 20:36:02,BENIGN,BENIGN,0.9995468,True
RUN_019,2026-10-03 20:36:03,BENIGN,BENIGN,0.9998224,True
RUN_019,2026-10-03 20:36:04,BENIGN,BENIGN,0.99944425,True
RUN_019,2026-10-03 20:36:05,BENIGN,BENIGN,0.99997157,True
RUN_019,2026-10-03 20:36:06,BENIGN,BENIGN,0.99997085,True
RUN_019,2026-10-03 20:36:07,BENIGN,BENIGN,0.9999863,True
RUN_019,2026-10-03 20:36:08,BENIGN,BENIGN,0.99997467,True
RUN_019,2026-10-03 20:36:09,BENIGN,BENIGN,0.9999496,True
RUN_019,2026-10-03 20:36:10,BENIGN,BENIGN,0.9999871,True
RUN_019,2026-10-03 20:36:11,BENIGN,BENIGN,0.99996406,True
RUN_019,2026-10-03 20:36:12,BENIGN,BENIGN,0.99904376,True
RUN_019,2026-10-03 20:36:13,BENIGN,BENIGN,0.99995255,True
RUN_019,2026-10-03 20:36:14,BENIGN,BENIGN,0.9999924,True
RUN_019,2026-10-03 20:36:15,BENIGN,BENIGN,0.99999654,True
RUN_019,2026-10-03 20:36:16,BENIGN,BENIGN,0.99999654,True
RUN_019,2026-10-03 20:36:17,BENIGN,BENIGN,0.9999962,True
RUN_019,2026-10-03 20:36:18,BENIGN,BENIGN,0.99999595,True
RUN_019,2026-10-03 20:36:19,BENIGN,BENIGN,0.9999949,True
RUN_019,2026-10-03 20:36:20,BENIGN,BENIGN,0.99999523,True
RUN_019,2026-10-03 20:36:21,BENIGN,BENIGN,0.9999908,True
RUN_019,2026-10-03 20:36:22,BENIGN,BENIGN,0.9999756,True
RUN_019,2026-10-03 20:36:23,BENIGN,BENIGN,0.99993634,True
RUN_019,2026-10-03 20:36:24,BENIGN,BENIGN,0.9999261,True
RUN_019,2026-10-03 20:36:25,BENIGN,BENIGN,0.9999669,True
RUN_019,2026-10-03 20:36:26,BENIGN,BENIGN,0.99996144,True
RUN_019,2026-10-03 20:36:27,BENIGN,BENIGN,0.99998844,True
RUN_019,2026-10-03 20:36:28,BENIGN,BENIGN,0.999975,True
RUN_019,2026-10-03 20:36:29,BENIGN,BENIGN,0.9999473,True
RUN_019,2026-10-03 20:36:30,BENIGN,BENIGN,0.9999969,True
RUN_019,2026-10-03 20:36:31,BENIGN,BENIGN,0.9999962,True
RUN_019,2026-10-03 20:36:32,BENIGN,BENIGN,0.9999422,True
RUN_019,2026-10-03 20:36:33,BENIGN,BENIGN,0.99998593,True
RUN_019,2026-10-03 20:36:34,BENIGN,BENIGN,0.99994123,True
RUN_019,2026-10-03 20:36:35,BENIGN,BENIGN,0.9999541,True
RUN_019,2026-10-03 20:36:36,BENIGN,BENIGN,0.9999606,True
RUN_019,2026-10-03 20:36:37,BENIGN,BENIGN,0.9999824,True
RUN_019,2026-10-03 20:36:38,BENIGN,BENIGN,0.9999166,True
RUN_019,2026-10-03 20:36:39,BENIGN,BENIGN,0.99881834,True
RUN_019,2026-10-03 20:36:40,BENIGN,BENIGN,0.9998691,True
RUN_019,2026-10-03 20:36:41,BENIGN,BENIGN,0.9999945,True
RUN_019,2026-10-03 20:36:42,BENIGN,BENIGN,0.9999908,True
RUN_019,2026-10-03 20:36:43,BENIGN,BENIGN,0.9999267,True
RUN_019,2026-10-03 20:36:44,BENIGN,BENIGN,0.9997672,True
RUN_019,2026-10-03 20:36:45,BENIGN,BENIGN,0.99986565,True
RUN_019,2026-10-03 20:36:46,BENIGN,BENIGN,0.99995667,True
RUN_019,2026-10-03 20:36:47,BENIGN,BENIGN,0.9999843,True
RUN_019,2026-10-03 20:36:48,BENIGN,BENIGN,0.9999736,True
RUN_019,2026-10-03 20:36:49,BENIGN,BENIGN,0.99998665,True
RUN_019,2026-10-03 20:36:50,BENIGN,BENIGN,0.9999918,True
RUN_019,2026-10-03 20:36:51,BENIGN,BENIGN,0.99998206,True
RUN_019,2026-10-03 20:36:52,BENIGN,BENIGN,0.9999595,True
RUN_019,2026-10-03 20:36:53,BENIGN,BENIGN,0.99977016,True
RUN_019,2026-10-03 20:36:54,BENIGN,BENIGN,0.9997335,True
RUN_019,2026-10-03 20:36:55,BENIGN,BENIGN,0.9997218,True
RUN_019,2026-10-03 20:36:56,BENIGN,BENIGN,0.9996445,True
RUN_019,2026-10-03 20:36:57,BENIGN,BENIGN,0.9999096,True
RUN_019,2026-10-03 20:36:58,BENIGN,BENIGN,0.9999528,True
RUN_019,2026-10-03 20:36:59,BENIGN,BENIGN,0.9999586,True
RUN_019,2026-10-03 20:37:00,BENIGN,BENIGN,0.9999856,True
RUN_019,2026-10-03 20:37:01,BENIGN,BENIGN,0.9999774,True
RUN_019,2026-10-03 20:37:02,BENIGN,BENIGN,0.999957,True
RUN_019,2026-10-03 20:37:03,BENIGN,BENIGN,0.99996537,True
RUN_019,2026-10-03 20:37:04,BENIGN,BENIGN,0.9999504,True
RUN_019,2026-10-03 20:37:05,BENIGN,BENIGN,0.99997514,True
RUN_019,2026-10-03 20:37:06,BENIGN,BENIGN,0.9999894,True
RUN_019,2026-10-03 20:37:07,BENIGN,BENIGN,0.99999475,True
RUN_019,2026-10-03 20:37:08,BENIGN,BENIGN,0.9999939,True
RUN_019,2026-10-03 20:37:09,BENIGN,BENIGN,0.99999344,True
RUN_019,2026-10-03 20:37:10,BENIGN,BENIGN,0.9999743,True
RUN_019,2026-10-03 20:37:11,BENIGN,BENIGN,0.9999786,True
RUN_019,2026-10-03 20:37:12,BENIGN,BENIGN,0.99998075,True
RUN_019,2026-10-03 20:37:13,BENIGN,BENIGN,0.9999698,True
RUN_019,2026-10-03 20:37:14,BENIGN,BENIGN,0.99998325,True
RUN_019,2026-10-03 20:37:15,BENIGN,BENIGN,0.9999894,True
RUN_019,2026-10-03 20:37:16,BENIGN,BENIGN,0.99996215,True
RUN_019,2026-10-03 20:37:17,BENIGN,BENIGN,0.99998736,True
RUN_019,2026-10-03 20:37:18,BENIGN,BENIGN,0.9999857,True
RUN_019,2026-10-03 20:37:19,BENIGN,BENIGN,0.9999073,True
RUN_019,2026-10-03 20:37:20,BENIGN,BENIGN,0.9999761,True
RUN_019,2026-10-03 20:37:21,BENIGN,BENIGN,0.99997646,True
RUN_019,2026-10-03 20:37:22,BENIGN,BENIGN,0.9999141,True
RUN_019,2026-10-03 20:37:23,BENIGN,BENIGN,0.9999818,True
RUN_019,2026-10-03 20:37:24,BENIGN,BENIGN,0.9999927,True
RUN_019,2026-10-03 20:37:25,BENIGN,BENIGN,0.999987,True
RUN_019,2026-10-03 20:37:26,BENIGN,BENIGN,0.999957,True
RUN_019,2026-10-03 20:37:27,BENIGN,BENIGN,0.9999698,True
RUN_019,2026-10-03 20:37:28,BENIGN,BENIGN,0.9999723,True
RUN_019,2026-10-03 20:37:29,BENIGN,BENIGN,0.9999902,True
RUN_019,2026-10-03 20:37:30,BENIGN,BENIGN,0.9999791,True
RUN_019,2026-10-03 20:37:31,BENIGN,BENIGN,0.9998833,True
RUN_019,2026-10-03 20:37:32,BENIGN,BENIGN,0.999911,True
RUN_019,2026-10-03 20:37:33,BENIGN,BENIGN,0.9999356,True
RUN_019,2026-10-03 20:37:34,BENIGN,BENIGN,0.99995893,True
RUN_019,2026-10-03 20:37:35,BENIGN,BENIGN,0.9999811,True
RUN_019,2026-10-03 20:37:36,BENIGN,BENIGN,0.9999871,True
RUN_019,2026-10-03 20:37:37,BENIGN,BENIGN,0.9999881,True
RUN_019,2026-10-03 20:37:38,BENIGN,BENIGN,0.9999914,True
RUN_019,2026-10-03 20:37:39,BENIGN,BENIGN,0.9999931,True
RUN_019,2026-10-03 20:37:40,BENIGN,BENIGN,0.9999956,True
RUN_019,2026-10-03 20:37:41,BENIGN,BENIGN,0.9999945,True
RUN_019,2026-10-03 20:37:42,BENIGN,BENIGN,0.99999213,True
RUN_019,2026-10-03 20:37:43,BENIGN,BENIGN,0.9999927,True
RUN_019,2026-10-03 20:37:44,BENIGN,BENIGN,0.99997777,True
RUN_019,2026-10-03 20:37:45,BENIGN,BENIGN,0.99994636,True
RUN_019,2026-10-03 20:37:46,BENIGN,BENIGN,0.9999354,True
RUN_019,2026-10-03 20:37:47,BENIGN,BENIGN,0.9998562,True
RUN_019,2026-10-03 20:37:48,BENIGN,BENIGN,0.9998113,True
RUN_019,2026-10-03 20:37:49,BENIGN,BENIGN,0.99969876,True
RUN_019,2026-10-03 20:37:50,BENIGN,BENIGN,0.9996835,True
RUN_019,2026-10-03 20:37:51,BENIGN,BENIGN,0.9996227,True
RUN_019,2026-10-03 20:37:52,BENIGN,BENIGN,0.99945366,True
RUN_019,2026-10-03 20:37:53,BENIGN,BENIGN,0.99955976,True
RUN_019,2026-10-03 20:37:54,BENIGN,BENIGN,0.9996363,True
RUN_019,2026-10-03 20:37:55,BENIGN,BENIGN,0.999563,True
RUN_019,2026-10-03 20:37:56,BENIGN,BENIGN,0.9995868,True
RUN_019,2026-10-03 20:37:57,BENIGN,BENIGN,0.9995202,True
RUN_019,2026-10-03 20:37:58,BENIGN,BENIGN,0.9995215,True
RUN_019,2026-10-03 20:37:59,BENIGN,BENIGN,0.99965173,True
RUN_020,2026-10-03 20:38:02,BENIGN,BENIGN,0.9999576,True
RUN_020,2026-10-03 20:38:03,BENIGN,BENIGN,0.9981139,True
RUN_020,2026-10-03 20:38:04,BENIGN,BENIGN,0.6371043,True
RUN_020,2026-10-03 20:38:05,BENIGN,BENIGN,0.99914217,True
RUN_020,2026-10-03 20:38:06,BENIGN,BENIGN,0.99994767,True
RUN_020,2026-10-03 20:38:07,BENIGN,BENIGN,0.99994445,True
RUN_020,2026-10-03 20:38:08,BENIGN,BENIGN,0.99995714,True
RUN_020,2026-10-03 20:38:09,BENIGN,BENIGN,0.99991006,True
RUN_020,2026-10-03 20:38:10,BENIGN,BENIGN,0.9999267,True
RUN_020,2026-10-03 20:38:11,BENIGN,BENIGN,0.9999828,True
RUN_020,2026-10-03 20:38:12,BENIGN,BENIGN,0.99996144,True
RUN_020,2026-10-03 20:38:13,BENIGN,BENIGN,0.99994993,True
RUN_020,2026-10-03 20:38:14,BENIGN,BENIGN,0.9994262,True
RUN_020,2026-10-03 20:38:15,BENIGN,BENIGN,0.9999409,True
RUN_020,2026-10-03 20:38:16,BENIGN,BENIGN,0.9998841,True
RUN_020,2026-10-03 20:38:17,BENIGN,BENIGN,0.99986684,True
RUN_020,2026-10-03 20:38:18,BENIGN,BENIGN,0.998657,True
RUN_020,2026-10-03 20:38:19,BENIGN,BENIGN,0.999608,True
RUN_020,2026-10-03 20:38:20,BENIGN,BENIGN,0.9999164,True
RUN_020,2026-10-03 20:38:21,BENIGN,BENIGN,0.9999812,True
RUN_020,2026-10-03 20:38:22,BENIGN,BENIGN,0.99998397,True
RUN_020,2026-10-03 20:38:23,BENIGN,BENIGN,0.9995536,True
RUN_020,2026-10-03 20:38:24,BENIGN,BENIGN,0.99991363,True
RUN_020,2026-10-03 20:38:25,BENIGN,BENIGN,0.9999624,True
RUN_020,2026-10-03 20:38:26,BENIGN,BENIGN,0.99999833,True
RUN_020,2026-10-03 20:38:27,BENIGN,BENIGN,0.9999969,True
RUN_020,2026-10-03 20:38:28,BENIGN,BENIGN,0.99999607,True
RUN_020,2026-10-03 20:38:29,BENIGN,BENIGN,0.99998844,True
RUN_020,2026-10-03 20:38:30,BENIGN,BENIGN,0.9999091,True
RUN_020,2026-10-03 20:38:31,BENIGN,BENIGN,0.9999803,True
RUN_020,2026-10-03 20:38:32,BENIGN,BENIGN,0.9999943,True
RUN_020,2026-10-03 20:38:33,BENIGN,BENIGN,0.9999957,True
RUN_020,2026-10-03 20:38:34,BENIGN,BENIGN,0.9999963,True
RUN_020,2026-10-03 20:38:35,BENIGN,BENIGN,0.9999932,True
RUN_020,2026-10-03 20:38:36,BENIGN,BENIGN,0.9999912,True
RUN_020,2026-10-03 20:38:37,BENIGN,BENIGN,0.999704,True
RUN_020,2026-10-03 20:38:38,BENIGN,BENIGN,0.9999754,True
RUN_020,2026-10-03 20:38:39,BENIGN,BENIGN,0.9999626,True
RUN_020,2026-10-03 20:38:40,BENIGN,BENIGN,0.9999869,True
RUN_020,2026-10-03 20:38:41,BENIGN,BENIGN,0.9999823,True
RUN_020,2026-10-03 20:38:42,BENIGN,BENIGN,0.99959034,True
RUN_020,2026-10-03 20:38:43,BENIGN,BENIGN,0.97539294,True
RUN_020,2026-10-03 20:38:44,BENIGN,BENIGN,0.9817301,True
RUN_020,2026-10-03 20:38:45,BENIGN,BENIGN,0.999074,True
RUN_020,2026-10-03 20:38:46,BENIGN,BENIGN,0.9999092,True
RUN_020,2026-10-03 20:38:47,BENIGN,BENIGN,0.9998948,True
RUN_020,2026-10-03 20:38:48,BENIGN,BENIGN,0.9999718,True
RUN_020,2026-10-03 20:38:49,BENIGN,BENIGN,0.9999824,True
RUN_020,2026-10-03 20:38:50,BENIGN,BENIGN,0.99996835,True
RUN_020,2026-10-03 20:38:51,BENIGN,BENIGN,0.99986804,True
RUN_020,2026-10-03 20:38:52,BENIGN,BENIGN,0.9997506,True
RUN_020,2026-10-03 20:38:53,BENIGN,BENIGN,0.99990934,True
RUN_020,2026-10-03 20:38:54,BENIGN,BENIGN,0.9998733,True
RUN_020,2026-10-03 20:38:55,BENIGN,BENIGN,0.9999674,True
RUN_020,2026-10-03 20:38:56,BENIGN,BENIGN,0.99999225,True
RUN_020,2026-10-03 20:38:57,BENIGN,BENIGN,0.99998665,True
RUN_020,2026-10-03 20:38:58,BENIGN,BENIGN,0.9999828,True
RUN_020,2026-10-03 20:38:59,BENIGN,BENIGN,0.9999834,True
RUN_020,2026-10-03 20:39:00,BENIGN,BENIGN,0.99996465,True
RUN_020,2026-10-03 20:39:01,BENIGN,BENIGN,0.9995774,True
RUN_020,2026-10-03 20:39:02,BENIGN,BENIGN,0.99987185,True
RUN_020,2026-10-03 20:39:03,BENIGN,BENIGN,0.9999484,True
RUN_020,2026-10-03 20:39:04,BENIGN,BENIGN,0.99998856,True
RUN_020,2026-10-03 20:39:05,BENIGN,BENIGN,0.9999918,True
RUN_020,2026-10-03 20:39:06,BENIGN,BENIGN,0.99999404,True
RUN_020,2026-10-03 20:39:07,BENIGN,BENIGN,0.9999894,True
RUN_020,2026-10-03 20:39:08,BENIGN,BENIGN,0.9999662,True
RUN_020,2026-10-03 20:39:09,BENIGN,BENIGN,0.9998954,True
RUN_020,2026-10-03 20:39:10,BENIGN,BENIGN,0.9993963,True
RUN_020,2026-10-03 20:39:11,BENIGN,BENIGN,0.9712673,True
RUN_020,2026-10-03 20:39:12,BENIGN,BENIGN,0.992306,True
RUN_020,2026-10-03 20:39:13,BENIGN,BENIGN,0.99472666,True
RUN_020,2026-10-03 20:39:14,BENIGN,BENIGN,0.99994934,True
RUN_020,2026-10-03 20:39:15,BENIGN,BENIGN,0.9998902,True
RUN_020,2026-10-03 20:39:16,BENIGN,BENIGN,0.9981663,True
RUN_020,2026-10-03 20:39:17,BENIGN,BENIGN,0.99801874,True
RUN_020,2026-10-03 20:39:18,BENIGN,BENIGN,0.99984807,True
RUN_020,2026-10-03 20:39:19,BENIGN,BENIGN,0.9999863,True
RUN_020,2026-10-03 20:39:20,BENIGN,BENIGN,0.99994564,True
RUN_020,2026-10-03 20:39:21,BENIGN,BENIGN,0.99939036,True
RUN_020,2026-10-03 20:39:22,BENIGN,BENIGN,0.9987055,True
RUN_020,2026-10-03 20:39:23,BENIGN,BENIGN,0.9998292,True
RUN_020,2026-10-03 20:39:24,BENIGN,BENIGN,0.9999349,True
RUN_020,2026-10-03 20:39:25,BENIGN,BENIGN,0.99981797,True
RUN_020,2026-10-03 20:39:26,BENIGN,BENIGN,0.99941856,True
RUN_020,2026-10-03 20:39:27,BENIGN,BENIGN,0.9996502,True
RUN_020,2026-10-03 20:39:28,BENIGN,BENIGN,0.9991128,True
RUN_020,2026-10-03 20:39:29,BENIGN,BENIGN,0.9999097,True
RUN_020,2026-10-03 20:39:30,BENIGN,BENIGN,0.99996465,True
RUN_020,2026-10-03 20:39:31,BENIGN,BENIGN,0.99997944,True
RUN_020,2026-10-03 20:39:32,BENIGN,BENIGN,0.9999719,True
RUN_020,2026-10-03 20:39:33,BENIGN,BENIGN,0.9999836,True
RUN_020,2026-10-03 20:39:34,BENIGN,BENIGN,0.9998878,True
RUN_020,2026-10-03 20:39:35,BENIGN,BENIGN,0.99906105,True
RUN_020,2026-10-03 20:39:36,BENIGN,BENIGN,0.9999755,True
RUN_020,2026-10-03 20:39:37,BENIGN,BENIGN,0.9995386,True
RUN_020,2026-10-03 20:39:38,BENIGN,BENIGN,0.9999576,True
RUN_020,2026-10-03 20:39:39,BENIGN,BENIGN,0.99992126,True
RUN_020,2026-10-03 20:39:40,BENIGN,BENIGN,0.9999545,True
RUN_020,2026-10-03 20:39:41,BENIGN,BENIGN,0.9999386,True
RUN_020,2026-10-03 20:39:42,BENIGN,BENIGN,0.99997824,True
RUN_020,2026-10-03 20:39:43,BENIGN,BENIGN,0.99991304,True
RUN_020,2026-10-03 20:39:44,BENIGN,BENIGN,0.9973835,True
RUN_020,2026-10-03 20:39:45,BENIGN,SYN_FLOOD,0.7460055,False
RUN_020,2026-10-03 20:39:46,BENIGN,BENIGN,0.47831333,True
RUN_020,2026-10-03 20:39:47,BENIGN,BENIGN,0.99493,True
RUN_020,2026-10-03 20:39:48,BENIGN,BENIGN,0.9954983,True
RUN_020,2026-10-03 20:39:49,BENIGN,BENIGN,0.9656312,True
RUN_020,2026-10-03 20:39:50,BENIGN,SYN_FLOOD,0.4471383,False
RUN_020,2026-10-03 20:39:51,BENIGN,BENIGN,0.58432484,True
RUN_020,2026-10-03 20:39:52,BENIGN,BENIGN,0.9320788,True
RUN_020,2026-10-03 20:39:53,BENIGN,BENIGN,0.9904092,True
RUN_020,2026-10-03 20:39:54,BENIGN,BENIGN,0.9978353,True
RUN_020,2026-10-03 20:39:55,BENIGN,BENIGN,0.99998194,True
RUN_020,2026-10-03 20:39:56,BENIGN,BENIGN,0.99998856,True
RUN_020,2026-10-03 20:39:57,BENIGN,BENIGN,0.99994826,True
RUN_020,2026-10-03 20:39:58,BENIGN,BENIGN,0.99992186,True
RUN_020,2026-10-03 20:39:59,BENIGN,BENIGN,0.9995599,True
RUN_027,2026-10-03 20:52:02,BENIGN,BENIGN,0.99998134,True
RUN_027,2026-10-03 20:52:03,BENIGN,BENIGN,0.99996954,True
RUN_027,2026-10-03 20:52:04,BENIGN,BENIGN,0.9999811,True
RUN_027,2026-10-03 20:52:05,BENIGN,BENIGN,0.9999824,True
RUN_027,2026-10-03 20:52:06,BENIGN,BENIGN,0.9999254,True
RUN_027,2026-10-03 20:52:07,BENIGN,BENIGN,0.99810433,True
RUN_027,2026-10-03 20:52:08,BENIGN,BENIGN,0.98843133,True
RUN_027,2026-10-03 20:52:09,BENIGN,BENIGN,0.9915751,True
RUN_027,2026-10-03 20:52:10,BENIGN,BENIGN,0.99924475,True
RUN_027,2026-10-03 20:52:11,BENIGN,BENIGN,0.99994814,True
RUN_027,2026-10-03 20:52:12,BENIGN,BENIGN,0.99957204,True
RUN_027,2026-10-03 20:52:13,BENIGN,BENIGN,0.9997474,True
RUN_027,2026-10-03 20:52:14,BENIGN,BENIGN,0.9958491,True
RUN_027,2026-10-03 20:52:15,BENIGN,BENIGN,0.9984052,True
RUN_027,2026-10-03 20:52:16,BENIGN,BENIGN,0.97349095,True
RUN_027,2026-10-03 20:52:17,BENIGN,BENIGN,0.9997713,True
RUN_027,2026-10-03 20:52:18,BENIGN,BENIGN,0.99989647,True
RUN_027,2026-10-03 20:52:19,BENIGN,BENIGN,0.99997133,True
RUN_027,2026-10-03 20:52:20,BENIGN,BENIGN,0.9999594,True
RUN_027,2026-10-03 20:52:21,BENIGN,BENIGN,0.99989295,True
RUN_027,2026-10-03 20:52:22,BENIGN,BENIGN,0.99985164,True
RUN_027,2026-10-03 20:52:23,BENIGN,BENIGN,0.99968755,True
RUN_027,2026-10-03 20:52:24,BENIGN,BENIGN,0.99998313,True
RUN_027,2026-10-03 20:52:25,BENIGN,BENIGN,0.9998378,True
RUN_027,2026-10-03 20:52:26,BENIGN,BENIGN,0.99992454,True
RUN_027,2026-10-03 20:52:27,BENIGN,BENIGN,0.9999492,True
RUN_027,2026-10-03 20:52:28,BENIGN,BENIGN,0.99998605,True
RUN_027,2026-10-03 20:52:29,BENIGN,BENIGN,0.99999046,True
RUN_027,2026-10-03 20:52:30,BENIGN,BENIGN,0.99997956,True
RUN_027,2026-10-03 20:52:31,BENIGN,BENIGN,0.99960846,True
RUN_027,2026-10-03 20:52:32,BENIGN,BENIGN,0.99884284,True
RUN_027,2026-10-03 20:52:33,BENIGN,BENIGN,0.9960079,True
RUN_027,2026-10-03 20:52:34,BENIGN,BENIGN,0.9798999,True
RUN_027,2026-10-03 20:52:35,BENIGN,BENIGN,0.93154925,True
RUN_027,2026-10-03 20:52:36,BENIGN,BENIGN,0.9990539,True
RUN_027,2026-10-03 20:52:37,BENIGN,BENIGN,0.99998075,True
RUN_027,2026-10-03 20:52:38,BENIGN,BENIGN,0.9999875,True
RUN_027,2026-10-03 20:52:39,BENIGN,BENIGN,0.9999889,True
RUN_027,2026-10-03 20:52:40,BENIGN,BENIGN,0.99977976,True
RUN_027,2026-10-03 20:52:41,BENIGN,BENIGN,0.9998,True
RUN_027,2026-10-03 20:52:42,BENIGN,BENIGN,0.98764926,True
RUN_027,2026-10-03 20:52:43,BENIGN,BENIGN,0.87613493,True
RUN_027,2026-10-03 20:52:44,BENIGN,BENIGN,0.85105795,True
RUN_027,2026-10-03 20:52:45,BENIGN,BENIGN,0.9975654,True
RUN_027,2026-10-03 20:52:46,BENIGN,BENIGN,0.9956981,True
RUN_027,2026-10-03 20:52:47,BENIGN,BENIGN,0.9855573,True
RUN_027,2026-10-03 20:52:48,BENIGN,BENIGN,0.957112,True
RUN_027,2026-10-03 20:52:49,BENIGN,BENIGN,0.9987117,True
RUN_027,2026-10-03 20:52:50,BENIGN,BENIGN,0.99985844,True
RUN_027,2026-10-03 20:52:51,BENIGN,BENIGN,0.9999563,True
RUN_027,2026-10-03 20:52:52,BENIGN,BENIGN,0.99999344,True
RUN_027,2026-10-03 20:52:53,BENIGN,BENIGN,0.9999949,True
RUN_027,2026-10-03 20:52:54,BENIGN,BENIGN,0.9999901,True
RUN_027,2026-10-03 20:52:55,BENIGN,BENIGN,0.9999754,True
RUN_027,2026-10-03 20:52:56,BENIGN,BENIGN,0.9996001,True
RUN_027,2026-10-03 20:52:57,BENIGN,BENIGN,0.99936956,True
RUN_027,2026-10-03 20:52:58,BENIGN,BENIGN,0.999546,True
RUN_027,2026-10-03 20:52:59,BENIGN,BENIGN,0.99955505,True
RUN_027,2026-10-03 20:53:00,BENIGN,BENIGN,0.9821999,True
RUN_027,2026-10-03 20:53:01,BENIGN,BENIGN,0.9729724,True
RUN_027,2026-10-03 20:53:02,BENIGN,SYN_FLOOD,0.52175546,False
RUN_027,2026-10-03 20:53:03,BENIGN,BENIGN,0.8042733,True
RUN_027,2026-10-03 20:53:04,BENIGN,SYN_FLOOD,0.76146287,False
RUN_027,2026-10-03 20:53:05,BENIGN,SYN_FLOOD,0.8449722,False
RUN_027,2026-10-03 20:53:06,BENIGN,BENIGN,0.5148605,True
RUN_027,2026-10-03 20:53:07,BENIGN,BENIGN,0.77625513,True
RUN_027,2026-10-03 20:53:08,BENIGN,BENIGN,0.9819217,True
RUN_027,2026-10-03 20:53:09,BENIGN,BENIGN,0.98659927,True
RUN_027,2026-10-03 20:53:10,BENIGN,BENIGN,0.9995919,True
RUN_027,2026-10-03 20:53:11,BENIGN,BENIGN,0.9999091,True
RUN_027,2026-10-03 20:53:12,BENIGN,BENIGN,0.99996895,True
RUN_027,2026-10-03 20:53:13,BENIGN,BENIGN,0.9999864,True
RUN_027,2026-10-03 20:53:14,BENIGN,BENIGN,0.9999927,True
RUN_027,2026-10-03 20:53:15,BENIGN,BENIGN,0.9999931,True
RUN_027,2026-10-03 20:53:16,BENIGN,BENIGN,0.9999943,True
RUN_027,2026-10-03 20:53:17,BENIGN,BENIGN,0.99999654,True
RUN_027,2026-10-03 20:53:18,BENIGN,BENIGN,0.9999875,True
RUN_027,2026-10-03 20:53:19,BENIGN,BENIGN,0.9999858,True
RUN_027,2026-10-03 20:53:20,BENIGN,BENIGN,0.9999931,True
RUN_027,2026-10-03 20:53:21,BENIGN,BENIGN,0.9999924,True
RUN_027,2026-10-03 20:53:22,BENIGN,BENIGN,0.9999882,True
RUN_027,2026-10-03 20:53:23,BENIGN,BENIGN,0.9999888,True
RUN_027,2026-10-03 20:53:24,BENIGN,BENIGN,0.9999918,True
RUN_027,2026-10-03 20:53:25,BENIGN,BENIGN,0.9999949,True
RUN_027,2026-10-03 20:53:26,BENIGN,BENIGN,0.999992,True
RUN_027,2026-10-03 20:53:27,BENIGN,BENIGN,0.9999882,True
RUN_027,2026-10-03 20:53:28,BENIGN,BENIGN,0.9999141,True
RUN_027,2026-10-03 20:53:29,BENIGN,BENIGN,0.99996215,True
RUN_027,2026-10-03 20:53:30,BENIGN,BENIGN,0.999721,True
RUN_027,2026-10-03 20:53:31,BENIGN,BENIGN,0.99849886,True
RUN_027,2026-10-03 20:53:32,BENIGN,BENIGN,0.99846184,True
RUN_027,2026-10-03 20:53:33,BENIGN,BENIGN,0.9892492,True
RUN_027,2026-10-03 20:53:34,BENIGN,BENIGN,0.99637806,True
RUN_027,2026-10-03 20:53:35,BENIGN,BENIGN,0.9950842,True
RUN_027,2026-10-03 20:53:36,BENIGN,BENIGN,0.9988635,True
RUN_027,2026-10-03 20:53:37,BENIGN,BENIGN,0.99815124,True
RUN_027,2026-10-03 20:53:38,BENIGN,BENIGN,0.99939954,True
RUN_027,2026-10-03 20:53:39,BENIGN,BENIGN,0.99996775,True
RUN_027,2026-10-03 20:53:40,BENIGN,BENIGN,0.9999837,True
RUN_027,2026-10-03 20:53:41,BENIGN,BENIGN,0.9999679,True
RUN_027,2026-10-03 20:53:42,BENIGN,BENIGN,0.9996253,True
RUN_027,2026-10-03 20:53:43,BENIGN,BENIGN,0.9994715,True
RUN_027,2026-10-03 20:53:44,BENIGN,BENIGN,0.9999447,True
RUN_027,2026-10-03 20:53:45,BENIGN,BENIGN,0.9999963,True
RUN_027,2026-10-03 20:53:46,BENIGN,BENIGN,0.99999666,True
RUN_027,2026-10-03 20:53:47,BENIGN,BENIGN,0.9999969,True
RUN_027,2026-10-03 20:53:48,BENIGN,BENIGN,0.9999882,True
RUN_027,2026-10-03 20:53:49,BENIGN,BENIGN,0.9999875,True
RUN_027,2026-10-03 20:53:50,BENIGN,BENIGN,0.9999926,True
RUN_027,2026-10-03 20:53:51,BENIGN,BENIGN,0.9999871,True
RUN_027,2026-10-03 20:53:52,BENIGN,BENIGN,0.99999166,True
RUN_027,2026-10-03 20:53:53,BENIGN,BENIGN,0.99994946,True
RUN_027,2026-10-03 20:53:54,BENIGN,BENIGN,0.9998347,True
RUN_027,2026-10-03 20:53:55,BENIGN,BENIGN,0.99998397,True
RUN_027,2026-10-03 20:53:56,BENIGN,BENIGN,0.9999661,True
RUN_027,2026-10-03 20:53:57,BENIGN,BENIGN,0.9998345,True
RUN_027,2026-10-03 20:53:58,BENIGN,BENIGN,0.9976311,True
RUN_027,2026-10-03 20:53:59,BENIGN,BENIGN,0.99993575,True
RUN_030,2026-10-03 20:58:02,SYN_FLOOD,ICMP_FLOOD,0.9960208,False
RUN_030,2026-10-03 20:58:03,SYN_FLOOD,ICMP_FLOOD,0.992838,False
RUN_030,2026-10-03 20:58:04,SYN_FLOOD,ICMP_FLOOD,0.9916395,False
RUN_030,2026-10-03 20:58:05,SYN_FLOOD,ICMP_FLOOD,0.9442715,False
RUN_030,2026-10-03 20:58:06,SYN_FLOOD,ICMP_FLOOD,0.6089075,False
RUN_030,2026-10-03 20:58:07,SYN_FLOOD,SYN_FLOOD,0.9770229,True
RUN_030,2026-10-03 20:58:08,SYN_FLOOD,SYN_FLOOD,0.98093337,True
RUN_030,2026-10-03 20:58:09,SYN_FLOOD,SYN_FLOOD,0.9741218,True
RUN_030,2026-10-03 20:58:10,SYN_FLOOD,SYN_FLOOD,0.986051,True
RUN_030,2026-10-03 20:58:11,SYN_FLOOD,SYN_FLOOD,0.99038404,True
RUN_030,2026-10-03 20:58:12,SYN_FLOOD,SYN_FLOOD,0.9960539,True
RUN_030,2026-10-03 20:58:13,SYN_FLOOD,SYN_FLOOD,0.9975927,True
RUN_030,2026-10-03 20:58:14,SYN_FLOOD,SYN_FLOOD,0.99761534,True
RUN_030,2026-10-03 20:58:15,SYN_FLOOD,SYN_FLOOD,0.9974839,True
RUN_030,2026-10-03 20:58:16,SYN_FLOOD,SYN_FLOOD,0.98983306,True
RUN_030,2026-10-03 20:58:17,SYN_FLOOD,SYN_FLOOD,0.9805997,True
RUN_030,2026-10-03 20:58:18,SYN_FLOOD,SYN_FLOOD,0.97702146,True
RUN_030,2026-10-03 20:58:19,SYN_FLOOD,SYN_FLOOD,0.92000204,True
RUN_030,2026-10-03 20:58:20,SYN_FLOOD,SYN_FLOOD,0.8673857,True
RUN_030,2026-10-03 20:58:21,SYN_FLOOD,SYN_FLOOD,0.7653825,True
RUN_030,2026-10-03 20:58:22,SYN_FLOOD,ICMP_FLOOD,0.75375384,False
RUN_030,2026-10-03 20:58:23,SYN_FLOOD,SYN_FLOOD,0.9602903,True
RUN_030,2026-10-03 20:58:24,SYN_FLOOD,SYN_FLOOD,0.998316,True
RUN_030,2026-10-03 20:58:25,SYN_FLOOD,SYN_FLOOD,0.99903035,True
RUN_030,2026-10-03 20:58:26,SYN_FLOOD,SYN_FLOOD,0.9995223,True
RUN_030,2026-10-03 20:58:27,SYN_FLOOD,SYN_FLOOD,0.9997556,True
RUN_030,2026-10-03 20:58:28,SYN_FLOOD,SYN_FLOOD,0.99991375,True
RUN_030,2026-10-03 20:58:29,SYN_FLOOD,SYN_FLOOD,0.9999115,True
RUN_030,2026-10-03 20:58:30,SYN_FLOOD,SYN_FLOOD,0.9965254,True
RUN_030,2026-10-03 20:58:31,SYN_FLOOD,SYN_FLOOD,0.99844414,True
RUN_030,2026-10-03 20:58:32,SYN_FLOOD,SYN_FLOOD,0.9670409,True
RUN_030,2026-10-03 20:58:33,SYN_FLOOD,SYN_FLOOD,0.88808703,True
RUN_030,2026-10-03 20:58:34,SYN_FLOOD,SYN_FLOOD,0.61281604,True
RUN_030,2026-10-03 20:58:35,SYN_FLOOD,SYN_FLOOD,0.8919018,True
RUN_030,2026-10-03 20:58:36,SYN_FLOOD,SYN_FLOOD,0.892581,True
RUN_030,2026-10-03 20:58:37,SYN_FLOOD,SYN_FLOOD,0.9943849,True
RUN_030,2026-10-03 20:58:38,SYN_FLOOD,SYN_FLOOD,0.9975374,True
RUN_030,2026-10-03 20:58:39,SYN_FLOOD,SYN_FLOOD,0.9992796,True
RUN_030,2026-10-03 20:58:40,SYN_FLOOD,SYN_FLOOD,0.99954253,True
RUN_030,2026-10-03 20:58:41,SYN_FLOOD,SYN_FLOOD,0.999597,True
RUN_030,2026-10-03 20:58:42,SYN_FLOOD,SYN_FLOOD,0.9997167,True
RUN_030,2026-10-03 20:58:43,SYN_FLOOD,SYN_FLOOD,0.9997906,True
RUN_030,2026-10-03 20:58:44,SYN_FLOOD,SYN_FLOOD,0.99966985,True
RUN_030,2026-10-03 20:58:45,SYN_FLOOD,SYN_FLOOD,0.9997064,True
RUN_030,2026-10-03 20:58:46,SYN_FLOOD,SYN_FLOOD,0.9999004,True
RUN_030,2026-10-03 20:58:47,SYN_FLOOD,SYN_FLOOD,0.9998721,True
RUN_030,2026-10-03 20:58:48,SYN_FLOOD,SYN_FLOOD,0.9996859,True
RUN_030,2026-10-03 20:58:49,SYN_FLOOD,SYN_FLOOD,0.99964607,True
RUN_030,2026-10-03 20:58:50,SYN_FLOOD,SYN_FLOOD,0.9997481,True
RUN_030,2026-10-03 20:58:51,SYN_FLOOD,SYN_FLOOD,0.9998877,True
RUN_030,2026-10-03 20:58:52,SYN_FLOOD,SYN_FLOOD,0.9999348,True
RUN_030,2026-10-03 20:58:53,SYN_FLOOD,SYN_FLOOD,0.99992824,True
RUN_030,2026-10-03 20:58:54,SYN_FLOOD,SYN_FLOOD,0.99994016,True
RUN_030,2026-10-03 20:58:55,SYN_FLOOD,SYN_FLOOD,0.9999216,True
RUN_030,2026-10-03 20:58:56,SYN_FLOOD,SYN_FLOOD,0.9998991,True
RUN_030,2026-10-03 20:58:57,SYN_FLOOD,SYN_FLOOD,0.99994373,True
RUN_030,2026-10-03 20:58:58,SYN_FLOOD,SYN_FLOOD,0.9999356,True
RUN_030,2026-10-03 20:58:59,SYN_FLOOD,SYN_FLOOD,0.99992406,True
RUN_030,2026-10-03 20:59:00,SYN_FLOOD,SYN_FLOOD,0.9999343,True
RUN_030,2026-10-03 20:59:01,SYN_FLOOD,SYN_FLOOD,0.9999568,True
RUN_030,2026-10-03 20:59:02,SYN_FLOOD,SYN_FLOOD,0.99993896,True
RUN_030,2026-10-03 20:59:03,SYN_FLOOD,SYN_FLOOD,0.99993324,True
RUN_030,2026-10-03 20:59:04,SYN_FLOOD,SYN_FLOOD,0.9999555,True
RUN_030,2026-10-03 20:59:05,SYN_FLOOD,SYN_FLOOD,0.9999594,True
RUN_030,2026-10-03 20:59:06,SYN_FLOOD,SYN_FLOOD,0.9999502,True
RUN_030,2026-10-03 20:59:07,SYN_FLOOD,SYN_FLOOD,0.99990934,True
RUN_030,2026-10-03 20:59:08,SYN_FLOOD,SYN_FLOOD,0.99991876,True
RUN_030,2026-10-03 20:59:09,SYN_FLOOD,SYN_FLOOD,0.99995536,True
RUN_030,2026-10-03 20:59:10,SYN_FLOOD,SYN_FLOOD,0.9999521,True
RUN_030,2026-10-03 20:59:11,SYN_FLOOD,SYN_FLOOD,0.9999378,True
RUN_030,2026-10-03 20:59:12,SYN_FLOOD,SYN_FLOOD,0.99991745,True
RUN_030,2026-10-03 20:59:13,SYN_FLOOD,SYN_FLOOD,0.99993396,True
RUN_030,2026-10-03 20:59:14,SYN_FLOOD,SYN_FLOOD,0.99994504,True
RUN_030,2026-10-03 20:59:15,SYN_FLOOD,SYN_FLOOD,0.9999516,True
RUN_030,2026-10-03 20:59:16,SYN_FLOOD,SYN_FLOOD,0.9999435,True
RUN_030,2026-10-03 20:59:17,SYN_FLOOD,SYN_FLOOD,0.99995893,True
RUN_030,2026-10-03 20:59:18,SYN_FLOOD,SYN_FLOOD,0.99995387,True
RUN_030,2026-10-03 20:59:19,SYN_FLOOD,SYN_FLOOD,0.9999523,True
RUN_030,2026-10-03 20:59:20,SYN_FLOOD,SYN_FLOOD,0.99995136,True
RUN_030,2026-10-03 20:59:21,SYN_FLOOD,SYN_FLOOD,0.9999331,True
RUN_030,2026-10-03 20:59:22,SYN_FLOOD,SYN_FLOOD,0.9999311,True
RUN_030,2026-10-03 20:59:23,SYN_FLOOD,SYN_FLOOD,0.9998083,True
RUN_030,2026-10-03 20:59:24,SYN_FLOOD,SYN_FLOOD,0.9999004,True
RUN_030,2026-10-03 20:59:25,SYN_FLOOD,SYN_FLOOD,0.99994385,True
RUN_030,2026-10-03 20:59:26,SYN_FLOOD,SYN_FLOOD,0.9999466,True
RUN_030,2026-10-03 20:59:27,SYN_FLOOD,SYN_FLOOD,0.9999378,True
RUN_030,2026-10-03 20:59:28,SYN_FLOOD,SYN_FLOOD,0.999936,True
RUN_030,2026-10-03 20:59:29,SYN_FLOOD,SYN_FLOOD,0.99995303,True
RUN_030,2026-10-03 20:59:30,SYN_FLOOD,SYN_FLOOD,0.99995655,True
RUN_030,2026-10-03 20:59:31,SYN_FLOOD,SYN_FLOOD,0.99993503,True
RUN_030,2026-10-03 20:59:32,SYN_FLOOD,SYN_FLOOD,0.9999294,True
RUN_030,2026-10-03 20:59:33,SYN_FLOOD,SYN_FLOOD,0.9999465,True
RUN_030,2026-10-03 20:59:34,SYN_FLOOD,SYN_FLOOD,0.9999447,True
RUN_030,2026-10-03 20:59:35,SYN_FLOOD,SYN_FLOOD,0.9999255,True
RUN_030,2026-10-03 20:59:36,SYN_FLOOD,SYN_FLOOD,0.99988806,True
RUN_030,2026-10-03 20:59:37,SYN_FLOOD,SYN_FLOOD,0.9999387,True
RUN_030,2026-10-03 20:59:38,SYN_FLOOD,SYN_FLOOD,0.9999248,True
RUN_030,2026-10-03 20:59:39,SYN_FLOOD,SYN_FLOOD,0.9999072,True
RUN_030,2026-10-03 20:59:40,SYN_FLOOD,SYN_FLOOD,0.9999183,True
RUN_030,2026-10-03 20:59:41,SYN_FLOOD,SYN_FLOOD,0.9998907,True
RUN_030,2026-10-03 20:59:42,SYN_FLOOD,SYN_FLOOD,0.99992514,True
RUN_030,2026-10-03 20:59:43,SYN_FLOOD,SYN_FLOOD,0.9999556,True
RUN_030,2026-10-03 20:59:44,SYN_FLOOD,SYN_FLOOD,0.9999403,True
RUN_030,2026-10-03 20:59:45,SYN_FLOOD,SYN_FLOOD,0.99992573,True
RUN_030,2026-10-03 20:59:46,SYN_FLOOD,SYN_FLOOD,0.999922,True
RUN_030,2026-10-03 20:59:47,SYN_FLOOD,SYN_FLOOD,0.9965723,True
RUN_030,2026-10-03 20:59:48,SYN_FLOOD,SYN_FLOOD,0.5443194,True
RUN_030,2026-10-03 20:59:49,SYN_FLOOD,ICMP_FLOOD,0.8626713,False
RUN_030,2026-10-03 20:59:50,SYN_FLOOD,SYN_FLOOD,0.9009817,True
RUN_030,2026-10-03 20:59:51,SYN_FLOOD,SYN_FLOOD,0.5158708,True
RUN_030,2026-10-03 20:59:52,SYN_FLOOD,ICMP_FLOOD,0.9740366,False
RUN_030,2026-10-03 20:59:53,SYN_FLOOD,ICMP_FLOOD,0.9876,False
RUN_030,2026-10-03 20:59:54,SYN_FLOOD,ICMP_FLOOD,0.98097074,False
RUN_030,2026-10-03 20:59:55,SYN_FLOOD,ICMP_FLOOD,0.9558562,False
RUN_030,2026-10-03 20:59:56,SYN_FLOOD,ICMP_FLOOD,0.928429,False
RUN_030,2026-10-03 20:59:57,SYN_FLOOD,ICMP_FLOOD,0.7737268,False
RUN_030,2026-10-03 20:59:58,SYN_FLOOD,ICMP_FLOOD,0.8811486,False
RUN_030,2026-10-03 20:59:59,SYN_FLOOD,ICMP_FLOOD,0.8517008,False
RUN_031,2026-10-03 21:00:02,BENIGN,BENIGN,0.9999675,True
RUN_031,2026-10-03 21:00:03,BENIGN,BENIGN,0.99999213,True
RUN_031,2026-10-03 21:00:04,BENIGN,BENIGN,0.9999931,True
RUN_031,2026-10-03 21:00:05,BENIGN,BENIGN,0.99999046,True
RUN_031,2026-10-03 21:00:06,BENIGN,BENIGN,0.9999864,True
RUN_031,2026-10-03 21:00:07,BENIGN,BENIGN,0.99988365,True
RUN_031,2026-10-03 21:00:08,BENIGN,BENIGN,0.9994753,True
RUN_031,2026-10-03 21:00:09,BENIGN,BENIGN,0.99983734,True
RUN_031,2026-10-03 21:00:10,BENIGN,BENIGN,0.9997443,True
RUN_031,2026-10-03 21:00:11,BENIGN,BENIGN,0.99998796,True
RUN_031,2026-10-03 21:00:12,BENIGN,BENIGN,0.9999485,True
RUN_031,2026-10-03 21:00:13,BENIGN,BENIGN,0.9999761,True
RUN_031,2026-10-03 21:00:14,BENIGN,BENIGN,0.9999893,True
RUN_031,2026-10-03 21:00:15,BENIGN,BENIGN,0.999983,True
RUN_031,2026-10-03 21:00:16,BENIGN,BENIGN,0.99997896,True
RUN_031,2026-10-03 21:00:17,BENIGN,BENIGN,0.9999871,True
RUN_031,2026-10-03 21:00:18,BENIGN,BENIGN,0.99999106,True
RUN_031,2026-10-03 21:00:19,BENIGN,BENIGN,0.9999925,True
RUN_031,2026-10-03 21:00:20,BENIGN,BENIGN,0.9999792,True
RUN_031,2026-10-03 21:00:21,BENIGN,BENIGN,0.9999882,True
RUN_031,2026-10-03 21:00:22,BENIGN,BENIGN,0.999936,True
RUN_031,2026-10-03 21:00:23,BENIGN,BENIGN,0.99996394,True
RUN_031,2026-10-03 21:00:24,BENIGN,BENIGN,0.9998908,True
RUN_031,2026-10-03 21:00:25,BENIGN,BENIGN,0.9998902,True
RUN_031,2026-10-03 21:00:26,BENIGN,BENIGN,0.99981844,True
RUN_031,2026-10-03 21:00:27,BENIGN,BENIGN,0.9998427,True
RUN_031,2026-10-03 21:00:28,BENIGN,BENIGN,0.99974287,True
RUN_031,2026-10-03 21:00:29,BENIGN,BENIGN,0.9999698,True
RUN_031,2026-10-03 21:00:30,BENIGN,BENIGN,0.9999461,True
RUN_031,2026-10-03 21:00:31,BENIGN,BENIGN,0.99915147,True
RUN_031,2026-10-03 21:00:32,BENIGN,BENIGN,0.92721206,True
RUN_031,2026-10-03 21:00:33,BENIGN,BENIGN,0.76168185,True
RUN_031,2026-10-03 21:00:34,BENIGN,BENIGN,0.99712896,True
RUN_031,2026-10-03 21:00:35,BENIGN,BENIGN,0.9999034,True
RUN_031,2026-10-03 21:00:36,BENIGN,BENIGN,0.999965,True
RUN_031,2026-10-03 21:00:37,BENIGN,BENIGN,0.9998558,True
RUN_031,2026-10-03 21:00:38,BENIGN,BENIGN,0.9996805,True
RUN_031,2026-10-03 21:00:39,BENIGN,BENIGN,0.99991983,True
RUN_031,2026-10-03 21:00:40,BENIGN,BENIGN,0.99997073,True
RUN_031,2026-10-03 21:00:41,BENIGN,BENIGN,0.9999924,True
RUN_031,2026-10-03 21:00:42,BENIGN,BENIGN,0.9999896,True
RUN_031,2026-10-03 21:00:43,BENIGN,BENIGN,0.9999774,True
RUN_031,2026-10-03 21:00:44,BENIGN,BENIGN,0.9999932,True
RUN_031,2026-10-03 21:00:45,BENIGN,BENIGN,0.9999787,True
RUN_031,2026-10-03 21:00:46,BENIGN,BENIGN,0.99998736,True
RUN_031,2026-10-03 21:00:47,BENIGN,BENIGN,0.9999932,True
RUN_031,2026-10-03 21:00:48,BENIGN,BENIGN,0.9999902,True
RUN_031,2026-10-03 21:00:49,BENIGN,BENIGN,0.9999749,True
RUN_031,2026-10-03 21:00:50,BENIGN,BENIGN,0.9999366,True
RUN_031,2026-10-03 21:00:51,BENIGN,BENIGN,0.99999285,True
RUN_031,2026-10-03 21:00:52,BENIGN,BENIGN,0.99999654,True
RUN_031,2026-10-03 21:00:53,BENIGN,BENIGN,0.9999974,True
RUN_031,2026-10-03 21:00:54,BENIGN,BENIGN,0.9999982,True
RUN_031,2026-10-03 21:00:55,BENIGN,BENIGN,0.9999932,True
RUN_031,2026-10-03 21:00:56,BENIGN,BENIGN,0.9999963,True
RUN_031,2026-10-03 21:00:57,BENIGN,BENIGN,0.99980295,True
RUN_031,2026-10-03 21:00:58,BENIGN,BENIGN,0.99676776,True
RUN_031,2026-10-03 21:00:59,BENIGN,BENIGN,0.99968064,True
RUN_031,2026-10-03 21:01:00,BENIGN,BENIGN,0.9997373,True
RUN_031,2026-10-03 21:01:01,BENIGN,BENIGN,0.99979895,True
RUN_031,2026-10-03 21:01:02,BENIGN,BENIGN,0.9874446,True
RUN_031,2026-10-03 21:01:03,BENIGN,BENIGN,0.99876726,True
RUN_031,2026-10-03 21:01:04,BENIGN,BENIGN,0.9995861,True
RUN_031,2026-10-03 21:01:05,BENIGN,BENIGN,0.99992067,True
RUN_031,2026-10-03 21:01:06,BENIGN,BENIGN,0.9996702,True
RUN_031,2026-10-03 21:01:07,BENIGN,BENIGN,0.9939941,True
RUN_031,2026-10-03 21:01:08,BENIGN,BENIGN,0.98622686,True
RUN_031,2026-10-03 21:01:09,BENIGN,BENIGN,0.50754964,True
RUN_031,2026-10-03 21:01:10,BENIGN,BENIGN,0.7412228,True
RUN_031,2026-10-03 21:01:11,BENIGN,BENIGN,0.99958456,True
RUN_031,2026-10-03 21:01:12,BENIGN,BENIGN,0.9999951,True
RUN_031,2026-10-03 21:01:13,BENIGN,BENIGN,0.99999595,True
RUN_031,2026-10-03 21:01:14,BENIGN,BENIGN,0.9999943,True
RUN_031,2026-10-03 21:01:15,BENIGN,BENIGN,0.99998677,True
RUN_031,2026-10-03 21:01:16,BENIGN,BENIGN,0.9999828,True
RUN_031,2026-10-03 21:01:17,BENIGN,BENIGN,0.9992659,True
RUN_031,2026-10-03 21:01:18,BENIGN,BENIGN,0.99972767,True
RUN_031,2026-10-03 21:01:19,BENIGN,BENIGN,0.99996835,True
RUN_031,2026-10-03 21:01:20,BENIGN,BENIGN,0.99999475,True
RUN_031,2026-10-03 21:01:21,BENIGN,BENIGN,0.999997,True
RUN_031,2026-10-03 21:01:22,BENIGN,BENIGN,0.99999714,True
RUN_031,2026-10-03 21:01:23,BENIGN,BENIGN,0.99998987,True
RUN_031,2026-10-03 21:01:24,BENIGN,BENIGN,0.9999856,True
RUN_031,2026-10-03 21:01:25,BENIGN,BENIGN,0.9992954,True
RUN_031,2026-10-03 21:01:26,BENIGN,BENIGN,0.9982105,True
RUN_031,2026-10-03 21:01:27,BENIGN,BENIGN,0.99968684,True
RUN_031,2026-10-03 21:01:28,BENIGN,BENIGN,0.999468,True
RUN_031,2026-10-03 21:01:29,BENIGN,BENIGN,0.9999699,True
RUN_031,2026-10-03 21:01:30,BENIGN,BENIGN,0.9997316,True
RUN_031,2026-10-03 21:01:31,BENIGN,BENIGN,0.9999835,True
RUN_031,2026-10-03 21:01:32,BENIGN,BENIGN,0.9998954,True
RUN_031,2026-10-03 21:01:33,BENIGN,BENIGN,0.9999065,True
RUN_031,2026-10-03 21:01:34,BENIGN,BENIGN,0.99697316,True
RUN_031,2026-10-03 21:01:35,BENIGN,BENIGN,0.96851933,True
RUN_031,2026-10-03 21:01:36,BENIGN,BENIGN,0.99859715,True
RUN_031,2026-10-03 21:01:37,BENIGN,BENIGN,0.99491227,True
RUN_031,2026-10-03 21:01:38,BENIGN,BENIGN,0.9990356,True
RUN_031,2026-10-03 21:01:39,BENIGN,BENIGN,0.9972774,True
RUN_031,2026-10-03 21:01:40,BENIGN,BENIGN,0.999194,True
RUN_031,2026-10-03 21:01:41,BENIGN,BENIGN,0.9999158,True
RUN_031,2026-10-03 21:01:42,BENIGN,BENIGN,0.99982715,True
RUN_031,2026-10-03 21:01:43,BENIGN,BENIGN,0.99998665,True
RUN_031,2026-10-03 21:01:44,BENIGN,BENIGN,0.9999686,True
RUN_031,2026-10-03 21:01:45,BENIGN,BENIGN,0.99998474,True
RUN_031,2026-10-03 21:01:46,BENIGN,BENIGN,0.99997777,True
RUN_031,2026-10-03 21:01:47,BENIGN,BENIGN,0.9999563,True
RUN_031,2026-10-03 21:01:48,BENIGN,BENIGN,0.9999304,True
RUN_031,2026-10-03 21:01:49,BENIGN,BENIGN,0.9999243,True
RUN_031,2026-10-03 21:01:50,BENIGN,BENIGN,0.9999236,True
RUN_031,2026-10-03 21:01:51,BENIGN,BENIGN,0.99981546,True
RUN_031,2026-10-03 21:01:52,BENIGN,BENIGN,0.6591834,True
RUN_031,2026-10-03 21:01:53,BENIGN,BENIGN,0.99573886,True
RUN_031,2026-10-03 21:01:54,BENIGN,BENIGN,0.99836373,True
RUN_031,2026-10-03 21:01:55,BENIGN,BENIGN,0.9989452,True
RUN_031,2026-10-03 21:01:56,BENIGN,BENIGN,0.87018573,True
RUN_031,2026-10-03 21:01:57,BENIGN,BENIGN,0.98188865,True
RUN_031,2026-10-03 21:01:58,BENIGN,BENIGN,0.99784386,True
RUN_031,2026-10-03 21:01:59,BENIGN,BENIGN,0.9996295,True
RUN_032,2026-10-03 21:02:02,BENIGN,BENIGN,0.99789417,True
RUN_032,2026-10-03 21:02:03,BENIGN,BENIGN,0.9966619,True
RUN_032,2026-10-03 21:02:04,BENIGN,BENIGN,0.99992585,True
RUN_032,2026-10-03 21:02:05,BENIGN,BENIGN,0.99998087,True
RUN_032,2026-10-03 21:02:06,BENIGN,BENIGN,0.9999318,True
RUN_032,2026-10-03 21:02:07,BENIGN,BENIGN,0.9970337,True
RUN_032,2026-10-03 21:02:08,BENIGN,BENIGN,0.98187625,True
RUN_032,2026-10-03 21:02:09,BENIGN,BENIGN,0.9966396,True
RUN_032,2026-10-03 21:02:10,BENIGN,BENIGN,0.99971646,True
RUN_032,2026-10-03 21:02:11,BENIGN,BENIGN,0.99981284,True
RUN_032,2026-10-03 21:02:12,BENIGN,BENIGN,0.99921095,True
RUN_032,2026-10-03 21:02:13,BENIGN,BENIGN,0.9991738,True
RUN_032,2026-10-03 21:02:14,BENIGN,BENIGN,0.9981743,True
RUN_032,2026-10-03 21:02:15,BENIGN,BENIGN,0.99927807,True
RUN_032,2026-10-03 21:02:16,BENIGN,BENIGN,0.9975506,True
RUN_032,2026-10-03 21:02:17,BENIGN,BENIGN,0.99985725,True
RUN_032,2026-10-03 21:02:18,BENIGN,BENIGN,0.9999811,True
RUN_032,2026-10-03 21:02:19,BENIGN,BENIGN,0.99995905,True
RUN_032,2026-10-03 21:02:20,BENIGN,BENIGN,0.99998313,True
RUN_032,2026-10-03 21:02:21,BENIGN,BENIGN,0.99884844,True
RUN_032,2026-10-03 21:02:22,BENIGN,BENIGN,0.99528664,True
RUN_032,2026-10-03 21:02:23,BENIGN,BENIGN,0.9999442,True
RUN_032,2026-10-03 21:02:24,BENIGN,BENIGN,0.9999791,True
RUN_032,2026-10-03 21:02:25,BENIGN,BENIGN,0.99733865,True
RUN_032,2026-10-03 21:02:26,BENIGN,BENIGN,0.9997512,True
RUN_032,2026-10-03 21:02:27,BENIGN,BENIGN,0.9989072,True
RUN_032,2026-10-03 21:02:28,BENIGN,BENIGN,0.999121,True
RUN_032,2026-10-03 21:02:29,BENIGN,BENIGN,0.99990267,True
RUN_032,2026-10-03 21:02:30,BENIGN,BENIGN,0.9999305,True
RUN_032,2026-10-03 21:02:31,BENIGN,BENIGN,0.9993925,True
RUN_032,2026-10-03 21:02:32,BENIGN,BENIGN,0.999842,True
RUN_032,2026-10-03 21:02:33,BENIGN,BENIGN,0.99993837,True
RUN_032,2026-10-03 21:02:34,BENIGN,BENIGN,0.99950075,True
RUN_032,2026-10-03 21:02:35,BENIGN,BENIGN,0.9991732,True
RUN_032,2026-10-03 21:02:36,BENIGN,BENIGN,0.99976957,True
RUN_032,2026-10-03 21:02:37,BENIGN,BENIGN,0.99986434,True
RUN_032,2026-10-03 21:02:38,BENIGN,BENIGN,0.9998821,True
RUN_032,2026-10-03 21:02:39,BENIGN,BENIGN,0.99957824,True
RUN_032,2026-10-03 21:02:40,BENIGN,BENIGN,0.99992055,True
RUN_032,2026-10-03 21:02:41,BENIGN,BENIGN,0.9999046,True
RUN_032,2026-10-03 21:02:42,BENIGN,BENIGN,0.99990934,True
RUN_032,2026-10-03 21:02:43,BENIGN,BENIGN,0.99994576,True
RUN_032,2026-10-03 21:02:44,BENIGN,BENIGN,0.9999842,True
RUN_032,2026-10-03 21:02:45,BENIGN,BENIGN,0.9999847,True
RUN_032,2026-10-03 21:02:46,BENIGN,BENIGN,0.9999901,True
RUN_032,2026-10-03 21:02:47,BENIGN,BENIGN,0.99994075,True
RUN_032,2026-10-03 21:02:48,BENIGN,BENIGN,0.9999028,True
RUN_032,2026-10-03 21:02:49,BENIGN,BENIGN,0.9996645,True
RUN_032,2026-10-03 21:02:50,BENIGN,BENIGN,0.99995846,True
RUN_032,2026-10-03 21:02:51,BENIGN,BENIGN,0.9999562,True
RUN_032,2026-10-03 21:02:52,BENIGN,BENIGN,0.99998975,True
RUN_032,2026-10-03 21:02:53,BENIGN,BENIGN,0.99999475,True
RUN_032,2026-10-03 21:02:54,BENIGN,BENIGN,0.9999803,True
RUN_032,2026-10-03 21:02:55,BENIGN,BENIGN,0.9998175,True
RUN_032,2026-10-03 21:02:56,BENIGN,BENIGN,0.999554,True
RUN_032,2026-10-03 21:02:57,BENIGN,BENIGN,0.9999693,True
RUN_032,2026-10-03 21:02:58,BENIGN,BENIGN,0.999981,True
RUN_032,2026-10-03 21:02:59,BENIGN,BENIGN,0.99999046,True
RUN_032,2026-10-03 21:03:00,BENIGN,BENIGN,0.99999416,True
RUN_032,2026-10-03 21:03:01,BENIGN,BENIGN,0.9999937,True
RUN_032,2026-10-03 21:03:02,BENIGN,BENIGN,0.9999202,True
RUN_032,2026-10-03 21:03:03,BENIGN,BENIGN,0.99988806,True
RUN_032,2026-10-03 21:03:04,BENIGN,BENIGN,0.9997892,True
RUN_032,2026-10-03 21:03:05,BENIGN,BENIGN,0.99997944,True
RUN_032,2026-10-03 21:03:06,BENIGN,BENIGN,0.99998474,True
RUN_032,2026-10-03 21:03:07,BENIGN,BENIGN,0.9999822,True
RUN_032,2026-10-03 21:03:08,BENIGN,BENIGN,0.99996847,True
RUN_032,2026-10-03 21:03:09,BENIGN,BENIGN,0.999971,True
RUN_032,2026-10-03 21:03:10,BENIGN,BENIGN,0.9998913,True
RUN_032,2026-10-03 21:03:11,BENIGN,BENIGN,0.9999816,True
RUN_032,2026-10-03 21:03:12,BENIGN,BENIGN,0.9999755,True
RUN_032,2026-10-03 21:03:13,BENIGN,BENIGN,0.999948,True
RUN_032,2026-10-03 21:03:14,BENIGN,BENIGN,0.9972533,True
RUN_032,2026-10-03 21:03:15,BENIGN,BENIGN,0.9641031,True
RUN_032,2026-10-03 21:03:16,BENIGN,BENIGN,0.90798384,True
RUN_032,2026-10-03 21:03:17,BENIGN,BENIGN,0.9863995,True
RUN_032,2026-10-03 21:03:18,BENIGN,BENIGN,0.9982651,True
RUN_032,2026-10-03 21:03:19,BENIGN,BENIGN,0.99893326,True
RUN_032,2026-10-03 21:03:20,BENIGN,BENIGN,0.99995667,True
RUN_032,2026-10-03 21:03:21,BENIGN,BENIGN,0.99999356,True
RUN_032,2026-10-03 21:03:22,BENIGN,BENIGN,0.9999748,True
RUN_032,2026-10-03 21:03:23,BENIGN,BENIGN,0.99997205,True
RUN_032,2026-10-03 21:03:24,BENIGN,BENIGN,0.99998796,True
RUN_032,2026-10-03 21:03:25,BENIGN,BENIGN,0.9999937,True
RUN_032,2026-10-03 21:03:26,BENIGN,BENIGN,0.9999938,True
RUN_032,2026-10-03 21:03:27,BENIGN,BENIGN,0.9999786,True
RUN_032,2026-10-03 21:03:28,BENIGN,BENIGN,0.99990493,True
RUN_032,2026-10-03 21:03:29,BENIGN,BENIGN,0.9999906,True
RUN_032,2026-10-03 21:03:30,BENIGN,BENIGN,0.9999937,True
RUN_032,2026-10-03 21:03:31,BENIGN,BENIGN,0.99999666,True
RUN_032,2026-10-03 21:03:32,BENIGN,BENIGN,0.99997777,True
RUN_032,2026-10-03 21:03:33,BENIGN,BENIGN,0.9999775,True
RUN_032,2026-10-03 21:03:34,BENIGN,BENIGN,0.99889517,True
RUN_032,2026-10-03 21:03:35,BENIGN,BENIGN,0.999595,True
RUN_032,2026-10-03 21:03:36,BENIGN,BENIGN,0.99981356,True
RUN_032,2026-10-03 21:03:37,BENIGN,BENIGN,0.99989957,True
RUN_032,2026-10-03 21:03:38,BENIGN,BENIGN,0.99998444,True
RUN_032,2026-10-03 21:03:39,BENIGN,BENIGN,0.9999843,True
RUN_032,2026-10-03 21:03:40,BENIGN,BENIGN,0.99998456,True
RUN_032,2026-10-03 21:03:41,BENIGN,BENIGN,0.9999805,True
RUN_032,2026-10-03 21:03:42,BENIGN,BENIGN,0.99998444,True
RUN_032,2026-10-03 21:03:43,BENIGN,BENIGN,0.9999871,True
RUN_032,2026-10-03 21:03:44,BENIGN,BENIGN,0.99993587,True
RUN_032,2026-10-03 21:03:45,BENIGN,BENIGN,0.99998665,True
RUN_032,2026-10-03 21:03:46,BENIGN,BENIGN,0.999983,True
RUN_032,2026-10-03 21:03:47,BENIGN,BENIGN,0.99999404,True
RUN_032,2026-10-03 21:03:48,BENIGN,BENIGN,0.9995762,True
RUN_032,2026-10-03 21:03:49,BENIGN,BENIGN,0.99956965,True
RUN_032,2026-10-03 21:03:50,BENIGN,BENIGN,0.9991674,True
RUN_032,2026-10-03 21:03:51,BENIGN,BENIGN,0.9999595,True
RUN_032,2026-10-03 21:03:52,BENIGN,BENIGN,0.9999943,True
RUN_032,2026-10-03 21:03:53,BENIGN,BENIGN,0.9999835,True
RUN_032,2026-10-03 21:03:54,BENIGN,BENIGN,0.9999931,True
RUN_032,2026-10-03 21:03:55,BENIGN,BENIGN,0.9999937,True
RUN_032,2026-10-03 21:03:56,BENIGN,BENIGN,0.9999962,True
RUN_032,2026-10-03 21:03:57,BENIGN,BENIGN,0.99999464,True
RUN_032,2026-10-03 21:03:58,BENIGN,BENIGN,0.99999225,True
RUN_032,2026-10-03 21:03:59,BENIGN,BENIGN,0.99997514,True
RUN_037,2026-10-03 21:12:02,UDP_FLOOD,UDP_FLOOD,0.99999046,True
RUN_037,2026-10-03 21:12:03,UDP_FLOOD,UDP_FLOOD,0.9999829,True
RUN_037,2026-10-03 21:12:04,UDP_FLOOD,UDP_FLOOD,0.9999945,True
RUN_037,2026-10-03 21:12:05,UDP_FLOOD,UDP_FLOOD,0.9999963,True
RUN_037,2026-10-03 21:12:06,UDP_FLOOD,UDP_FLOOD,0.99999523,True
RUN_037,2026-10-03 21:12:07,UDP_FLOOD,UDP_FLOOD,0.9999964,True
RUN_037,2026-10-03 21:12:08,UDP_FLOOD,UDP_FLOOD,0.9999964,True
RUN_037,2026-10-03 21:12:09,UDP_FLOOD,UDP_FLOOD,0.999995,True
RUN_037,2026-10-03 21:12:10,UDP_FLOOD,UDP_FLOOD,0.9999957,True
RUN_037,2026-10-03 21:12:11,UDP_FLOOD,UDP_FLOOD,0.9999956,True
RUN_037,2026-10-03 21:12:12,UDP_FLOOD,UDP_FLOOD,0.9999943,True
RUN_037,2026-10-03 21:12:13,UDP_FLOOD,UDP_FLOOD,0.9999943,True
RUN_037,2026-10-03 21:12:14,UDP_FLOOD,UDP_FLOOD,0.9999924,True
RUN_037,2026-10-03 21:12:15,UDP_FLOOD,UDP_FLOOD,0.9999918,True
RUN_037,2026-10-03 21:12:16,UDP_FLOOD,UDP_FLOOD,0.99999416,True
RUN_037,2026-10-03 21:12:17,UDP_FLOOD,UDP_FLOOD,0.9999938,True
RUN_037,2026-10-03 21:12:18,UDP_FLOOD,UDP_FLOOD,0.9999944,True
RUN_037,2026-10-03 21:12:19,UDP_FLOOD,UDP_FLOOD,0.99999404,True
RUN_037,2026-10-03 21:12:20,UDP_FLOOD,UDP_FLOOD,0.9999927,True
RUN_037,2026-10-03 21:12:21,UDP_FLOOD,UDP_FLOOD,0.9999937,True
RUN_037,2026-10-03 21:12:22,UDP_FLOOD,UDP_FLOOD,0.9999957,True
RUN_037,2026-10-03 21:12:23,UDP_FLOOD,UDP_FLOOD,0.9999962,True
RUN_037,2026-10-03 21:12:24,UDP_FLOOD,UDP_FLOOD,0.99999547,True
RUN_037,2026-10-03 21:12:25,UDP_FLOOD,UDP_FLOOD,0.9999976,True
RUN_037,2026-10-03 21:12:26,UDP_FLOOD,UDP_FLOOD,0.99999595,True
RUN_037,2026-10-03 21:12:27,UDP_FLOOD,UDP_FLOOD,0.99999475,True
RUN_037,2026-10-03 21:12:28,UDP_FLOOD,UDP_FLOOD,0.9999982,True
RUN_037,2026-10-03 21:12:29,UDP_FLOOD,UDP_FLOOD,0.99998856,True
RUN_037,2026-10-03 21:12:30,UDP_FLOOD,UDP_FLOOD,0.99998444,True
RUN_037,2026-10-03 21:12:31,UDP_FLOOD,UDP_FLOOD,0.9999896,True
RUN_037,2026-10-03 21:12:32,UDP_FLOOD,UDP_FLOOD,0.9999869,True
RUN_037,2026-10-03 21:12:33,UDP_FLOOD,UDP_FLOOD,0.9999944,True
RUN_037,2026-10-03 21:12:34,UDP_FLOOD,UDP_FLOOD,0.99999726,True
RUN_037,2026-10-03 21:12:35,UDP_FLOOD,UDP_FLOOD,0.99999654,True
RUN_037,2026-10-03 21:12:36,UDP_FLOOD,UDP_FLOOD,0.99999726,True
RUN_037,2026-10-03 21:12:37,UDP_FLOOD,UDP_FLOOD,0.99999774,True
RUN_037,2026-10-03 21:12:38,UDP_FLOOD,UDP_FLOOD,0.999997,True
RUN_037,2026-10-03 21:12:39,UDP_FLOOD,UDP_FLOOD,0.9999976,True
RUN_037,2026-10-03 21:12:40,UDP_FLOOD,UDP_FLOOD,0.9999976,True
RUN_037,2026-10-03 21:12:41,UDP_FLOOD,UDP_FLOOD,0.9999976,True
RUN_037,2026-10-03 21:12:42,UDP_FLOOD,UDP_FLOOD,0.9999975,True
RUN_037,2026-10-03 21:12:43,UDP_FLOOD,UDP_FLOOD,0.9999969,True
RUN_037,2026-10-03 21:12:44,UDP_FLOOD,UDP_FLOOD,0.9999976,True
RUN_037,2026-10-03 21:12:45,UDP_FLOOD,UDP_FLOOD,0.9999975,True
RUN_037,2026-10-03 21:12:46,UDP_FLOOD,UDP_FLOOD,0.9999969,True
RUN_037,2026-10-03 21:12:47,UDP_FLOOD,UDP_FLOOD,0.9999981,True
RUN_037,2026-10-03 21:12:48,UDP_FLOOD,UDP_FLOOD,0.999997,True
RUN_037,2026-10-03 21:12:49,UDP_FLOOD,UDP_FLOOD,0.99999607,True
RUN_037,2026-10-03 21:12:50,UDP_FLOOD,UDP_FLOOD,0.99998003,True
RUN_037,2026-10-03 21:12:51,UDP_FLOOD,UDP_FLOOD,0.99999547,True
RUN_037,2026-10-03 21:12:52,UDP_FLOOD,UDP_FLOOD,0.99999726,True
RUN_037,2026-10-03 21:12:53,UDP_FLOOD,UDP_FLOOD,0.99999714,True
RUN_037,2026-10-03 21:12:54,UDP_FLOOD,UDP_FLOOD,0.9999964,True
RUN_037,2026-10-03 21:12:55,UDP_FLOOD,UDP_FLOOD,0.9999968,True
RUN_037,2026-10-03 21:12:56,UDP_FLOOD,UDP_FLOOD,0.9999975,True
RUN_037,2026-10-03 21:12:57,UDP_FLOOD,UDP_FLOOD,0.99999845,True
RUN_037,2026-10-03 21:12:58,UDP_FLOOD,UDP_FLOOD,0.99995834,True
RUN_037,2026-10-03 21:12:59,UDP_FLOOD,UDP_FLOOD,0.9999963,True
RUN_037,2026-10-03 21:13:00,UDP_FLOOD,UDP_FLOOD,0.9999919,True
RUN_037,2026-10-03 21:13:01,UDP_FLOOD,UDP_FLOOD,0.999998,True
RUN_037,2026-10-03 21:13:02,UDP_FLOOD,UDP_FLOOD,0.99999666,True
RUN_037,2026-10-03 21:13:03,UDP_FLOOD,UDP_FLOOD,0.99999654,True
RUN_037,2026-10-03 21:13:04,UDP_FLOOD,UDP_FLOOD,0.9999976,True
RUN_037,2026-10-03 21:13:05,UDP_FLOOD,UDP_FLOOD,0.9999931,True
RUN_037,2026-10-03 21:13:06,UDP_FLOOD,UDP_FLOOD,0.9999962,True
RUN_037,2026-10-03 21:13:07,UDP_FLOOD,UDP_FLOOD,0.9999956,True
RUN_037,2026-10-03 21:13:08,UDP_FLOOD,UDP_FLOOD,0.99999774,True
RUN_037,2026-10-03 21:13:09,UDP_FLOOD,UDP_FLOOD,0.99999344,True
RUN_037,2026-10-03 21:13:10,UDP_FLOOD,UDP_FLOOD,0.9999976,True
RUN_037,2026-10-03 21:13:11,UDP_FLOOD,UDP_FLOOD,0.9999975,True
RUN_037,2026-10-03 21:13:12,UDP_FLOOD,UDP_FLOOD,0.9999975,True
RUN_037,2026-10-03 21:13:13,UDP_FLOOD,UDP_FLOOD,0.9999976,True
RUN_037,2026-10-03 21:13:14,UDP_FLOOD,UDP_FLOOD,0.99999774,True
RUN_037,2026-10-03 21:13:15,UDP_FLOOD,UDP_FLOOD,0.9999981,True
RUN_037,2026-10-03 21:13:16,UDP_FLOOD,UDP_FLOOD,0.99999774,True
RUN_037,2026-10-03 21:13:17,UDP_FLOOD,UDP_FLOOD,0.9999981,True
RUN_037,2026-10-03 21:13:18,UDP_FLOOD,UDP_FLOOD,0.9999982,True
RUN_037,2026-10-03 21:13:19,UDP_FLOOD,UDP_FLOOD,0.99999774,True
RUN_037,2026-10-03 21:13:20,UDP_FLOOD,UDP_FLOOD,0.99999547,True
RUN_037,2026-10-03 21:13:21,UDP_FLOOD,UDP_FLOOD,0.99999607,True
RUN_037,2026-10-03 21:13:22,UDP_FLOOD,UDP_FLOOD,0.9999976,True
RUN_037,2026-10-03 21:13:23,UDP_FLOOD,UDP_FLOOD,0.9999974,True
RUN_037,2026-10-03 21:13:24,UDP_FLOOD,UDP_FLOOD,0.99999833,True
RUN_037,2026-10-03 21:13:25,UDP_FLOOD,UDP_FLOOD,0.99999654,True
RUN_037,2026-10-03 21:13:26,UDP_FLOOD,UDP_FLOOD,0.9999964,True
RUN_037,2026-10-03 21:13:27,UDP_FLOOD,UDP_FLOOD,0.9999982,True
RUN_037,2026-10-03 21:13:28,UDP_FLOOD,UDP_FLOOD,0.9999975,True
RUN_037,2026-10-03 21:13:29,UDP_FLOOD,UDP_FLOOD,0.99999607,True
RUN_037,2026-10-03 21:13:30,UDP_FLOOD,UDP_FLOOD,0.9999981,True
RUN_037,2026-10-03 21:13:31,UDP_FLOOD,UDP_FLOOD,0.999998,True
RUN_037,2026-10-03 21:13:32,UDP_FLOOD,UDP_FLOOD,0.99999774,True
RUN_037,2026-10-03 21:13:33,UDP_FLOOD,UDP_FLOOD,0.99999726,True
RUN_037,2026-10-03 21:13:34,UDP_FLOOD,UDP_FLOOD,0.9999982,True
RUN_037,2026-10-03 21:13:35,UDP_FLOOD,UDP_FLOOD,0.99999726,True
RUN_037,2026-10-03 21:13:36,UDP_FLOOD,UDP_FLOOD,0.99999785,True
RUN_037,2026-10-03 21:13:37,UDP_FLOOD,UDP_FLOOD,0.9999976,True
RUN_037,2026-10-03 21:13:38,UDP_FLOOD,UDP_FLOOD,0.99999845,True
RUN_037,2026-10-03 21:13:39,UDP_FLOOD,UDP_FLOOD,0.9999974,True
RUN_037,2026-10-03 21:13:40,UDP_FLOOD,UDP_FLOOD,0.9999975,True
RUN_037,2026-10-03 21:13:41,UDP_FLOOD,UDP_FLOOD,0.99999714,True
RUN_037,2026-10-03 21:13:42,UDP_FLOOD,UDP_FLOOD,0.99999785,True
RUN_037,2026-10-03 21:13:43,UDP_FLOOD,UDP_FLOOD,0.99999666,True
RUN_037,2026-10-03 21:13:44,UDP_FLOOD,UDP_FLOOD,0.9999963,True
RUN_037,2026-10-03 21:13:45,UDP_FLOOD,UDP_FLOOD,0.99999607,True
RUN_037,2026-10-03 21:13:46,UDP_FLOOD,UDP_FLOOD,0.99999535,True
RUN_037,2026-10-03 21:13:47,UDP_FLOOD,UDP_FLOOD,0.9999958,True
RUN_037,2026-10-03 21:13:48,UDP_FLOOD,UDP_FLOOD,0.9999958,True
RUN_037,2026-10-03 21:13:49,UDP_FLOOD,UDP_FLOOD,0.99999607,True
RUN_037,2026-10-03 21:13:50,UDP_FLOOD,UDP_FLOOD,0.99999595,True
RUN_037,2026-10-03 21:13:51,UDP_FLOOD,UDP_FLOOD,0.999997,True
RUN_037,2026-10-03 21:13:52,UDP_FLOOD,UDP_FLOOD,0.99999464,True
RUN_037,2026-10-03 21:13:53,UDP_FLOOD,UDP_FLOOD,0.9999969,True
RUN_037,2026-10-03 21:13:54,UDP_FLOOD,UDP_FLOOD,0.99999726,True
RUN_037,2026-10-03 21:13:55,UDP_FLOOD,UDP_FLOOD,0.9999969,True
RUN_037,2026-10-03 21:13:56,UDP_FLOOD,UDP_FLOOD,0.9999968,True
RUN_037,2026-10-03 21:13:57,UDP_FLOOD,UDP_FLOOD,0.99999726,True
RUN_037,2026-10-03 21:13:58,UDP_FLOOD,UDP_FLOOD,0.9999944,True
RUN_037,2026-10-03 21:13:59,UDP_FLOOD,UDP_FLOOD,0.99999607,True
RUN_046,2026-10-03 21:30:02,BENIGN,BENIGN,0.99992406,True
RUN_046,2026-10-03 21:30:03,BENIGN,BENIGN,0.9998347,True
RUN_046,2026-10-03 21:30:04,BENIGN,BENIGN,0.9999581,True
RUN_046,2026-10-03 21:30:05,BENIGN,BENIGN,0.99997956,True
RUN_046,2026-10-03 21:30:06,BENIGN,BENIGN,0.9999865,True
RUN_046,2026-10-03 21:30:07,BENIGN,BENIGN,0.9999865,True
RUN_046,2026-10-03 21:30:08,BENIGN,BENIGN,0.9999822,True
RUN_046,2026-10-03 21:30:09,BENIGN,BENIGN,0.9999816,True
RUN_046,2026-10-03 21:30:10,BENIGN,BENIGN,0.99999094,True
RUN_046,2026-10-03 21:30:11,BENIGN,BENIGN,0.9999933,True
RUN_046,2026-10-03 21:30:12,BENIGN,BENIGN,0.99999213,True
RUN_046,2026-10-03 21:30:13,BENIGN,BENIGN,0.99999,True
RUN_046,2026-10-03 21:30:14,BENIGN,BENIGN,0.9999877,True
RUN_046,2026-10-03 21:30:15,BENIGN,BENIGN,0.9999914,True
RUN_046,2026-10-03 21:30:16,BENIGN,BENIGN,0.9999913,True
RUN_046,2026-10-03 21:30:17,BENIGN,BENIGN,0.9999882,True
RUN_046,2026-10-03 21:30:18,BENIGN,BENIGN,0.9999927,True
RUN_046,2026-10-03 21:30:19,BENIGN,BENIGN,0.9999924,True
RUN_046,2026-10-03 21:30:20,BENIGN,BENIGN,0.9999834,True
RUN_046,2026-10-03 21:30:21,BENIGN,BENIGN,0.99999213,True
RUN_046,2026-10-03 21:30:22,BENIGN,BENIGN,0.99998486,True
RUN_046,2026-10-03 21:30:23,BENIGN,BENIGN,0.9999786,True
RUN_046,2026-10-03 21:30:24,BENIGN,BENIGN,0.99663925,True
RUN_046,2026-10-03 21:30:25,BENIGN,BENIGN,0.9999177,True
RUN_046,2026-10-03 21:30:26,BENIGN,BENIGN,0.9999792,True
RUN_046,2026-10-03 21:30:27,BENIGN,BENIGN,0.999987,True
RUN_046,2026-10-03 21:30:28,BENIGN,BENIGN,0.99998903,True
RUN_046,2026-10-03 21:30:29,BENIGN,BENIGN,0.9999743,True
RUN_046,2026-10-03 21:30:30,BENIGN,BENIGN,0.99998987,True
RUN_046,2026-10-03 21:30:31,BENIGN,BENIGN,0.99999297,True
RUN_046,2026-10-03 21:30:32,BENIGN,BENIGN,0.9999847,True
RUN_046,2026-10-03 21:30:33,BENIGN,BENIGN,0.99999416,True
RUN_046,2026-10-03 21:30:34,BENIGN,BENIGN,0.99999344,True
RUN_046,2026-10-03 21:30:35,BENIGN,BENIGN,0.9999804,True
RUN_046,2026-10-03 21:30:36,BENIGN,BENIGN,0.99996704,True
RUN_046,2026-10-03 21:30:37,BENIGN,BENIGN,0.9999775,True
RUN_046,2026-10-03 21:30:38,BENIGN,BENIGN,0.9999595,True
RUN_046,2026-10-03 21:30:39,BENIGN,BENIGN,0.9999822,True
RUN_046,2026-10-03 21:30:40,BENIGN,BENIGN,0.9999937,True
RUN_046,2026-10-03 21:30:41,BENIGN,BENIGN,0.9999969,True
RUN_046,2026-10-03 21:30:42,BENIGN,BENIGN,0.99998903,True
RUN_046,2026-10-03 21:30:43,BENIGN,BENIGN,0.99998206,True
RUN_046,2026-10-03 21:30:44,BENIGN,BENIGN,0.9999824,True
RUN_046,2026-10-03 21:30:45,BENIGN,BENIGN,0.9999818,True
RUN_046,2026-10-03 21:30:46,BENIGN,BENIGN,0.9999822,True
RUN_046,2026-10-03 21:30:47,BENIGN,BENIGN,0.9999896,True
RUN_046,2026-10-03 21:30:48,BENIGN,BENIGN,0.99998784,True
RUN_046,2026-10-03 21:30:49,BENIGN,BENIGN,0.9999852,True
RUN_046,2026-10-03 21:30:50,BENIGN,BENIGN,0.9999908,True
RUN_046,2026-10-03 21:30:51,BENIGN,BENIGN,0.99999106,True
RUN_046,2026-10-03 21:30:52,BENIGN,BENIGN,0.99999404,True
RUN_046,2026-10-03 21:30:53,BENIGN,BENIGN,0.9999931,True
RUN_046,2026-10-03 21:30:54,BENIGN,BENIGN,0.99998194,True
RUN_046,2026-10-03 21:30:55,BENIGN,BENIGN,0.9999882,True
RUN_046,2026-10-03 21:30:56,BENIGN,BENIGN,0.99999154,True
RUN_046,2026-10-03 21:30:57,BENIGN,BENIGN,0.9999828,True
RUN_046,2026-10-03 21:30:58,BENIGN,BENIGN,0.9999862,True
RUN_046,2026-10-03 21:30:59,BENIGN,BENIGN,0.99997824,True
RUN_046,2026-10-03 21:31:00,BENIGN,BENIGN,0.9999817,True
RUN_046,2026-10-03 21:31:01,BENIGN,BENIGN,0.999978,True
RUN_046,2026-10-03 21:31:02,BENIGN,BENIGN,0.9999692,True
RUN_046,2026-10-03 21:31:03,BENIGN,BENIGN,0.99998486,True
RUN_046,2026-10-03 21:31:04,BENIGN,BENIGN,0.9998746,True
RUN_046,2026-10-03 21:31:05,BENIGN,BENIGN,0.9998496,True
RUN_046,2026-10-03 21:31:06,BENIGN,BENIGN,0.9999711,True
RUN_046,2026-10-03 21:31:07,BENIGN,BENIGN,0.9999667,True
RUN_046,2026-10-03 21:31:08,BENIGN,BENIGN,0.9999644,True
RUN_046,2026-10-03 21:31:09,BENIGN,BENIGN,0.99998313,True
RUN_046,2026-10-03 21:31:10,BENIGN,BENIGN,0.99996525,True
RUN_046,2026-10-03 21:31:11,BENIGN,BENIGN,0.99997574,True
RUN_046,2026-10-03 21:31:12,BENIGN,BENIGN,0.999971,True
RUN_046,2026-10-03 21:31:13,BENIGN,BENIGN,0.9999742,True
RUN_046,2026-10-03 21:31:14,BENIGN,BENIGN,0.99998903,True
RUN_046,2026-10-03 21:31:15,BENIGN,BENIGN,0.99999094,True
RUN_046,2026-10-03 21:31:16,BENIGN,BENIGN,0.99999094,True
RUN_046,2026-10-03 21:31:17,BENIGN,BENIGN,0.9999902,True
RUN_046,2026-10-03 21:31:18,BENIGN,BENIGN,0.99998856,True
RUN_046,2026-10-03 21:31:19,BENIGN,BENIGN,0.99999094,True
RUN_046,2026-10-03 21:31:20,BENIGN,BENIGN,0.9999912,True
RUN_046,2026-10-03 21:31:21,BENIGN,BENIGN,0.9999894,True
RUN_046,2026-10-03 21:31:22,BENIGN,BENIGN,0.9999803,True
RUN_046,2026-10-03 21:31:23,BENIGN,BENIGN,0.9999791,True
RUN_046,2026-10-03 21:31:24,BENIGN,BENIGN,0.99997526,True
RUN_046,2026-10-03 21:31:25,BENIGN,BENIGN,0.9999787,True
RUN_046,2026-10-03 21:31:26,BENIGN,BENIGN,0.99998325,True
RUN_046,2026-10-03 21:31:27,BENIGN,BENIGN,0.99998194,True
RUN_046,2026-10-03 21:31:28,BENIGN,BENIGN,0.9999828,True
RUN_046,2026-10-03 21:31:29,BENIGN,BENIGN,0.9999836,True
RUN_046,2026-10-03 21:31:30,BENIGN,BENIGN,0.9999856,True
RUN_046,2026-10-03 21:31:31,BENIGN,BENIGN,0.9999907,True
RUN_046,2026-10-03 21:31:32,BENIGN,BENIGN,0.9999841,True
RUN_046,2026-10-03 21:31:33,BENIGN,BENIGN,0.9999864,True
RUN_046,2026-10-03 21:31:34,BENIGN,BENIGN,0.99998665,True
RUN_046,2026-10-03 21:31:35,BENIGN,BENIGN,0.9999862,True
RUN_046,2026-10-03 21:31:36,BENIGN,BENIGN,0.9999864,True
RUN_046,2026-10-03 21:31:37,BENIGN,BENIGN,0.9999927,True
RUN_046,2026-10-03 21:31:38,BENIGN,BENIGN,0.99999416,True
RUN_046,2026-10-03 21:31:39,BENIGN,BENIGN,0.9999938,True
RUN_046,2026-10-03 21:31:40,BENIGN,BENIGN,0.99999535,True
RUN_046,2026-10-03 21:31:41,BENIGN,BENIGN,0.9999964,True
RUN_046,2026-10-03 21:31:42,BENIGN,BENIGN,0.9999958,True
RUN_046,2026-10-03 21:31:43,BENIGN,BENIGN,0.999995,True
RUN_046,2026-10-03 21:31:44,BENIGN,BENIGN,0.99999547,True
RUN_046,2026-10-03 21:31:45,BENIGN,BENIGN,0.9999969,True
RUN_046,2026-10-03 21:31:46,BENIGN,BENIGN,0.99999654,True
RUN_046,2026-10-03 21:31:47,BENIGN,BENIGN,0.99999654,True
RUN_046,2026-10-03 21:31:48,BENIGN,BENIGN,0.99998915,True
RUN_046,2026-10-03 21:31:49,BENIGN,BENIGN,0.99998486,True
RUN_046,2026-10-03 21:31:50,BENIGN,BENIGN,0.99994326,True
RUN_046,2026-10-03 21:31:51,BENIGN,BENIGN,0.9999366,True
RUN_046,2026-10-03 21:31:52,BENIGN,BENIGN,0.9997592,True
RUN_046,2026-10-03 21:31:53,BENIGN,BENIGN,0.9999127,True
RUN_046,2026-10-03 21:31:54,BENIGN,BENIGN,0.9998901,True
RUN_046,2026-10-03 21:31:55,BENIGN,BENIGN,0.9999165,True
RUN_046,2026-10-03 21:31:56,BENIGN,BENIGN,0.9999325,True
RUN_046,2026-10-03 21:31:57,BENIGN,BENIGN,0.99993193,True
RUN_046,2026-10-03 21:31:58,BENIGN,BENIGN,0.9999312,True
RUN_046,2026-10-03 21:31:59,BENIGN,BENIGN,0.9998389,True
RUN_056,2026-10-03 21:50:02,BENIGN,BENIGN,0.9995956,True
RUN_056,2026-10-03 21:50:03,BENIGN,BENIGN,0.9999576,True
RUN_056,2026-10-03 21:50:04,BENIGN,BENIGN,0.9980539,True
RUN_056,2026-10-03 21:50:05,BENIGN,BENIGN,0.99974906,True
RUN_056,2026-10-03 21:50:06,BENIGN,BENIGN,0.99975765,True
RUN_056,2026-10-03 21:50:07,BENIGN,BENIGN,0.9998647,True
RUN_056,2026-10-03 21:50:08,BENIGN,BENIGN,0.9996672,True
RUN_056,2026-10-03 21:50:09,BENIGN,BENIGN,0.95359504,True
RUN_056,2026-10-03 21:50:10,BENIGN,BENIGN,0.99885494,True
RUN_056,2026-10-03 21:50:11,BENIGN,BENIGN,0.9996508,True
RUN_056,2026-10-03 21:50:12,BENIGN,BENIGN,0.9999486,True
RUN_056,2026-10-03 21:50:13,BENIGN,BENIGN,0.999726,True
RUN_056,2026-10-03 21:50:14,BENIGN,BENIGN,0.99891186,True
RUN_056,2026-10-03 21:50:15,BENIGN,BENIGN,0.9995043,True
RUN_056,2026-10-03 21:50:16,BENIGN,BENIGN,0.99779654,True
RUN_056,2026-10-03 21:50:17,BENIGN,BENIGN,0.9846282,True
RUN_056,2026-10-03 21:50:18,BENIGN,BENIGN,0.98742455,True
RUN_056,2026-10-03 21:50:19,BENIGN,BENIGN,0.9992045,True
RUN_056,2026-10-03 21:50:20,BENIGN,BENIGN,0.9931953,True
RUN_056,2026-10-03 21:50:21,BENIGN,BENIGN,0.9999123,True
RUN_056,2026-10-03 21:50:22,BENIGN,BENIGN,0.9999779,True
RUN_056,2026-10-03 21:50:23,BENIGN,BENIGN,0.9999944,True
RUN_056,2026-10-03 21:50:24,BENIGN,BENIGN,0.9999944,True
RUN_056,2026-10-03 21:50:25,BENIGN,BENIGN,0.9999893,True
RUN_056,2026-10-03 21:50:26,BENIGN,BENIGN,0.99999356,True
RUN_056,2026-10-03 21:50:27,BENIGN,BENIGN,0.99997777,True
RUN_056,2026-10-03 21:50:28,BENIGN,BENIGN,0.9999618,True
RUN_056,2026-10-03 21:50:29,BENIGN,BENIGN,0.9998642,True
RUN_056,2026-10-03 21:50:30,BENIGN,BENIGN,0.9974669,True
RUN_056,2026-10-03 21:50:31,BENIGN,BENIGN,0.99995077,True
RUN_056,2026-10-03 21:50:32,BENIGN,BENIGN,0.9999631,True
RUN_056,2026-10-03 21:50:33,BENIGN,BENIGN,0.99994826,True
RUN_056,2026-10-03 21:50:34,BENIGN,BENIGN,0.99995303,True
RUN_056,2026-10-03 21:50:35,BENIGN,BENIGN,0.9999829,True
RUN_056,2026-10-03 21:50:36,BENIGN,BENIGN,0.99996966,True
RUN_056,2026-10-03 21:50:37,BENIGN,BENIGN,0.99990255,True
RUN_056,2026-10-03 21:50:38,BENIGN,BENIGN,0.9999937,True
RUN_056,2026-10-03 21:50:39,BENIGN,BENIGN,0.99999344,True
RUN_056,2026-10-03 21:50:40,BENIGN,BENIGN,0.9999893,True
RUN_056,2026-10-03 21:50:41,BENIGN,BENIGN,0.99999285,True
RUN_056,2026-10-03 21:50:42,BENIGN,BENIGN,0.9999623,True
RUN_056,2026-10-03 21:50:43,BENIGN,BENIGN,0.99982524,True
RUN_056,2026-10-03 21:50:44,BENIGN,BENIGN,0.9999593,True
RUN_056,2026-10-03 21:50:45,BENIGN,BENIGN,0.9999754,True
RUN_056,2026-10-03 21:50:46,BENIGN,BENIGN,0.9999743,True
RUN_056,2026-10-03 21:50:47,BENIGN,BENIGN,0.9988245,True
RUN_056,2026-10-03 21:50:48,BENIGN,BENIGN,0.99955016,True
RUN_056,2026-10-03 21:50:49,BENIGN,BENIGN,0.99996394,True
RUN_056,2026-10-03 21:50:50,BENIGN,BENIGN,0.9999842,True
RUN_056,2026-10-03 21:50:51,BENIGN,BENIGN,0.9999804,True
RUN_056,2026-10-03 21:50:52,BENIGN,BENIGN,0.99983436,True
RUN_056,2026-10-03 21:50:53,BENIGN,BENIGN,0.9969659,True
RUN_056,2026-10-03 21:50:54,BENIGN,BENIGN,0.9985582,True
RUN_056,2026-10-03 21:50:55,BENIGN,BENIGN,0.999866,True
RUN_056,2026-10-03 21:50:56,BENIGN,BENIGN,0.99974084,True
RUN_056,2026-10-03 21:50:57,BENIGN,BENIGN,0.9998777,True
RUN_056,2026-10-03 21:50:58,BENIGN,BENIGN,0.9999398,True
RUN_056,2026-10-03 21:50:59,BENIGN,BENIGN,0.99998915,True
RUN_056,2026-10-03 21:51:00,BENIGN,BENIGN,0.9999919,True
RUN_056,2026-10-03 21:51:01,BENIGN,BENIGN,0.99999166,True
RUN_056,2026-10-03 21:51:02,BENIGN,BENIGN,0.99997956,True
RUN_056,2026-10-03 21:51:03,BENIGN,BENIGN,0.9999367,True
RUN_056,2026-10-03 21:51:04,BENIGN,BENIGN,0.99999094,True
RUN_056,2026-10-03 21:51:05,BENIGN,BENIGN,0.9999918,True
RUN_056,2026-10-03 21:51:06,BENIGN,BENIGN,0.999995,True
RUN_056,2026-10-03 21:51:07,BENIGN,BENIGN,0.9999712,True
RUN_056,2026-10-03 21:51:08,BENIGN,BENIGN,0.9999718,True
RUN_056,2026-10-03 21:51:09,BENIGN,BENIGN,0.9996138,True
RUN_056,2026-10-03 21:51:10,BENIGN,BENIGN,0.99649644,True
RUN_056,2026-10-03 21:51:11,BENIGN,BENIGN,0.9980457,True
RUN_056,2026-10-03 21:51:12,BENIGN,BENIGN,0.9582393,True
RUN_056,2026-10-03 21:51:13,BENIGN,BENIGN,0.9986879,True
RUN_056,2026-10-03 21:51:14,BENIGN,BENIGN,0.9998151,True
RUN_056,2026-10-03 21:51:15,BENIGN,BENIGN,0.99988747,True
RUN_056,2026-10-03 21:51:16,BENIGN,BENIGN,0.9999729,True
RUN_056,2026-10-03 21:51:17,BENIGN,BENIGN,0.99980664,True
RUN_056,2026-10-03 21:51:18,BENIGN,BENIGN,0.9993538,True
RUN_056,2026-10-03 21:51:19,BENIGN,BENIGN,0.99972564,True
RUN_056,2026-10-03 21:51:20,BENIGN,BENIGN,0.99994826,True
RUN_056,2026-10-03 21:51:21,BENIGN,BENIGN,0.99993587,True
RUN_056,2026-10-03 21:51:22,BENIGN,BENIGN,0.9923124,True
RUN_056,2026-10-03 21:51:23,BENIGN,BENIGN,0.9856918,True
RUN_056,2026-10-03 21:51:24,BENIGN,BENIGN,0.9996099,True
RUN_056,2026-10-03 21:51:25,BENIGN,BENIGN,0.99990314,True
RUN_056,2026-10-03 21:51:26,BENIGN,BENIGN,0.99172884,True
RUN_056,2026-10-03 21:51:27,BENIGN,BENIGN,0.9670195,True
RUN_056,2026-10-03 21:51:28,BENIGN,BENIGN,0.99747336,True
RUN_056,2026-10-03 21:51:29,BENIGN,BENIGN,0.99997216,True
RUN_056,2026-10-03 21:51:30,BENIGN,BENIGN,0.9999817,True
RUN_056,2026-10-03 21:51:31,BENIGN,BENIGN,0.99954015,True
RUN_056,2026-10-03 21:51:32,BENIGN,BENIGN,0.9978603,True
RUN_056,2026-10-03 21:51:33,BENIGN,BENIGN,0.9940685,True
RUN_056,2026-10-03 21:51:34,BENIGN,BENIGN,0.7990475,True
RUN_056,2026-10-03 21:51:35,BENIGN,BENIGN,0.9970679,True
RUN_056,2026-10-03 21:51:36,BENIGN,BENIGN,0.9999304,True
RUN_056,2026-10-03 21:51:37,BENIGN,BENIGN,0.99989814,True
RUN_056,2026-10-03 21:51:38,BENIGN,BENIGN,0.9999262,True
RUN_056,2026-10-03 21:51:39,BENIGN,BENIGN,0.9999638,True
RUN_056,2026-10-03 21:51:40,BENIGN,BENIGN,0.9999896,True
RUN_056,2026-10-03 21:51:41,BENIGN,BENIGN,0.99979573,True
RUN_056,2026-10-03 21:51:42,BENIGN,BENIGN,0.9451018,True
RUN_056,2026-10-03 21:51:43,BENIGN,BENIGN,0.9723212,True
RUN_056,2026-10-03 21:51:44,BENIGN,BENIGN,0.9978701,True
RUN_056,2026-10-03 21:51:45,BENIGN,BENIGN,0.99704313,True
RUN_056,2026-10-03 21:51:46,BENIGN,BENIGN,0.9988802,True
RUN_056,2026-10-03 21:51:47,BENIGN,BENIGN,0.99995255,True
RUN_056,2026-10-03 21:51:48,BENIGN,BENIGN,0.99990433,True
RUN_056,2026-10-03 21:51:49,BENIGN,BENIGN,0.99946105,True
RUN_056,2026-10-03 21:51:50,BENIGN,BENIGN,0.9998684,True
RUN_056,2026-10-03 21:51:51,BENIGN,BENIGN,0.9999858,True
RUN_056,2026-10-03 21:51:52,BENIGN,BENIGN,0.9999881,True
RUN_056,2026-10-03 21:51:53,BENIGN,BENIGN,0.9999881,True
RUN_056,2026-10-03 21:51:54,BENIGN,BENIGN,0.999992,True
RUN_056,2026-10-03 21:51:55,BENIGN,BENIGN,0.9999379,True
RUN_056,2026-10-03 21:51:56,BENIGN,BENIGN,0.9976741,True
RUN_056,2026-10-03 21:51:57,BENIGN,BENIGN,0.96106094,True
RUN_056,2026-10-03 21:51:58,BENIGN,BENIGN,0.99908555,True
RUN_056,2026-10-03 21:51:59,BENIGN,BENIGN,0.99917656,True
RUN_057,2026-10-03 21:52:02,BENIGN,BENIGN,0.98566425,True
RUN_057,2026-10-03 21:52:03,BENIGN,BENIGN,0.99989164,True
RUN_057,2026-10-03 21:52:04,BENIGN,BENIGN,0.999987,True
RUN_057,2026-10-03 21:52:05,BENIGN,BENIGN,0.99995327,True
RUN_057,2026-10-03 21:52:06,BENIGN,BENIGN,0.9987893,True
RUN_057,2026-10-03 21:52:07,BENIGN,BENIGN,0.9964957,True
RUN_057,2026-10-03 21:52:08,BENIGN,BENIGN,0.9945919,True
RUN_057,2026-10-03 21:52:09,BENIGN,BENIGN,0.99988854,True
RUN_057,2026-10-03 21:52:10,BENIGN,BENIGN,0.9997961,True
RUN_057,2026-10-03 21:52:11,BENIGN,BENIGN,0.9958457,True
RUN_057,2026-10-03 21:52:12,BENIGN,BENIGN,0.9926796,True
RUN_057,2026-10-03 21:52:13,BENIGN,BENIGN,0.9130438,True
RUN_057,2026-10-03 21:52:14,BENIGN,BENIGN,0.99732697,True
RUN_057,2026-10-03 21:52:15,BENIGN,BENIGN,0.9998502,True
RUN_057,2026-10-03 21:52:16,BENIGN,BENIGN,0.99994314,True
RUN_057,2026-10-03 21:52:17,BENIGN,BENIGN,0.9869266,True
RUN_057,2026-10-03 21:52:18,BENIGN,BENIGN,0.9901546,True
RUN_057,2026-10-03 21:52:19,BENIGN,BENIGN,0.999788,True
RUN_057,2026-10-03 21:52:20,BENIGN,BENIGN,0.9999416,True
RUN_057,2026-10-03 21:52:21,BENIGN,BENIGN,0.9998102,True
RUN_057,2026-10-03 21:52:22,BENIGN,BENIGN,0.99967545,True
RUN_057,2026-10-03 21:52:23,BENIGN,BENIGN,0.9999719,True
RUN_057,2026-10-03 21:52:24,BENIGN,BENIGN,0.9999889,True
RUN_057,2026-10-03 21:52:25,BENIGN,BENIGN,0.9999568,True
RUN_057,2026-10-03 21:52:26,BENIGN,BENIGN,0.9999895,True
RUN_057,2026-10-03 21:52:27,BENIGN,BENIGN,0.9998685,True
RUN_057,2026-10-03 21:52:28,BENIGN,BENIGN,0.9997155,True
RUN_057,2026-10-03 21:52:29,BENIGN,BENIGN,0.9992499,True
RUN_057,2026-10-03 21:52:30,BENIGN,BENIGN,0.9998947,True
RUN_057,2026-10-03 21:52:31,BENIGN,BENIGN,0.999709,True
RUN_057,2026-10-03 21:52:32,BENIGN,BENIGN,0.9963295,True
RUN_057,2026-10-03 21:52:33,BENIGN,BENIGN,0.9419175,True
RUN_057,2026-10-03 21:52:34,BENIGN,BENIGN,0.8054328,True
RUN_057,2026-10-03 21:52:35,BENIGN,BENIGN,0.92595387,True
RUN_057,2026-10-03 21:52:36,BENIGN,BENIGN,0.9264136,True
RUN_057,2026-10-03 21:52:37,BENIGN,BENIGN,0.9695939,True
RUN_057,2026-10-03 21:52:38,BENIGN,BENIGN,0.99737823,True
RUN_057,2026-10-03 21:52:39,BENIGN,BENIGN,0.999212,True
RUN_057,2026-10-03 21:52:40,BENIGN,BENIGN,0.98315936,True
RUN_057,2026-10-03 21:52:41,BENIGN,BENIGN,0.9590172,True
RUN_057,2026-10-03 21:52:42,BENIGN,BENIGN,0.9967196,True
RUN_057,2026-10-03 21:52:43,BENIGN,BENIGN,0.9998752,True
RUN_057,2026-10-03 21:52:44,BENIGN,BENIGN,0.9999268,True
RUN_057,2026-10-03 21:52:45,BENIGN,BENIGN,0.9999555,True
RUN_057,2026-10-03 21:52:46,BENIGN,BENIGN,0.9998465,True
RUN_057,2026-10-03 21:52:47,BENIGN,BENIGN,0.9999393,True
RUN_057,2026-10-03 21:52:48,BENIGN,BENIGN,0.99952304,True
RUN_057,2026-10-03 21:52:49,BENIGN,BENIGN,0.9996775,True
RUN_057,2026-10-03 21:52:50,BENIGN,BENIGN,0.9991624,True
RUN_057,2026-10-03 21:52:51,BENIGN,BENIGN,0.99791247,True
RUN_057,2026-10-03 21:52:52,BENIGN,BENIGN,0.9999067,True
RUN_057,2026-10-03 21:52:53,BENIGN,BENIGN,0.99991435,True
RUN_057,2026-10-03 21:52:54,BENIGN,BENIGN,0.9999343,True
RUN_057,2026-10-03 21:52:55,BENIGN,BENIGN,0.9988722,True
RUN_057,2026-10-03 21:52:56,BENIGN,BENIGN,0.9807091,True
RUN_057,2026-10-03 21:52:57,BENIGN,BENIGN,0.93086815,True
RUN_057,2026-10-03 21:52:58,BENIGN,BENIGN,0.99987817,True
RUN_057,2026-10-03 21:52:59,BENIGN,BENIGN,0.9996491,True
RUN_057,2026-10-03 21:53:00,BENIGN,BENIGN,0.9978285,True
RUN_057,2026-10-03 21:53:01,BENIGN,BENIGN,0.9572961,True
RUN_057,2026-10-03 21:53:02,BENIGN,BENIGN,0.9995491,True
RUN_057,2026-10-03 21:53:03,BENIGN,BENIGN,0.9999919,True
RUN_057,2026-10-03 21:53:04,BENIGN,BENIGN,0.99999714,True
RUN_057,2026-10-03 21:53:05,BENIGN,BENIGN,0.9999939,True
RUN_057,2026-10-03 21:53:06,BENIGN,BENIGN,0.9999799,True
RUN_057,2026-10-03 21:53:07,BENIGN,BENIGN,0.9999933,True
RUN_057,2026-10-03 21:53:08,BENIGN,BENIGN,0.9999944,True
RUN_057,2026-10-03 21:53:09,BENIGN,BENIGN,0.9999939,True
RUN_057,2026-10-03 21:53:10,BENIGN,BENIGN,0.99999547,True
RUN_057,2026-10-03 21:53:11,BENIGN,BENIGN,0.99997014,True
RUN_057,2026-10-03 21:53:12,BENIGN,BENIGN,0.9872709,True
RUN_057,2026-10-03 21:53:13,BENIGN,BENIGN,0.96013993,True
RUN_057,2026-10-03 21:53:14,BENIGN,BENIGN,0.9831912,True
RUN_057,2026-10-03 21:53:15,BENIGN,BENIGN,0.999116,True
RUN_057,2026-10-03 21:53:16,BENIGN,BENIGN,0.99869746,True
RUN_057,2026-10-03 21:53:17,BENIGN,BENIGN,0.99944127,True
RUN_057,2026-10-03 21:53:18,BENIGN,BENIGN,0.8383443,True
RUN_057,2026-10-03 21:53:19,BENIGN,BENIGN,0.9945349,True
RUN_057,2026-10-03 21:53:20,BENIGN,BENIGN,0.99795616,True
RUN_057,2026-10-03 21:53:21,BENIGN,BENIGN,0.9983857,True
RUN_057,2026-10-03 21:53:22,BENIGN,BENIGN,0.96996427,True
RUN_057,2026-10-03 21:53:23,BENIGN,BENIGN,0.93814534,True
RUN_057,2026-10-03 21:53:24,BENIGN,BENIGN,0.99776876,True
RUN_057,2026-10-03 21:53:25,BENIGN,BENIGN,0.9997749,True
RUN_057,2026-10-03 21:53:26,BENIGN,BENIGN,0.99990624,True
RUN_057,2026-10-03 21:53:27,BENIGN,BENIGN,0.9994865,True
RUN_057,2026-10-03 21:53:28,BENIGN,BENIGN,0.99995255,True
RUN_057,2026-10-03 21:53:29,BENIGN,BENIGN,0.9999829,True
RUN_057,2026-10-03 21:53:30,BENIGN,BENIGN,0.9999906,True
RUN_057,2026-10-03 21:53:31,BENIGN,BENIGN,0.9999918,True
RUN_057,2026-10-03 21:53:32,BENIGN,BENIGN,0.99999213,True
RUN_057,2026-10-03 21:53:33,BENIGN,BENIGN,0.9999913,True
RUN_057,2026-10-03 21:53:34,BENIGN,BENIGN,0.9999945,True
RUN_057,2026-10-03 21:53:35,BENIGN,BENIGN,0.9999611,True
RUN_057,2026-10-03 21:53:36,BENIGN,BENIGN,0.9999919,True
RUN_057,2026-10-03 21:53:37,BENIGN,BENIGN,0.9999775,True
RUN_057,2026-10-03 21:53:38,BENIGN,BENIGN,0.9999575,True
RUN_057,2026-10-03 21:53:39,BENIGN,BENIGN,0.9945301,True
RUN_057,2026-10-03 21:53:40,BENIGN,BENIGN,0.9986269,True
RUN_057,2026-10-03 21:53:41,BENIGN,BENIGN,0.99953467,True
RUN_057,2026-10-03 21:53:42,BENIGN,BENIGN,0.9998239,True
RUN_057,2026-10-03 21:53:43,BENIGN,BENIGN,0.99992645,True
RUN_057,2026-10-03 21:53:44,BENIGN,BENIGN,0.9998045,True
RUN_057,2026-10-03 21:53:45,BENIGN,BENIGN,0.999793,True
RUN_057,2026-10-03 21:53:46,BENIGN,BENIGN,0.9989186,True
RUN_057,2026-10-03 21:53:47,BENIGN,BENIGN,0.99946094,True
RUN_057,2026-10-03 21:53:48,BENIGN,BENIGN,0.99988353,True
RUN_057,2026-10-03 21:53:49,BENIGN,BENIGN,0.99951136,True
RUN_057,2026-10-03 21:53:50,BENIGN,BENIGN,0.99991614,True
RUN_057,2026-10-03 21:53:51,BENIGN,BENIGN,0.9999233,True
RUN_057,2026-10-03 21:53:52,BENIGN,BENIGN,0.9999787,True
RUN_057,2026-10-03 21:53:53,BENIGN,BENIGN,0.99997836,True
RUN_057,2026-10-03 21:53:54,BENIGN,BENIGN,0.99997026,True
RUN_057,2026-10-03 21:53:55,BENIGN,BENIGN,0.99994063,True
RUN_057,2026-10-03 21:53:56,BENIGN,BENIGN,0.99944174,True
RUN_057,2026-10-03 21:53:57,BENIGN,BENIGN,0.9990384,True
RUN_057,2026-10-03 21:53:58,BENIGN,BENIGN,0.9882507,True
RUN_057,2026-10-03 21:53:59,BENIGN,BENIGN,0.9944739,True
RUN_065,2026-10-03 22:08:02,BENIGN,BENIGN,0.9986896,True
RUN_065,2026-10-03 22:08:03,BENIGN,BENIGN,0.99986684,True
RUN_065,2026-10-03 22:08:04,BENIGN,BENIGN,0.99671316,True
RUN_065,2026-10-03 22:08:05,BENIGN,BENIGN,0.9969245,True
RUN_065,2026-10-03 22:08:06,BENIGN,BENIGN,0.99917835,True
RUN_065,2026-10-03 22:08:07,BENIGN,BENIGN,0.99992645,True
RUN_065,2026-10-03 22:08:08,BENIGN,BENIGN,0.99981916,True
RUN_065,2026-10-03 22:08:09,BENIGN,BENIGN,0.99997383,True
RUN_065,2026-10-03 22:08:10,BENIGN,BENIGN,0.99843365,True
RUN_065,2026-10-03 22:08:11,BENIGN,BENIGN,0.9933157,True
RUN_065,2026-10-03 22:08:12,BENIGN,BENIGN,0.98481315,True
RUN_065,2026-10-03 22:08:13,BENIGN,BENIGN,0.9985668,True
RUN_065,2026-10-03 22:08:14,BENIGN,BENIGN,0.998578,True
RUN_065,2026-10-03 22:08:15,BENIGN,BENIGN,0.99980485,True
RUN_065,2026-10-03 22:08:16,BENIGN,BENIGN,0.99999,True
RUN_065,2026-10-03 22:08:17,BENIGN,BENIGN,0.99999213,True
RUN_065,2026-10-03 22:08:18,BENIGN,BENIGN,0.9999895,True
RUN_065,2026-10-03 22:08:19,BENIGN,BENIGN,0.9999226,True
RUN_065,2026-10-03 22:08:20,BENIGN,BENIGN,0.9984807,True
RUN_065,2026-10-03 22:08:21,BENIGN,BENIGN,0.9994534,True
RUN_065,2026-10-03 22:08:22,BENIGN,BENIGN,0.9999434,True
RUN_065,2026-10-03 22:08:23,BENIGN,BENIGN,0.9999148,True
RUN_065,2026-10-03 22:08:24,BENIGN,BENIGN,0.9999171,True
RUN_065,2026-10-03 22:08:25,BENIGN,BENIGN,0.9996927,True
RUN_065,2026-10-03 22:08:26,BENIGN,BENIGN,0.9999504,True
RUN_065,2026-10-03 22:08:27,BENIGN,BENIGN,0.9999748,True
RUN_065,2026-10-03 22:08:28,BENIGN,BENIGN,0.9998704,True
RUN_065,2026-10-03 22:08:29,BENIGN,BENIGN,0.9954394,True
RUN_065,2026-10-03 22:08:30,BENIGN,BENIGN,0.9934032,True
RUN_065,2026-10-03 22:08:31,BENIGN,BENIGN,0.99984103,True
RUN_065,2026-10-03 22:08:32,BENIGN,BENIGN,0.9998821,True
RUN_065,2026-10-03 22:08:33,BENIGN,BENIGN,0.9996979,True
RUN_065,2026-10-03 22:08:34,BENIGN,BENIGN,0.99982476,True
RUN_065,2026-10-03 22:08:35,BENIGN,BENIGN,0.99998546,True
RUN_065,2026-10-03 22:08:36,BENIGN,BENIGN,0.99998784,True
RUN_065,2026-10-03 22:08:37,BENIGN,BENIGN,0.99902046,True
RUN_065,2026-10-03 22:08:38,BENIGN,BENIGN,0.47437745,True
RUN_065,2026-10-03 22:08:39,BENIGN,BENIGN,0.89956385,True
RUN_065,2026-10-03 22:08:40,BENIGN,BENIGN,0.9999618,True
RUN_065,2026-10-03 22:08:41,BENIGN,BENIGN,0.99998665,True
RUN_065,2026-10-03 22:08:42,BENIGN,BENIGN,0.9999881,True
RUN_065,2026-10-03 22:08:43,BENIGN,BENIGN,0.9998032,True
RUN_065,2026-10-03 22:08:44,BENIGN,BENIGN,0.9998646,True
RUN_065,2026-10-03 22:08:45,BENIGN,BENIGN,0.99996835,True
RUN_065,2026-10-03 22:08:46,BENIGN,BENIGN,0.9999924,True
RUN_065,2026-10-03 22:08:47,BENIGN,BENIGN,0.9999969,True
RUN_065,2026-10-03 22:08:48,BENIGN,BENIGN,0.99985224,True
RUN_065,2026-10-03 22:08:49,BENIGN,BENIGN,0.9856088,True
RUN_065,2026-10-03 22:08:50,BENIGN,BENIGN,0.99998724,True
RUN_065,2026-10-03 22:08:51,BENIGN,BENIGN,0.99999547,True
RUN_065,2026-10-03 22:08:52,BENIGN,BENIGN,0.9999981,True
RUN_065,2026-10-03 22:08:53,BENIGN,BENIGN,0.9999976,True
RUN_065,2026-10-03 22:08:54,BENIGN,BENIGN,0.99999166,True
RUN_065,2026-10-03 22:08:55,BENIGN,BENIGN,0.9999806,True
RUN_065,2026-10-03 22:08:56,BENIGN,BENIGN,0.99998724,True
RUN_065,2026-10-03 22:08:57,BENIGN,BENIGN,0.999998,True
RUN_065,2026-10-03 22:08:58,BENIGN,BENIGN,0.99999833,True
RUN_065,2026-10-03 22:08:59,BENIGN,BENIGN,0.99999833,True
RUN_065,2026-10-03 22:09:00,BENIGN,BENIGN,0.99999774,True
RUN_065,2026-10-03 22:09:01,BENIGN,BENIGN,0.9999962,True
RUN_065,2026-10-03 22:09:02,BENIGN,BENIGN,0.9999963,True
RUN_065,2026-10-03 22:09:03,BENIGN,BENIGN,0.9999944,True
RUN_065,2026-10-03 22:09:04,BENIGN,BENIGN,0.9999863,True
RUN_065,2026-10-03 22:09:05,BENIGN,BENIGN,0.9998446,True
RUN_065,2026-10-03 22:09:06,BENIGN,BENIGN,0.99970746,True
RUN_065,2026-10-03 22:09:07,BENIGN,BENIGN,0.99994576,True
RUN_065,2026-10-03 22:09:08,BENIGN,BENIGN,0.9999798,True
RUN_065,2026-10-03 22:09:09,BENIGN,BENIGN,0.99998075,True
RUN_065,2026-10-03 22:09:10,BENIGN,BENIGN,0.99998677,True
RUN_065,2026-10-03 22:09:11,BENIGN,BENIGN,0.99990577,True
RUN_065,2026-10-03 22:09:12,BENIGN,BENIGN,0.9996401,True
RUN_065,2026-10-03 22:09:13,BENIGN,BENIGN,0.9981449,True
RUN_065,2026-10-03 22:09:14,BENIGN,BENIGN,0.99948376,True
RUN_065,2026-10-03 22:09:15,BENIGN,BENIGN,0.99603885,True
RUN_065,2026-10-03 22:09:16,BENIGN,BENIGN,0.998422,True
RUN_065,2026-10-03 22:09:17,BENIGN,BENIGN,0.9998754,True
RUN_065,2026-10-03 22:09:18,BENIGN,BENIGN,0.9999804,True
RUN_065,2026-10-03 22:09:19,BENIGN,BENIGN,0.99996954,True
RUN_065,2026-10-03 22:09:20,BENIGN,BENIGN,0.9995774,True
RUN_065,2026-10-03 22:09:21,BENIGN,BENIGN,0.9999066,True
RUN_065,2026-10-03 22:09:22,BENIGN,BENIGN,0.99990255,True
RUN_065,2026-10-03 22:09:23,BENIGN,BENIGN,0.99998724,True
RUN_065,2026-10-03 22:09:24,BENIGN,BENIGN,0.99999297,True
RUN_065,2026-10-03 22:09:25,BENIGN,BENIGN,0.9999568,True
RUN_065,2026-10-03 22:09:26,BENIGN,BENIGN,0.9984439,True
RUN_065,2026-10-03 22:09:27,BENIGN,BENIGN,0.9977789,True
RUN_065,2026-10-03 22:09:28,BENIGN,BENIGN,0.99982524,True
RUN_065,2026-10-03 22:09:29,BENIGN,BENIGN,0.9999914,True
RUN_065,2026-10-03 22:09:30,BENIGN,BENIGN,0.99999416,True
RUN_065,2026-10-03 22:09:31,BENIGN,BENIGN,0.99999475,True
RUN_065,2026-10-03 22:09:32,BENIGN,BENIGN,0.9999933,True
RUN_065,2026-10-03 22:09:33,BENIGN,BENIGN,0.99999726,True
RUN_065,2026-10-03 22:09:34,BENIGN,BENIGN,0.99998474,True
RUN_065,2026-10-03 22:09:35,BENIGN,BENIGN,0.99998325,True
RUN_065,2026-10-03 22:09:36,BENIGN,BENIGN,0.9999932,True
RUN_065,2026-10-03 22:09:37,BENIGN,BENIGN,0.99999297,True
RUN_065,2026-10-03 22:09:38,BENIGN,BENIGN,0.9998666,True
RUN_065,2026-10-03 22:09:39,BENIGN,BENIGN,0.9858962,True
RUN_065,2026-10-03 22:09:40,BENIGN,BENIGN,0.98793834,True
RUN_065,2026-10-03 22:09:41,BENIGN,BENIGN,0.99759924,True
RUN_065,2026-10-03 22:09:42,BENIGN,BENIGN,0.99974155,True
RUN_065,2026-10-03 22:09:43,BENIGN,BENIGN,0.9998033,True
RUN_065,2026-10-03 22:09:44,BENIGN,BENIGN,0.90578693,True
RUN_065,2026-10-03 22:09:45,BENIGN,BENIGN,0.96043694,True
RUN_065,2026-10-03 22:09:46,BENIGN,BENIGN,0.9981237,True
RUN_065,2026-10-03 22:09:47,BENIGN,BENIGN,0.9999902,True
RUN_065,2026-10-03 22:09:48,BENIGN,BENIGN,0.99999523,True
RUN_065,2026-10-03 22:09:49,BENIGN,BENIGN,0.9999925,True
RUN_065,2026-10-03 22:09:50,BENIGN,BENIGN,0.9998841,True
RUN_065,2026-10-03 22:09:51,BENIGN,BENIGN,0.9991104,True
RUN_065,2026-10-03 22:09:52,BENIGN,BENIGN,0.9999467,True
RUN_065,2026-10-03 22:09:53,BENIGN,BENIGN,0.9999693,True
RUN_065,2026-10-03 22:09:54,BENIGN,BENIGN,0.9999799,True
RUN_065,2026-10-03 22:09:55,BENIGN,BENIGN,0.9997418,True
RUN_065,2026-10-03 22:09:56,BENIGN,BENIGN,0.999925,True
RUN_065,2026-10-03 22:09:57,BENIGN,BENIGN,0.99994946,True
RUN_065,2026-10-03 22:09:58,BENIGN,BENIGN,0.9999754,True
RUN_065,2026-10-03 22:09:59,BENIGN,BENIGN,0.99998796,True
RUN_069,2026-10-03 22:16:02,SLOWLORIS,SLOWLORIS,0.9999491,True
RUN_069,2026-10-03 22:16:03,SLOWLORIS,SLOWLORIS,0.9999719,True
RUN_069,2026-10-03 22:16:04,SLOWLORIS,SLOWLORIS,0.99997,True
RUN_069,2026-10-03 22:16:05,SLOWLORIS,SLOWLORIS,0.9999762,True
RUN_069,2026-10-03 22:16:06,SLOWLORIS,SLOWLORIS,0.99997336,True
RUN_069,2026-10-03 22:16:07,SLOWLORIS,SLOWLORIS,0.9999781,True
RUN_069,2026-10-03 22:16:08,SLOWLORIS,SLOWLORIS,0.99998605,True
RUN_069,2026-10-03 22:16:09,SLOWLORIS,SLOWLORIS,0.9999871,True
RUN_069,2026-10-03 22:16:10,SLOWLORIS,SLOWLORIS,0.99999034,True
RUN_069,2026-10-03 22:16:11,SLOWLORIS,SLOWLORIS,0.9999901,True
RUN_069,2026-10-03 22:16:12,SLOWLORIS,SLOWLORIS,0.9999908,True
RUN_069,2026-10-03 22:16:13,SLOWLORIS,SLOWLORIS,0.99999046,True
RUN_069,2026-10-03 22:16:14,SLOWLORIS,SLOWLORIS,0.99999106,True
RUN_069,2026-10-03 22:16:15,SLOWLORIS,SLOWLORIS,0.99998975,True
RUN_069,2026-10-03 22:16:16,SLOWLORIS,SLOWLORIS,0.99999034,True
RUN_069,2026-10-03 22:16:17,SLOWLORIS,SLOWLORIS,0.9999913,True
RUN_069,2026-10-03 22:16:18,SLOWLORIS,SLOWLORIS,0.99999094,True
RUN_069,2026-10-03 22:16:19,SLOWLORIS,SLOWLORIS,0.9999919,True
RUN_069,2026-10-03 22:16:20,SLOWLORIS,SLOWLORIS,0.999992,True
RUN_069,2026-10-03 22:16:21,SLOWLORIS,SLOWLORIS,0.9999919,True
RUN_069,2026-10-03 22:16:22,SLOWLORIS,SLOWLORIS,0.9999908,True
RUN_069,2026-10-03 22:16:23,SLOWLORIS,SLOWLORIS,0.99999106,True
RUN_069,2026-10-03 22:16:24,SLOWLORIS,SLOWLORIS,0.9999924,True
RUN_069,2026-10-03 22:16:25,SLOWLORIS,SLOWLORIS,0.9999932,True
RUN_069,2026-10-03 22:16:26,SLOWLORIS,SLOWLORIS,0.9999939,True
RUN_069,2026-10-03 22:16:27,SLOWLORIS,SLOWLORIS,0.9999933,True
RUN_069,2026-10-03 22:16:28,SLOWLORIS,SLOWLORIS,0.9999931,True
RUN_069,2026-10-03 22:16:29,SLOWLORIS,SLOWLORIS,0.99999416,True
RUN_069,2026-10-03 22:16:30,SLOWLORIS,SLOWLORIS,0.9999944,True
RUN_069,2026-10-03 22:16:31,SLOWLORIS,SLOWLORIS,0.99999464,True
RUN_069,2026-10-03 22:16:32,SLOWLORIS,SLOWLORIS,0.9999945,True
RUN_069,2026-10-03 22:16:33,SLOWLORIS,SLOWLORIS,0.99999475,True
RUN_069,2026-10-03 22:16:34,SLOWLORIS,SLOWLORIS,0.99999547,True
RUN_069,2026-10-03 22:16:35,SLOWLORIS,SLOWLORIS,0.999995,True
RUN_069,2026-10-03 22:16:36,SLOWLORIS,SLOWLORIS,0.99999523,True
RUN_069,2026-10-03 22:16:37,SLOWLORIS,SLOWLORIS,0.99999547,True
RUN_069,2026-10-03 22:16:38,SLOWLORIS,SLOWLORIS,0.99999547,True
RUN_069,2026-10-03 22:16:39,SLOWLORIS,SLOWLORIS,0.9999962,True
RUN_069,2026-10-03 22:16:40,SLOWLORIS,SLOWLORIS,0.99999475,True
RUN_069,2026-10-03 22:16:41,SLOWLORIS,SLOWLORIS,0.99999535,True
RUN_069,2026-10-03 22:16:42,SLOWLORIS,SLOWLORIS,0.9999944,True
RUN_069,2026-10-03 22:16:43,SLOWLORIS,SLOWLORIS,0.999995,True
RUN_069,2026-10-03 22:16:44,SLOWLORIS,SLOWLORIS,0.99999535,True
RUN_069,2026-10-03 22:16:45,SLOWLORIS,SLOWLORIS,0.99999607,True
RUN_069,2026-10-03 22:16:46,SLOWLORIS,SLOWLORIS,0.9999962,True
RUN_069,2026-10-03 22:16:47,SLOWLORIS,SLOWLORIS,0.9999958,True
RUN_069,2026-10-03 22:16:48,SLOWLORIS,SLOWLORIS,0.99999547,True
RUN_069,2026-10-03 22:16:49,SLOWLORIS,SLOWLORIS,0.9999958,True
RUN_069,2026-10-03 22:16:50,SLOWLORIS,SLOWLORIS,0.9999957,True
RUN_069,2026-10-03 22:16:51,SLOWLORIS,SLOWLORIS,0.99999595,True
RUN_069,2026-10-03 22:16:52,SLOWLORIS,SLOWLORIS,0.9999963,True
RUN_069,2026-10-03 22:16:53,SLOWLORIS,SLOWLORIS,0.99999595,True
RUN_069,2026-10-03 22:16:54,SLOWLORIS,SLOWLORIS,0.9999957,True
RUN_069,2026-10-03 22:16:55,SLOWLORIS,SLOWLORIS,0.99999595,True
RUN_069,2026-10-03 22:16:56,SLOWLORIS,SLOWLORIS,0.99999595,True
RUN_069,2026-10-03 22:16:57,SLOWLORIS,SLOWLORIS,0.9999957,True
RUN_069,2026-10-03 22:16:58,SLOWLORIS,SLOWLORIS,0.99999547,True
RUN_069,2026-10-03 22:16:59,SLOWLORIS,SLOWLORIS,0.99999595,True
RUN_069,2026-10-03 22:17:00,SLOWLORIS,SLOWLORIS,0.999995,True
RUN_069,2026-10-03 22:17:01,SLOWLORIS,SLOWLORIS,0.99999535,True
RUN_069,2026-10-03 22:17:02,SLOWLORIS,SLOWLORIS,0.99999285,True
RUN_069,2026-10-03 22:17:03,SLOWLORIS,SLOWLORIS,0.9999944,True
RUN_069,2026-10-03 22:17:04,SLOWLORIS,SLOWLORIS,0.99999535,True
RUN_069,2026-10-03 22:17:05,SLOWLORIS,SLOWLORIS,0.99999535,True
RUN_069,2026-10-03 22:17:06,SLOWLORIS,SLOWLORIS,0.9999964,True
RUN_069,2026-10-03 22:17:07,SLOWLORIS,SLOWLORIS,0.9999957,True
RUN_069,2026-10-03 22:17:08,SLOWLORIS,SLOWLORIS,0.9999949,True
RUN_069,2026-10-03 22:17:09,SLOWLORIS,SLOWLORIS,0.99999475,True
RUN_069,2026-10-03 22:17:10,SLOWLORIS,SLOWLORIS,0.9999945,True
RUN_069,2026-10-03 22:17:11,SLOWLORIS,SLOWLORIS,0.9999925,True
RUN_069,2026-10-03 22:17:12,SLOWLORIS,SLOWLORIS,0.99999213,True
RUN_069,2026-10-03 22:17:13,SLOWLORIS,SLOWLORIS,0.9999939,True
RUN_069,2026-10-03 22:17:14,SLOWLORIS,SLOWLORIS,0.9999931,True
RUN_069,2026-10-03 22:17:15,SLOWLORIS,SLOWLORIS,0.9999944,True
RUN_069,2026-10-03 22:17:16,SLOWLORIS,SLOWLORIS,0.9999932,True
RUN_069,2026-10-03 22:17:17,SLOWLORIS,SLOWLORIS,0.9999931,True
RUN_069,2026-10-03 22:17:18,SLOWLORIS,SLOWLORIS,0.9999919,True
RUN_069,2026-10-03 22:17:19,SLOWLORIS,SLOWLORIS,0.999992,True
RUN_069,2026-10-03 22:17:20,SLOWLORIS,SLOWLORIS,0.99999094,True
RUN_069,2026-10-03 22:17:21,SLOWLORIS,SLOWLORIS,0.9999937,True
RUN_069,2026-10-03 22:17:22,SLOWLORIS,SLOWLORIS,0.9999933,True
RUN_069,2026-10-03 22:17:23,SLOWLORIS,SLOWLORIS,0.9999951,True
RUN_069,2026-10-03 22:17:24,SLOWLORIS,SLOWLORIS,0.99999297,True
RUN_069,2026-10-03 22:17:25,SLOWLORIS,SLOWLORIS,0.99999285,True
RUN_069,2026-10-03 22:17:26,SLOWLORIS,SLOWLORIS,0.99999356,True
RUN_069,2026-10-03 22:17:27,SLOWLORIS,SLOWLORIS,0.9999943,True
RUN_069,2026-10-03 22:17:28,SLOWLORIS,SLOWLORIS,0.99999297,True
RUN_069,2026-10-03 22:17:29,SLOWLORIS,SLOWLORIS,0.99999225,True
RUN_069,2026-10-03 22:17:30,SLOWLORIS,SLOWLORIS,0.9999927,True
RUN_069,2026-10-03 22:17:31,SLOWLORIS,SLOWLORIS,0.99999213,True
RUN_069,2026-10-03 22:17:32,SLOWLORIS,SLOWLORIS,0.9999918,True
RUN_069,2026-10-03 22:17:33,SLOWLORIS,SLOWLORIS,0.9999927,True
RUN_069,2026-10-03 22:17:34,SLOWLORIS,SLOWLORIS,0.99999166,True
RUN_069,2026-10-03 22:17:35,SLOWLORIS,SLOWLORIS,0.9999926,True
RUN_069,2026-10-03 22:17:36,SLOWLORIS,SLOWLORIS,0.99999166,True
RUN_069,2026-10-03 22:17:37,SLOWLORIS,SLOWLORIS,0.9999927,True
RUN_069,2026-10-03 22:17:38,SLOWLORIS,SLOWLORIS,0.99999225,True
RUN_069,2026-10-03 22:17:39,SLOWLORIS,SLOWLORIS,0.9999925,True
RUN_069,2026-10-03 22:17:40,SLOWLORIS,SLOWLORIS,0.99999297,True
RUN_069,2026-10-03 22:17:41,SLOWLORIS,SLOWLORIS,0.99999225,True
RUN_069,2026-10-03 22:17:42,SLOWLORIS,SLOWLORIS,0.9999894,True
RUN_069,2026-10-03 22:17:43,SLOWLORIS,SLOWLORIS,0.9999913,True
RUN_069,2026-10-03 22:17:44,SLOWLORIS,SLOWLORIS,0.99998724,True
RUN_069,2026-10-03 22:17:45,SLOWLORIS,SLOWLORIS,0.9999901,True
RUN_069,2026-10-03 22:17:46,SLOWLORIS,SLOWLORIS,0.9999869,True
RUN_069,2026-10-03 22:17:47,SLOWLORIS,SLOWLORIS,0.9999925,True
RUN_069,2026-10-03 22:17:48,SLOWLORIS,SLOWLORIS,0.99999166,True
RUN_069,2026-10-03 22:17:49,SLOWLORIS,SLOWLORIS,0.99999094,True
RUN_069,2026-10-03 22:17:50,SLOWLORIS,SLOWLORIS,0.9999926,True
RUN_069,2026-10-03 22:17:51,SLOWLORIS,SLOWLORIS,0.99999213,True
RUN_069,2026-10-03 22:17:52,SLOWLORIS,SLOWLORIS,0.99999225,True
RUN_069,2026-10-03 22:17:53,SLOWLORIS,SLOWLORIS,0.99999213,True
RUN_069,2026-10-03 22:17:54,SLOWLORIS,SLOWLORIS,0.99999106,True
RUN_069,2026-10-03 22:17:55,SLOWLORIS,SLOWLORIS,0.9999939,True
RUN_069,2026-10-03 22:17:56,SLOWLORIS,SLOWLORIS,0.9999945,True
RUN_069,2026-10-03 22:17:57,SLOWLORIS,SLOWLORIS,0.99999285,True
RUN_069,2026-10-03 22:17:58,SLOWLORIS,SLOWLORIS,0.9999908,True
RUN_069,2026-10-03 22:17:59,SLOWLORIS,SLOWLORIS,0.99998987,True
RUN_070,2026-10-03 22:18:02,BENIGN,BENIGN,0.997159,True
RUN_070,2026-10-03 22:18:03,BENIGN,BENIGN,0.99889624,True
RUN_070,2026-10-03 22:18:04,BENIGN,BENIGN,0.99997336,True
RUN_070,2026-10-03 22:18:05,BENIGN,BENIGN,0.9999962,True
RUN_070,2026-10-03 22:18:06,BENIGN,BENIGN,0.9999958,True
RUN_070,2026-10-03 22:18:07,BENIGN,BENIGN,0.9999945,True
RUN_070,2026-10-03 22:18:08,BENIGN,BENIGN,0.9999931,True
RUN_070,2026-10-03 22:18:09,BENIGN,BENIGN,0.9999943,True
RUN_070,2026-10-03 22:18:10,BENIGN,BENIGN,0.99999034,True
RUN_070,2026-10-03 22:18:11,BENIGN,BENIGN,0.99997526,True
RUN_070,2026-10-03 22:18:12,BENIGN,BENIGN,0.9999806,True
RUN_070,2026-10-03 22:18:13,BENIGN,BENIGN,0.99999225,True
RUN_070,2026-10-03 22:18:14,BENIGN,BENIGN,0.9999881,True
RUN_070,2026-10-03 22:18:15,BENIGN,BENIGN,0.9999913,True
RUN_070,2026-10-03 22:18:16,BENIGN,BENIGN,0.99998844,True
RUN_070,2026-10-03 22:18:17,BENIGN,BENIGN,0.99999213,True
RUN_070,2026-10-03 22:18:18,BENIGN,BENIGN,0.99999464,True
RUN_070,2026-10-03 22:18:19,BENIGN,BENIGN,0.9999803,True
RUN_070,2026-10-03 22:18:20,BENIGN,BENIGN,0.999992,True
RUN_070,2026-10-03 22:18:21,BENIGN,BENIGN,0.9999881,True
RUN_070,2026-10-03 22:18:22,BENIGN,BENIGN,0.999944,True
RUN_070,2026-10-03 22:18:23,BENIGN,BENIGN,0.99992114,True
RUN_070,2026-10-03 22:18:24,BENIGN,BENIGN,0.99997026,True
RUN_070,2026-10-03 22:18:25,BENIGN,BENIGN,0.99989647,True
RUN_070,2026-10-03 22:18:26,BENIGN,BENIGN,0.99997765,True
RUN_070,2026-10-03 22:18:27,BENIGN,BENIGN,0.9999919,True
RUN_070,2026-10-03 22:18:28,BENIGN,BENIGN,0.9999918,True
RUN_070,2026-10-03 22:18:29,BENIGN,BENIGN,0.9999865,True
RUN_070,2026-10-03 22:18:30,BENIGN,BENIGN,0.99999475,True
RUN_070,2026-10-03 22:18:31,BENIGN,BENIGN,0.99999654,True
RUN_070,2026-10-03 22:18:32,BENIGN,BENIGN,0.9999913,True
RUN_070,2026-10-03 22:18:33,BENIGN,BENIGN,0.9999888,True
RUN_070,2026-10-03 22:18:34,BENIGN,BENIGN,0.99999356,True
RUN_070,2026-10-03 22:18:35,BENIGN,BENIGN,0.99999225,True
RUN_070,2026-10-03 22:18:36,BENIGN,BENIGN,0.9999943,True
RUN_070,2026-10-03 22:18:37,BENIGN,BENIGN,0.9999894,True
RUN_070,2026-10-03 22:18:38,BENIGN,BENIGN,0.9999894,True
RUN_070,2026-10-03 22:18:39,BENIGN,BENIGN,0.9999847,True
RUN_070,2026-10-03 22:18:40,BENIGN,BENIGN,0.9999731,True
RUN_070,2026-10-03 22:18:41,BENIGN,BENIGN,0.9999856,True
RUN_070,2026-10-03 22:18:42,BENIGN,BENIGN,0.9999729,True
RUN_070,2026-10-03 22:18:43,BENIGN,BENIGN,0.99997085,True
RUN_070,2026-10-03 22:18:44,BENIGN,BENIGN,0.9999766,True
RUN_070,2026-10-03 22:18:45,BENIGN,BENIGN,0.9999927,True
RUN_070,2026-10-03 22:18:46,BENIGN,BENIGN,0.9999895,True
RUN_070,2026-10-03 22:18:47,BENIGN,BENIGN,0.99998534,True
RUN_070,2026-10-03 22:18:48,BENIGN,BENIGN,0.99997026,True
RUN_070,2026-10-03 22:18:49,BENIGN,BENIGN,0.9999611,True
RUN_070,2026-10-03 22:18:50,BENIGN,BENIGN,0.9999649,True
RUN_070,2026-10-03 22:18:51,BENIGN,BENIGN,0.9999781,True
RUN_070,2026-10-03 22:18:52,BENIGN,BENIGN,0.9999799,True
RUN_070,2026-10-03 22:18:53,BENIGN,BENIGN,0.9999811,True
RUN_070,2026-10-03 22:18:54,BENIGN,BENIGN,0.99998003,True
RUN_070,2026-10-03 22:18:55,BENIGN,BENIGN,0.9999835,True
RUN_070,2026-10-03 22:18:56,BENIGN,BENIGN,0.99997634,True
RUN_070,2026-10-03 22:18:57,BENIGN,BENIGN,0.9999804,True
RUN_070,2026-10-03 22:18:58,BENIGN,BENIGN,0.999987,True
RUN_070,2026-10-03 22:18:59,BENIGN,BENIGN,0.99998784,True
RUN_070,2026-10-03 22:19:00,BENIGN,BENIGN,0.99997574,True
RUN_070,2026-10-03 22:19:01,BENIGN,BENIGN,0.9999798,True
RUN_070,2026-10-03 22:19:02,BENIGN,BENIGN,0.9999675,True
RUN_070,2026-10-03 22:19:03,BENIGN,BENIGN,0.999955,True
RUN_070,2026-10-03 22:19:04,BENIGN,BENIGN,0.99997157,True
RUN_070,2026-10-03 22:19:05,BENIGN,BENIGN,0.99997276,True
RUN_070,2026-10-03 22:19:06,BENIGN,BENIGN,0.99996394,True
RUN_070,2026-10-03 22:19:07,BENIGN,BENIGN,0.99998736,True
RUN_070,2026-10-03 22:19:08,BENIGN,BENIGN,0.9999673,True
RUN_070,2026-10-03 22:19:09,BENIGN,BENIGN,0.9999694,True
RUN_070,2026-10-03 22:19:10,BENIGN,BENIGN,0.99997216,True
RUN_070,2026-10-03 22:19:11,BENIGN,BENIGN,0.9999828,True
RUN_070,2026-10-03 22:19:12,BENIGN,BENIGN,0.99998844,True
RUN_070,2026-10-03 22:19:13,BENIGN,BENIGN,0.9999926,True
RUN_070,2026-10-03 22:19:14,BENIGN,BENIGN,0.99999297,True
RUN_070,2026-10-03 22:19:15,BENIGN,BENIGN,0.99999034,True
RUN_070,2026-10-03 22:19:16,BENIGN,BENIGN,0.9999875,True
RUN_070,2026-10-03 22:19:17,BENIGN,BENIGN,0.9999743,True
RUN_070,2026-10-03 22:19:18,BENIGN,BENIGN,0.99997,True
RUN_070,2026-10-03 22:19:19,BENIGN,BENIGN,0.999981,True
RUN_070,2026-10-03 22:19:20,BENIGN,BENIGN,0.99998677,True
RUN_070,2026-10-03 22:19:21,BENIGN,BENIGN,0.99998134,True
RUN_070,2026-10-03 22:19:22,BENIGN,BENIGN,0.9999828,True
RUN_070,2026-10-03 22:19:23,BENIGN,BENIGN,0.999983,True
RUN_070,2026-10-03 22:19:24,BENIGN,BENIGN,0.99998313,True
RUN_070,2026-10-03 22:19:25,BENIGN,BENIGN,0.9999816,True
RUN_070,2026-10-03 22:19:26,BENIGN,BENIGN,0.9999786,True
RUN_070,2026-10-03 22:19:27,BENIGN,BENIGN,0.9999793,True
RUN_070,2026-10-03 22:19:28,BENIGN,BENIGN,0.9999699,True
RUN_070,2026-10-03 22:19:29,BENIGN,BENIGN,0.9999749,True
RUN_070,2026-10-03 22:19:30,BENIGN,BENIGN,0.9999693,True
RUN_070,2026-10-03 22:19:31,BENIGN,BENIGN,0.9999644,True
RUN_070,2026-10-03 22:19:32,BENIGN,BENIGN,0.9998506,True
RUN_070,2026-10-03 22:19:33,BENIGN,BENIGN,0.9999592,True
RUN_070,2026-10-03 22:19:34,BENIGN,BENIGN,0.99997956,True
RUN_070,2026-10-03 22:19:35,BENIGN,BENIGN,0.99998784,True
RUN_070,2026-10-03 22:19:36,BENIGN,BENIGN,0.9999841,True
RUN_070,2026-10-03 22:19:37,BENIGN,BENIGN,0.9999893,True
RUN_070,2026-10-03 22:19:38,BENIGN,BENIGN,0.999992,True
RUN_070,2026-10-03 22:19:39,BENIGN,BENIGN,0.9999927,True
RUN_070,2026-10-03 22:19:40,BENIGN,BENIGN,0.9999932,True
RUN_070,2026-10-03 22:19:41,BENIGN,BENIGN,0.9999938,True
RUN_070,2026-10-03 22:19:42,BENIGN,BENIGN,0.9999945,True
RUN_070,2026-10-03 22:19:43,BENIGN,BENIGN,0.9999944,True
RUN_070,2026-10-03 22:19:44,BENIGN,BENIGN,0.99999607,True
RUN_070,2026-10-03 22:19:45,BENIGN,BENIGN,0.99999714,True
RUN_070,2026-10-03 22:19:46,BENIGN,BENIGN,0.9999974,True
RUN_070,2026-10-03 22:19:47,BENIGN,BENIGN,0.9999933,True
RUN_070,2026-10-03 22:19:48,BENIGN,BENIGN,0.99998486,True
RUN_070,2026-10-03 22:19:49,BENIGN,BENIGN,0.999985,True
RUN_070,2026-10-03 22:19:50,BENIGN,BENIGN,0.99997836,True
RUN_070,2026-10-03 22:19:51,BENIGN,BENIGN,0.9999581,True
RUN_070,2026-10-03 22:19:52,BENIGN,BENIGN,0.99993503,True
RUN_070,2026-10-03 22:19:53,BENIGN,BENIGN,0.9998546,True
RUN_070,2026-10-03 22:19:54,BENIGN,BENIGN,0.9999347,True
RUN_070,2026-10-03 22:19:55,BENIGN,BENIGN,0.99993217,True
RUN_070,2026-10-03 22:19:56,BENIGN,BENIGN,0.9998894,True
RUN_070,2026-10-03 22:19:57,BENIGN,BENIGN,0.9999331,True
RUN_070,2026-10-03 22:19:58,BENIGN,BENIGN,0.99998194,True
RUN_070,2026-10-03 22:19:59,BENIGN,BENIGN,0.9999969,True
RUN_074,2026-10-03 22:26:02,BENIGN,BENIGN,0.9982514,True
RUN_074,2026-10-03 22:26:03,BENIGN,BENIGN,0.99760175,True
RUN_074,2026-10-03 22:26:04,BENIGN,BENIGN,0.99947876,True
RUN_074,2026-10-03 22:26:05,BENIGN,BENIGN,0.99795926,True
RUN_074,2026-10-03 22:26:06,BENIGN,BENIGN,0.9999368,True
RUN_074,2026-10-03 22:26:07,BENIGN,BENIGN,0.9997863,True
RUN_074,2026-10-03 22:26:08,BENIGN,BENIGN,0.9999893,True
RUN_074,2026-10-03 22:26:09,BENIGN,BENIGN,0.9999811,True
RUN_074,2026-10-03 22:26:10,BENIGN,BENIGN,0.9999913,True
RUN_074,2026-10-03 22:26:11,BENIGN,BENIGN,0.9999836,True
RUN_074,2026-10-03 22:26:12,BENIGN,BENIGN,0.9999529,True
RUN_074,2026-10-03 22:26:13,BENIGN,BENIGN,0.99993527,True
RUN_074,2026-10-03 22:26:14,BENIGN,BENIGN,0.99994063,True
RUN_074,2026-10-03 22:26:15,BENIGN,BENIGN,0.9999428,True
RUN_074,2026-10-03 22:26:16,BENIGN,BENIGN,0.9999053,True
RUN_074,2026-10-03 22:26:17,BENIGN,BENIGN,0.9999133,True
RUN_074,2026-10-03 22:26:18,BENIGN,BENIGN,0.9998482,True
RUN_074,2026-10-03 22:26:19,BENIGN,BENIGN,0.9954483,True
RUN_074,2026-10-03 22:26:20,BENIGN,BENIGN,0.99518245,True
RUN_074,2026-10-03 22:26:21,BENIGN,BENIGN,0.9988527,True
RUN_074,2026-10-03 22:26:22,BENIGN,BENIGN,0.9993783,True
RUN_074,2026-10-03 22:26:23,BENIGN,BENIGN,0.99996287,True
RUN_074,2026-10-03 22:26:24,BENIGN,BENIGN,0.9999887,True
RUN_074,2026-10-03 22:26:25,BENIGN,BENIGN,0.9999595,True
RUN_074,2026-10-03 22:26:26,BENIGN,BENIGN,0.99998444,True
RUN_074,2026-10-03 22:26:27,BENIGN,BENIGN,0.99998087,True
RUN_074,2026-10-03 22:26:28,BENIGN,BENIGN,0.9999811,True
RUN_074,2026-10-03 22:26:29,BENIGN,BENIGN,0.9998158,True
RUN_074,2026-10-03 22:26:30,BENIGN,BENIGN,0.9993563,True
RUN_074,2026-10-03 22:26:31,BENIGN,BENIGN,0.97412795,True
RUN_074,2026-10-03 22:26:32,BENIGN,BENIGN,0.997537,True
RUN_074,2026-10-03 22:26:33,BENIGN,BENIGN,0.9813791,True
RUN_074,2026-10-03 22:26:34,BENIGN,BENIGN,0.98809344,True
RUN_074,2026-10-03 22:26:35,BENIGN,BENIGN,0.9996246,True
RUN_074,2026-10-03 22:26:36,BENIGN,BENIGN,0.99373555,True
RUN_074,2026-10-03 22:26:37,BENIGN,SLOWLORIS,0.91253865,False
RUN_074,2026-10-03 22:26:38,BENIGN,SLOWLORIS,0.90640676,False
RUN_074,2026-10-03 22:26:39,BENIGN,BENIGN,0.99214417,True
RUN_074,2026-10-03 22:26:40,BENIGN,BENIGN,0.9992301,True
RUN_074,2026-10-03 22:26:41,BENIGN,BENIGN,0.99602103,True
RUN_074,2026-10-03 22:26:42,BENIGN,BENIGN,0.9998902,True
RUN_074,2026-10-03 22:26:43,BENIGN,BENIGN,0.99967414,True
RUN_074,2026-10-03 22:26:44,BENIGN,BENIGN,0.9999178,True
RUN_074,2026-10-03 22:26:45,BENIGN,BENIGN,0.9985411,True
RUN_074,2026-10-03 22:26:46,BENIGN,BENIGN,0.9998766,True
RUN_074,2026-10-03 22:26:47,BENIGN,BENIGN,0.99995655,True
RUN_074,2026-10-03 22:26:48,BENIGN,BENIGN,0.9999164,True
RUN_074,2026-10-03 22:26:49,BENIGN,BENIGN,0.9999551,True
RUN_074,2026-10-03 22:26:50,BENIGN,BENIGN,0.99998486,True
RUN_074,2026-10-03 22:26:51,BENIGN,BENIGN,0.99985236,True
RUN_074,2026-10-03 22:26:52,BENIGN,BENIGN,0.999447,True
RUN_074,2026-10-03 22:26:53,BENIGN,BENIGN,0.99985224,True
RUN_074,2026-10-03 22:26:54,BENIGN,BENIGN,0.99998254,True
RUN_074,2026-10-03 22:26:55,BENIGN,BENIGN,0.9999969,True
RUN_074,2026-10-03 22:26:56,BENIGN,BENIGN,0.99999654,True
RUN_074,2026-10-03 22:26:57,BENIGN,BENIGN,0.9999901,True
RUN_074,2026-10-03 22:26:58,BENIGN,BENIGN,0.9999951,True
RUN_074,2026-10-03 22:26:59,BENIGN,BENIGN,0.9999951,True
RUN_074,2026-10-03 22:27:00,BENIGN,BENIGN,0.9999939,True
RUN_074,2026-10-03 22:27:01,BENIGN,BENIGN,0.99999595,True
RUN_074,2026-10-03 22:27:02,BENIGN,BENIGN,0.99999666,True
RUN_074,2026-10-03 22:27:03,BENIGN,BENIGN,0.99998796,True
RUN_074,2026-10-03 22:27:04,BENIGN,BENIGN,0.9999881,True
RUN_074,2026-10-03 22:27:05,BENIGN,BENIGN,0.9999822,True
RUN_074,2026-10-03 22:27:06,BENIGN,BENIGN,0.9999958,True
RUN_074,2026-10-03 22:27:07,BENIGN,BENIGN,0.99998856,True
RUN_074,2026-10-03 22:27:08,BENIGN,BENIGN,0.9999472,True
RUN_074,2026-10-03 22:27:09,BENIGN,BENIGN,0.9999894,True
RUN_074,2026-10-03 22:27:10,BENIGN,BENIGN,0.99999344,True
RUN_074,2026-10-03 22:27:11,BENIGN,BENIGN,0.99998474,True
RUN_074,2026-10-03 22:27:12,BENIGN,BENIGN,0.99997705,True
RUN_074,2026-10-03 22:27:13,BENIGN,BENIGN,0.9999906,True
RUN_074,2026-10-03 22:27:14,BENIGN,BENIGN,0.99997395,True
RUN_074,2026-10-03 22:27:15,BENIGN,BENIGN,0.99998313,True
RUN_074,2026-10-03 22:27:16,BENIGN,BENIGN,0.99998903,True
RUN_074,2026-10-03 22:27:17,BENIGN,BENIGN,0.99998677,True
RUN_074,2026-10-03 22:27:18,BENIGN,BENIGN,0.9998822,True
RUN_074,2026-10-03 22:27:19,BENIGN,BENIGN,0.9997703,True
RUN_074,2026-10-03 22:27:20,BENIGN,BENIGN,0.99991864,True
RUN_074,2026-10-03 22:27:21,BENIGN,BENIGN,0.99994135,True
RUN_074,2026-10-03 22:27:22,BENIGN,BENIGN,0.99993026,True
RUN_074,2026-10-03 22:27:23,BENIGN,BENIGN,0.99981105,True
RUN_074,2026-10-03 22:27:24,BENIGN,BENIGN,0.9999261,True
RUN_074,2026-10-03 22:27:25,BENIGN,BENIGN,0.99987054,True
RUN_074,2026-10-03 22:27:26,BENIGN,BENIGN,0.99996144,True
RUN_074,2026-10-03 22:27:27,BENIGN,BENIGN,0.99996144,True
RUN_074,2026-10-03 22:27:28,BENIGN,BENIGN,0.99980533,True
RUN_074,2026-10-03 22:27:29,BENIGN,BENIGN,0.999627,True
RUN_074,2026-10-03 22:27:30,BENIGN,BENIGN,0.9998383,True
RUN_074,2026-10-03 22:27:31,BENIGN,BENIGN,0.9999926,True
RUN_074,2026-10-03 22:27:32,BENIGN,BENIGN,0.99999547,True
RUN_074,2026-10-03 22:27:33,BENIGN,BENIGN,0.9999964,True
RUN_074,2026-10-03 22:27:34,BENIGN,BENIGN,0.99996907,True
RUN_074,2026-10-03 22:27:35,BENIGN,BENIGN,0.99996144,True
RUN_074,2026-10-03 22:27:36,BENIGN,BENIGN,0.99974656,True
RUN_074,2026-10-03 22:27:37,BENIGN,BENIGN,0.9921516,True
RUN_074,2026-10-03 22:27:38,BENIGN,BENIGN,0.99815845,True
RUN_074,2026-10-03 22:27:39,BENIGN,BENIGN,0.99975514,True
RUN_074,2026-10-03 22:27:40,BENIGN,BENIGN,0.99992007,True
RUN_074,2026-10-03 22:27:41,BENIGN,BENIGN,0.99997157,True
RUN_074,2026-10-03 22:27:42,BENIGN,BENIGN,0.9999766,True
RUN_074,2026-10-03 22:27:43,BENIGN,BENIGN,0.99995315,True
RUN_074,2026-10-03 22:27:44,BENIGN,BENIGN,0.9979228,True
RUN_074,2026-10-03 22:27:45,BENIGN,BENIGN,0.99953073,True
RUN_074,2026-10-03 22:27:46,BENIGN,BENIGN,0.9999046,True
RUN_074,2026-10-03 22:27:47,BENIGN,BENIGN,0.99998987,True
RUN_074,2026-10-03 22:27:48,BENIGN,BENIGN,0.99999297,True
RUN_074,2026-10-03 22:27:49,BENIGN,BENIGN,0.99985975,True
RUN_074,2026-10-03 22:27:50,BENIGN,BENIGN,0.99970746,True
RUN_074,2026-10-03 22:27:51,BENIGN,BENIGN,0.9998877,True
RUN_074,2026-10-03 22:27:52,BENIGN,BENIGN,0.9991625,True
RUN_074,2026-10-03 22:27:53,BENIGN,BENIGN,0.99876016,True
RUN_074,2026-10-03 22:27:54,BENIGN,BENIGN,0.9991951,True
RUN_074,2026-10-03 22:27:55,BENIGN,BENIGN,0.99997526,True
RUN_074,2026-10-03 22:27:56,BENIGN,BENIGN,0.9999568,True
RUN_074,2026-10-03 22:27:57,BENIGN,BENIGN,0.9999441,True
RUN_074,2026-10-03 22:27:58,BENIGN,BENIGN,0.99997085,True
RUN_074,2026-10-03 22:27:59,BENIGN,BENIGN,0.99999034,True
RUN_077,2026-10-03 22:32:02,UDP_FLOOD,UDP_FLOOD,0.99999607,True
RUN_077,2026-10-03 22:32:03,UDP_FLOOD,UDP_FLOOD,0.9999958,True
RUN_077,2026-10-03 22:32:04,UDP_FLOOD,UDP_FLOOD,0.99999475,True
RUN_077,2026-10-03 22:32:05,UDP_FLOOD,UDP_FLOOD,0.9999914,True
RUN_077,2026-10-03 22:32:06,UDP_FLOOD,UDP_FLOOD,0.9999895,True
RUN_077,2026-10-03 22:32:07,UDP_FLOOD,UDP_FLOOD,0.99998724,True
RUN_077,2026-10-03 22:32:08,UDP_FLOOD,UDP_FLOOD,0.99999356,True
RUN_077,2026-10-03 22:32:09,UDP_FLOOD,UDP_FLOOD,0.99999404,True
RUN_077,2026-10-03 22:32:10,UDP_FLOOD,UDP_FLOOD,0.9999924,True
RUN_077,2026-10-03 22:32:11,UDP_FLOOD,UDP_FLOOD,0.999995,True
RUN_077,2026-10-03 22:32:12,UDP_FLOOD,UDP_FLOOD,0.99999523,True
RUN_077,2026-10-03 22:32:13,UDP_FLOOD,UDP_FLOOD,0.99999535,True
RUN_077,2026-10-03 22:32:14,UDP_FLOOD,UDP_FLOOD,0.9999964,True
RUN_077,2026-10-03 22:32:15,UDP_FLOOD,UDP_FLOOD,0.9999958,True
RUN_077,2026-10-03 22:32:16,UDP_FLOOD,UDP_FLOOD,0.9999956,True
RUN_077,2026-10-03 22:32:17,UDP_FLOOD,UDP_FLOOD,0.99999535,True
RUN_077,2026-10-03 22:32:18,UDP_FLOOD,UDP_FLOOD,0.9999949,True
RUN_077,2026-10-03 22:32:19,UDP_FLOOD,UDP_FLOOD,0.99999595,True
RUN_077,2026-10-03 22:32:20,UDP_FLOOD,UDP_FLOOD,0.99999535,True
RUN_077,2026-10-03 22:32:21,UDP_FLOOD,UDP_FLOOD,0.99999464,True
RUN_077,2026-10-03 22:32:22,UDP_FLOOD,UDP_FLOOD,0.99999464,True
RUN_077,2026-10-03 22:32:23,UDP_FLOOD,UDP_FLOOD,0.99999225,True
RUN_077,2026-10-03 22:32:24,UDP_FLOOD,UDP_FLOOD,0.9999869,True
RUN_077,2026-10-03 22:32:25,UDP_FLOOD,UDP_FLOOD,0.9999949,True
RUN_077,2026-10-03 22:32:26,UDP_FLOOD,UDP_FLOOD,0.99999225,True
RUN_077,2026-10-03 22:32:27,UDP_FLOOD,UDP_FLOOD,0.9999962,True
RUN_077,2026-10-03 22:32:28,UDP_FLOOD,UDP_FLOOD,0.9999937,True
RUN_077,2026-10-03 22:32:29,UDP_FLOOD,UDP_FLOOD,0.99999726,True
RUN_077,2026-10-03 22:32:30,UDP_FLOOD,UDP_FLOOD,0.99999714,True
RUN_077,2026-10-03 22:32:31,UDP_FLOOD,UDP_FLOOD,0.99999094,True
RUN_077,2026-10-03 22:32:32,UDP_FLOOD,UDP_FLOOD,0.99998015,True
RUN_077,2026-10-03 22:32:33,UDP_FLOOD,UDP_FLOOD,0.99999166,True
RUN_077,2026-10-03 22:32:34,UDP_FLOOD,UDP_FLOOD,0.99998975,True
RUN_077,2026-10-03 22:32:35,UDP_FLOOD,UDP_FLOOD,0.9999893,True
RUN_077,2026-10-03 22:32:36,UDP_FLOOD,UDP_FLOOD,0.99999046,True
RUN_077,2026-10-03 22:32:37,UDP_FLOOD,UDP_FLOOD,0.99998474,True
RUN_077,2026-10-03 22:32:38,UDP_FLOOD,UDP_FLOOD,0.9999862,True
RUN_077,2026-10-03 22:32:39,UDP_FLOOD,UDP_FLOOD,0.99999523,True
RUN_077,2026-10-03 22:32:40,UDP_FLOOD,UDP_FLOOD,0.99999595,True
RUN_077,2026-10-03 22:32:41,UDP_FLOOD,UDP_FLOOD,0.9999969,True
RUN_077,2026-10-03 22:32:42,UDP_FLOOD,UDP_FLOOD,0.999997,True
RUN_077,2026-10-03 22:32:43,UDP_FLOOD,UDP_FLOOD,0.9999974,True
RUN_077,2026-10-03 22:32:44,UDP_FLOOD,UDP_FLOOD,0.9999943,True
RUN_077,2026-10-03 22:32:45,UDP_FLOOD,UDP_FLOOD,0.999992,True
RUN_077,2026-10-03 22:32:46,UDP_FLOOD,UDP_FLOOD,0.9999974,True
RUN_077,2026-10-03 22:32:47,UDP_FLOOD,UDP_FLOOD,0.999997,True
RUN_077,2026-10-03 22:32:48,UDP_FLOOD,UDP_FLOOD,0.99999356,True
RUN_077,2026-10-03 22:32:49,UDP_FLOOD,UDP_FLOOD,0.9999975,True
RUN_077,2026-10-03 22:32:50,UDP_FLOOD,UDP_FLOOD,0.9999969,True
RUN_077,2026-10-03 22:32:51,UDP_FLOOD,UDP_FLOOD,0.99999785,True
RUN_077,2026-10-03 22:32:52,UDP_FLOOD,UDP_FLOOD,0.99999785,True
RUN_077,2026-10-03 22:32:53,UDP_FLOOD,UDP_FLOOD,0.9999945,True
RUN_077,2026-10-03 22:32:54,UDP_FLOOD,UDP_FLOOD,0.99999523,True
RUN_077,2026-10-03 22:32:55,UDP_FLOOD,UDP_FLOOD,0.99999607,True
RUN_077,2026-10-03 22:32:56,UDP_FLOOD,UDP_FLOOD,0.999995,True
RUN_077,2026-10-03 22:32:57,UDP_FLOOD,UDP_FLOOD,0.9999976,True
RUN_077,2026-10-03 22:32:58,UDP_FLOOD,UDP_FLOOD,0.9999949,True
RUN_077,2026-10-03 22:32:59,UDP_FLOOD,UDP_FLOOD,0.99999547,True
RUN_077,2026-10-03 22:33:00,UDP_FLOOD,UDP_FLOOD,0.99999523,True
RUN_077,2026-10-03 22:33:01,UDP_FLOOD,UDP_FLOOD,0.9999975,True
RUN_077,2026-10-03 22:33:02,UDP_FLOOD,UDP_FLOOD,0.99999535,True
RUN_077,2026-10-03 22:33:03,UDP_FLOOD,UDP_FLOOD,0.9999944,True
RUN_077,2026-10-03 22:33:04,UDP_FLOOD,UDP_FLOOD,0.99998456,True
RUN_077,2026-10-03 22:33:05,UDP_FLOOD,UDP_FLOOD,0.9999943,True
RUN_077,2026-10-03 22:33:06,UDP_FLOOD,UDP_FLOOD,0.99999285,True
RUN_077,2026-10-03 22:33:07,UDP_FLOOD,UDP_FLOOD,0.9999931,True
RUN_077,2026-10-03 22:33:08,UDP_FLOOD,UDP_FLOOD,0.9999969,True
RUN_077,2026-10-03 22:33:09,UDP_FLOOD,UDP_FLOOD,0.9999939,True
RUN_077,2026-10-03 22:33:10,UDP_FLOOD,UDP_FLOOD,0.9999981,True
RUN_077,2026-10-03 22:33:11,UDP_FLOOD,UDP_FLOOD,0.99999774,True
RUN_077,2026-10-03 22:33:12,UDP_FLOOD,UDP_FLOOD,0.99999726,True
RUN_077,2026-10-03 22:33:13,UDP_FLOOD,UDP_FLOOD,0.99999166,True
RUN_077,2026-10-03 22:33:14,UDP_FLOOD,UDP_FLOOD,0.99999774,True
RUN_077,2026-10-03 22:33:15,UDP_FLOOD,UDP_FLOOD,0.99999523,True
RUN_077,2026-10-03 22:33:16,UDP_FLOOD,UDP_FLOOD,0.999997,True
RUN_077,2026-10-03 22:33:17,UDP_FLOOD,UDP_FLOOD,0.9999976,True
RUN_077,2026-10-03 22:33:18,UDP_FLOOD,UDP_FLOOD,0.99995327,True
RUN_077,2026-10-03 22:33:19,UDP_FLOOD,UDP_FLOOD,0.9999968,True
RUN_077,2026-10-03 22:33:20,UDP_FLOOD,UDP_FLOOD,0.99999607,True
RUN_077,2026-10-03 22:33:21,UDP_FLOOD,UDP_FLOOD,0.999997,True
RUN_077,2026-10-03 22:33:22,UDP_FLOOD,UDP_FLOOD,0.9999975,True
RUN_077,2026-10-03 22:33:23,UDP_FLOOD,UDP_FLOOD,0.9999945,True
RUN_077,2026-10-03 22:33:24,UDP_FLOOD,UDP_FLOOD,0.99999714,True
RUN_077,2026-10-03 22:33:25,UDP_FLOOD,UDP_FLOOD,0.99999404,True
RUN_077,2026-10-03 22:33:26,UDP_FLOOD,UDP_FLOOD,0.99999416,True
RUN_077,2026-10-03 22:33:27,UDP_FLOOD,UDP_FLOOD,0.99998456,True
RUN_077,2026-10-03 22:33:28,UDP_FLOOD,UDP_FLOOD,0.99999404,True
RUN_077,2026-10-03 22:33:29,UDP_FLOOD,UDP_FLOOD,0.9999939,True
RUN_077,2026-10-03 22:33:30,UDP_FLOOD,UDP_FLOOD,0.9999944,True
RUN_077,2026-10-03 22:33:31,UDP_FLOOD,UDP_FLOOD,0.99999774,True
RUN_077,2026-10-03 22:33:32,UDP_FLOOD,UDP_FLOOD,0.9999975,True
RUN_077,2026-10-03 22:33:33,UDP_FLOOD,UDP_FLOOD,0.99994516,True
RUN_077,2026-10-03 22:33:34,UDP_FLOOD,UDP_FLOOD,0.9999981,True
RUN_077,2026-10-03 22:33:35,UDP_FLOOD,UDP_FLOOD,0.999997,True
RUN_077,2026-10-03 22:33:36,UDP_FLOOD,UDP_FLOOD,0.9999964,True
RUN_077,2026-10-03 22:33:37,UDP_FLOOD,UDP_FLOOD,0.99999726,True
RUN_077,2026-10-03 22:33:38,UDP_FLOOD,UDP_FLOOD,0.9999976,True
RUN_077,2026-10-03 22:33:39,UDP_FLOOD,UDP_FLOOD,0.99999416,True
RUN_077,2026-10-03 22:33:40,UDP_FLOOD,UDP_FLOOD,0.99999285,True
RUN_077,2026-10-03 22:33:41,UDP_FLOOD,UDP_FLOOD,0.9999968,True
RUN_077,2026-10-03 22:33:42,UDP_FLOOD,UDP_FLOOD,0.9999958,True
RUN_077,2026-10-03 22:33:43,UDP_FLOOD,UDP_FLOOD,0.99999607,True
RUN_077,2026-10-03 22:33:44,UDP_FLOOD,UDP_FLOOD,0.9999974,True
RUN_077,2026-10-03 22:33:45,UDP_FLOOD,UDP_FLOOD,0.99999726,True
RUN_077,2026-10-03 22:33:46,UDP_FLOOD,UDP_FLOOD,0.9999968,True
RUN_077,2026-10-03 22:33:47,UDP_FLOOD,UDP_FLOOD,0.9999962,True
RUN_077,2026-10-03 22:33:48,UDP_FLOOD,UDP_FLOOD,0.99999523,True
RUN_077,2026-10-03 22:33:49,UDP_FLOOD,UDP_FLOOD,0.99999225,True
RUN_077,2026-10-03 22:33:50,UDP_FLOOD,UDP_FLOOD,0.99999297,True
RUN_077,2026-10-03 22:33:51,UDP_FLOOD,UDP_FLOOD,0.9999908,True
RUN_077,2026-10-03 22:33:52,UDP_FLOOD,UDP_FLOOD,0.99999297,True
RUN_077,2026-10-03 22:33:53,UDP_FLOOD,UDP_FLOOD,0.99998856,True
RUN_077,2026-10-03 22:33:54,UDP_FLOOD,UDP_FLOOD,0.99997956,True
RUN_077,2026-10-03 22:33:55,UDP_FLOOD,UDP_FLOOD,0.9999881,True
RUN_077,2026-10-03 22:33:56,UDP_FLOOD,UDP_FLOOD,0.9999914,True
RUN_077,2026-10-03 22:33:57,UDP_FLOOD,UDP_FLOOD,0.9999933,True
RUN_077,2026-10-03 22:33:58,UDP_FLOOD,UDP_FLOOD,0.99999595,True
RUN_077,2026-10-03 22:33:59,UDP_FLOOD,UDP_FLOOD,0.99999607,True
RUN_079,2026-10-03 22:36:02,ICMP_FLOOD,ICMP_FLOOD,0.988156,True
RUN_079,2026-10-03 22:36:03,ICMP_FLOOD,ICMP_FLOOD,0.9567186,True
RUN_079,2026-10-03 22:36:04,ICMP_FLOOD,ICMP_FLOOD,0.9900942,True
RUN_079,2026-10-03 22:36:05,ICMP_FLOOD,ICMP_FLOOD,0.9950214,True
RUN_079,2026-10-03 22:36:06,ICMP_FLOOD,ICMP_FLOOD,0.99707055,True
RUN_079,2026-10-03 22:36:07,ICMP_FLOOD,ICMP_FLOOD,0.99507993,True
RUN_079,2026-10-03 22:36:08,ICMP_FLOOD,ICMP_FLOOD,0.991459,True
RUN_079,2026-10-03 22:36:09,ICMP_FLOOD,ICMP_FLOOD,0.9891871,True
RUN_079,2026-10-03 22:36:10,ICMP_FLOOD,ICMP_FLOOD,0.9925463,True
RUN_079,2026-10-03 22:36:11,ICMP_FLOOD,ICMP_FLOOD,0.98718715,True
RUN_079,2026-10-03 22:36:12,ICMP_FLOOD,ICMP_FLOOD,0.990002,True
RUN_079,2026-10-03 22:36:13,ICMP_FLOOD,ICMP_FLOOD,0.9894865,True
RUN_079,2026-10-03 22:36:14,ICMP_FLOOD,ICMP_FLOOD,0.994097,True
RUN_079,2026-10-03 22:36:15,ICMP_FLOOD,ICMP_FLOOD,0.9973463,True
RUN_079,2026-10-03 22:36:16,ICMP_FLOOD,ICMP_FLOOD,0.9962324,True
RUN_079,2026-10-03 22:36:17,ICMP_FLOOD,ICMP_FLOOD,0.96334213,True
RUN_079,2026-10-03 22:36:18,ICMP_FLOOD,ICMP_FLOOD,0.8715068,True
RUN_079,2026-10-03 22:36:19,ICMP_FLOOD,ICMP_FLOOD,0.5435947,True
RUN_079,2026-10-03 22:36:20,ICMP_FLOOD,ICMP_FLOOD,0.95884705,True
RUN_079,2026-10-03 22:36:21,ICMP_FLOOD,ICMP_FLOOD,0.98649895,True
RUN_079,2026-10-03 22:36:22,ICMP_FLOOD,ICMP_FLOOD,0.997084,True
RUN_079,2026-10-03 22:36:23,ICMP_FLOOD,ICMP_FLOOD,0.99201643,True
RUN_079,2026-10-03 22:36:24,ICMP_FLOOD,ICMP_FLOOD,0.9936563,True
RUN_079,2026-10-03 22:36:25,ICMP_FLOOD,ICMP_FLOOD,0.9806316,True
RUN_079,2026-10-03 22:36:26,ICMP_FLOOD,ICMP_FLOOD,0.98753875,True
RUN_079,2026-10-03 22:36:27,ICMP_FLOOD,ICMP_FLOOD,0.94377965,True
RUN_079,2026-10-03 22:36:28,ICMP_FLOOD,ICMP_FLOOD,0.99824744,True
RUN_079,2026-10-03 22:36:29,ICMP_FLOOD,ICMP_FLOOD,0.9977746,True
RUN_079,2026-10-03 22:36:30,ICMP_FLOOD,ICMP_FLOOD,0.99953574,True
RUN_079,2026-10-03 22:36:31,ICMP_FLOOD,ICMP_FLOOD,0.9997223,True
RUN_079,2026-10-03 22:36:32,ICMP_FLOOD,ICMP_FLOOD,0.99859536,True
RUN_079,2026-10-03 22:36:33,ICMP_FLOOD,ICMP_FLOOD,0.99936277,True
RUN_079,2026-10-03 22:36:34,ICMP_FLOOD,ICMP_FLOOD,0.99939585,True
RUN_079,2026-10-03 22:36:35,ICMP_FLOOD,ICMP_FLOOD,0.99921393,True
RUN_079,2026-10-03 22:36:36,ICMP_FLOOD,ICMP_FLOOD,0.99941236,True
RUN_079,2026-10-03 22:36:37,ICMP_FLOOD,ICMP_FLOOD,0.99866617,True
RUN_079,2026-10-03 22:36:38,ICMP_FLOOD,ICMP_FLOOD,0.9984243,True
RUN_079,2026-10-03 22:36:39,ICMP_FLOOD,ICMP_FLOOD,0.9993893,True
RUN_079,2026-10-03 22:36:40,ICMP_FLOOD,ICMP_FLOOD,0.99952257,True
RUN_079,2026-10-03 22:36:41,ICMP_FLOOD,ICMP_FLOOD,0.9995907,True
RUN_079,2026-10-03 22:36:42,ICMP_FLOOD,ICMP_FLOOD,0.9995511,True
RUN_079,2026-10-03 22:36:43,ICMP_FLOOD,ICMP_FLOOD,0.99970365,True
RUN_079,2026-10-03 22:36:44,ICMP_FLOOD,ICMP_FLOOD,0.9997911,True
RUN_079,2026-10-03 22:36:45,ICMP_FLOOD,ICMP_FLOOD,0.99974465,True
RUN_079,2026-10-03 22:36:46,ICMP_FLOOD,ICMP_FLOOD,0.99980354,True
RUN_079,2026-10-03 22:36:47,ICMP_FLOOD,ICMP_FLOOD,0.9998033,True
RUN_079,2026-10-03 22:36:48,ICMP_FLOOD,ICMP_FLOOD,0.99977285,True
RUN_079,2026-10-03 22:36:49,ICMP_FLOOD,ICMP_FLOOD,0.99980354,True
RUN_079,2026-10-03 22:36:50,ICMP_FLOOD,ICMP_FLOOD,0.99980855,True
RUN_079,2026-10-03 22:36:51,ICMP_FLOOD,ICMP_FLOOD,0.9997998,True
RUN_079,2026-10-03 22:36:52,ICMP_FLOOD,ICMP_FLOOD,0.9998195,True
RUN_079,2026-10-03 22:36:53,ICMP_FLOOD,ICMP_FLOOD,0.9996332,True
RUN_079,2026-10-03 22:36:54,ICMP_FLOOD,ICMP_FLOOD,0.9998189,True
RUN_079,2026-10-03 22:36:55,ICMP_FLOOD,ICMP_FLOOD,0.9996584,True
RUN_079,2026-10-03 22:36:56,ICMP_FLOOD,ICMP_FLOOD,0.9997309,True
RUN_079,2026-10-03 22:36:57,ICMP_FLOOD,ICMP_FLOOD,0.99983793,True
RUN_079,2026-10-03 22:36:58,ICMP_FLOOD,ICMP_FLOOD,0.99987364,True
RUN_079,2026-10-03 22:36:59,ICMP_FLOOD,ICMP_FLOOD,0.9998081,True
RUN_079,2026-10-03 22:37:00,ICMP_FLOOD,ICMP_FLOOD,0.9998065,True
RUN_079,2026-10-03 22:37:01,ICMP_FLOOD,ICMP_FLOOD,0.9998063,True
RUN_079,2026-10-03 22:37:02,ICMP_FLOOD,ICMP_FLOOD,0.999793,True
RUN_079,2026-10-03 22:37:03,ICMP_FLOOD,ICMP_FLOOD,0.9998177,True
RUN_079,2026-10-03 22:37:04,ICMP_FLOOD,ICMP_FLOOD,0.9998286,True
RUN_079,2026-10-03 22:37:05,ICMP_FLOOD,ICMP_FLOOD,0.999881,True
RUN_079,2026-10-03 22:37:06,ICMP_FLOOD,ICMP_FLOOD,0.999887,True
RUN_079,2026-10-03 22:37:07,ICMP_FLOOD,ICMP_FLOOD,0.9999152,True
RUN_079,2026-10-03 22:37:08,ICMP_FLOOD,ICMP_FLOOD,0.99987006,True
RUN_079,2026-10-03 22:37:09,ICMP_FLOOD,ICMP_FLOOD,0.9997605,True
RUN_079,2026-10-03 22:37:10,ICMP_FLOOD,ICMP_FLOOD,0.99972457,True
RUN_079,2026-10-03 22:37:11,ICMP_FLOOD,ICMP_FLOOD,0.9996897,True
RUN_079,2026-10-03 22:37:12,ICMP_FLOOD,ICMP_FLOOD,0.9997867,True
RUN_079,2026-10-03 22:37:13,ICMP_FLOOD,ICMP_FLOOD,0.99966305,True
RUN_079,2026-10-03 22:37:14,ICMP_FLOOD,ICMP_FLOOD,0.99987435,True
RUN_079,2026-10-03 22:37:15,ICMP_FLOOD,ICMP_FLOOD,0.9998476,True
RUN_079,2026-10-03 22:37:16,ICMP_FLOOD,ICMP_FLOOD,0.9998968,True
RUN_079,2026-10-03 22:37:17,ICMP_FLOOD,ICMP_FLOOD,0.99990743,True
RUN_079,2026-10-03 22:37:18,ICMP_FLOOD,ICMP_FLOOD,0.99991876,True
RUN_079,2026-10-03 22:37:19,ICMP_FLOOD,ICMP_FLOOD,0.9999227,True
RUN_079,2026-10-03 22:37:20,ICMP_FLOOD,ICMP_FLOOD,0.9998445,True
RUN_079,2026-10-03 22:37:21,ICMP_FLOOD,ICMP_FLOOD,0.99969816,True
RUN_079,2026-10-03 22:37:22,ICMP_FLOOD,ICMP_FLOOD,0.9998213,True
RUN_079,2026-10-03 22:37:23,ICMP_FLOOD,ICMP_FLOOD,0.9997789,True
RUN_079,2026-10-03 22:37:24,ICMP_FLOOD,ICMP_FLOOD,0.99986756,True
RUN_079,2026-10-03 22:37:25,ICMP_FLOOD,ICMP_FLOOD,0.9998986,True
RUN_079,2026-10-03 22:37:26,ICMP_FLOOD,ICMP_FLOOD,0.99990684,True
RUN_079,2026-10-03 22:37:27,ICMP_FLOOD,ICMP_FLOOD,0.99989575,True
RUN_079,2026-10-03 22:37:28,ICMP_FLOOD,ICMP_FLOOD,0.99987996,True
RUN_079,2026-10-03 22:37:29,ICMP_FLOOD,ICMP_FLOOD,0.99982417,True
RUN_079,2026-10-03 22:37:30,ICMP_FLOOD,ICMP_FLOOD,0.9996971,True
RUN_079,2026-10-03 22:37:31,ICMP_FLOOD,ICMP_FLOOD,0.9996559,True
RUN_079,2026-10-03 22:37:32,ICMP_FLOOD,ICMP_FLOOD,0.9991437,True
RUN_079,2026-10-03 22:37:33,ICMP_FLOOD,ICMP_FLOOD,0.9955638,True
RUN_079,2026-10-03 22:37:34,ICMP_FLOOD,ICMP_FLOOD,0.9932903,True
RUN_079,2026-10-03 22:37:35,ICMP_FLOOD,ICMP_FLOOD,0.99849206,True
RUN_079,2026-10-03 22:37:36,ICMP_FLOOD,ICMP_FLOOD,0.9998164,True
RUN_079,2026-10-03 22:37:37,ICMP_FLOOD,ICMP_FLOOD,0.99983484,True
RUN_079,2026-10-03 22:37:38,ICMP_FLOOD,ICMP_FLOOD,0.99987936,True
RUN_079,2026-10-03 22:37:39,ICMP_FLOOD,ICMP_FLOOD,0.9998765,True
RUN_079,2026-10-03 22:37:40,ICMP_FLOOD,ICMP_FLOOD,0.9998396,True
RUN_079,2026-10-03 22:37:41,ICMP_FLOOD,ICMP_FLOOD,0.99990183,True
RUN_079,2026-10-03 22:37:42,ICMP_FLOOD,ICMP_FLOOD,0.9998954,True
RUN_079,2026-10-03 22:37:43,ICMP_FLOOD,ICMP_FLOOD,0.99987984,True
RUN_079,2026-10-03 22:37:44,ICMP_FLOOD,ICMP_FLOOD,0.99981856,True
RUN_079,2026-10-03 22:37:45,ICMP_FLOOD,ICMP_FLOOD,0.9997585,True
RUN_079,2026-10-03 22:37:46,ICMP_FLOOD,ICMP_FLOOD,0.9997084,True
RUN_079,2026-10-03 22:37:47,ICMP_FLOOD,ICMP_FLOOD,0.99944735,True
RUN_079,2026-10-03 22:37:48,ICMP_FLOOD,ICMP_FLOOD,0.9996232,True
RUN_079,2026-10-03 22:37:49,ICMP_FLOOD,ICMP_FLOOD,0.99898916,True
RUN_079,2026-10-03 22:37:50,ICMP_FLOOD,ICMP_FLOOD,0.9985185,True
RUN_079,2026-10-03 22:37:51,ICMP_FLOOD,ICMP_FLOOD,0.9987904,True
RUN_079,2026-10-03 22:37:52,ICMP_FLOOD,ICMP_FLOOD,0.9981369,True
RUN_079,2026-10-03 22:37:53,ICMP_FLOOD,ICMP_FLOOD,0.998971,True
RUN_079,2026-10-03 22:37:54,ICMP_FLOOD,ICMP_FLOOD,0.96884066,True
RUN_079,2026-10-03 22:37:55,ICMP_FLOOD,ICMP_FLOOD,0.91104376,True
RUN_079,2026-10-03 22:37:56,ICMP_FLOOD,SYN_FLOOD,0.7981313,False
RUN_079,2026-10-03 22:37:57,ICMP_FLOOD,SYN_FLOOD,0.701755,False
RUN_079,2026-10-03 22:37:58,ICMP_FLOOD,SYN_FLOOD,0.8687558,False
RUN_079,2026-10-03 22:37:59,ICMP_FLOOD,SYN_FLOOD,0.86517614,False
RUN_083,2026-10-03 22:44:02,SYN_FLOOD,SYN_FLOOD,0.5561154,True
RUN_083,2026-10-03 22:44:03,SYN_FLOOD,SYN_FLOOD,0.6571429,True
RUN_083,2026-10-03 22:44:04,SYN_FLOOD,SYN_FLOOD,0.9512148,True
RUN_083,2026-10-03 22:44:05,SYN_FLOOD,SYN_FLOOD,0.98960096,True
RUN_083,2026-10-03 22:44:06,SYN_FLOOD,SYN_FLOOD,0.9744618,True
RUN_083,2026-10-03 22:44:07,SYN_FLOOD,SYN_FLOOD,0.56679213,True
RUN_083,2026-10-03 22:44:08,SYN_FLOOD,ICMP_FLOOD,0.54955333,False
RUN_083,2026-10-03 22:44:09,SYN_FLOOD,SYN_FLOOD,0.8720339,True
RUN_083,2026-10-03 22:44:10,SYN_FLOOD,SYN_FLOOD,0.9507647,True
RUN_083,2026-10-03 22:44:11,SYN_FLOOD,SYN_FLOOD,0.99528867,True
RUN_083,2026-10-03 22:44:12,SYN_FLOOD,SYN_FLOOD,0.99240625,True
RUN_083,2026-10-03 22:44:13,SYN_FLOOD,SYN_FLOOD,0.9485224,True
RUN_083,2026-10-03 22:44:14,SYN_FLOOD,SYN_FLOOD,0.9246133,True
RUN_083,2026-10-03 22:44:15,SYN_FLOOD,SYN_FLOOD,0.90479684,True
RUN_083,2026-10-03 22:44:16,SYN_FLOOD,SYN_FLOOD,0.96347415,True
RUN_083,2026-10-03 22:44:17,SYN_FLOOD,SYN_FLOOD,0.99477905,True
RUN_083,2026-10-03 22:44:18,SYN_FLOOD,SYN_FLOOD,0.99902403,True
RUN_083,2026-10-03 22:44:19,SYN_FLOOD,SYN_FLOOD,0.9992708,True
RUN_083,2026-10-03 22:44:20,SYN_FLOOD,SYN_FLOOD,0.9989876,True
RUN_083,2026-10-03 22:44:21,SYN_FLOOD,SYN_FLOOD,0.98097813,True
RUN_083,2026-10-03 22:44:22,SYN_FLOOD,SYN_FLOOD,0.96575236,True
RUN_083,2026-10-03 22:44:23,SYN_FLOOD,SYN_FLOOD,0.992751,True
RUN_083,2026-10-03 22:44:24,SYN_FLOOD,SYN_FLOOD,0.9990398,True
RUN_083,2026-10-03 22:44:25,SYN_FLOOD,SYN_FLOOD,0.99941164,True
RUN_083,2026-10-03 22:44:26,SYN_FLOOD,SYN_FLOOD,0.99975824,True
RUN_083,2026-10-03 22:44:27,SYN_FLOOD,SYN_FLOOD,0.9998764,True
RUN_083,2026-10-03 22:44:28,SYN_FLOOD,SYN_FLOOD,0.999802,True
RUN_083,2026-10-03 22:44:29,SYN_FLOOD,SYN_FLOOD,0.9999091,True
RUN_083,2026-10-03 22:44:30,SYN_FLOOD,SYN_FLOOD,0.998546,True
RUN_083,2026-10-03 22:44:31,SYN_FLOOD,SYN_FLOOD,0.9987638,True
RUN_083,2026-10-03 22:44:32,SYN_FLOOD,SYN_FLOOD,0.93331563,True
RUN_083,2026-10-03 22:44:33,SYN_FLOOD,SYN_FLOOD,0.9792994,True
RUN_083,2026-10-03 22:44:34,SYN_FLOOD,SYN_FLOOD,0.99053705,True
RUN_083,2026-10-03 22:44:35,SYN_FLOOD,SYN_FLOOD,0.99475676,True
RUN_083,2026-10-03 22:44:36,SYN_FLOOD,SYN_FLOOD,0.99915135,True
RUN_083,2026-10-03 22:44:37,SYN_FLOOD,SYN_FLOOD,0.9997116,True
RUN_083,2026-10-03 22:44:38,SYN_FLOOD,SYN_FLOOD,0.9996683,True
RUN_083,2026-10-03 22:44:39,SYN_FLOOD,SYN_FLOOD,0.9995988,True
RUN_083,2026-10-03 22:44:40,SYN_FLOOD,SYN_FLOOD,0.9997342,True
RUN_083,2026-10-03 22:44:41,SYN_FLOOD,SYN_FLOOD,0.9997806,True
RUN_083,2026-10-03 22:44:42,SYN_FLOOD,SYN_FLOOD,0.99989754,True
RUN_083,2026-10-03 22:44:43,SYN_FLOOD,SYN_FLOOD,0.9998882,True
RUN_083,2026-10-03 22:44:44,SYN_FLOOD,SYN_FLOOD,0.99988294,True
RUN_083,2026-10-03 22:44:45,SYN_FLOOD,SYN_FLOOD,0.9998521,True
RUN_083,2026-10-03 22:44:46,SYN_FLOOD,SYN_FLOOD,0.99984545,True
RUN_083,2026-10-03 22:44:47,SYN_FLOOD,SYN_FLOOD,0.9998961,True
RUN_083,2026-10-03 22:44:48,SYN_FLOOD,SYN_FLOOD,0.99991196,True
RUN_083,2026-10-03 22:44:49,SYN_FLOOD,SYN_FLOOD,0.99994326,True
RUN_083,2026-10-03 22:44:50,SYN_FLOOD,SYN_FLOOD,0.99994063,True
RUN_083,2026-10-03 22:44:51,SYN_FLOOD,SYN_FLOOD,0.9999491,True
RUN_083,2026-10-03 22:44:52,SYN_FLOOD,SYN_FLOOD,0.99991935,True
RUN_083,2026-10-03 22:44:53,SYN_FLOOD,SYN_FLOOD,0.99991745,True
RUN_083,2026-10-03 22:44:54,SYN_FLOOD,SYN_FLOOD,0.999933,True
RUN_083,2026-10-03 22:44:55,SYN_FLOOD,SYN_FLOOD,0.99995255,True
RUN_083,2026-10-03 22:44:56,SYN_FLOOD,SYN_FLOOD,0.9999367,True
RUN_083,2026-10-03 22:44:57,SYN_FLOOD,SYN_FLOOD,0.9999354,True
RUN_083,2026-10-03 22:44:58,SYN_FLOOD,SYN_FLOOD,0.9999442,True
RUN_083,2026-10-03 22:44:59,SYN_FLOOD,SYN_FLOOD,0.99994934,True
RUN_083,2026-10-03 22:45:00,SYN_FLOOD,SYN_FLOOD,0.99994946,True
RUN_083,2026-10-03 22:45:01,SYN_FLOOD,SYN_FLOOD,0.9999527,True
RUN_083,2026-10-03 22:45:02,SYN_FLOOD,SYN_FLOOD,0.99995327,True
RUN_083,2026-10-03 22:45:03,SYN_FLOOD,SYN_FLOOD,0.99994934,True
RUN_083,2026-10-03 22:45:04,SYN_FLOOD,SYN_FLOOD,0.99995244,True
RUN_083,2026-10-03 22:45:05,SYN_FLOOD,SYN_FLOOD,0.9999587,True
RUN_083,2026-10-03 22:45:06,SYN_FLOOD,SYN_FLOOD,0.99995595,True
RUN_083,2026-10-03 22:45:07,SYN_FLOOD,SYN_FLOOD,0.9999536,True
RUN_083,2026-10-03 22:45:08,SYN_FLOOD,SYN_FLOOD,0.9998051,True
RUN_083,2026-10-03 22:45:09,SYN_FLOOD,SYN_FLOOD,0.99989825,True
RUN_083,2026-10-03 22:45:10,SYN_FLOOD,SYN_FLOOD,0.99994123,True
RUN_083,2026-10-03 22:45:11,SYN_FLOOD,SYN_FLOOD,0.99995244,True
RUN_083,2026-10-03 22:45:12,SYN_FLOOD,SYN_FLOOD,0.9999544,True
RUN_083,2026-10-03 22:45:13,SYN_FLOOD,SYN_FLOOD,0.9999569,True
RUN_083,2026-10-03 22:45:14,SYN_FLOOD,SYN_FLOOD,0.9999569,True
RUN_083,2026-10-03 22:45:15,SYN_FLOOD,SYN_FLOOD,0.99995387,True
RUN_083,2026-10-03 22:45:16,SYN_FLOOD,SYN_FLOOD,0.9999517,True
RUN_083,2026-10-03 22:45:17,SYN_FLOOD,SYN_FLOOD,0.9999417,True
RUN_083,2026-10-03 22:45:18,SYN_FLOOD,SYN_FLOOD,0.99994886,True
RUN_083,2026-10-03 22:45:19,SYN_FLOOD,SYN_FLOOD,0.9999472,True
RUN_083,2026-10-03 22:45:20,SYN_FLOOD,SYN_FLOOD,0.99994755,True
RUN_083,2026-10-03 22:45:21,SYN_FLOOD,SYN_FLOOD,0.99994946,True
RUN_083,2026-10-03 22:45:22,SYN_FLOOD,SYN_FLOOD,0.99995327,True
RUN_083,2026-10-03 22:45:23,SYN_FLOOD,SYN_FLOOD,0.9999521,True
RUN_083,2026-10-03 22:45:24,SYN_FLOOD,SYN_FLOOD,0.9999502,True
RUN_083,2026-10-03 22:45:25,SYN_FLOOD,SYN_FLOOD,0.9999429,True
RUN_083,2026-10-03 22:45:26,SYN_FLOOD,SYN_FLOOD,0.9999551,True
RUN_083,2026-10-03 22:45:27,SYN_FLOOD,SYN_FLOOD,0.9999569,True
RUN_083,2026-10-03 22:45:28,SYN_FLOOD,SYN_FLOOD,0.999951,True
RUN_083,2026-10-03 22:45:29,SYN_FLOOD,SYN_FLOOD,0.9999491,True
RUN_083,2026-10-03 22:45:30,SYN_FLOOD,SYN_FLOOD,0.99995536,True
RUN_083,2026-10-03 22:45:31,SYN_FLOOD,SYN_FLOOD,0.9999575,True
RUN_083,2026-10-03 22:45:32,SYN_FLOOD,SYN_FLOOD,0.999948,True
RUN_083,2026-10-03 22:45:33,SYN_FLOOD,SYN_FLOOD,0.99994814,True
RUN_083,2026-10-03 22:45:34,SYN_FLOOD,SYN_FLOOD,0.9999527,True
RUN_083,2026-10-03 22:45:35,SYN_FLOOD,SYN_FLOOD,0.9999543,True
RUN_083,2026-10-03 22:45:36,SYN_FLOOD,SYN_FLOOD,0.999951,True
RUN_083,2026-10-03 22:45:37,SYN_FLOOD,SYN_FLOOD,0.9999331,True
RUN_083,2026-10-03 22:45:38,SYN_FLOOD,SYN_FLOOD,0.9999227,True
RUN_083,2026-10-03 22:45:39,SYN_FLOOD,SYN_FLOOD,0.9999067,True
RUN_083,2026-10-03 22:45:40,SYN_FLOOD,SYN_FLOOD,0.99987555,True
RUN_083,2026-10-03 22:45:41,SYN_FLOOD,SYN_FLOOD,0.9999324,True
RUN_083,2026-10-03 22:45:42,SYN_FLOOD,SYN_FLOOD,0.9999242,True
RUN_083,2026-10-03 22:45:43,SYN_FLOOD,SYN_FLOOD,0.9999204,True
RUN_083,2026-10-03 22:45:44,SYN_FLOOD,SYN_FLOOD,0.99990076,True
RUN_083,2026-10-03 22:45:45,SYN_FLOOD,SYN_FLOOD,0.9998947,True
RUN_083,2026-10-03 22:45:46,SYN_FLOOD,SYN_FLOOD,0.9998648,True
RUN_083,2026-10-03 22:45:47,SYN_FLOOD,SYN_FLOOD,0.9967623,True
RUN_083,2026-10-03 22:45:48,SYN_FLOOD,SYN_FLOOD,0.9862447,True
RUN_083,2026-10-03 22:45:49,SYN_FLOOD,SYN_FLOOD,0.8728945,True
RUN_083,2026-10-03 22:45:50,SYN_FLOOD,ICMP_FLOOD,0.5383595,False
RUN_083,2026-10-03 22:45:51,SYN_FLOOD,ICMP_FLOOD,0.9212853,False
RUN_083,2026-10-03 22:45:52,SYN_FLOOD,ICMP_FLOOD,0.9562906,False
RUN_083,2026-10-03 22:45:53,SYN_FLOOD,ICMP_FLOOD,0.975296,False
RUN_083,2026-10-03 22:45:54,SYN_FLOOD,ICMP_FLOOD,0.90148515,False
RUN_083,2026-10-03 22:45:55,SYN_FLOOD,SYN_FLOOD,0.7793806,True
RUN_083,2026-10-03 22:45:56,SYN_FLOOD,SYN_FLOOD,0.8435068,True
RUN_083,2026-10-03 22:45:57,SYN_FLOOD,SYN_FLOOD,0.64010036,True
RUN_083,2026-10-03 22:45:58,SYN_FLOOD,ICMP_FLOOD,0.76460284,False
RUN_083,2026-10-03 22:45:59,SYN_FLOOD,ICMP_FLOOD,0.6682252,False
RUN_105,2026-10-03 23:28:02,SYN_FLOOD,SYN_FLOOD,0.65414476,True
RUN_105,2026-10-03 23:28:03,SYN_FLOOD,SYN_FLOOD,0.9686256,True
RUN_105,2026-10-03 23:28:04,SYN_FLOOD,SYN_FLOOD,0.7902955,True
RUN_105,2026-10-03 23:28:05,SYN_FLOOD,SYN_FLOOD,0.782582,True
RUN_105,2026-10-03 23:28:06,SYN_FLOOD,BENIGN,0.9543246,False
RUN_105,2026-10-03 23:28:07,SYN_FLOOD,BENIGN,0.9890574,False
RUN_105,2026-10-03 23:28:08,SYN_FLOOD,BENIGN,0.9949201,False
RUN_105,2026-10-03 23:28:09,SYN_FLOOD,BENIGN,0.99263,False
RUN_105,2026-10-03 23:28:10,SYN_FLOOD,BENIGN,0.97613126,False
RUN_105,2026-10-03 23:28:11,SYN_FLOOD,BENIGN,0.52191764,False
RUN_105,2026-10-03 23:28:12,SYN_FLOOD,BENIGN,0.49831715,False
RUN_105,2026-10-03 23:28:13,SYN_FLOOD,SYN_FLOOD,0.8318067,True
RUN_105,2026-10-03 23:28:14,SYN_FLOOD,BENIGN,0.48191854,False
RUN_105,2026-10-03 23:28:15,SYN_FLOOD,SYN_FLOOD,0.9534501,True
RUN_105,2026-10-03 23:28:16,SYN_FLOOD,SYN_FLOOD,0.9895384,True
RUN_105,2026-10-03 23:28:17,SYN_FLOOD,SYN_FLOOD,0.99861366,True
RUN_105,2026-10-03 23:28:18,SYN_FLOOD,SYN_FLOOD,0.99875265,True
RUN_105,2026-10-03 23:28:19,SYN_FLOOD,SYN_FLOOD,0.9972,True
RUN_105,2026-10-03 23:28:20,SYN_FLOOD,SYN_FLOOD,0.99548125,True
RUN_105,2026-10-03 23:28:21,SYN_FLOOD,SYN_FLOOD,0.9860655,True
RUN_105,2026-10-03 23:28:22,SYN_FLOOD,SYN_FLOOD,0.9810829,True
RUN_105,2026-10-03 23:28:23,SYN_FLOOD,SYN_FLOOD,0.95253795,True
RUN_105,2026-10-03 23:28:24,SYN_FLOOD,SYN_FLOOD,0.9560741,True
RUN_105,2026-10-03 23:28:25,SYN_FLOOD,SYN_FLOOD,0.96952456,True
RUN_105,2026-10-03 23:28:26,SYN_FLOOD,ICMP_FLOOD,0.7206413,False
RUN_105,2026-10-03 23:28:27,SYN_FLOOD,SYN_FLOOD,0.9922242,True
RUN_105,2026-10-03 23:28:28,SYN_FLOOD,SYN_FLOOD,0.99073255,True
RUN_105,2026-10-03 23:28:29,SYN_FLOOD,SYN_FLOOD,0.9975908,True
RUN_105,2026-10-03 23:28:30,SYN_FLOOD,SYN_FLOOD,0.593225,True
RUN_105,2026-10-03 23:28:31,SYN_FLOOD,ICMP_FLOOD,0.61154777,False
RUN_105,2026-10-03 23:28:32,SYN_FLOOD,SYN_FLOOD,0.55654407,True
RUN_105,2026-10-03 23:28:33,SYN_FLOOD,SYN_FLOOD,0.7701037,True
RUN_105,2026-10-03 23:28:34,SYN_FLOOD,SYN_FLOOD,0.89644337,True
RUN_105,2026-10-03 23:28:35,SYN_FLOOD,SYN_FLOOD,0.9569605,True
RUN_105,2026-10-03 23:28:36,SYN_FLOOD,SYN_FLOOD,0.9373044,True
RUN_105,2026-10-03 23:28:37,SYN_FLOOD,SYN_FLOOD,0.8028263,True
RUN_105,2026-10-03 23:28:38,SYN_FLOOD,SYN_FLOOD,0.71087873,True
RUN_105,2026-10-03 23:28:39,SYN_FLOOD,SYN_FLOOD,0.9274234,True
RUN_105,2026-10-03 23:28:40,SYN_FLOOD,SYN_FLOOD,0.9819668,True
RUN_105,2026-10-03 23:28:41,SYN_FLOOD,SYN_FLOOD,0.9499848,True
RUN_105,2026-10-03 23:28:42,SYN_FLOOD,SYN_FLOOD,0.9845159,True
RUN_105,2026-10-03 23:28:43,SYN_FLOOD,SYN_FLOOD,0.9729525,True
RUN_105,2026-10-03 23:28:44,SYN_FLOOD,SYN_FLOOD,0.98748076,True
RUN_105,2026-10-03 23:28:45,SYN_FLOOD,SYN_FLOOD,0.9908324,True
RUN_105,2026-10-03 23:28:46,SYN_FLOOD,SYN_FLOOD,0.98578745,True
RUN_105,2026-10-03 23:28:47,SYN_FLOOD,SYN_FLOOD,0.98437005,True
RUN_105,2026-10-03 23:28:48,SYN_FLOOD,SYN_FLOOD,0.99265707,True
RUN_105,2026-10-03 23:28:49,SYN_FLOOD,SYN_FLOOD,0.5195943,True
RUN_105,2026-10-03 23:28:50,SYN_FLOOD,SYN_FLOOD,0.97227794,True
RUN_105,2026-10-03 23:28:51,SYN_FLOOD,SYN_FLOOD,0.9632093,True
RUN_105,2026-10-03 23:28:52,SYN_FLOOD,SYN_FLOOD,0.9993573,True
RUN_105,2026-10-03 23:28:53,SYN_FLOOD,SYN_FLOOD,0.99959284,True
RUN_105,2026-10-03 23:28:54,SYN_FLOOD,SYN_FLOOD,0.9998471,True
RUN_105,2026-10-03 23:28:55,SYN_FLOOD,SYN_FLOOD,0.99979,True
RUN_105,2026-10-03 23:28:56,SYN_FLOOD,SYN_FLOOD,0.9998201,True
RUN_105,2026-10-03 23:28:57,SYN_FLOOD,SYN_FLOOD,0.9998371,True
RUN_105,2026-10-03 23:28:58,SYN_FLOOD,SYN_FLOOD,0.9993876,True
RUN_105,2026-10-03 23:28:59,SYN_FLOOD,SYN_FLOOD,0.9971434,True
RUN_105,2026-10-03 23:29:00,SYN_FLOOD,SYN_FLOOD,0.9996847,True
RUN_105,2026-10-03 23:29:01,SYN_FLOOD,SYN_FLOOD,0.99994767,True
RUN_105,2026-10-03 23:29:02,SYN_FLOOD,SYN_FLOOD,0.99993145,True
RUN_105,2026-10-03 23:29:03,SYN_FLOOD,SYN_FLOOD,0.99993455,True
RUN_105,2026-10-03 23:29:04,SYN_FLOOD,SYN_FLOOD,0.999919,True
RUN_105,2026-10-03 23:29:05,SYN_FLOOD,SYN_FLOOD,0.99993646,True
RUN_105,2026-10-03 23:29:06,SYN_FLOOD,SYN_FLOOD,0.9998853,True
RUN_105,2026-10-03 23:29:07,SYN_FLOOD,SYN_FLOOD,0.9999146,True
RUN_105,2026-10-03 23:29:08,SYN_FLOOD,SYN_FLOOD,0.9996414,True
RUN_105,2026-10-03 23:29:09,SYN_FLOOD,SYN_FLOOD,0.9966277,True
RUN_105,2026-10-03 23:29:10,SYN_FLOOD,SYN_FLOOD,0.99992955,True
RUN_105,2026-10-03 23:29:11,SYN_FLOOD,SYN_FLOOD,0.99991673,True
RUN_105,2026-10-03 23:29:12,SYN_FLOOD,SYN_FLOOD,0.99993205,True
RUN_105,2026-10-03 23:29:13,SYN_FLOOD,SYN_FLOOD,0.9997505,True
RUN_105,2026-10-03 23:29:14,SYN_FLOOD,SYN_FLOOD,0.99973685,True
RUN_105,2026-10-03 23:29:15,SYN_FLOOD,SYN_FLOOD,0.99985975,True
RUN_105,2026-10-03 23:29:16,SYN_FLOOD,SYN_FLOOD,0.99964404,True
RUN_105,2026-10-03 23:29:17,SYN_FLOOD,SYN_FLOOD,0.9996008,True
RUN_105,2026-10-03 23:29:18,SYN_FLOOD,SYN_FLOOD,0.9998741,True
RUN_105,2026-10-03 23:29:19,SYN_FLOOD,SYN_FLOOD,0.9999434,True
RUN_105,2026-10-03 23:29:20,SYN_FLOOD,SYN_FLOOD,0.99987257,True
RUN_105,2026-10-03 23:29:21,SYN_FLOOD,SYN_FLOOD,0.98227394,True
RUN_105,2026-10-03 23:29:22,SYN_FLOOD,SYN_FLOOD,0.98481965,True
RUN_105,2026-10-03 23:29:23,SYN_FLOOD,SYN_FLOOD,0.99982536,True
RUN_105,2026-10-03 23:29:24,SYN_FLOOD,SYN_FLOOD,0.9997511,True
RUN_105,2026-10-03 23:29:25,SYN_FLOOD,SYN_FLOOD,0.999921,True
RUN_105,2026-10-03 23:29:26,SYN_FLOOD,SYN_FLOOD,0.99995244,True
RUN_105,2026-10-03 23:29:27,SYN_FLOOD,SYN_FLOOD,0.99994576,True
RUN_105,2026-10-03 23:29:28,SYN_FLOOD,SYN_FLOOD,0.99992234,True
RUN_105,2026-10-03 23:29:29,SYN_FLOOD,SYN_FLOOD,0.99982214,True
RUN_105,2026-10-03 23:29:30,SYN_FLOOD,SYN_FLOOD,0.99980485,True
RUN_105,2026-10-03 23:29:31,SYN_FLOOD,SYN_FLOOD,0.9998723,True
RUN_105,2026-10-03 23:29:32,SYN_FLOOD,SYN_FLOOD,0.99993634,True
RUN_105,2026-10-03 23:29:33,SYN_FLOOD,SYN_FLOOD,0.99990624,True
RUN_105,2026-10-03 23:29:34,SYN_FLOOD,SYN_FLOOD,0.99900347,True
RUN_105,2026-10-03 23:29:35,SYN_FLOOD,SYN_FLOOD,0.99702704,True
RUN_105,2026-10-03 23:29:36,SYN_FLOOD,SYN_FLOOD,0.99777913,True
RUN_105,2026-10-03 23:29:37,SYN_FLOOD,SYN_FLOOD,0.9996979,True
RUN_105,2026-10-03 23:29:38,SYN_FLOOD,SYN_FLOOD,0.9998576,True
RUN_105,2026-10-03 23:29:39,SYN_FLOOD,SYN_FLOOD,0.99980015,True
RUN_105,2026-10-03 23:29:40,SYN_FLOOD,SYN_FLOOD,0.99932134,True
RUN_105,2026-10-03 23:29:41,SYN_FLOOD,SYN_FLOOD,0.9916862,True
RUN_105,2026-10-03 23:29:42,SYN_FLOOD,SYN_FLOOD,0.86012393,True
RUN_105,2026-10-03 23:29:43,SYN_FLOOD,SYN_FLOOD,0.97718906,True
RUN_105,2026-10-03 23:29:44,SYN_FLOOD,SYN_FLOOD,0.9763697,True
RUN_105,2026-10-03 23:29:45,SYN_FLOOD,SYN_FLOOD,0.9986627,True
RUN_105,2026-10-03 23:29:46,SYN_FLOOD,SYN_FLOOD,0.9984096,True
RUN_105,2026-10-03 23:29:47,SYN_FLOOD,SYN_FLOOD,0.99379396,True
RUN_105,2026-10-03 23:29:48,SYN_FLOOD,SYN_FLOOD,0.77173436,True
RUN_105,2026-10-03 23:29:49,SYN_FLOOD,SYN_FLOOD,0.63862836,True
RUN_105,2026-10-03 23:29:50,SYN_FLOOD,ICMP_FLOOD,0.7188575,False
RUN_105,2026-10-03 23:29:51,SYN_FLOOD,ICMP_FLOOD,0.55282545,False
RUN_105,2026-10-03 23:29:52,SYN_FLOOD,SYN_FLOOD,0.7460064,True
RUN_105,2026-10-03 23:29:53,SYN_FLOOD,SYN_FLOOD,0.8653647,True
RUN_105,2026-10-03 23:29:54,SYN_FLOOD,SYN_FLOOD,0.94056815,True
RUN_105,2026-10-03 23:29:55,SYN_FLOOD,SYN_FLOOD,0.8833466,True
RUN_105,2026-10-03 23:29:56,SYN_FLOOD,SYN_FLOOD,0.90259856,True
RUN_105,2026-10-03 23:29:57,SYN_FLOOD,SYN_FLOOD,0.5329498,True
RUN_105,2026-10-03 23:29:58,SYN_FLOOD,SYN_FLOOD,0.5347398,True
RUN_105,2026-10-03 23:29:59,SYN_FLOOD,SYN_FLOOD,0.728327,True
RUN_109,2026-10-03 23:36:02,BENIGN,BENIGN,0.999827,True
RUN_109,2026-10-03 23:36:03,BENIGN,BENIGN,0.9999694,True
RUN_109,2026-10-03 23:36:04,BENIGN,BENIGN,0.9997654,True
RUN_109,2026-10-03 23:36:05,BENIGN,BENIGN,0.999884,True
RUN_109,2026-10-03 23:36:06,BENIGN,BENIGN,0.9996659,True
RUN_109,2026-10-03 23:36:07,BENIGN,BENIGN,0.99994946,True
RUN_109,2026-10-03 23:36:08,BENIGN,BENIGN,0.9999895,True
RUN_109,2026-10-03 23:36:09,BENIGN,BENIGN,0.99999416,True
RUN_109,2026-10-03 23:36:10,BENIGN,BENIGN,0.99997467,True
RUN_109,2026-10-03 23:36:11,BENIGN,BENIGN,0.99998206,True
RUN_109,2026-10-03 23:36:12,BENIGN,BENIGN,0.99997824,True
RUN_109,2026-10-03 23:36:13,BENIGN,BENIGN,0.999968,True
RUN_109,2026-10-03 23:36:14,BENIGN,BENIGN,0.99962187,True
RUN_109,2026-10-03 23:36:15,BENIGN,BENIGN,0.9999692,True
RUN_109,2026-10-03 23:36:16,BENIGN,BENIGN,0.99998605,True
RUN_109,2026-10-03 23:36:17,BENIGN,BENIGN,0.9999938,True
RUN_109,2026-10-03 23:36:18,BENIGN,BENIGN,0.9999893,True
RUN_109,2026-10-03 23:36:19,BENIGN,BENIGN,0.9999907,True
RUN_109,2026-10-03 23:36:20,BENIGN,BENIGN,0.99998665,True
RUN_109,2026-10-03 23:36:21,BENIGN,BENIGN,0.9999927,True
RUN_109,2026-10-03 23:36:22,BENIGN,BENIGN,0.9999079,True
RUN_109,2026-10-03 23:36:23,BENIGN,BENIGN,0.99993575,True
RUN_109,2026-10-03 23:36:24,BENIGN,BENIGN,0.9998127,True
RUN_109,2026-10-03 23:36:25,BENIGN,BENIGN,0.9994326,True
RUN_109,2026-10-03 23:36:26,BENIGN,BENIGN,0.99993074,True
RUN_109,2026-10-03 23:36:27,BENIGN,BENIGN,0.9999837,True
RUN_109,2026-10-03 23:36:28,BENIGN,BENIGN,0.9999837,True
RUN_109,2026-10-03 23:36:29,BENIGN,BENIGN,0.9999823,True
RUN_109,2026-10-03 23:36:30,BENIGN,BENIGN,0.9999976,True
RUN_109,2026-10-03 23:36:31,BENIGN,BENIGN,0.9999974,True
RUN_109,2026-10-03 23:36:32,BENIGN,BENIGN,0.9999931,True
RUN_109,2026-10-03 23:36:33,BENIGN,BENIGN,0.9999882,True
RUN_109,2026-10-03 23:36:34,BENIGN,BENIGN,0.9999889,True
RUN_109,2026-10-03 23:36:35,BENIGN,BENIGN,0.9999675,True
RUN_109,2026-10-03 23:36:36,BENIGN,BENIGN,0.9999841,True
RUN_109,2026-10-03 23:36:37,BENIGN,BENIGN,0.9999624,True
RUN_109,2026-10-03 23:36:38,BENIGN,BENIGN,0.9999883,True
RUN_109,2026-10-03 23:36:39,BENIGN,BENIGN,0.9999869,True
RUN_109,2026-10-03 23:36:40,BENIGN,BENIGN,0.99998784,True
RUN_109,2026-10-03 23:36:41,BENIGN,BENIGN,0.99999154,True
RUN_109,2026-10-03 23:36:42,BENIGN,BENIGN,0.99999475,True
RUN_109,2026-10-03 23:36:43,BENIGN,BENIGN,0.99999654,True
RUN_109,2026-10-03 23:36:44,BENIGN,BENIGN,0.99999726,True
RUN_109,2026-10-03 23:36:45,BENIGN,BENIGN,0.99998796,True
RUN_109,2026-10-03 23:36:46,BENIGN,BENIGN,0.9999939,True
RUN_109,2026-10-03 23:36:47,BENIGN,BENIGN,0.999992,True
RUN_109,2026-10-03 23:36:48,BENIGN,BENIGN,0.99999166,True
RUN_109,2026-10-03 23:36:49,BENIGN,BENIGN,0.9999932,True
RUN_109,2026-10-03 23:36:50,BENIGN,BENIGN,0.99998903,True
RUN_109,2026-10-03 23:36:51,BENIGN,BENIGN,0.9999875,True
RUN_109,2026-10-03 23:36:52,BENIGN,BENIGN,0.9999888,True
RUN_109,2026-10-03 23:36:53,BENIGN,BENIGN,0.9999901,True
RUN_109,2026-10-03 23:36:54,BENIGN,BENIGN,0.9999907,True
RUN_109,2026-10-03 23:36:55,BENIGN,BENIGN,0.99998546,True
RUN_109,2026-10-03 23:36:56,BENIGN,BENIGN,0.9999912,True
RUN_109,2026-10-03 23:36:57,BENIGN,BENIGN,0.99998856,True
RUN_109,2026-10-03 23:36:58,BENIGN,BENIGN,0.99998677,True
RUN_109,2026-10-03 23:36:59,BENIGN,BENIGN,0.9999931,True
RUN_109,2026-10-03 23:37:00,BENIGN,BENIGN,0.9999902,True
RUN_109,2026-10-03 23:37:01,BENIGN,BENIGN,0.9999805,True
RUN_109,2026-10-03 23:37:02,BENIGN,BENIGN,0.9999851,True
RUN_109,2026-10-03 23:37:03,BENIGN,BENIGN,0.9999737,True
RUN_109,2026-10-03 23:37:04,BENIGN,BENIGN,0.9999887,True
RUN_109,2026-10-03 23:37:05,BENIGN,BENIGN,0.9999569,True
RUN_109,2026-10-03 23:37:06,BENIGN,BENIGN,0.9999835,True
RUN_109,2026-10-03 23:37:07,BENIGN,BENIGN,0.99998844,True
RUN_109,2026-10-03 23:37:08,BENIGN,BENIGN,0.9999865,True
RUN_109,2026-10-03 23:37:09,BENIGN,BENIGN,0.999958,True
RUN_109,2026-10-03 23:37:10,BENIGN,BENIGN,0.99998456,True
RUN_109,2026-10-03 23:37:11,BENIGN,BENIGN,0.9999822,True
RUN_109,2026-10-03 23:37:12,BENIGN,BENIGN,0.9999863,True
RUN_109,2026-10-03 23:37:13,BENIGN,BENIGN,0.9999883,True
RUN_109,2026-10-03 23:37:14,BENIGN,BENIGN,0.999985,True
RUN_109,2026-10-03 23:37:15,BENIGN,BENIGN,0.9999236,True
RUN_109,2026-10-03 23:37:16,BENIGN,BENIGN,0.99996585,True
RUN_109,2026-10-03 23:37:17,BENIGN,BENIGN,0.9999894,True
RUN_109,2026-10-03 23:37:18,BENIGN,BENIGN,0.9999834,True
RUN_109,2026-10-03 23:37:19,BENIGN,BENIGN,0.9999889,True
RUN_109,2026-10-03 23:37:20,BENIGN,BENIGN,0.9999931,True
RUN_109,2026-10-03 23:37:21,BENIGN,BENIGN,0.9999582,True
RUN_109,2026-10-03 23:37:22,BENIGN,BENIGN,0.9999704,True
RUN_109,2026-10-03 23:37:23,BENIGN,BENIGN,0.99998444,True
RUN_109,2026-10-03 23:37:24,BENIGN,BENIGN,0.9999749,True
RUN_109,2026-10-03 23:37:25,BENIGN,BENIGN,0.9999823,True
RUN_109,2026-10-03 23:37:26,BENIGN,BENIGN,0.9999772,True
RUN_109,2026-10-03 23:37:27,BENIGN,BENIGN,0.99993265,True
RUN_109,2026-10-03 23:37:28,BENIGN,BENIGN,0.9998413,True
RUN_109,2026-10-03 23:37:29,BENIGN,BENIGN,0.99993134,True
RUN_109,2026-10-03 23:37:30,BENIGN,BENIGN,0.9999743,True
RUN_109,2026-10-03 23:37:31,BENIGN,BENIGN,0.99996537,True
RUN_109,2026-10-03 23:37:32,BENIGN,BENIGN,0.9999688,True
RUN_109,2026-10-03 23:37:33,BENIGN,BENIGN,0.9999834,True
RUN_109,2026-10-03 23:37:34,BENIGN,BENIGN,0.99999213,True
RUN_109,2026-10-03 23:37:35,BENIGN,BENIGN,0.99999225,True
RUN_109,2026-10-03 23:37:36,BENIGN,BENIGN,0.9999871,True
RUN_109,2026-10-03 23:37:37,BENIGN,BENIGN,0.9999902,True
RUN_109,2026-10-03 23:37:38,BENIGN,BENIGN,0.99998385,True
RUN_109,2026-10-03 23:37:39,BENIGN,BENIGN,0.9999927,True
RUN_109,2026-10-03 23:37:40,BENIGN,BENIGN,0.9999889,True
RUN_109,2026-10-03 23:37:41,BENIGN,BENIGN,0.99999,True
RUN_109,2026-10-03 23:37:42,BENIGN,BENIGN,0.9999749,True
RUN_109,2026-10-03 23:37:43,BENIGN,BENIGN,0.9999882,True
RUN_109,2026-10-03 23:37:44,BENIGN,BENIGN,0.99999094,True
RUN_109,2026-10-03 23:37:45,BENIGN,BENIGN,0.9999925,True
RUN_109,2026-10-03 23:37:46,BENIGN,BENIGN,0.9999962,True
RUN_109,2026-10-03 23:37:47,BENIGN,BENIGN,0.99998844,True
RUN_109,2026-10-03 23:37:48,BENIGN,BENIGN,0.99999535,True
RUN_109,2026-10-03 23:37:49,BENIGN,BENIGN,0.9999964,True
RUN_109,2026-10-03 23:37:50,BENIGN,BENIGN,0.99998087,True
RUN_109,2026-10-03 23:37:51,BENIGN,BENIGN,0.9999865,True
RUN_109,2026-10-03 23:37:52,BENIGN,BENIGN,0.9999291,True
RUN_109,2026-10-03 23:37:53,BENIGN,BENIGN,0.99995464,True
RUN_109,2026-10-03 23:37:54,BENIGN,BENIGN,0.9999902,True
RUN_109,2026-10-03 23:37:55,BENIGN,BENIGN,0.9999851,True
RUN_109,2026-10-03 23:37:56,BENIGN,BENIGN,0.9999741,True
RUN_109,2026-10-03 23:37:57,BENIGN,BENIGN,0.9999761,True
RUN_109,2026-10-03 23:37:58,BENIGN,BENIGN,0.99997693,True
RUN_109,2026-10-03 23:37:59,BENIGN,BENIGN,0.99994695,True
RUN_111,2026-10-03 23:40:02,SLOWLORIS,SLOWLORIS,0.99998015,True
RUN_111,2026-10-03 23:40:03,SLOWLORIS,SLOWLORIS,0.99998474,True
RUN_111,2026-10-03 23:40:04,SLOWLORIS,SLOWLORIS,0.9999841,True
RUN_111,2026-10-03 23:40:05,SLOWLORIS,SLOWLORIS,0.9999871,True
RUN_111,2026-10-03 23:40:06,SLOWLORIS,SLOWLORIS,0.99998677,True
RUN_111,2026-10-03 23:40:07,SLOWLORIS,SLOWLORIS,0.99998677,True
RUN_111,2026-10-03 23:40:08,SLOWLORIS,SLOWLORIS,0.9999883,True
RUN_111,2026-10-03 23:40:09,SLOWLORIS,SLOWLORIS,0.99998736,True
RUN_111,2026-10-03 23:40:10,SLOWLORIS,SLOWLORIS,0.9999896,True
RUN_111,2026-10-03 23:40:11,SLOWLORIS,SLOWLORIS,0.9999896,True
RUN_111,2026-10-03 23:40:12,SLOWLORIS,SLOWLORIS,0.99998856,True
RUN_111,2026-10-03 23:40:13,SLOWLORIS,SLOWLORIS,0.99998987,True
RUN_111,2026-10-03 23:40:14,SLOWLORIS,SLOWLORIS,0.99999,True
RUN_111,2026-10-03 23:40:15,SLOWLORIS,SLOWLORIS,0.99998844,True
RUN_111,2026-10-03 23:40:16,SLOWLORIS,SLOWLORIS,0.9999908,True
RUN_111,2026-10-03 23:40:17,SLOWLORIS,SLOWLORIS,0.99999166,True
RUN_111,2026-10-03 23:40:18,SLOWLORIS,SLOWLORIS,0.9999926,True
RUN_111,2026-10-03 23:40:19,SLOWLORIS,SLOWLORIS,0.9999919,True
RUN_111,2026-10-03 23:40:20,SLOWLORIS,SLOWLORIS,0.9999926,True
RUN_111,2026-10-03 23:40:21,SLOWLORIS,SLOWLORIS,0.9999924,True
RUN_111,2026-10-03 23:40:22,SLOWLORIS,SLOWLORIS,0.99999297,True
RUN_111,2026-10-03 23:40:23,SLOWLORIS,SLOWLORIS,0.9999938,True
RUN_111,2026-10-03 23:40:24,SLOWLORIS,SLOWLORIS,0.9999939,True
RUN_111,2026-10-03 23:40:25,SLOWLORIS,SLOWLORIS,0.99999356,True
RUN_111,2026-10-03 23:40:26,SLOWLORIS,SLOWLORIS,0.99999404,True
RUN_111,2026-10-03 23:40:27,SLOWLORIS,SLOWLORIS,0.9999931,True
RUN_111,2026-10-03 23:40:28,SLOWLORIS,SLOWLORIS,0.9999939,True
RUN_111,2026-10-03 23:40:29,SLOWLORIS,SLOWLORIS,0.99999416,True
RUN_111,2026-10-03 23:40:30,SLOWLORIS,SLOWLORIS,0.99999356,True
RUN_111,2026-10-03 23:40:31,SLOWLORIS,SLOWLORIS,0.9999938,True
RUN_111,2026-10-03 23:40:32,SLOWLORIS,SLOWLORIS,0.9999944,True
RUN_111,2026-10-03 23:40:33,SLOWLORIS,SLOWLORIS,0.99999344,True
RUN_111,2026-10-03 23:40:34,SLOWLORIS,SLOWLORIS,0.9999939,True
RUN_111,2026-10-03 23:40:35,SLOWLORIS,SLOWLORIS,0.9999944,True
RUN_111,2026-10-03 23:40:36,SLOWLORIS,SLOWLORIS,0.99999464,True
RUN_111,2026-10-03 23:40:37,SLOWLORIS,SLOWLORIS,0.9999951,True
RUN_111,2026-10-03 23:40:38,SLOWLORIS,SLOWLORIS,0.99999535,True
RUN_111,2026-10-03 23:40:39,SLOWLORIS,SLOWLORIS,0.9999956,True
RUN_111,2026-10-03 23:40:40,SLOWLORIS,SLOWLORIS,0.9999958,True
RUN_111,2026-10-03 23:40:41,SLOWLORIS,SLOWLORIS,0.99999595,True
RUN_111,2026-10-03 23:40:42,SLOWLORIS,SLOWLORIS,0.99999607,True
RUN_111,2026-10-03 23:40:43,SLOWLORIS,SLOWLORIS,0.99999595,True
RUN_111,2026-10-03 23:40:44,SLOWLORIS,SLOWLORIS,0.99999595,True
RUN_111,2026-10-03 23:40:45,SLOWLORIS,SLOWLORIS,0.9999958,True
RUN_111,2026-10-03 23:40:46,SLOWLORIS,SLOWLORIS,0.9999958,True
RUN_111,2026-10-03 23:40:47,SLOWLORIS,SLOWLORIS,0.9999958,True
RUN_111,2026-10-03 23:40:48,SLOWLORIS,SLOWLORIS,0.9999962,True
RUN_111,2026-10-03 23:40:49,SLOWLORIS,SLOWLORIS,0.99999535,True
RUN_111,2026-10-03 23:40:50,SLOWLORIS,SLOWLORIS,0.99999535,True
RUN_111,2026-10-03 23:40:51,SLOWLORIS,SLOWLORIS,0.99999595,True
RUN_111,2026-10-03 23:40:52,SLOWLORIS,SLOWLORIS,0.9999956,True
RUN_111,2026-10-03 23:40:53,SLOWLORIS,SLOWLORIS,0.9999951,True
RUN_111,2026-10-03 23:40:54,SLOWLORIS,SLOWLORIS,0.99999464,True
RUN_111,2026-10-03 23:40:55,SLOWLORIS,SLOWLORIS,0.9999944,True
RUN_111,2026-10-03 23:40:56,SLOWLORIS,SLOWLORIS,0.99999547,True
RUN_111,2026-10-03 23:40:57,SLOWLORIS,SLOWLORIS,0.9999951,True
RUN_111,2026-10-03 23:40:58,SLOWLORIS,SLOWLORIS,0.9999949,True
RUN_111,2026-10-03 23:40:59,SLOWLORIS,SLOWLORIS,0.999995,True
RUN_111,2026-10-03 23:41:00,SLOWLORIS,SLOWLORIS,0.9999943,True
RUN_111,2026-10-03 23:41:01,SLOWLORIS,SLOWLORIS,0.9999937,True
RUN_111,2026-10-03 23:41:02,SLOWLORIS,SLOWLORIS,0.9999944,True
RUN_111,2026-10-03 23:41:03,SLOWLORIS,SLOWLORIS,0.9999927,True
RUN_111,2026-10-03 23:41:04,SLOWLORIS,SLOWLORIS,0.9999931,True
RUN_111,2026-10-03 23:41:05,SLOWLORIS,SLOWLORIS,0.9999927,True
RUN_111,2026-10-03 23:41:06,SLOWLORIS,SLOWLORIS,0.9999908,True
RUN_111,2026-10-03 23:41:07,SLOWLORIS,SLOWLORIS,0.9999894,True
RUN_111,2026-10-03 23:41:08,SLOWLORIS,SLOWLORIS,0.99999046,True
RUN_111,2026-10-03 23:41:09,SLOWLORIS,SLOWLORIS,0.9999896,True
RUN_111,2026-10-03 23:41:10,SLOWLORIS,SLOWLORIS,0.999992,True
RUN_111,2026-10-03 23:41:11,SLOWLORIS,SLOWLORIS,0.9999918,True
RUN_111,2026-10-03 23:41:12,SLOWLORIS,SLOWLORIS,0.99999166,True
RUN_111,2026-10-03 23:41:13,SLOWLORIS,SLOWLORIS,0.999992,True
RUN_111,2026-10-03 23:41:14,SLOWLORIS,SLOWLORIS,0.9999902,True
RUN_111,2026-10-03 23:41:15,SLOWLORIS,SLOWLORIS,0.99998736,True
RUN_111,2026-10-03 23:41:16,SLOWLORIS,SLOWLORIS,0.9999875,True
RUN_111,2026-10-03 23:41:17,SLOWLORIS,SLOWLORIS,0.99998987,True
RUN_111,2026-10-03 23:41:18,SLOWLORIS,SLOWLORIS,0.99999094,True
RUN_111,2026-10-03 23:41:19,SLOWLORIS,SLOWLORIS,0.99999094,True
RUN_111,2026-10-03 23:41:20,SLOWLORIS,SLOWLORIS,0.9999901,True
RUN_111,2026-10-03 23:41:21,SLOWLORIS,SLOWLORIS,0.9999889,True
RUN_111,2026-10-03 23:41:22,SLOWLORIS,SLOWLORIS,0.9999896,True
RUN_111,2026-10-03 23:41:23,SLOWLORIS,SLOWLORIS,0.9999894,True
RUN_111,2026-10-03 23:41:24,SLOWLORIS,SLOWLORIS,0.9999877,True
RUN_111,2026-10-03 23:41:25,SLOWLORIS,SLOWLORIS,0.99998736,True
RUN_111,2026-10-03 23:41:26,SLOWLORIS,SLOWLORIS,0.9999871,True
RUN_111,2026-10-03 23:41:27,SLOWLORIS,SLOWLORIS,0.9999871,True
RUN_111,2026-10-03 23:41:28,SLOWLORIS,SLOWLORIS,0.99998844,True
RUN_111,2026-10-03 23:41:29,SLOWLORIS,SLOWLORIS,0.9999881,True
RUN_111,2026-10-03 23:41:30,SLOWLORIS,SLOWLORIS,0.99998844,True
RUN_111,2026-10-03 23:41:31,SLOWLORIS,SLOWLORIS,0.9999877,True
RUN_111,2026-10-03 23:41:32,SLOWLORIS,SLOWLORIS,0.99998796,True
RUN_111,2026-10-03 23:41:33,SLOWLORIS,SLOWLORIS,0.9999857,True
RUN_111,2026-10-03 23:41:34,SLOWLORIS,SLOWLORIS,0.9999828,True
RUN_111,2026-10-03 23:41:35,SLOWLORIS,SLOWLORIS,0.99998784,True
RUN_111,2026-10-03 23:41:36,SLOWLORIS,SLOWLORIS,0.99998844,True
RUN_111,2026-10-03 23:41:37,SLOWLORIS,SLOWLORIS,0.9999862,True
RUN_111,2026-10-03 23:41:38,SLOWLORIS,SLOWLORIS,0.99999,True
RUN_111,2026-10-03 23:41:39,SLOWLORIS,SLOWLORIS,0.9999875,True
RUN_111,2026-10-03 23:41:40,SLOWLORIS,SLOWLORIS,0.9999881,True
RUN_111,2026-10-03 23:41:41,SLOWLORIS,SLOWLORIS,0.99999046,True
RUN_111,2026-10-03 23:41:42,SLOWLORIS,SLOWLORIS,0.99999154,True
RUN_111,2026-10-03 23:41:43,SLOWLORIS,SLOWLORIS,0.9999914,True
RUN_111,2026-10-03 23:41:44,SLOWLORIS,SLOWLORIS,0.9999887,True
RUN_111,2026-10-03 23:41:45,SLOWLORIS,SLOWLORIS,0.9999881,True
RUN_111,2026-10-03 23:41:46,SLOWLORIS,SLOWLORIS,0.9999862,True
RUN_111,2026-10-03 23:41:47,SLOWLORIS,SLOWLORIS,0.99998903,True
RUN_111,2026-10-03 23:41:48,SLOWLORIS,SLOWLORIS,0.9999914,True
RUN_111,2026-10-03 23:41:49,SLOWLORIS,SLOWLORIS,0.9999912,True
RUN_111,2026-10-03 23:41:50,SLOWLORIS,SLOWLORIS,0.9999901,True
RUN_111,2026-10-03 23:41:51,SLOWLORIS,SLOWLORIS,0.9999863,True
RUN_111,2026-10-03 23:41:52,SLOWLORIS,SLOWLORIS,0.99998784,True
RUN_111,2026-10-03 23:41:53,SLOWLORIS,SLOWLORIS,0.99998975,True
RUN_111,2026-10-03 23:41:54,SLOWLORIS,SLOWLORIS,0.99998844,True
RUN_111,2026-10-03 23:41:55,SLOWLORIS,SLOWLORIS,0.9999863,True
RUN_111,2026-10-03 23:41:56,SLOWLORIS,SLOWLORIS,0.9999818,True
RUN_111,2026-10-03 23:41:57,SLOWLORIS,SLOWLORIS,0.99998677,True
RUN_111,2026-10-03 23:41:58,SLOWLORIS,SLOWLORIS,0.9999882,True
RUN_111,2026-10-03 23:41:59,SLOWLORIS,SLOWLORIS,0.99998987,True
RUN_119,2026-10-03 23:56:02,BENIGN,BENIGN,0.99997395,True
RUN_119,2026-10-03 23:56:03,BENIGN,BENIGN,0.9999865,True
RUN_119,2026-10-03 23:56:04,BENIGN,BENIGN,0.961132,True
RUN_119,2026-10-03 23:56:05,BENIGN,BENIGN,0.97832376,True
RUN_119,2026-10-03 23:56:06,BENIGN,BENIGN,0.9996413,True
RUN_119,2026-10-03 23:56:07,BENIGN,BENIGN,0.99998605,True
RUN_119,2026-10-03 23:56:08,BENIGN,BENIGN,0.9999902,True
RUN_119,2026-10-03 23:56:09,BENIGN,BENIGN,0.9999725,True
RUN_119,2026-10-03 23:56:10,BENIGN,BENIGN,0.9999881,True
RUN_119,2026-10-03 23:56:11,BENIGN,BENIGN,0.9999835,True
RUN_119,2026-10-03 23:56:12,BENIGN,BENIGN,0.999983,True
RUN_119,2026-10-03 23:56:13,BENIGN,BENIGN,0.99909806,True
RUN_119,2026-10-03 23:56:14,BENIGN,BENIGN,0.999815,True
RUN_119,2026-10-03 23:56:15,BENIGN,BENIGN,0.99998796,True
RUN_119,2026-10-03 23:56:16,BENIGN,BENIGN,0.99999523,True
RUN_119,2026-10-03 23:56:17,BENIGN,BENIGN,0.999997,True
RUN_119,2026-10-03 23:56:18,BENIGN,BENIGN,0.999997,True
RUN_119,2026-10-03 23:56:19,BENIGN,BENIGN,0.9999958,True
RUN_119,2026-10-03 23:56:20,BENIGN,BENIGN,0.99998677,True
RUN_119,2026-10-03 23:56:21,BENIGN,BENIGN,0.99973184,True
RUN_119,2026-10-03 23:56:22,BENIGN,BENIGN,0.99977404,True
RUN_119,2026-10-03 23:56:23,BENIGN,BENIGN,0.9999767,True
RUN_119,2026-10-03 23:56:24,BENIGN,BENIGN,0.9999902,True
RUN_119,2026-10-03 23:56:25,BENIGN,BENIGN,0.9999706,True
RUN_119,2026-10-03 23:56:26,BENIGN,BENIGN,0.9998015,True
RUN_119,2026-10-03 23:56:27,BENIGN,BENIGN,0.99947315,True
RUN_119,2026-10-03 23:56:28,BENIGN,BENIGN,0.99992716,True
RUN_119,2026-10-03 23:56:29,BENIGN,BENIGN,0.999919,True
RUN_119,2026-10-03 23:56:30,BENIGN,BENIGN,0.99998266,True
RUN_119,2026-10-03 23:56:31,BENIGN,BENIGN,0.99995726,True
RUN_119,2026-10-03 23:56:32,BENIGN,BENIGN,0.9999828,True
RUN_119,2026-10-03 23:56:33,BENIGN,BENIGN,0.9999829,True
RUN_119,2026-10-03 23:56:34,BENIGN,BENIGN,0.9999541,True
RUN_119,2026-10-03 23:56:35,BENIGN,BENIGN,0.99979407,True
RUN_119,2026-10-03 23:56:36,BENIGN,BENIGN,0.9981564,True
RUN_119,2026-10-03 23:56:37,BENIGN,BENIGN,0.9996646,True
RUN_119,2026-10-03 23:56:38,BENIGN,BENIGN,0.9998884,True
RUN_119,2026-10-03 23:56:39,BENIGN,BENIGN,0.9977485,True
RUN_119,2026-10-03 23:56:40,BENIGN,BENIGN,0.9988634,True
RUN_119,2026-10-03 23:56:41,BENIGN,BENIGN,0.9978267,True
RUN_119,2026-10-03 23:56:42,BENIGN,BENIGN,0.9999255,True
RUN_119,2026-10-03 23:56:43,BENIGN,BENIGN,0.9999121,True
RUN_119,2026-10-03 23:56:44,BENIGN,BENIGN,0.99966115,True
RUN_119,2026-10-03 23:56:45,BENIGN,BENIGN,0.99995714,True
RUN_119,2026-10-03 23:56:46,BENIGN,BENIGN,0.99953204,True
RUN_119,2026-10-03 23:56:47,BENIGN,BENIGN,0.99848783,True
RUN_119,2026-10-03 23:56:48,BENIGN,BENIGN,0.97207135,True
RUN_119,2026-10-03 23:56:49,BENIGN,BENIGN,0.99852467,True
RUN_119,2026-10-03 23:56:50,BENIGN,BENIGN,0.99875873,True
RUN_119,2026-10-03 23:56:51,BENIGN,BENIGN,0.99959046,True
RUN_119,2026-10-03 23:56:52,BENIGN,BENIGN,0.9999717,True
RUN_119,2026-10-03 23:56:53,BENIGN,BENIGN,0.9999851,True
RUN_119,2026-10-03 23:56:54,BENIGN,BENIGN,0.9999932,True
RUN_119,2026-10-03 23:56:55,BENIGN,BENIGN,0.9999741,True
RUN_119,2026-10-03 23:56:56,BENIGN,BENIGN,0.9997481,True
RUN_119,2026-10-03 23:56:57,BENIGN,BENIGN,0.99885505,True
RUN_119,2026-10-03 23:56:58,BENIGN,BENIGN,0.9986054,True
RUN_119,2026-10-03 23:56:59,BENIGN,BENIGN,0.9999545,True
RUN_119,2026-10-03 23:57:00,BENIGN,BENIGN,0.99989283,True
RUN_119,2026-10-03 23:57:01,BENIGN,BENIGN,0.9982301,True
RUN_119,2026-10-03 23:57:02,BENIGN,BENIGN,0.9969802,True
RUN_119,2026-10-03 23:57:03,BENIGN,BENIGN,0.9999294,True
RUN_119,2026-10-03 23:57:04,BENIGN,BENIGN,0.99998665,True
RUN_119,2026-10-03 23:57:05,BENIGN,BENIGN,0.99998075,True
RUN_119,2026-10-03 23:57:06,BENIGN,BENIGN,0.99997884,True
RUN_119,2026-10-03 23:57:07,BENIGN,BENIGN,0.9998953,True
RUN_119,2026-10-03 23:57:08,BENIGN,BENIGN,0.99967045,True
RUN_119,2026-10-03 23:57:09,BENIGN,BENIGN,0.999987,True
RUN_119,2026-10-03 23:57:10,BENIGN,BENIGN,0.99999034,True
RUN_119,2026-10-03 23:57:11,BENIGN,BENIGN,0.99999523,True
RUN_119,2026-10-03 23:57:12,BENIGN,BENIGN,0.9999318,True
RUN_119,2026-10-03 23:57:13,BENIGN,BENIGN,0.99999654,True
RUN_119,2026-10-03 23:57:14,BENIGN,BENIGN,0.9999902,True
RUN_119,2026-10-03 23:57:15,BENIGN,BENIGN,0.9999974,True
RUN_119,2026-10-03 23:57:16,BENIGN,BENIGN,0.9999805,True
RUN_119,2026-10-03 23:57:17,BENIGN,BENIGN,0.9999847,True
RUN_119,2026-10-03 23:57:18,BENIGN,BENIGN,0.99998903,True
RUN_119,2026-10-03 23:57:19,BENIGN,BENIGN,0.99999344,True
RUN_119,2026-10-03 23:57:20,BENIGN,BENIGN,0.9999969,True
RUN_119,2026-10-03 23:57:21,BENIGN,BENIGN,0.9999939,True
RUN_119,2026-10-03 23:57:22,BENIGN,BENIGN,0.99999666,True
RUN_119,2026-10-03 23:57:23,BENIGN,BENIGN,0.99999464,True
RUN_119,2026-10-03 23:57:24,BENIGN,BENIGN,0.999998,True
RUN_119,2026-10-03 23:57:25,BENIGN,BENIGN,0.9999981,True
RUN_119,2026-10-03 23:57:26,BENIGN,BENIGN,0.9999943,True
RUN_119,2026-10-03 23:57:27,BENIGN,BENIGN,0.99999714,True
RUN_119,2026-10-03 23:57:28,BENIGN,BENIGN,0.99999785,True
RUN_119,2026-10-03 23:57:29,BENIGN,BENIGN,0.9999455,True
RUN_119,2026-10-03 23:57:30,BENIGN,BENIGN,0.99999785,True
RUN_119,2026-10-03 23:57:31,BENIGN,BENIGN,0.99999666,True
RUN_119,2026-10-03 23:57:32,BENIGN,BENIGN,0.9999975,True
RUN_119,2026-10-03 23:57:33,BENIGN,BENIGN,0.9999943,True
RUN_119,2026-10-03 23:57:34,BENIGN,BENIGN,0.9999675,True
RUN_119,2026-10-03 23:57:35,BENIGN,BENIGN,0.9999418,True
RUN_119,2026-10-03 23:57:36,BENIGN,BENIGN,0.9999613,True
RUN_119,2026-10-03 23:57:37,BENIGN,BENIGN,0.99998486,True
RUN_119,2026-10-03 23:57:38,BENIGN,BENIGN,0.99996394,True
RUN_119,2026-10-03 23:57:39,BENIGN,BENIGN,0.9999737,True
RUN_119,2026-10-03 23:57:40,BENIGN,BENIGN,0.9998075,True
RUN_119,2026-10-03 23:57:41,BENIGN,BENIGN,0.9998552,True
RUN_119,2026-10-03 23:57:42,BENIGN,BENIGN,0.999957,True
RUN_119,2026-10-03 23:57:43,BENIGN,BENIGN,0.9998896,True
RUN_119,2026-10-03 23:57:44,BENIGN,BENIGN,0.9998814,True
RUN_119,2026-10-03 23:57:45,BENIGN,BENIGN,0.9996757,True
RUN_119,2026-10-03 23:57:46,BENIGN,BENIGN,0.9993166,True
RUN_119,2026-10-03 23:57:47,BENIGN,BENIGN,0.99853337,True
RUN_119,2026-10-03 23:57:48,BENIGN,BENIGN,0.99932146,True
RUN_119,2026-10-03 23:57:49,BENIGN,BENIGN,0.9989316,True
RUN_119,2026-10-03 23:57:50,BENIGN,BENIGN,0.99985915,True
RUN_119,2026-10-03 23:57:51,BENIGN,BENIGN,0.9991566,True
RUN_119,2026-10-03 23:57:52,BENIGN,BENIGN,0.9982892,True
RUN_119,2026-10-03 23:57:53,BENIGN,BENIGN,0.99788594,True
RUN_119,2026-10-03 23:57:54,BENIGN,BENIGN,0.99818975,True
RUN_119,2026-10-03 23:57:55,BENIGN,BENIGN,0.99813324,True
RUN_119,2026-10-03 23:57:56,BENIGN,BENIGN,0.9995079,True
RUN_119,2026-10-03 23:57:57,BENIGN,BENIGN,0.99904317,True
RUN_119,2026-10-03 23:57:58,BENIGN,BENIGN,0.99917334,True
RUN_119,2026-10-03 23:57:59,BENIGN,BENIGN,0.9984001,True
RUN_128,2026-10-04 00:14:02,BENIGN,BENIGN,0.9988314,True
RUN_128,2026-10-04 00:14:03,BENIGN,BENIGN,0.9940539,True
RUN_128,2026-10-04 00:14:04,BENIGN,BENIGN,0.9334335,True
RUN_128,2026-10-04 00:14:05,BENIGN,BENIGN,0.9991823,True
RUN_128,2026-10-04 00:14:06,BENIGN,BENIGN,0.998484,True
RUN_128,2026-10-04 00:14:07,BENIGN,BENIGN,0.997439,True
RUN_128,2026-10-04 00:14:08,BENIGN,BENIGN,0.9997417,True
RUN_128,2026-10-04 00:14:09,BENIGN,BENIGN,0.9998896,True
RUN_128,2026-10-04 00:14:10,BENIGN,BENIGN,0.9999465,True
RUN_128,2026-10-04 00:14:11,BENIGN,BENIGN,0.9999693,True
RUN_128,2026-10-04 00:14:12,BENIGN,BENIGN,0.9998237,True
RUN_128,2026-10-04 00:14:13,BENIGN,BENIGN,0.9998372,True
RUN_128,2026-10-04 00:14:14,BENIGN,BENIGN,0.99974394,True
RUN_128,2026-10-04 00:14:15,BENIGN,BENIGN,0.9999486,True
RUN_128,2026-10-04 00:14:16,BENIGN,BENIGN,0.9994878,True
RUN_128,2026-10-04 00:14:17,BENIGN,BENIGN,0.99981546,True
RUN_128,2026-10-04 00:14:18,BENIGN,BENIGN,0.9999422,True
RUN_128,2026-10-04 00:14:19,BENIGN,BENIGN,0.99998087,True
RUN_128,2026-10-04 00:14:20,BENIGN,BENIGN,0.99999595,True
RUN_128,2026-10-04 00:14:21,BENIGN,BENIGN,0.9999956,True
RUN_128,2026-10-04 00:14:22,BENIGN,BENIGN,0.9999981,True
RUN_128,2026-10-04 00:14:23,BENIGN,BENIGN,0.999998,True
RUN_128,2026-10-04 00:14:24,BENIGN,BENIGN,0.9999918,True
RUN_128,2026-10-04 00:14:25,BENIGN,BENIGN,0.999997,True
RUN_128,2026-10-04 00:14:26,BENIGN,BENIGN,0.99999475,True
RUN_128,2026-10-04 00:14:27,BENIGN,BENIGN,0.9999913,True
RUN_128,2026-10-04 00:14:28,BENIGN,BENIGN,0.9999828,True
RUN_128,2026-10-04 00:14:29,BENIGN,BENIGN,0.99996763,True
RUN_128,2026-10-04 00:14:30,BENIGN,BENIGN,0.99970365,True
RUN_128,2026-10-04 00:14:31,BENIGN,BENIGN,0.997645,True
RUN_128,2026-10-04 00:14:32,BENIGN,BENIGN,0.9988561,True
RUN_128,2026-10-04 00:14:33,BENIGN,BENIGN,0.9990227,True
RUN_128,2026-10-04 00:14:34,BENIGN,BENIGN,0.999911,True
RUN_128,2026-10-04 00:14:35,BENIGN,BENIGN,0.99993014,True
RUN_128,2026-10-04 00:14:36,BENIGN,BENIGN,0.99987257,True
RUN_128,2026-10-04 00:14:37,BENIGN,BENIGN,0.9999556,True
RUN_128,2026-10-04 00:14:38,BENIGN,BENIGN,0.8963397,True
RUN_128,2026-10-04 00:14:39,BENIGN,BENIGN,0.99749804,True
RUN_128,2026-10-04 00:14:40,BENIGN,BENIGN,0.9573418,True
RUN_128,2026-10-04 00:14:41,BENIGN,SYN_FLOOD,0.48481905,False
RUN_128,2026-10-04 00:14:42,BENIGN,BENIGN,0.9890768,True
RUN_128,2026-10-04 00:14:43,BENIGN,BENIGN,0.9657932,True
RUN_128,2026-10-04 00:14:44,BENIGN,BENIGN,0.9995805,True
RUN_128,2026-10-04 00:14:45,BENIGN,BENIGN,0.9998828,True
RUN_128,2026-10-04 00:14:46,BENIGN,BENIGN,0.9999856,True
RUN_128,2026-10-04 00:14:47,BENIGN,BENIGN,0.99997073,True
RUN_128,2026-10-04 00:14:48,BENIGN,BENIGN,0.9999705,True
RUN_128,2026-10-04 00:14:49,BENIGN,BENIGN,0.9999741,True
RUN_128,2026-10-04 00:14:50,BENIGN,BENIGN,0.99995124,True
RUN_128,2026-10-04 00:14:51,BENIGN,BENIGN,0.99985224,True
RUN_128,2026-10-04 00:14:52,BENIGN,BENIGN,0.9998545,True
RUN_128,2026-10-04 00:14:53,BENIGN,BENIGN,0.9979626,True
RUN_128,2026-10-04 00:14:54,BENIGN,BENIGN,0.9948518,True
RUN_128,2026-10-04 00:14:55,BENIGN,BENIGN,0.9998746,True
RUN_128,2026-10-04 00:14:56,BENIGN,BENIGN,0.9999618,True
RUN_128,2026-10-04 00:14:57,BENIGN,BENIGN,0.999898,True
RUN_128,2026-10-04 00:14:58,BENIGN,BENIGN,0.99896574,True
RUN_128,2026-10-04 00:14:59,BENIGN,BENIGN,0.83250564,True
RUN_128,2026-10-04 00:15:00,BENIGN,BENIGN,0.99832255,True
RUN_128,2026-10-04 00:15:01,BENIGN,BENIGN,0.99785227,True
RUN_128,2026-10-04 00:15:02,BENIGN,BENIGN,0.88496464,True
RUN_128,2026-10-04 00:15:03,BENIGN,BENIGN,0.99975085,True
RUN_128,2026-10-04 00:15:04,BENIGN,BENIGN,0.9999889,True
RUN_128,2026-10-04 00:15:05,BENIGN,BENIGN,0.99999535,True
RUN_128,2026-10-04 00:15:06,BENIGN,BENIGN,0.99999404,True
RUN_128,2026-10-04 00:15:07,BENIGN,BENIGN,0.99999106,True
RUN_128,2026-10-04 00:15:08,BENIGN,BENIGN,0.99997646,True
RUN_128,2026-10-04 00:15:09,BENIGN,BENIGN,0.9999379,True
RUN_128,2026-10-04 00:15:10,BENIGN,BENIGN,0.99704015,True
RUN_128,2026-10-04 00:15:11,BENIGN,BENIGN,0.98036337,True
RUN_128,2026-10-04 00:15:12,BENIGN,BENIGN,0.99931175,True
RUN_128,2026-10-04 00:15:13,BENIGN,BENIGN,0.99890137,True
RUN_128,2026-10-04 00:15:14,BENIGN,BENIGN,0.99896,True
RUN_128,2026-10-04 00:15:15,BENIGN,BENIGN,0.9787732,True
RUN_128,2026-10-04 00:15:16,BENIGN,BENIGN,0.9871922,True
RUN_128,2026-10-04 00:15:17,BENIGN,BENIGN,0.9518461,True
RUN_128,2026-10-04 00:15:18,BENIGN,BENIGN,0.8964061,True
RUN_128,2026-10-04 00:15:19,BENIGN,BENIGN,0.9996057,True
RUN_128,2026-10-04 00:15:20,BENIGN,BENIGN,0.9998667,True
RUN_128,2026-10-04 00:15:21,BENIGN,BENIGN,0.99988234,True
RUN_128,2026-10-04 00:15:22,BENIGN,BENIGN,0.9984263,True
RUN_128,2026-10-04 00:15:23,BENIGN,BENIGN,0.9993191,True
RUN_128,2026-10-04 00:15:24,BENIGN,BENIGN,0.9999435,True
RUN_128,2026-10-04 00:15:25,BENIGN,BENIGN,0.99999344,True
RUN_128,2026-10-04 00:15:26,BENIGN,BENIGN,0.9999036,True
RUN_128,2026-10-04 00:15:27,BENIGN,BENIGN,0.99987614,True
RUN_128,2026-10-04 00:15:28,BENIGN,BENIGN,0.9999836,True
RUN_128,2026-10-04 00:15:29,BENIGN,BENIGN,0.9999887,True
RUN_128,2026-10-04 00:15:30,BENIGN,BENIGN,0.9999865,True
RUN_128,2026-10-04 00:15:31,BENIGN,BENIGN,0.99996775,True
RUN_128,2026-10-04 00:15:32,BENIGN,BENIGN,0.99992406,True
RUN_128,2026-10-04 00:15:33,BENIGN,BENIGN,0.9999881,True
RUN_128,2026-10-04 00:15:34,BENIGN,BENIGN,0.99998206,True
RUN_128,2026-10-04 00:15:35,BENIGN,BENIGN,0.9999933,True
RUN_128,2026-10-04 00:15:36,BENIGN,BENIGN,0.99999225,True
RUN_128,2026-10-04 00:15:37,BENIGN,BENIGN,0.9999731,True
RUN_128,2026-10-04 00:15:38,BENIGN,BENIGN,0.99967414,True
RUN_128,2026-10-04 00:15:39,BENIGN,BENIGN,0.9996063,True
RUN_128,2026-10-04 00:15:40,BENIGN,BENIGN,0.99997884,True
RUN_128,2026-10-04 00:15:41,BENIGN,BENIGN,0.9999657,True
RUN_128,2026-10-04 00:15:42,BENIGN,BENIGN,0.9999392,True
RUN_128,2026-10-04 00:15:43,BENIGN,BENIGN,0.99897254,True
RUN_128,2026-10-04 00:15:44,BENIGN,BENIGN,0.9949124,True
RUN_128,2026-10-04 00:15:45,BENIGN,BENIGN,0.96519166,True
RUN_128,2026-10-04 00:15:46,BENIGN,BENIGN,0.9999335,True
RUN_128,2026-10-04 00:15:47,BENIGN,BENIGN,0.9999586,True
RUN_128,2026-10-04 00:15:48,BENIGN,BENIGN,0.99995077,True
RUN_128,2026-10-04 00:15:49,BENIGN,BENIGN,0.9999718,True
RUN_128,2026-10-04 00:15:50,BENIGN,BENIGN,0.9999387,True
RUN_128,2026-10-04 00:15:51,BENIGN,BENIGN,0.9994575,True
RUN_128,2026-10-04 00:15:52,BENIGN,BENIGN,0.99316657,True
RUN_128,2026-10-04 00:15:53,BENIGN,BENIGN,0.99543285,True
RUN_128,2026-10-04 00:15:54,BENIGN,BENIGN,0.97054905,True
RUN_128,2026-10-04 00:15:55,BENIGN,BENIGN,0.9957958,True
RUN_128,2026-10-04 00:15:56,BENIGN,BENIGN,0.9904228,True
RUN_128,2026-10-04 00:15:57,BENIGN,BENIGN,0.99707997,True
RUN_128,2026-10-04 00:15:58,BENIGN,BENIGN,0.9492502,True
RUN_128,2026-10-04 00:15:59,BENIGN,BENIGN,0.9988301,True
RUN_129,2026-10-04 00:16:02,BENIGN,BENIGN,0.9999945,True
RUN_129,2026-10-04 00:16:03,BENIGN,BENIGN,0.9999843,True
RUN_129,2026-10-04 00:16:04,BENIGN,BENIGN,0.99946153,True
RUN_129,2026-10-04 00:16:05,BENIGN,BENIGN,0.9997562,True
RUN_129,2026-10-04 00:16:06,BENIGN,BENIGN,0.99966174,True
RUN_129,2026-10-04 00:16:07,BENIGN,BENIGN,0.9999398,True
RUN_129,2026-10-04 00:16:08,BENIGN,BENIGN,0.99994266,True
RUN_129,2026-10-04 00:16:09,BENIGN,BENIGN,0.9999818,True
RUN_129,2026-10-04 00:16:10,BENIGN,BENIGN,0.9999823,True
RUN_129,2026-10-04 00:16:11,BENIGN,BENIGN,0.9999939,True
RUN_129,2026-10-04 00:16:12,BENIGN,BENIGN,0.9999945,True
RUN_129,2026-10-04 00:16:13,BENIGN,BENIGN,0.99999666,True
RUN_129,2026-10-04 00:16:14,BENIGN,BENIGN,0.9999893,True
RUN_129,2026-10-04 00:16:15,BENIGN,BENIGN,0.9999875,True
RUN_129,2026-10-04 00:16:16,BENIGN,BENIGN,0.9996939,True
RUN_129,2026-10-04 00:16:17,BENIGN,BENIGN,0.9965981,True
RUN_129,2026-10-04 00:16:18,BENIGN,BENIGN,0.9987128,True
RUN_129,2026-10-04 00:16:19,BENIGN,BENIGN,0.9997561,True
RUN_129,2026-10-04 00:16:20,BENIGN,BENIGN,0.9994722,True
RUN_129,2026-10-04 00:16:21,BENIGN,BENIGN,0.9796251,True
RUN_129,2026-10-04 00:16:22,BENIGN,BENIGN,0.9937708,True
RUN_129,2026-10-04 00:16:23,BENIGN,BENIGN,0.9995536,True
RUN_129,2026-10-04 00:16:24,BENIGN,BENIGN,0.99980974,True
RUN_129,2026-10-04 00:16:25,BENIGN,BENIGN,0.99986434,True
RUN_129,2026-10-04 00:16:26,BENIGN,BENIGN,0.9999147,True
RUN_129,2026-10-04 00:16:27,BENIGN,BENIGN,0.99994767,True
RUN_129,2026-10-04 00:16:28,BENIGN,BENIGN,0.9999329,True
RUN_129,2026-10-04 00:16:29,BENIGN,BENIGN,0.9999568,True
RUN_129,2026-10-04 00:16:30,BENIGN,BENIGN,0.9995429,True
RUN_129,2026-10-04 00:16:31,BENIGN,BENIGN,0.99562496,True
RUN_129,2026-10-04 00:16:32,BENIGN,BENIGN,0.9984108,True
RUN_129,2026-10-04 00:16:33,BENIGN,BENIGN,0.999215,True
RUN_129,2026-10-04 00:16:34,BENIGN,BENIGN,0.9993656,True
RUN_129,2026-10-04 00:16:35,BENIGN,BENIGN,0.99992317,True
RUN_129,2026-10-04 00:16:36,BENIGN,BENIGN,0.9996739,True
RUN_129,2026-10-04 00:16:37,BENIGN,BENIGN,0.99998266,True
RUN_129,2026-10-04 00:16:38,BENIGN,BENIGN,0.99981225,True
RUN_129,2026-10-04 00:16:39,BENIGN,BENIGN,0.9939018,True
RUN_129,2026-10-04 00:16:40,BENIGN,BENIGN,0.9879312,True
RUN_129,2026-10-04 00:16:41,BENIGN,BENIGN,0.99854076,True
RUN_129,2026-10-04 00:16:42,BENIGN,BENIGN,0.99510944,True
RUN_129,2026-10-04 00:16:43,BENIGN,BENIGN,0.79002386,True
RUN_129,2026-10-04 00:16:44,BENIGN,SYN_FLOOD,0.7644701,False
RUN_129,2026-10-04 00:16:45,BENIGN,BENIGN,0.74911237,True
RUN_129,2026-10-04 00:16:46,BENIGN,BENIGN,0.9223502,True
RUN_129,2026-10-04 00:16:47,BENIGN,BENIGN,0.99975896,True
RUN_129,2026-10-04 00:16:48,BENIGN,BENIGN,0.99994576,True
RUN_129,2026-10-04 00:16:49,BENIGN,BENIGN,0.9999593,True
RUN_129,2026-10-04 00:16:50,BENIGN,BENIGN,0.99991196,True
RUN_129,2026-10-04 00:16:51,BENIGN,BENIGN,0.99992573,True
RUN_129,2026-10-04 00:16:52,BENIGN,BENIGN,0.9999793,True
RUN_129,2026-10-04 00:16:53,BENIGN,BENIGN,0.9999933,True
RUN_129,2026-10-04 00:16:54,BENIGN,BENIGN,0.99999344,True
RUN_129,2026-10-04 00:16:55,BENIGN,BENIGN,0.9999852,True
RUN_129,2026-10-04 00:16:56,BENIGN,BENIGN,0.99788076,True
RUN_129,2026-10-04 00:16:57,BENIGN,BENIGN,0.9998065,True
RUN_129,2026-10-04 00:16:58,BENIGN,BENIGN,0.99993825,True
RUN_129,2026-10-04 00:16:59,BENIGN,BENIGN,0.9999918,True
RUN_129,2026-10-04 00:17:00,BENIGN,BENIGN,0.999997,True
RUN_129,2026-10-04 00:17:01,BENIGN,BENIGN,0.99999654,True
RUN_129,2026-10-04 00:17:02,BENIGN,BENIGN,0.99999654,True
RUN_129,2026-10-04 00:17:03,BENIGN,BENIGN,0.99996406,True
RUN_129,2026-10-04 00:17:04,BENIGN,BENIGN,0.99996394,True
RUN_129,2026-10-04 00:17:05,BENIGN,BENIGN,0.99998397,True
RUN_129,2026-10-04 00:17:06,BENIGN,BENIGN,0.99999154,True
RUN_129,2026-10-04 00:17:07,BENIGN,BENIGN,0.99999416,True
RUN_129,2026-10-04 00:17:08,BENIGN,BENIGN,0.9999957,True
RUN_129,2026-10-04 00:17:09,BENIGN,BENIGN,0.9999974,True
RUN_129,2026-10-04 00:17:10,BENIGN,BENIGN,0.9999975,True
RUN_129,2026-10-04 00:17:11,BENIGN,BENIGN,0.99999845,True
RUN_129,2026-10-04 00:17:12,BENIGN,BENIGN,0.99999774,True
RUN_129,2026-10-04 00:17:13,BENIGN,BENIGN,0.99999833,True
RUN_129,2026-10-04 00:17:14,BENIGN,BENIGN,0.99999666,True
RUN_129,2026-10-04 00:17:15,BENIGN,BENIGN,0.9999976,True
RUN_129,2026-10-04 00:17:16,BENIGN,BENIGN,0.99999714,True
RUN_129,2026-10-04 00:17:17,BENIGN,BENIGN,0.99998915,True
RUN_129,2026-10-04 00:17:18,BENIGN,BENIGN,0.9999958,True
RUN_129,2026-10-04 00:17:19,BENIGN,BENIGN,0.99999404,True
RUN_129,2026-10-04 00:17:20,BENIGN,BENIGN,0.99999726,True
RUN_129,2026-10-04 00:17:21,BENIGN,BENIGN,0.9999974,True
RUN_129,2026-10-04 00:17:22,BENIGN,BENIGN,0.9999956,True
RUN_129,2026-10-04 00:17:23,BENIGN,BENIGN,0.99997693,True
RUN_129,2026-10-04 00:17:24,BENIGN,BENIGN,0.99894136,True
RUN_129,2026-10-04 00:17:25,BENIGN,BENIGN,0.99971575,True
RUN_129,2026-10-04 00:17:26,BENIGN,BENIGN,0.9999411,True
RUN_129,2026-10-04 00:17:27,BENIGN,BENIGN,0.9999806,True
RUN_129,2026-10-04 00:17:28,BENIGN,BENIGN,0.9999852,True
RUN_129,2026-10-04 00:17:29,BENIGN,BENIGN,0.99981093,True
RUN_129,2026-10-04 00:17:30,BENIGN,BENIGN,0.65165734,True
RUN_129,2026-10-04 00:17:31,BENIGN,SLOWLORIS,0.9820245,False
RUN_129,2026-10-04 00:17:32,BENIGN,BENIGN,0.9965645,True
RUN_129,2026-10-04 00:17:33,BENIGN,BENIGN,0.9998723,True
RUN_129,2026-10-04 00:17:34,BENIGN,BENIGN,0.9999919,True
RUN_129,2026-10-04 00:17:35,BENIGN,BENIGN,0.99998856,True
RUN_129,2026-10-04 00:17:36,BENIGN,BENIGN,0.99999034,True
RUN_129,2026-10-04 00:17:37,BENIGN,BENIGN,0.9999471,True
RUN_129,2026-10-04 00:17:38,BENIGN,BENIGN,0.99351144,True
RUN_129,2026-10-04 00:17:39,BENIGN,BENIGN,0.99944985,True
RUN_129,2026-10-04 00:17:40,BENIGN,BENIGN,0.99589235,True
RUN_129,2026-10-04 00:17:41,BENIGN,BENIGN,0.99990267,True
RUN_129,2026-10-04 00:17:42,BENIGN,BENIGN,0.99974203,True
RUN_129,2026-10-04 00:17:43,BENIGN,BENIGN,0.9985957,True
RUN_129,2026-10-04 00:17:44,BENIGN,BENIGN,0.7925993,True
RUN_129,2026-10-04 00:17:45,BENIGN,BENIGN,0.99370515,True
RUN_129,2026-10-04 00:17:46,BENIGN,BENIGN,0.9999392,True
RUN_129,2026-10-04 00:17:47,BENIGN,BENIGN,0.99996525,True
RUN_129,2026-10-04 00:17:48,BENIGN,BENIGN,0.9999793,True
RUN_129,2026-10-04 00:17:49,BENIGN,BENIGN,0.9999882,True
RUN_129,2026-10-04 00:17:50,BENIGN,BENIGN,0.99998486,True
RUN_129,2026-10-04 00:17:51,BENIGN,BENIGN,0.9999895,True
RUN_129,2026-10-04 00:17:52,BENIGN,BENIGN,0.99999535,True
RUN_129,2026-10-04 00:17:53,BENIGN,BENIGN,0.9999974,True
RUN_129,2026-10-04 00:17:54,BENIGN,BENIGN,0.99999464,True
RUN_129,2026-10-04 00:17:55,BENIGN,BENIGN,0.99997693,True
RUN_129,2026-10-04 00:17:56,BENIGN,BENIGN,0.99999,True
RUN_129,2026-10-04 00:17:57,BENIGN,BENIGN,0.9999705,True
RUN_129,2026-10-04 00:17:58,BENIGN,BENIGN,0.9999805,True
RUN_129,2026-10-04 00:17:59,BENIGN,BENIGN,0.9999674,True
RUN_132,2026-10-04 00:22:02,UDP_FLOOD,UDP_FLOOD,0.9999893,True
RUN_132,2026-10-04 00:22:03,UDP_FLOOD,UDP_FLOOD,0.9999931,True
RUN_132,2026-10-04 00:22:04,UDP_FLOOD,UDP_FLOOD,0.999995,True
RUN_132,2026-10-04 00:22:05,UDP_FLOOD,UDP_FLOOD,0.9999939,True
RUN_132,2026-10-04 00:22:06,UDP_FLOOD,UDP_FLOOD,0.99998987,True
RUN_132,2026-10-04 00:22:07,UDP_FLOOD,UDP_FLOOD,0.9999907,True
RUN_132,2026-10-04 00:22:08,UDP_FLOOD,UDP_FLOOD,0.9999887,True
RUN_132,2026-10-04 00:22:09,UDP_FLOOD,UDP_FLOOD,0.9999908,True
RUN_132,2026-10-04 00:22:10,UDP_FLOOD,UDP_FLOOD,0.99999213,True
RUN_132,2026-10-04 00:22:11,UDP_FLOOD,UDP_FLOOD,0.99999475,True
RUN_132,2026-10-04 00:22:12,UDP_FLOOD,UDP_FLOOD,0.9999943,True
RUN_132,2026-10-04 00:22:13,UDP_FLOOD,UDP_FLOOD,0.9999939,True
RUN_132,2026-10-04 00:22:14,UDP_FLOOD,UDP_FLOOD,0.9999949,True
RUN_132,2026-10-04 00:22:15,UDP_FLOOD,UDP_FLOOD,0.99999535,True
RUN_132,2026-10-04 00:22:16,UDP_FLOOD,UDP_FLOOD,0.9999943,True
RUN_132,2026-10-04 00:22:17,UDP_FLOOD,UDP_FLOOD,0.99999535,True
RUN_132,2026-10-04 00:22:18,UDP_FLOOD,UDP_FLOOD,0.99999523,True
RUN_132,2026-10-04 00:22:19,UDP_FLOOD,UDP_FLOOD,0.99999535,True
RUN_132,2026-10-04 00:22:20,UDP_FLOOD,UDP_FLOOD,0.9999951,True
RUN_132,2026-10-04 00:22:21,UDP_FLOOD,UDP_FLOOD,0.9999945,True
RUN_132,2026-10-04 00:22:22,UDP_FLOOD,UDP_FLOOD,0.9999933,True
RUN_132,2026-10-04 00:22:23,UDP_FLOOD,UDP_FLOOD,0.9999957,True
RUN_132,2026-10-04 00:22:24,UDP_FLOOD,UDP_FLOOD,0.9999933,True
RUN_132,2026-10-04 00:22:25,UDP_FLOOD,UDP_FLOOD,0.9999956,True
RUN_132,2026-10-04 00:22:26,UDP_FLOOD,UDP_FLOOD,0.99999475,True
RUN_132,2026-10-04 00:22:27,UDP_FLOOD,UDP_FLOOD,0.9999949,True
RUN_132,2026-10-04 00:22:28,UDP_FLOOD,UDP_FLOOD,0.99999404,True
RUN_132,2026-10-04 00:22:29,UDP_FLOOD,UDP_FLOOD,0.99997324,True
RUN_132,2026-10-04 00:22:30,UDP_FLOOD,UDP_FLOOD,0.99999535,True
RUN_132,2026-10-04 00:22:31,UDP_FLOOD,UDP_FLOOD,0.9999817,True
RUN_132,2026-10-04 00:22:32,UDP_FLOOD,UDP_FLOOD,0.9999842,True
RUN_132,2026-10-04 00:22:33,UDP_FLOOD,UDP_FLOOD,0.9999856,True
RUN_132,2026-10-04 00:22:34,UDP_FLOOD,UDP_FLOOD,0.99999154,True
RUN_132,2026-10-04 00:22:35,UDP_FLOOD,UDP_FLOOD,0.9999957,True
RUN_132,2026-10-04 00:22:36,UDP_FLOOD,UDP_FLOOD,0.99999654,True
RUN_132,2026-10-04 00:22:37,UDP_FLOOD,UDP_FLOOD,0.99999714,True
RUN_132,2026-10-04 00:22:38,UDP_FLOOD,UDP_FLOOD,0.99999595,True
RUN_132,2026-10-04 00:22:39,UDP_FLOOD,UDP_FLOOD,0.9999968,True
RUN_132,2026-10-04 00:22:40,UDP_FLOOD,UDP_FLOOD,0.9999974,True
RUN_132,2026-10-04 00:22:41,UDP_FLOOD,UDP_FLOOD,0.99999654,True
RUN_132,2026-10-04 00:22:42,UDP_FLOOD,UDP_FLOOD,0.9999957,True
RUN_132,2026-10-04 00:22:43,UDP_FLOOD,UDP_FLOOD,0.99999523,True
RUN_132,2026-10-04 00:22:44,UDP_FLOOD,UDP_FLOOD,0.99999213,True
RUN_132,2026-10-04 00:22:45,UDP_FLOOD,UDP_FLOOD,0.99999654,True
RUN_132,2026-10-04 00:22:46,UDP_FLOOD,UDP_FLOOD,0.9999962,True
RUN_132,2026-10-04 00:22:47,UDP_FLOOD,UDP_FLOOD,0.99999547,True
RUN_132,2026-10-04 00:22:48,UDP_FLOOD,UDP_FLOOD,0.9999926,True
RUN_132,2026-10-04 00:22:49,UDP_FLOOD,UDP_FLOOD,0.99999297,True
RUN_132,2026-10-04 00:22:50,UDP_FLOOD,UDP_FLOOD,0.9999958,True
RUN_132,2026-10-04 00:22:51,UDP_FLOOD,UDP_FLOOD,0.99999595,True
RUN_132,2026-10-04 00:22:52,UDP_FLOOD,UDP_FLOOD,0.9999945,True
RUN_132,2026-10-04 00:22:53,UDP_FLOOD,UDP_FLOOD,0.9999963,True
RUN_132,2026-10-04 00:22:54,UDP_FLOOD,UDP_FLOOD,0.9999968,True
RUN_132,2026-10-04 00:22:55,UDP_FLOOD,UDP_FLOOD,0.9999054,True
RUN_132,2026-10-04 00:22:56,UDP_FLOOD,UDP_FLOOD,0.99999547,True
RUN_132,2026-10-04 00:22:57,UDP_FLOOD,UDP_FLOOD,0.99999607,True
RUN_132,2026-10-04 00:22:58,UDP_FLOOD,UDP_FLOOD,0.9999811,True
RUN_132,2026-10-04 00:22:59,UDP_FLOOD,UDP_FLOOD,0.9999951,True
RUN_132,2026-10-04 00:23:00,UDP_FLOOD,UDP_FLOOD,0.99999225,True
RUN_132,2026-10-04 00:23:01,UDP_FLOOD,UDP_FLOOD,0.9999957,True
RUN_132,2026-10-04 00:23:02,UDP_FLOOD,UDP_FLOOD,0.9999974,True
RUN_132,2026-10-04 00:23:03,UDP_FLOOD,UDP_FLOOD,0.99999595,True
RUN_132,2026-10-04 00:23:04,UDP_FLOOD,UDP_FLOOD,0.9999964,True
RUN_132,2026-10-04 00:23:05,UDP_FLOOD,UDP_FLOOD,0.9999974,True
RUN_132,2026-10-04 00:23:06,UDP_FLOOD,UDP_FLOOD,0.9999975,True
RUN_132,2026-10-04 00:23:07,UDP_FLOOD,UDP_FLOOD,0.9999962,True
RUN_132,2026-10-04 00:23:08,UDP_FLOOD,UDP_FLOOD,0.9999913,True
RUN_132,2026-10-04 00:23:09,UDP_FLOOD,UDP_FLOOD,0.9999895,True
RUN_132,2026-10-04 00:23:10,UDP_FLOOD,UDP_FLOOD,0.99999666,True
RUN_132,2026-10-04 00:23:11,UDP_FLOOD,UDP_FLOOD,0.9999906,True
RUN_132,2026-10-04 00:23:12,UDP_FLOOD,UDP_FLOOD,0.9999889,True
RUN_132,2026-10-04 00:23:13,UDP_FLOOD,UDP_FLOOD,0.99999666,True
RUN_132,2026-10-04 00:23:14,UDP_FLOOD,UDP_FLOOD,0.9999741,True
RUN_132,2026-10-04 00:23:15,UDP_FLOOD,UDP_FLOOD,0.9999895,True
RUN_132,2026-10-04 00:23:16,UDP_FLOOD,UDP_FLOOD,0.9999768,True
RUN_132,2026-10-04 00:23:17,UDP_FLOOD,UDP_FLOOD,0.9999798,True
RUN_132,2026-10-04 00:23:18,UDP_FLOOD,UDP_FLOOD,0.99999666,True
RUN_132,2026-10-04 00:23:19,UDP_FLOOD,UDP_FLOOD,0.999992,True
RUN_132,2026-10-04 00:23:20,UDP_FLOOD,UDP_FLOOD,0.9999957,True
RUN_132,2026-10-04 00:23:21,UDP_FLOOD,UDP_FLOOD,0.99999785,True
RUN_132,2026-10-04 00:23:22,UDP_FLOOD,UDP_FLOOD,0.99999714,True
RUN_132,2026-10-04 00:23:23,UDP_FLOOD,UDP_FLOOD,0.999995,True
RUN_132,2026-10-04 00:23:24,UDP_FLOOD,UDP_FLOOD,0.9999974,True
RUN_132,2026-10-04 00:23:25,UDP_FLOOD,UDP_FLOOD,0.99999726,True
RUN_132,2026-10-04 00:23:26,UDP_FLOOD,UDP_FLOOD,0.99999034,True
RUN_132,2026-10-04 00:23:27,UDP_FLOOD,UDP_FLOOD,0.9999957,True
RUN_132,2026-10-04 00:23:28,UDP_FLOOD,UDP_FLOOD,0.9999933,True
RUN_132,2026-10-04 00:23:29,UDP_FLOOD,UDP_FLOOD,0.99999213,True
RUN_132,2026-10-04 00:23:30,UDP_FLOOD,UDP_FLOOD,0.99999726,True
RUN_132,2026-10-04 00:23:31,UDP_FLOOD,UDP_FLOOD,0.9999957,True
RUN_132,2026-10-04 00:23:32,UDP_FLOOD,UDP_FLOOD,0.99999523,True
RUN_132,2026-10-04 00:23:33,UDP_FLOOD,UDP_FLOOD,0.9999943,True
RUN_132,2026-10-04 00:23:34,UDP_FLOOD,UDP_FLOOD,0.9999964,True
RUN_132,2026-10-04 00:23:35,UDP_FLOOD,UDP_FLOOD,0.9999949,True
RUN_132,2026-10-04 00:23:36,UDP_FLOOD,UDP_FLOOD,0.9999828,True
RUN_132,2026-10-04 00:23:37,UDP_FLOOD,UDP_FLOOD,0.9999869,True
RUN_132,2026-10-04 00:23:38,UDP_FLOOD,UDP_FLOOD,0.9999836,True
RUN_132,2026-10-04 00:23:39,UDP_FLOOD,UDP_FLOOD,0.9999619,True
RUN_132,2026-10-04 00:23:40,UDP_FLOOD,UDP_FLOOD,0.99993205,True
RUN_132,2026-10-04 00:23:41,UDP_FLOOD,UDP_FLOOD,0.99997014,True
RUN_132,2026-10-04 00:23:42,UDP_FLOOD,UDP_FLOOD,0.9999535,True
RUN_132,2026-10-04 00:23:43,UDP_FLOOD,UDP_FLOOD,0.9999028,True
RUN_132,2026-10-04 00:23:44,UDP_FLOOD,UDP_FLOOD,0.9992842,True
RUN_132,2026-10-04 00:23:45,UDP_FLOOD,UDP_FLOOD,0.99974597,True
RUN_132,2026-10-04 00:23:46,UDP_FLOOD,UDP_FLOOD,0.99806315,True
RUN_132,2026-10-04 00:23:47,UDP_FLOOD,UDP_FLOOD,0.9999908,True
RUN_132,2026-10-04 00:23:48,UDP_FLOOD,UDP_FLOOD,0.9999949,True
RUN_132,2026-10-04 00:23:49,UDP_FLOOD,UDP_FLOOD,0.99999654,True
RUN_132,2026-10-04 00:23:50,UDP_FLOOD,UDP_FLOOD,0.99999654,True
RUN_132,2026-10-04 00:23:51,UDP_FLOOD,UDP_FLOOD,0.9999964,True
RUN_132,2026-10-04 00:23:52,UDP_FLOOD,UDP_FLOOD,0.9999968,True
RUN_132,2026-10-04 00:23:53,UDP_FLOOD,UDP_FLOOD,0.9999963,True
RUN_132,2026-10-04 00:23:54,UDP_FLOOD,UDP_FLOOD,0.999995,True
RUN_132,2026-10-04 00:23:55,UDP_FLOOD,UDP_FLOOD,0.99999523,True
RUN_132,2026-10-04 00:23:56,UDP_FLOOD,UDP_FLOOD,0.99999416,True
RUN_132,2026-10-04 00:23:57,UDP_FLOOD,UDP_FLOOD,0.99999344,True
RUN_132,2026-10-04 00:23:58,UDP_FLOOD,UDP_FLOOD,0.9999901,True
RUN_132,2026-10-04 00:23:59,UDP_FLOOD,UDP_FLOOD,0.9999595,True
RUN_133,2026-10-04 00:24:02,BENIGN,BENIGN,0.99977106,True
RUN_133,2026-10-04 00:24:03,BENIGN,BENIGN,0.9782394,True
RUN_133,2026-10-04 00:24:04,BENIGN,BENIGN,0.99217373,True
RUN_133,2026-10-04 00:24:05,BENIGN,BENIGN,0.98410946,True
RUN_133,2026-10-04 00:24:06,BENIGN,BENIGN,0.99997824,True
RUN_133,2026-10-04 00:24:07,BENIGN,BENIGN,0.9999864,True
RUN_133,2026-10-04 00:24:08,BENIGN,BENIGN,0.99998003,True
RUN_133,2026-10-04 00:24:09,BENIGN,BENIGN,0.9996307,True
RUN_133,2026-10-04 00:24:10,BENIGN,BENIGN,0.9999341,True
RUN_133,2026-10-04 00:24:11,BENIGN,BENIGN,0.9999968,True
RUN_133,2026-10-04 00:24:12,BENIGN,BENIGN,0.99987566,True
RUN_133,2026-10-04 00:24:13,BENIGN,BENIGN,0.99997944,True
RUN_133,2026-10-04 00:24:14,BENIGN,BENIGN,0.9999517,True
RUN_133,2026-10-04 00:24:15,BENIGN,BENIGN,0.99994683,True
RUN_133,2026-10-04 00:24:16,BENIGN,BENIGN,0.9999828,True
RUN_133,2026-10-04 00:24:17,BENIGN,BENIGN,0.9999743,True
RUN_133,2026-10-04 00:24:18,BENIGN,BENIGN,0.9999902,True
RUN_133,2026-10-04 00:24:19,BENIGN,BENIGN,0.99999225,True
RUN_133,2026-10-04 00:24:20,BENIGN,BENIGN,0.9999828,True
RUN_133,2026-10-04 00:24:21,BENIGN,BENIGN,0.99998456,True
RUN_133,2026-10-04 00:24:22,BENIGN,BENIGN,0.99993837,True
RUN_133,2026-10-04 00:24:23,BENIGN,BENIGN,0.9999699,True
RUN_133,2026-10-04 00:24:24,BENIGN,BENIGN,0.9999889,True
RUN_133,2026-10-04 00:24:25,BENIGN,BENIGN,0.99999475,True
RUN_133,2026-10-04 00:24:26,BENIGN,BENIGN,0.9999943,True
RUN_133,2026-10-04 00:24:27,BENIGN,BENIGN,0.9999601,True
RUN_133,2026-10-04 00:24:28,BENIGN,BENIGN,0.9999478,True
RUN_133,2026-10-04 00:24:29,BENIGN,BENIGN,0.99993324,True
RUN_133,2026-10-04 00:24:30,BENIGN,BENIGN,0.9998853,True
RUN_133,2026-10-04 00:24:31,BENIGN,BENIGN,0.99979395,True
RUN_133,2026-10-04 00:24:32,BENIGN,BENIGN,0.9999692,True
RUN_133,2026-10-04 00:24:33,BENIGN,BENIGN,0.999948,True
RUN_133,2026-10-04 00:24:34,BENIGN,BENIGN,0.9999555,True
RUN_133,2026-10-04 00:24:35,BENIGN,BENIGN,0.99900323,True
RUN_133,2026-10-04 00:24:36,BENIGN,BENIGN,0.9980117,True
RUN_133,2026-10-04 00:24:37,BENIGN,BENIGN,0.9420924,True
RUN_133,2026-10-04 00:24:38,BENIGN,BENIGN,0.9420181,True
RUN_133,2026-10-04 00:24:39,BENIGN,BENIGN,0.9945727,True
RUN_133,2026-10-04 00:24:40,BENIGN,BENIGN,0.9996884,True
RUN_133,2026-10-04 00:24:41,BENIGN,BENIGN,0.99988484,True
RUN_133,2026-10-04 00:24:42,BENIGN,BENIGN,0.9999263,True
RUN_133,2026-10-04 00:24:43,BENIGN,BENIGN,0.9883077,True
RUN_133,2026-10-04 00:24:44,BENIGN,BENIGN,0.97935945,True
RUN_133,2026-10-04 00:24:45,BENIGN,BENIGN,0.9998177,True
RUN_133,2026-10-04 00:24:46,BENIGN,BENIGN,0.9999599,True
RUN_133,2026-10-04 00:24:47,BENIGN,BENIGN,0.99999166,True
RUN_133,2026-10-04 00:24:48,BENIGN,BENIGN,0.9999933,True
RUN_133,2026-10-04 00:24:49,BENIGN,BENIGN,0.99999595,True
RUN_133,2026-10-04 00:24:50,BENIGN,BENIGN,0.9999907,True
RUN_133,2026-10-04 00:24:51,BENIGN,BENIGN,0.9999792,True
RUN_133,2026-10-04 00:24:52,BENIGN,BENIGN,0.99998546,True
RUN_133,2026-10-04 00:24:53,BENIGN,BENIGN,0.9999931,True
RUN_133,2026-10-04 00:24:54,BENIGN,BENIGN,0.9999907,True
RUN_133,2026-10-04 00:24:55,BENIGN,BENIGN,0.99999285,True
RUN_133,2026-10-04 00:24:56,BENIGN,BENIGN,0.99999285,True
RUN_133,2026-10-04 00:24:57,BENIGN,BENIGN,0.9999073,True
RUN_133,2026-10-04 00:24:58,BENIGN,BENIGN,0.999946,True
RUN_133,2026-10-04 00:24:59,BENIGN,BENIGN,0.99996907,True
RUN_133,2026-10-04 00:25:00,BENIGN,BENIGN,0.9999925,True
RUN_133,2026-10-04 00:25:01,BENIGN,BENIGN,0.9999968,True
RUN_133,2026-10-04 00:25:02,BENIGN,BENIGN,0.99999726,True
RUN_133,2026-10-04 00:25:03,BENIGN,BENIGN,0.9999779,True
RUN_133,2026-10-04 00:25:04,BENIGN,BENIGN,0.9999949,True
RUN_133,2026-10-04 00:25:05,BENIGN,BENIGN,0.99999714,True
RUN_133,2026-10-04 00:25:06,BENIGN,BENIGN,0.99999785,True
RUN_133,2026-10-04 00:25:07,BENIGN,BENIGN,0.99999607,True
RUN_133,2026-10-04 00:25:08,BENIGN,BENIGN,0.9999863,True
RUN_133,2026-10-04 00:25:09,BENIGN,BENIGN,0.9999812,True
RUN_133,2026-10-04 00:25:10,BENIGN,BENIGN,0.9999343,True
RUN_133,2026-10-04 00:25:11,BENIGN,BENIGN,0.9999737,True
RUN_133,2026-10-04 00:25:12,BENIGN,BENIGN,0.9999279,True
RUN_133,2026-10-04 00:25:13,BENIGN,BENIGN,0.9999441,True
RUN_133,2026-10-04 00:25:14,BENIGN,BENIGN,0.9999836,True
RUN_133,2026-10-04 00:25:15,BENIGN,BENIGN,0.99995977,True
RUN_133,2026-10-04 00:25:16,BENIGN,BENIGN,0.99997526,True
RUN_133,2026-10-04 00:25:17,BENIGN,BENIGN,0.9999856,True
RUN_133,2026-10-04 00:25:18,BENIGN,BENIGN,0.999997,True
RUN_133,2026-10-04 00:25:19,BENIGN,BENIGN,0.9999912,True
RUN_133,2026-10-04 00:25:20,BENIGN,BENIGN,0.99999106,True
RUN_133,2026-10-04 00:25:21,BENIGN,BENIGN,0.9994589,True
RUN_133,2026-10-04 00:25:22,BENIGN,BENIGN,0.99994504,True
RUN_133,2026-10-04 00:25:23,BENIGN,BENIGN,0.9999956,True
RUN_133,2026-10-04 00:25:24,BENIGN,BENIGN,0.9999927,True
RUN_133,2026-10-04 00:25:25,BENIGN,BENIGN,0.99998784,True
RUN_133,2026-10-04 00:25:26,BENIGN,BENIGN,0.9998587,True
RUN_133,2026-10-04 00:25:27,BENIGN,BENIGN,0.99991304,True
RUN_133,2026-10-04 00:25:28,BENIGN,BENIGN,0.99216264,True
RUN_133,2026-10-04 00:25:29,BENIGN,BENIGN,0.9935299,True
RUN_133,2026-10-04 00:25:30,BENIGN,BENIGN,0.9982995,True
RUN_133,2026-10-04 00:25:31,BENIGN,BENIGN,0.99847174,True
RUN_133,2026-10-04 00:25:32,BENIGN,BENIGN,0.9999688,True
RUN_133,2026-10-04 00:25:33,BENIGN,BENIGN,0.9999918,True
RUN_133,2026-10-04 00:25:34,BENIGN,BENIGN,0.99999535,True
RUN_133,2026-10-04 00:25:35,BENIGN,BENIGN,0.9999836,True
RUN_133,2026-10-04 00:25:36,BENIGN,BENIGN,0.99998206,True
RUN_133,2026-10-04 00:25:37,BENIGN,BENIGN,0.9999883,True
RUN_133,2026-10-04 00:25:38,BENIGN,BENIGN,0.99819213,True
RUN_133,2026-10-04 00:25:39,BENIGN,BENIGN,0.99992704,True
RUN_133,2026-10-04 00:25:40,BENIGN,BENIGN,0.99996597,True
RUN_133,2026-10-04 00:25:41,BENIGN,BENIGN,0.9999847,True
RUN_133,2026-10-04 00:25:42,BENIGN,BENIGN,0.99998605,True
RUN_133,2026-10-04 00:25:43,BENIGN,BENIGN,0.99993277,True
RUN_133,2026-10-04 00:25:44,BENIGN,BENIGN,0.9999527,True
RUN_133,2026-10-04 00:25:45,BENIGN,BENIGN,0.99990064,True
RUN_133,2026-10-04 00:25:46,BENIGN,BENIGN,0.9998341,True
RUN_133,2026-10-04 00:25:47,BENIGN,BENIGN,0.9998464,True
RUN_133,2026-10-04 00:25:48,BENIGN,BENIGN,0.9987093,True
RUN_133,2026-10-04 00:25:49,BENIGN,BENIGN,0.9986823,True
RUN_133,2026-10-04 00:25:50,BENIGN,BENIGN,0.99988616,True
RUN_133,2026-10-04 00:25:51,BENIGN,BENIGN,0.9997235,True
RUN_133,2026-10-04 00:25:52,BENIGN,BENIGN,0.9999011,True
RUN_133,2026-10-04 00:25:53,BENIGN,BENIGN,0.99783385,True
RUN_133,2026-10-04 00:25:54,BENIGN,BENIGN,0.9999267,True
RUN_133,2026-10-04 00:25:55,BENIGN,BENIGN,0.8541165,True
RUN_133,2026-10-04 00:25:56,BENIGN,BENIGN,0.99291205,True
RUN_133,2026-10-04 00:25:57,BENIGN,BENIGN,0.9819334,True
RUN_133,2026-10-04 00:25:58,BENIGN,BENIGN,0.9977118,True
RUN_133,2026-10-04 00:25:59,BENIGN,BENIGN,0.99985963,True
RUN_142,2026-10-04 00:42:02,BENIGN,BENIGN,0.9887632,True
RUN_142,2026-10-04 00:42:03,BENIGN,BENIGN,0.99915373,True
RUN_142,2026-10-04 00:42:04,BENIGN,BENIGN,0.99977237,True
RUN_142,2026-10-04 00:42:05,BENIGN,BENIGN,0.9997666,True
RUN_142,2026-10-04 00:42:06,BENIGN,BENIGN,0.99819285,True
RUN_142,2026-10-04 00:42:07,BENIGN,BENIGN,0.99984103,True
RUN_142,2026-10-04 00:42:08,BENIGN,BENIGN,0.99996203,True
RUN_142,2026-10-04 00:42:09,BENIGN,BENIGN,0.9998653,True
RUN_142,2026-10-04 00:42:10,BENIGN,BENIGN,0.9995824,True
RUN_142,2026-10-04 00:42:11,BENIGN,BENIGN,0.9994058,True
RUN_142,2026-10-04 00:42:12,BENIGN,BENIGN,0.99993134,True
RUN_142,2026-10-04 00:42:13,BENIGN,BENIGN,0.9952502,True
RUN_142,2026-10-04 00:42:14,BENIGN,BENIGN,0.98532313,True
RUN_142,2026-10-04 00:42:15,BENIGN,BENIGN,0.9699659,True
RUN_142,2026-10-04 00:42:16,BENIGN,BENIGN,0.99711704,True
RUN_142,2026-10-04 00:42:17,BENIGN,BENIGN,0.999847,True
RUN_142,2026-10-04 00:42:18,BENIGN,BENIGN,0.9999449,True
RUN_142,2026-10-04 00:42:19,BENIGN,BENIGN,0.9999581,True
RUN_142,2026-10-04 00:42:20,BENIGN,BENIGN,0.9999066,True
RUN_142,2026-10-04 00:42:21,BENIGN,BENIGN,0.99997455,True
RUN_142,2026-10-04 00:42:22,BENIGN,BENIGN,0.9999906,True
RUN_142,2026-10-04 00:42:23,BENIGN,BENIGN,0.99999654,True
RUN_142,2026-10-04 00:42:24,BENIGN,BENIGN,0.99999654,True
RUN_142,2026-10-04 00:42:25,BENIGN,BENIGN,0.9999632,True
RUN_142,2026-10-04 00:42:26,BENIGN,BENIGN,0.9999889,True
RUN_142,2026-10-04 00:42:27,BENIGN,BENIGN,0.9999931,True
RUN_142,2026-10-04 00:42:28,BENIGN,BENIGN,0.999997,True
RUN_142,2026-10-04 00:42:29,BENIGN,BENIGN,0.99999464,True
RUN_142,2026-10-04 00:42:30,BENIGN,BENIGN,0.9999829,True
RUN_142,2026-10-04 00:42:31,BENIGN,BENIGN,0.9999889,True
RUN_142,2026-10-04 00:42:32,BENIGN,BENIGN,0.9998571,True
RUN_142,2026-10-04 00:42:33,BENIGN,BENIGN,0.9998877,True
RUN_142,2026-10-04 00:42:34,BENIGN,BENIGN,0.9998489,True
RUN_142,2026-10-04 00:42:35,BENIGN,BENIGN,0.99808484,True
RUN_142,2026-10-04 00:42:36,BENIGN,BENIGN,0.9994344,True
RUN_142,2026-10-04 00:42:37,BENIGN,BENIGN,0.9995811,True
RUN_142,2026-10-04 00:42:38,BENIGN,BENIGN,0.9999735,True
RUN_142,2026-10-04 00:42:39,BENIGN,BENIGN,0.9999454,True
RUN_142,2026-10-04 00:42:40,BENIGN,BENIGN,0.9999893,True
RUN_142,2026-10-04 00:42:41,BENIGN,BENIGN,0.99999607,True
RUN_142,2026-10-04 00:42:42,BENIGN,BENIGN,0.99999213,True
RUN_142,2026-10-04 00:42:43,BENIGN,BENIGN,0.99999535,True
RUN_142,2026-10-04 00:42:44,BENIGN,BENIGN,0.9999963,True
RUN_142,2026-10-04 00:42:45,BENIGN,BENIGN,0.9999963,True
RUN_142,2026-10-04 00:42:46,BENIGN,BENIGN,0.99996907,True
RUN_142,2026-10-04 00:42:47,BENIGN,BENIGN,0.9819804,True
RUN_142,2026-10-04 00:42:48,BENIGN,BENIGN,0.96521837,True
RUN_142,2026-10-04 00:42:49,BENIGN,BENIGN,0.9978477,True
RUN_142,2026-10-04 00:42:50,BENIGN,BENIGN,0.9998778,True
RUN_142,2026-10-04 00:42:51,BENIGN,BENIGN,0.9997463,True
RUN_142,2026-10-04 00:42:52,BENIGN,BENIGN,0.9992565,True
RUN_142,2026-10-04 00:42:53,BENIGN,BENIGN,0.999521,True
RUN_142,2026-10-04 00:42:54,BENIGN,BENIGN,0.9997106,True
RUN_142,2026-10-04 00:42:55,BENIGN,BENIGN,0.99996763,True
RUN_142,2026-10-04 00:42:56,BENIGN,BENIGN,0.9998353,True
RUN_142,2026-10-04 00:42:57,BENIGN,BENIGN,0.99976575,True
RUN_142,2026-10-04 00:42:58,BENIGN,BENIGN,0.99687517,True
RUN_142,2026-10-04 00:42:59,BENIGN,BENIGN,0.99443763,True
RUN_142,2026-10-04 00:43:00,BENIGN,BENIGN,0.98530793,True
RUN_142,2026-10-04 00:43:01,BENIGN,BENIGN,0.8775131,True
RUN_142,2026-10-04 00:43:02,BENIGN,BENIGN,0.9822947,True
RUN_142,2026-10-04 00:43:03,BENIGN,BENIGN,0.9996645,True
RUN_142,2026-10-04 00:43:04,BENIGN,BENIGN,0.99997455,True
RUN_142,2026-10-04 00:43:05,BENIGN,BENIGN,0.999941,True
RUN_142,2026-10-04 00:43:06,BENIGN,BENIGN,0.9999847,True
RUN_142,2026-10-04 00:43:07,BENIGN,BENIGN,0.99999154,True
RUN_142,2026-10-04 00:43:08,BENIGN,BENIGN,0.99998856,True
RUN_142,2026-10-04 00:43:09,BENIGN,BENIGN,0.99999166,True
RUN_142,2026-10-04 00:43:10,BENIGN,BENIGN,0.99999356,True
RUN_142,2026-10-04 00:43:11,BENIGN,BENIGN,0.9999968,True
RUN_142,2026-10-04 00:43:12,BENIGN,BENIGN,0.9999937,True
RUN_142,2026-10-04 00:43:13,BENIGN,BENIGN,0.99995065,True
RUN_142,2026-10-04 00:43:14,BENIGN,BENIGN,0.99989384,True
RUN_142,2026-10-04 00:43:15,BENIGN,BENIGN,0.9919327,True
RUN_142,2026-10-04 00:43:16,BENIGN,BENIGN,0.980834,True
RUN_142,2026-10-04 00:43:17,BENIGN,BENIGN,0.95881754,True
RUN_142,2026-10-04 00:43:18,BENIGN,BENIGN,0.98407865,True
RUN_142,2026-10-04 00:43:19,BENIGN,BENIGN,0.99848545,True
RUN_142,2026-10-04 00:43:20,BENIGN,BENIGN,0.9932296,True
RUN_142,2026-10-04 00:43:21,BENIGN,BENIGN,0.99989635,True
RUN_142,2026-10-04 00:43:22,BENIGN,BENIGN,0.9999474,True
RUN_142,2026-10-04 00:43:23,BENIGN,BENIGN,0.9999436,True
RUN_142,2026-10-04 00:43:24,BENIGN,BENIGN,0.99996024,True
RUN_142,2026-10-04 00:43:25,BENIGN,BENIGN,0.99982226,True
RUN_142,2026-10-04 00:43:26,BENIGN,BENIGN,0.99997216,True
RUN_142,2026-10-04 00:43:27,BENIGN,BENIGN,0.99957633,True
RUN_142,2026-10-04 00:43:28,BENIGN,BENIGN,0.9999347,True
RUN_142,2026-10-04 00:43:29,BENIGN,BENIGN,0.7135659,True
RUN_142,2026-10-04 00:43:30,BENIGN,BENIGN,0.9105342,True
RUN_142,2026-10-04 00:43:31,BENIGN,BENIGN,0.5610985,True
RUN_142,2026-10-04 00:43:32,BENIGN,BENIGN,0.99963725,True
RUN_142,2026-10-04 00:43:33,BENIGN,BENIGN,0.99995965,True
RUN_142,2026-10-04 00:43:34,BENIGN,BENIGN,0.99994195,True
RUN_142,2026-10-04 00:43:35,BENIGN,BENIGN,0.99983233,True
RUN_142,2026-10-04 00:43:36,BENIGN,BENIGN,0.9995768,True
RUN_142,2026-10-04 00:43:37,BENIGN,BENIGN,0.9997205,True
RUN_142,2026-10-04 00:43:38,BENIGN,BENIGN,0.99858356,True
RUN_142,2026-10-04 00:43:39,BENIGN,BENIGN,0.9856709,True
RUN_142,2026-10-04 00:43:40,BENIGN,BENIGN,0.92624754,True
RUN_142,2026-10-04 00:43:41,BENIGN,BENIGN,0.99656594,True
RUN_142,2026-10-04 00:43:42,BENIGN,BENIGN,0.99966246,True
RUN_142,2026-10-04 00:43:43,BENIGN,BENIGN,0.9998312,True
RUN_142,2026-10-04 00:43:44,BENIGN,BENIGN,0.9998328,True
RUN_142,2026-10-04 00:43:45,BENIGN,BENIGN,0.99988174,True
RUN_142,2026-10-04 00:43:46,BENIGN,BENIGN,0.9999443,True
RUN_142,2026-10-04 00:43:47,BENIGN,BENIGN,0.9995344,True
RUN_142,2026-10-04 00:43:48,BENIGN,BENIGN,0.99623084,True
RUN_142,2026-10-04 00:43:49,BENIGN,BENIGN,0.98005337,True
RUN_142,2026-10-04 00:43:50,BENIGN,BENIGN,0.99813336,True
RUN_142,2026-10-04 00:43:51,BENIGN,BENIGN,0.999146,True
RUN_142,2026-10-04 00:43:52,BENIGN,BENIGN,0.99943864,True
RUN_142,2026-10-04 00:43:53,BENIGN,BENIGN,0.9998426,True
RUN_142,2026-10-04 00:43:54,BENIGN,BENIGN,0.99985474,True
RUN_142,2026-10-04 00:43:55,BENIGN,BENIGN,0.99985784,True
RUN_142,2026-10-04 00:43:56,BENIGN,BENIGN,0.99998784,True
RUN_142,2026-10-04 00:43:57,BENIGN,BENIGN,0.9999907,True
RUN_142,2026-10-04 00:43:58,BENIGN,BENIGN,0.99998975,True
RUN_142,2026-10-04 00:43:59,BENIGN,BENIGN,0.99988675,True
RUN_144,2026-10-04 00:46:02,BENIGN,BENIGN,0.99968183,True
RUN_144,2026-10-04 00:46:03,BENIGN,BENIGN,0.998578,True
RUN_144,2026-10-04 00:46:04,BENIGN,BENIGN,0.9988821,True
RUN_144,2026-10-04 00:46:05,BENIGN,BENIGN,0.9998832,True
RUN_144,2026-10-04 00:46:06,BENIGN,BENIGN,0.99823964,True
RUN_144,2026-10-04 00:46:07,BENIGN,BENIGN,0.9993416,True
RUN_144,2026-10-04 00:46:08,BENIGN,BENIGN,0.99271464,True
RUN_144,2026-10-04 00:46:09,BENIGN,BENIGN,0.9997317,True
RUN_144,2026-10-04 00:46:10,BENIGN,BENIGN,0.9999522,True
RUN_144,2026-10-04 00:46:11,BENIGN,BENIGN,0.9997979,True
RUN_144,2026-10-04 00:46:12,BENIGN,BENIGN,0.9999274,True
RUN_144,2026-10-04 00:46:13,BENIGN,BENIGN,0.99987924,True
RUN_144,2026-10-04 00:46:14,BENIGN,BENIGN,0.99982226,True
RUN_144,2026-10-04 00:46:15,BENIGN,BENIGN,0.99994314,True
RUN_144,2026-10-04 00:46:16,BENIGN,BENIGN,0.9999781,True
RUN_144,2026-10-04 00:46:17,BENIGN,BENIGN,0.9999341,True
RUN_144,2026-10-04 00:46:18,BENIGN,BENIGN,0.99998206,True
RUN_144,2026-10-04 00:46:19,BENIGN,BENIGN,0.9998864,True
RUN_144,2026-10-04 00:46:20,BENIGN,BENIGN,0.9999779,True
RUN_144,2026-10-04 00:46:21,BENIGN,BENIGN,0.9999312,True
RUN_144,2026-10-04 00:46:22,BENIGN,BENIGN,0.9996939,True
RUN_144,2026-10-04 00:46:23,BENIGN,BENIGN,0.9989818,True
RUN_144,2026-10-04 00:46:24,BENIGN,BENIGN,0.998101,True
RUN_144,2026-10-04 00:46:25,BENIGN,BENIGN,0.9997566,True
RUN_144,2026-10-04 00:46:26,BENIGN,BENIGN,0.99991006,True
RUN_144,2026-10-04 00:46:27,BENIGN,BENIGN,0.99617773,True
RUN_144,2026-10-04 00:46:28,BENIGN,BENIGN,0.9928041,True
RUN_144,2026-10-04 00:46:29,BENIGN,BENIGN,0.99959296,True
RUN_144,2026-10-04 00:46:30,BENIGN,BENIGN,0.9999712,True
RUN_144,2026-10-04 00:46:31,BENIGN,BENIGN,0.9999712,True
RUN_144,2026-10-04 00:46:32,BENIGN,BENIGN,0.9999704,True
RUN_144,2026-10-04 00:46:33,BENIGN,BENIGN,0.99993646,True
RUN_144,2026-10-04 00:46:34,BENIGN,BENIGN,0.9986414,True
RUN_144,2026-10-04 00:46:35,BENIGN,BENIGN,0.98507565,True
RUN_144,2026-10-04 00:46:36,BENIGN,BENIGN,0.91399777,True
RUN_144,2026-10-04 00:46:37,BENIGN,BENIGN,0.9841179,True
RUN_144,2026-10-04 00:46:38,BENIGN,BENIGN,0.99909943,True
RUN_144,2026-10-04 00:46:39,BENIGN,BENIGN,0.9999236,True
RUN_144,2026-10-04 00:46:40,BENIGN,BENIGN,0.9999638,True
RUN_144,2026-10-04 00:46:41,BENIGN,BENIGN,0.9999766,True
RUN_144,2026-10-04 00:46:42,BENIGN,BENIGN,0.9999741,True
RUN_144,2026-10-04 00:46:43,BENIGN,BENIGN,0.9999851,True
RUN_144,2026-10-04 00:46:44,BENIGN,BENIGN,0.99998194,True
RUN_144,2026-10-04 00:46:45,BENIGN,BENIGN,0.9999857,True
RUN_144,2026-10-04 00:46:46,BENIGN,BENIGN,0.9999586,True
RUN_144,2026-10-04 00:46:47,BENIGN,BENIGN,0.9995908,True
RUN_144,2026-10-04 00:46:48,BENIGN,BENIGN,0.9995849,True
RUN_144,2026-10-04 00:46:49,BENIGN,BENIGN,0.99983746,True
RUN_144,2026-10-04 00:46:50,BENIGN,BENIGN,0.99970424,True
RUN_144,2026-10-04 00:46:51,BENIGN,BENIGN,0.9998125,True
RUN_144,2026-10-04 00:46:52,BENIGN,BENIGN,0.9997659,True
RUN_144,2026-10-04 00:46:53,BENIGN,BENIGN,0.9995888,True
RUN_144,2026-10-04 00:46:54,BENIGN,BENIGN,0.99602234,True
RUN_144,2026-10-04 00:46:55,BENIGN,BENIGN,0.9977943,True
RUN_144,2026-10-04 00:46:56,BENIGN,BENIGN,0.99982595,True
RUN_144,2026-10-04 00:46:57,BENIGN,BENIGN,0.997511,True
RUN_144,2026-10-04 00:46:58,BENIGN,BENIGN,0.99971443,True
RUN_144,2026-10-04 00:46:59,BENIGN,BENIGN,0.9987843,True
RUN_144,2026-10-04 00:47:00,BENIGN,BENIGN,0.9999286,True
RUN_144,2026-10-04 00:47:01,BENIGN,BENIGN,0.99532765,True
RUN_144,2026-10-04 00:47:02,BENIGN,BENIGN,0.9991242,True
RUN_144,2026-10-04 00:47:03,BENIGN,BENIGN,0.99993646,True
RUN_144,2026-10-04 00:47:04,BENIGN,BENIGN,0.99974644,True
RUN_144,2026-10-04 00:47:05,BENIGN,BENIGN,0.99695253,True
RUN_144,2026-10-04 00:47:06,BENIGN,BENIGN,0.9996688,True
RUN_144,2026-10-04 00:47:07,BENIGN,BENIGN,0.9999756,True
RUN_144,2026-10-04 00:47:08,BENIGN,BENIGN,0.99998784,True
RUN_144,2026-10-04 00:47:09,BENIGN,BENIGN,0.9999949,True
RUN_144,2026-10-04 00:47:10,BENIGN,BENIGN,0.99999297,True
RUN_144,2026-10-04 00:47:11,BENIGN,BENIGN,0.99999547,True
RUN_144,2026-10-04 00:47:12,BENIGN,BENIGN,0.9999894,True
RUN_144,2026-10-04 00:47:13,BENIGN,BENIGN,0.9999797,True
RUN_144,2026-10-04 00:47:14,BENIGN,BENIGN,0.999921,True
RUN_144,2026-10-04 00:47:15,BENIGN,BENIGN,0.99938524,True
RUN_144,2026-10-04 00:47:16,BENIGN,BENIGN,0.9998453,True
RUN_144,2026-10-04 00:47:17,BENIGN,BENIGN,0.9999862,True
RUN_144,2026-10-04 00:47:18,BENIGN,BENIGN,0.9999467,True
RUN_144,2026-10-04 00:47:19,BENIGN,BENIGN,0.9995304,True
RUN_144,2026-10-04 00:47:20,BENIGN,BENIGN,0.9901697,True
RUN_144,2026-10-04 00:47:21,BENIGN,BENIGN,0.9975506,True
RUN_144,2026-10-04 00:47:22,BENIGN,BENIGN,0.99916977,True
RUN_144,2026-10-04 00:47:23,BENIGN,BENIGN,0.9988457,True
RUN_144,2026-10-04 00:47:24,BENIGN,BENIGN,0.9998231,True
RUN_144,2026-10-04 00:47:25,BENIGN,BENIGN,0.99935025,True
RUN_144,2026-10-04 00:47:26,BENIGN,BENIGN,0.98901606,True
RUN_144,2026-10-04 00:47:27,BENIGN,BENIGN,0.9953844,True
RUN_144,2026-10-04 00:47:28,BENIGN,BENIGN,0.99165815,True
RUN_144,2026-10-04 00:47:29,BENIGN,BENIGN,0.9269206,True
RUN_144,2026-10-04 00:47:30,BENIGN,BENIGN,0.94599926,True
RUN_144,2026-10-04 00:47:31,BENIGN,BENIGN,0.99847865,True
RUN_144,2026-10-04 00:47:32,BENIGN,BENIGN,0.9999657,True
RUN_144,2026-10-04 00:47:33,BENIGN,BENIGN,0.9999436,True
RUN_144,2026-10-04 00:47:34,BENIGN,BENIGN,0.9864236,True
RUN_144,2026-10-04 00:47:35,BENIGN,BENIGN,0.9898631,True
RUN_144,2026-10-04 00:47:36,BENIGN,BENIGN,0.9659144,True
RUN_144,2026-10-04 00:47:37,BENIGN,BENIGN,0.99933517,True
RUN_144,2026-10-04 00:47:38,BENIGN,BENIGN,0.9998839,True
RUN_144,2026-10-04 00:47:39,BENIGN,BENIGN,0.9997806,True
RUN_144,2026-10-04 00:47:40,BENIGN,BENIGN,0.9997205,True
RUN_144,2026-10-04 00:47:41,BENIGN,BENIGN,0.99991995,True
RUN_144,2026-10-04 00:47:42,BENIGN,BENIGN,0.99912435,True
RUN_144,2026-10-04 00:47:43,BENIGN,BENIGN,0.9989235,True
RUN_144,2026-10-04 00:47:44,BENIGN,BENIGN,0.99976575,True
RUN_144,2026-10-04 00:47:45,BENIGN,BENIGN,0.9999761,True
RUN_144,2026-10-04 00:47:46,BENIGN,BENIGN,0.9999958,True
RUN_144,2026-10-04 00:47:47,BENIGN,BENIGN,0.9999963,True
RUN_144,2026-10-04 00:47:48,BENIGN,BENIGN,0.9999962,True
RUN_144,2026-10-04 00:47:49,BENIGN,BENIGN,0.9999945,True
RUN_144,2026-10-04 00:47:50,BENIGN,BENIGN,0.99990064,True
RUN_144,2026-10-04 00:47:51,BENIGN,BENIGN,0.99997145,True
RUN_144,2026-10-04 00:47:52,BENIGN,BENIGN,0.9993348,True
RUN_144,2026-10-04 00:47:53,BENIGN,BENIGN,0.99032384,True
RUN_144,2026-10-04 00:47:54,BENIGN,BENIGN,0.98586607,True
RUN_144,2026-10-04 00:47:55,BENIGN,BENIGN,0.9996923,True
RUN_144,2026-10-04 00:47:56,BENIGN,BENIGN,0.9999423,True
RUN_144,2026-10-04 00:47:57,BENIGN,BENIGN,0.9999773,True
RUN_144,2026-10-04 00:47:58,BENIGN,BENIGN,0.999975,True
RUN_144,2026-10-04 00:47:59,BENIGN,BENIGN,0.99871516,True
RUN_146,2026-10-04 00:50:02,BENIGN,BENIGN,0.9999876,True
RUN_146,2026-10-04 00:50:03,BENIGN,BENIGN,0.9999893,True
RUN_146,2026-10-04 00:50:04,BENIGN,BENIGN,0.99987376,True
RUN_146,2026-10-04 00:50:05,BENIGN,BENIGN,0.99723315,True
RUN_146,2026-10-04 00:50:06,BENIGN,BENIGN,0.9809283,True
RUN_146,2026-10-04 00:50:07,BENIGN,BENIGN,0.9968497,True
RUN_146,2026-10-04 00:50:08,BENIGN,BENIGN,0.9998754,True
RUN_146,2026-10-04 00:50:09,BENIGN,BENIGN,0.99987054,True
RUN_146,2026-10-04 00:50:10,BENIGN,BENIGN,0.9997218,True
RUN_146,2026-10-04 00:50:11,BENIGN,BENIGN,0.99925196,True
RUN_146,2026-10-04 00:50:12,BENIGN,BENIGN,0.9990138,True
RUN_146,2026-10-04 00:50:13,BENIGN,BENIGN,0.9994974,True
RUN_146,2026-10-04 00:50:14,BENIGN,BENIGN,0.999133,True
RUN_146,2026-10-04 00:50:15,BENIGN,BENIGN,0.9966976,True
RUN_146,2026-10-04 00:50:16,BENIGN,BENIGN,0.9999061,True
RUN_146,2026-10-04 00:50:17,BENIGN,BENIGN,0.999925,True
RUN_146,2026-10-04 00:50:18,BENIGN,BENIGN,0.9995836,True
RUN_146,2026-10-04 00:50:19,BENIGN,BENIGN,0.9980469,True
RUN_146,2026-10-04 00:50:20,BENIGN,BENIGN,0.99993193,True
RUN_146,2026-10-04 00:50:21,BENIGN,BENIGN,0.99996346,True
RUN_146,2026-10-04 00:50:22,BENIGN,BENIGN,0.99993455,True
RUN_146,2026-10-04 00:50:23,BENIGN,BENIGN,0.9999023,True
RUN_146,2026-10-04 00:50:24,BENIGN,BENIGN,0.99996287,True
RUN_146,2026-10-04 00:50:25,BENIGN,BENIGN,0.99997276,True
RUN_146,2026-10-04 00:50:26,BENIGN,BENIGN,0.9990902,True
RUN_146,2026-10-04 00:50:27,BENIGN,BENIGN,0.999898,True
RUN_146,2026-10-04 00:50:28,BENIGN,BENIGN,0.9997385,True
RUN_146,2026-10-04 00:50:29,BENIGN,BENIGN,0.9999642,True
RUN_146,2026-10-04 00:50:30,BENIGN,BENIGN,0.999954,True
RUN_146,2026-10-04 00:50:31,BENIGN,BENIGN,0.99990314,True
RUN_146,2026-10-04 00:50:32,BENIGN,BENIGN,0.9979412,True
RUN_146,2026-10-04 00:50:33,BENIGN,BENIGN,0.9790379,True
RUN_146,2026-10-04 00:50:34,BENIGN,BENIGN,0.87950534,True
RUN_146,2026-10-04 00:50:35,BENIGN,BENIGN,0.9767548,True
RUN_146,2026-10-04 00:50:36,BENIGN,BENIGN,0.99149036,True
RUN_146,2026-10-04 00:50:37,BENIGN,BENIGN,0.98945844,True
RUN_146,2026-10-04 00:50:38,BENIGN,BENIGN,0.9977492,True
RUN_146,2026-10-04 00:50:39,BENIGN,BENIGN,0.9994287,True
RUN_146,2026-10-04 00:50:40,BENIGN,BENIGN,0.9996289,True
RUN_146,2026-10-04 00:50:41,BENIGN,BENIGN,0.9982202,True
RUN_146,2026-10-04 00:50:42,BENIGN,BENIGN,0.99974966,True
RUN_146,2026-10-04 00:50:43,BENIGN,BENIGN,0.9963332,True
RUN_146,2026-10-04 00:50:44,BENIGN,ICMP_FLOOD,0.4801156,False
RUN_146,2026-10-04 00:50:45,BENIGN,BENIGN,0.7847541,True
RUN_146,2026-10-04 00:50:46,BENIGN,BENIGN,0.8700404,True
RUN_146,2026-10-04 00:50:47,BENIGN,BENIGN,0.9811048,True
RUN_146,2026-10-04 00:50:48,BENIGN,BENIGN,0.9744565,True
RUN_146,2026-10-04 00:50:49,BENIGN,BENIGN,0.9962064,True
RUN_146,2026-10-04 00:50:50,BENIGN,BENIGN,0.9388035,True
RUN_146,2026-10-04 00:50:51,BENIGN,BENIGN,0.999963,True
RUN_146,2026-10-04 00:50:52,BENIGN,BENIGN,0.99987257,True
RUN_146,2026-10-04 00:50:53,BENIGN,BENIGN,0.9998959,True
RUN_146,2026-10-04 00:50:54,BENIGN,BENIGN,0.9999237,True
RUN_146,2026-10-04 00:50:55,BENIGN,BENIGN,0.99980235,True
RUN_146,2026-10-04 00:50:56,BENIGN,BENIGN,0.99977297,True
RUN_146,2026-10-04 00:50:57,BENIGN,BENIGN,0.9996068,True
RUN_146,2026-10-04 00:50:58,BENIGN,BENIGN,0.9991203,True
RUN_146,2026-10-04 00:50:59,BENIGN,BENIGN,0.99996966,True
RUN_146,2026-10-04 00:51:00,BENIGN,BENIGN,0.99989504,True
RUN_146,2026-10-04 00:51:01,BENIGN,BENIGN,0.99760365,True
RUN_146,2026-10-04 00:51:02,BENIGN,BENIGN,0.97928095,True
RUN_146,2026-10-04 00:51:03,BENIGN,BENIGN,0.9990169,True
RUN_146,2026-10-04 00:51:04,BENIGN,BENIGN,0.9998251,True
RUN_146,2026-10-04 00:51:05,BENIGN,BENIGN,0.99986,True
RUN_146,2026-10-04 00:51:06,BENIGN,BENIGN,0.9999086,True
RUN_146,2026-10-04 00:51:07,BENIGN,BENIGN,0.99996465,True
RUN_146,2026-10-04 00:51:08,BENIGN,BENIGN,0.99971265,True
RUN_146,2026-10-04 00:51:09,BENIGN,BENIGN,0.8718593,True
RUN_146,2026-10-04 00:51:10,BENIGN,BENIGN,0.97951216,True
RUN_146,2026-10-04 00:51:11,BENIGN,BENIGN,0.99926424,True
RUN_146,2026-10-04 00:51:12,BENIGN,BENIGN,0.99997467,True
RUN_146,2026-10-04 00:51:13,BENIGN,BENIGN,0.99995846,True
RUN_146,2026-10-04 00:51:14,BENIGN,BENIGN,0.9999761,True
RUN_146,2026-10-04 00:51:15,BENIGN,BENIGN,0.99998456,True
RUN_146,2026-10-04 00:51:16,BENIGN,BENIGN,0.9999914,True
RUN_146,2026-10-04 00:51:17,BENIGN,BENIGN,0.99999356,True
RUN_146,2026-10-04 00:51:18,BENIGN,BENIGN,0.99999285,True
RUN_146,2026-10-04 00:51:19,BENIGN,BENIGN,0.99998856,True
RUN_146,2026-10-04 00:51:20,BENIGN,BENIGN,0.9999243,True
RUN_146,2026-10-04 00:51:21,BENIGN,BENIGN,0.9996363,True
RUN_146,2026-10-04 00:51:22,BENIGN,BENIGN,0.99970174,True
RUN_146,2026-10-04 00:51:23,BENIGN,BENIGN,0.9997187,True
RUN_146,2026-10-04 00:51:24,BENIGN,BENIGN,0.99995595,True
RUN_146,2026-10-04 00:51:25,BENIGN,BENIGN,0.99996537,True
RUN_146,2026-10-04 00:51:26,BENIGN,BENIGN,0.9999919,True
RUN_146,2026-10-04 00:51:27,BENIGN,BENIGN,0.99997646,True
RUN_146,2026-10-04 00:51:28,BENIGN,BENIGN,0.9997367,True
RUN_146,2026-10-04 00:51:29,BENIGN,BENIGN,0.9995588,True
RUN_146,2026-10-04 00:51:30,BENIGN,BENIGN,0.9999141,True
RUN_146,2026-10-04 00:51:31,BENIGN,BENIGN,0.9999877,True
RUN_146,2026-10-04 00:51:32,BENIGN,BENIGN,0.99999213,True
RUN_146,2026-10-04 00:51:33,BENIGN,BENIGN,0.9999869,True
RUN_146,2026-10-04 00:51:34,BENIGN,BENIGN,0.99999404,True
RUN_146,2026-10-04 00:51:35,BENIGN,BENIGN,0.99792933,True
RUN_146,2026-10-04 00:51:36,BENIGN,BENIGN,0.992429,True
RUN_146,2026-10-04 00:51:37,BENIGN,BENIGN,0.8763388,True
RUN_146,2026-10-04 00:51:38,BENIGN,BENIGN,0.9986073,True
RUN_146,2026-10-04 00:51:39,BENIGN,BENIGN,0.9999588,True
RUN_146,2026-10-04 00:51:40,BENIGN,BENIGN,0.9999116,True
RUN_146,2026-10-04 00:51:41,BENIGN,BENIGN,0.9999085,True
RUN_146,2026-10-04 00:51:42,BENIGN,BENIGN,0.9998666,True
RUN_146,2026-10-04 00:51:43,BENIGN,BENIGN,0.99990445,True
RUN_146,2026-10-04 00:51:44,BENIGN,BENIGN,0.9989712,True
RUN_146,2026-10-04 00:51:45,BENIGN,BENIGN,0.99829555,True
RUN_146,2026-10-04 00:51:46,BENIGN,BENIGN,0.998716,True
RUN_146,2026-10-04 00:51:47,BENIGN,BENIGN,0.5462338,True
RUN_146,2026-10-04 00:51:48,BENIGN,BENIGN,0.9820613,True
RUN_146,2026-10-04 00:51:49,BENIGN,BENIGN,0.6285477,True
RUN_146,2026-10-04 00:51:50,BENIGN,BENIGN,0.99996537,True
RUN_146,2026-10-04 00:51:51,BENIGN,BENIGN,0.9999017,True
RUN_146,2026-10-04 00:51:52,BENIGN,BENIGN,0.99987864,True
RUN_146,2026-10-04 00:51:53,BENIGN,BENIGN,0.99873066,True
RUN_146,2026-10-04 00:51:54,BENIGN,BENIGN,0.99973315,True
RUN_146,2026-10-04 00:51:55,BENIGN,BENIGN,0.99957585,True
RUN_146,2026-10-04 00:51:56,BENIGN,BENIGN,0.9988796,True
RUN_146,2026-10-04 00:51:57,BENIGN,BENIGN,0.98562473,True
RUN_146,2026-10-04 00:51:58,BENIGN,BENIGN,0.99961287,True
RUN_146,2026-10-04 00:51:59,BENIGN,BENIGN,0.9999811,True
