run_id,timestamp,true_label,predicted_label,confidence,correct
RUN_010,2026-10-03 20:18:04,BENIGN,BENIGN,0.9999767,True
RUN_010,2026-10-03 20:18:05,BENIGN,BENIGN,0.99999726,True
RUN_010,2026-10-03 20:18:06,BENIGN,BENIGN,0.9999993,True
RUN_010,2026-10-03 20:18:07,BENIGN,BENIGN,0.99999976,True
RUN_010,2026-10-03 20:18:08,BENIGN,BENIGN,0.99999857,True
RUN_010,2026-10-03 20:18:09,BENIGN,BENIGN,0.9999995,True
RUN_010,2026-10-03 20:18:10,BENIGN,BENIGN,0.9999994,True
RUN_010,2026-10-03 20:18:11,BENIGN,BENIGN,0.99999976,True
RUN_010,2026-10-03 20:18:12,BENIGN,BENIGN,0.99999964,True
RUN_010,2026-10-03 20:18:13,BENIGN,BENIGN,0.99999595,True
RUN_010,2026-10-03 20:18:14,BENIGN,BENIGN,0.9999995,True
RUN_010,2026-10-03 20:18:15,BENIGN,BENIGN,0.9999995,True
RUN_010,2026-10-03 20:18:16,BENIGN,BENIGN,0.999987,True
RUN_010,2026-10-03 20:18:17,BENIGN,BENIGN,0.99999917,True
RUN_010,2026-10-03 20:18:18,BENIGN,BENIGN,0.99999905,True
RUN_010,2026-10-03 20:18:19,BENIGN,BENIGN,0.9999937,True
RUN_010,2026-10-03 20:18:20,BENIGN,BENIGN,0.99999976,True
RUN_010,2026-10-03 20:18:21,BENIGN,BENIGN,0.99999964,True
RUN_010,2026-10-03 20:18:22,BENIGN,BENIGN,0.99999964,True
RUN_010,2026-10-03 20:18:23,BENIGN,BENIGN,0.9999999,True
RUN_010,2026-10-03 20:18:24,BENIGN,BENIGN,0.9999999,True
RUN_010,2026-10-03 20:18:25,BENIGN,BENIGN,0.99999976,True
RUN_010,2026-10-03 20:18:26,BENIGN,BENIGN,0.99999976,True
RUN_010,2026-10-03 20:18:27,BENIGN,BENIGN,0.9999999,True
RUN_010,2026-10-03 20:18:28,BENIGN,BENIGN,0.9999999,True
RUN_010,2026-10-03 20:18:29,BENIGN,BENIGN,0.99999964,True
RUN_010,2026-10-03 20:18:30,BENIGN,BENIGN,0.9999987,True
RUN_010,2026-10-03 20:18:31,BENIGN,BENIGN,0.9999982,True
RUN_010,2026-10-03 20:18:32,BENIGN,BENIGN,0.99999905,True
RUN_010,2026-10-03 20:18:33,BENIGN,BENIGN,0.99999905,True
RUN_010,2026-10-03 20:18:34,BENIGN,BENIGN,0.9999999,True
RUN_010,2026-10-03 20:18:35,BENIGN,BENIGN,0.99999976,True
RUN_010,2026-10-03 20:18:36,BENIGN,BENIGN,0.99999976,True
RUN_010,2026-10-03 20:18:37,BENIGN,BENIGN,0.9999982,True
RUN_010,2026-10-03 20:18:38,BENIGN,BENIGN,0.99999785,True
RUN_010,2026-10-03 20:18:39,BENIGN,BENIGN,0.9999994,True
RUN_010,2026-10-03 20:18:40,BENIGN,BENIGN,0.99999976,True
RUN_010,2026-10-03 20:18:41,BENIGN,BENIGN,0.99999976,True
RUN_010,2026-10-03 20:18:42,BENIGN,BENIGN,0.99999964,True
RUN_010,2026-10-03 20:18:43,BENIGN,BENIGN,0.99999905,True
RUN_010,2026-10-03 20:18:44,BENIGN,BENIGN,0.99999964,True
RUN_010,2026-10-03 20:18:45,BENIGN,BENIGN,0.9999995,True
RUN_010,2026-10-03 20:18:46,BENIGN,BENIGN,0.99999964,True
RUN_010,2026-10-03 20:18:47,BENIGN,BENIGN,0.9999995,True
RUN_010,2026-10-03 20:18:48,BENIGN,BENIGN,0.9999717,True
RUN_010,2026-10-03 20:18:49,BENIGN,BENIGN,0.9999949,True
RUN_010,2026-10-03 20:18:50,BENIGN,BENIGN,0.9988089,True
RUN_010,2026-10-03 20:18:51,BENIGN,BENIGN,0.9998131,True
RUN_010,2026-10-03 20:18:52,BENIGN,BENIGN,0.9999999,True
RUN_010,2026-10-03 20:18:53,BENIGN,BENIGN,0.99999964,True
RUN_010,2026-10-03 20:18:54,BENIGN,BENIGN,0.99999976,True
RUN_010,2026-10-03 20:18:55,BENIGN,BENIGN,0.9999999,True
RUN_010,2026-10-03 20:18:56,BENIGN,BENIGN,0.9999999,True
RUN_010,2026-10-03 20:18:57,BENIGN,BENIGN,0.99999964,True
RUN_010,2026-10-03 20:18:58,BENIGN,BENIGN,0.99999976,True
RUN_010,2026-10-03 20:18:59,BENIGN,BENIGN,0.9999999,True
RUN_010,2026-10-03 20:19:00,BENIGN,BENIGN,0.99999976,True
RUN_010,2026-10-03 20:19:01,BENIGN,BENIGN,0.99999976,True
RUN_010,2026-10-03 20:19:02,BENIGN,BENIGN,0.99999976,True
RUN_010,2026-10-03 20:19:03,BENIGN,BENIGN,0.99999976,True
RUN_010,2026-10-03 20:19:04,BENIGN,BENIGN,0.99999964,True
RUN_010,2026-10-03 20:19:05,BENIGN,BENIGN,0.9999993,True
RUN_010,2026-10-03 20:19:06,BENIGN,BENIGN,0.9999958,True
RUN_010,2026-10-03 20:19:07,BENIGN,BENIGN,0.9999969,True
RUN_010,2026-10-03 20:19:08,BENIGN,BENIGN,0.9999994,True
RUN_010,2026-10-03 20:19:09,BENIGN,BENIGN,0.99999964,True
RUN_010,2026-10-03 20:19:10,BENIGN,BENIGN,0.9999999,True
RUN_010,2026-10-03 20:19:11,BENIGN,BENIGN,0.9999999,True
RUN_010,2026-10-03 20:19:12,BENIGN,BENIGN,0.9999999,True
RUN_010,2026-10-03 20:19:13,BENIGN,BENIGN,1.0,True
RUN_010,2026-10-03 20:19:14,BENIGN,BENIGN,0.99999976,True
RUN_010,2026-10-03 20:19:15,BENIGN,BENIGN,0.9999995,True
RUN_010,2026-10-03 20:19:16,BENIGN,BENIGN,0.99996954,True
RUN_010,2026-10-03 20:19:17,BENIGN,BENIGN,0.99999297,True
RUN_010,2026-10-03 20:19:18,BENIGN,BENIGN,0.99999774,True
RUN_010,2026-10-03 20:19:19,BENIGN,BENIGN,0.99999917,True
RUN_010,2026-10-03 20:19:20,BENIGN,BENIGN,0.9999999,True
RUN_010,2026-10-03 20:19:21,BENIGN,BENIGN,0.99999976,True
RUN_010,2026-10-03 20:19:22,BENIGN,BENIGN,0.9999999,True
RUN_010,2026-10-03 20:19:23,BENIGN,BENIGN,0.99999964,True
RUN_010,2026-10-03 20:19:24,BENIGN,BENIGN,0.99999976,True
RUN_010,2026-10-03 20:19:25,BENIGN,BENIGN,0.9999999,True
RUN_010,2026-10-03 20:19:26,BENIGN,BENIGN,0.99999976,True
RUN_010,2026-10-03 20:19:27,BENIGN,BENIGN,0.99999976,True
RUN_010,2026-10-03 20:19:28,BENIGN,BENIGN,0.99999964,True
RUN_010,2026-10-03 20:19:29,BENIGN,BENIGN,0.99999857,True
RUN_010,2026-10-03 20:19:30,BENIGN,BENIGN,0.9999987,True
RUN_010,2026-10-03 20:19:31,BENIGN,BENIGN,0.9999988,True
RUN_010,2026-10-03 20:19:32,BENIGN,BENIGN,0.9999989,True
RUN_010,2026-10-03 20:19:33,BENIGN,BENIGN,0.99999976,True
RUN_010,2026-10-03 20:19:34,BENIGN,BENIGN,0.99999976,True
RUN_010,2026-10-03 20:19:35,BENIGN,BENIGN,0.99999976,True
RUN_010,2026-10-03 20:19:36,BENIGN,BENIGN,0.99999905,True
RUN_010,2026-10-03 20:19:37,BENIGN,BENIGN,0.9999995,True
RUN_010,2026-10-03 20:19:38,BENIGN,BENIGN,0.9999995,True
RUN_010,2026-10-03 20:19:39,BENIGN,BENIGN,0.99999976,True
RUN_010,2026-10-03 20:19:40,BENIGN,BENIGN,0.99999976,True
RUN_010,2026-10-03 20:19:41,BENIGN,BENIGN,0.99999976,True
RUN_010,2026-10-03 20:19:42,BENIGN,BENIGN,0.9999993,True
RUN_010,2026-10-03 20:19:43,BENIGN,BENIGN,0.9999994,True
RUN_010,2026-10-03 20:19:44,BENIGN,BENIGN,0.99999654,True
RUN_010,2026-10-03 20:19:45,BENIGN,BENIGN,0.9998974,True
RUN_010,2026-10-03 20:19:46,BENIGN,BENIGN,0.9662164,True
RUN_010,2026-10-03 20:19:47,BENIGN,BENIGN,0.9999882,True
RUN_010,2026-10-03 20:19:48,BENIGN,BENIGN,0.99999666,True
RUN_010,2026-10-03 20:19:49,BENIGN,BENIGN,0.99992114,True
RUN_010,2026-10-03 20:19:50,BENIGN,BENIGN,0.9999957,True
RUN_010,2026-10-03 20:19:51,BENIGN,BENIGN,0.9999988,True
RUN_010,2026-10-03 20:19:52,BENIGN,BENIGN,0.9999993,True
RUN_010,2026-10-03 20:19:53,BENIGN,BENIGN,0.99999964,True
RUN_010,2026-10-03 20:19:54,BENIGN,BENIGN,0.99999976,True
RUN_010,2026-10-03 20:19:55,BENIGN,BENIGN,0.9999994,True
RUN_010,2026-10-03 20:19:56,BENIGN,BENIGN,0.9999999,True
RUN_010,2026-10-03 20:19:57,BENIGN,BENIGN,0.9999999,True
RUN_010,2026-10-03 20:19:58,BENIGN,BENIGN,0.99999976,True
RUN_010,2026-10-03 20:19:59,BENIGN,BENIGN,0.9999999,True
RUN_013,2026-10-03 20:24:04,BENIGN,BENIGN,0.99999964,True
RUN_013,2026-10-03 20:24:05,BENIGN,BENIGN,0.99999976,True
RUN_013,2026-10-03 20:24:06,BENIGN,BENIGN,0.99999976,True
RUN_013,2026-10-03 20:24:07,BENIGN,BENIGN,0.99999976,True
RUN_013,2026-10-03 20:24:08,BENIGN,BENIGN,0.9999999,True
RUN_013,2026-10-03 20:24:09,BENIGN,BENIGN,0.99999964,True
RUN_013,2026-10-03 20:24:10,BENIGN,BENIGN,0.9999993,True
RUN_013,2026-10-03 20:24:11,BENIGN,BENIGN,0.9999993,True
RUN_013,2026-10-03 20:24:12,BENIGN,BENIGN,0.9999987,True
RUN_013,2026-10-03 20:24:13,BENIGN,BENIGN,0.9999995,True
RUN_013,2026-10-03 20:24:14,BENIGN,BENIGN,0.99999416,True
RUN_013,2026-10-03 20:24:15,BENIGN,BENIGN,0.99999976,True
RUN_013,2026-10-03 20:24:16,BENIGN,BENIGN,0.99999976,True
RUN_013,2026-10-03 20:24:17,BENIGN,BENIGN,0.9999999,True
RUN_013,2026-10-03 20:24:18,BENIGN,BENIGN,0.9999999,True
RUN_013,2026-10-03 20:24:19,BENIGN,BENIGN,0.9999999,True
RUN_013,2026-10-03 20:24:20,BENIGN,BENIGN,0.99999976,True
RUN_013,2026-10-03 20:24:21,BENIGN,BENIGN,0.9999988,True
RUN_013,2026-10-03 20:24:22,BENIGN,BENIGN,0.9999995,True
RUN_013,2026-10-03 20:24:23,BENIGN,BENIGN,0.9999995,True
RUN_013,2026-10-03 20:24:24,BENIGN,BENIGN,0.9999999,True
RUN_013,2026-10-03 20:24:25,BENIGN,BENIGN,0.9999999,True
RUN_013,2026-10-03 20:24:26,BENIGN,BENIGN,0.9999999,True
RUN_013,2026-10-03 20:24:27,BENIGN,BENIGN,0.99999976,True
RUN_013,2026-10-03 20:24:28,BENIGN,BENIGN,0.9999995,True
RUN_013,2026-10-03 20:24:29,BENIGN,BENIGN,0.99999964,True
RUN_013,2026-10-03 20:24:30,BENIGN,BENIGN,0.99999976,True
RUN_013,2026-10-03 20:24:31,BENIGN,BENIGN,0.99999964,True
RUN_013,2026-10-03 20:24:32,BENIGN,BENIGN,0.99999976,True
RUN_013,2026-10-03 20:24:33,BENIGN,BENIGN,0.9999999,True
RUN_013,2026-10-03 20:24:34,BENIGN,BENIGN,0.99999964,True
RUN_013,2026-10-03 20:24:35,BENIGN,BENIGN,0.9999999,True
RUN_013,2026-10-03 20:24:36,BENIGN,BENIGN,0.9999999,True
RUN_013,2026-10-03 20:24:37,BENIGN,BENIGN,0.99999964,True
RUN_013,2026-10-03 20:24:38,BENIGN,BENIGN,0.9999999,True
RUN_013,2026-10-03 20:24:39,BENIGN,BENIGN,0.99999976,True
RUN_013,2026-10-03 20:24:40,BENIGN,BENIGN,0.99999976,True
RUN_013,2026-10-03 20:24:41,BENIGN,BENIGN,0.99999976,True
RUN_013,2026-10-03 20:24:42,BENIGN,BENIGN,0.9999999,True
RUN_013,2026-10-03 20:24:43,BENIGN,BENIGN,0.99999976,True
RUN_013,2026-10-03 20:24:44,BENIGN,BENIGN,0.99999976,True
RUN_013,2026-10-03 20:24:45,BENIGN,BENIGN,0.99999964,True
RUN_013,2026-10-03 20:24:46,BENIGN,BENIGN,0.9999999,True
RUN_013,2026-10-03 20:24:47,BENIGN,BENIGN,0.99999976,True
RUN_013,2026-10-03 20:24:48,BENIGN,BENIGN,0.99999976,True
RUN_013,2026-10-03 20:24:49,BENIGN,BENIGN,0.99999976,True
RUN_013,2026-10-03 20:24:50,BENIGN,BENIGN,0.99999976,True
RUN_013,2026-10-03 20:24:51,BENIGN,BENIGN,0.9999999,True
RUN_013,2026-10-03 20:24:52,BENIGN,BENIGN,0.9999999,True
RUN_013,2026-10-03 20:24:53,BENIGN,BENIGN,0.99999976,True
RUN_013,2026-10-03 20:24:54,BENIGN,BENIGN,0.99999976,True
RUN_013,2026-10-03 20:24:55,BENIGN,BENIGN,0.99999976,True
RUN_013,2026-10-03 20:24:56,BENIGN,BENIGN,0.99999976,True
RUN_013,2026-10-03 20:24:57,BENIGN,BENIGN,0.9999999,True
RUN_013,2026-10-03 20:24:58,BENIGN,BENIGN,1.0,True
RUN_013,2026-10-03 20:24:59,BENIGN,BENIGN,1.0,True
RUN_013,2026-10-03 20:25:00,BENIGN,BENIGN,0.9999999,True
RUN_013,2026-10-03 20:25:01,BENIGN,BENIGN,0.99999976,True
RUN_013,2026-10-03 20:25:02,BENIGN,BENIGN,0.99999976,True
RUN_013,2026-10-03 20:25:03,BENIGN,BENIGN,0.9999993,True
RUN_013,2026-10-03 20:25:04,BENIGN,BENIGN,0.99999976,True
RUN_013,2026-10-03 20:25:05,BENIGN,BENIGN,0.9999999,True
RUN_013,2026-10-03 20:25:06,BENIGN,BENIGN,0.9999999,True
RUN_013,2026-10-03 20:25:07,BENIGN,BENIGN,0.9999999,True
RUN_013,2026-10-03 20:25:08,BENIGN,BENIGN,0.9999999,True
RUN_013,2026-10-03 20:25:09,BENIGN,BENIGN,0.9999999,True
RUN_013,2026-10-03 20:25:10,BENIGN,BENIGN,0.9999999,True
RUN_013,2026-10-03 20:25:11,BENIGN,BENIGN,0.9999999,True
RUN_013,2026-10-03 20:25:12,BENIGN,BENIGN,0.99999976,True
RUN_013,2026-10-03 20:25:13,BENIGN,BENIGN,0.9999999,True
RUN_013,2026-10-03 20:25:14,BENIGN,BENIGN,0.9999999,True
RUN_013,2026-10-03 20:25:15,BENIGN,BENIGN,0.9999999,True
RUN_013,2026-10-03 20:25:16,BENIGN,BENIGN,0.99999976,True
RUN_013,2026-10-03 20:25:17,BENIGN,BENIGN,0.9999995,True
RUN_013,2026-10-03 20:25:18,BENIGN,BENIGN,0.99999976,True
RUN_013,2026-10-03 20:25:19,BENIGN,BENIGN,0.99999976,True
RUN_013,2026-10-03 20:25:20,BENIGN,BENIGN,0.9999995,True
RUN_013,2026-10-03 20:25:21,BENIGN,BENIGN,0.99999976,True
RUN_013,2026-10-03 20:25:22,BENIGN,BENIGN,0.99999976,True
RUN_013,2026-10-03 20:25:23,BENIGN,BENIGN,0.9999999,True
RUN_013,2026-10-03 20:25:24,BENIGN,BENIGN,0.9999999,True
RUN_013,2026-10-03 20:25:25,BENIGN,BENIGN,0.9999999,True
RUN_013,2026-10-03 20:25:26,BENIGN,BENIGN,0.99999976,True
RUN_013,2026-10-03 20:25:27,BENIGN,BENIGN,0.9999995,True
RUN_013,2026-10-03 20:25:28,BENIGN,BENIGN,0.99999917,True
RUN_013,2026-10-03 20:25:29,BENIGN,BENIGN,0.99999654,True
RUN_013,2026-10-03 20:25:30,BENIGN,BENIGN,0.9999989,True
RUN_013,2026-10-03 20:25:31,BENIGN,BENIGN,0.99999964,True
RUN_013,2026-10-03 20:25:32,BENIGN,BENIGN,0.99999976,True
RUN_013,2026-10-03 20:25:33,BENIGN,BENIGN,0.99999976,True
RUN_013,2026-10-03 20:25:34,BENIGN,BENIGN,0.99999964,True
RUN_013,2026-10-03 20:25:35,BENIGN,BENIGN,0.99999964,True
RUN_013,2026-10-03 20:25:36,BENIGN,BENIGN,0.99999976,True
RUN_013,2026-10-03 20:25:37,BENIGN,BENIGN,0.9999999,True
RUN_013,2026-10-03 20:25:38,BENIGN,BENIGN,0.9999999,True
RUN_013,2026-10-03 20:25:39,BENIGN,BENIGN,0.99999976,True
RUN_013,2026-10-03 20:25:40,BENIGN,BENIGN,0.9999999,True
RUN_013,2026-10-03 20:25:41,BENIGN,BENIGN,0.99999726,True
RUN_013,2026-10-03 20:25:42,BENIGN,BENIGN,0.9999999,True
RUN_013,2026-10-03 20:25:43,BENIGN,BENIGN,0.99999607,True
RUN_013,2026-10-03 20:25:44,BENIGN,BENIGN,0.99999964,True
RUN_013,2026-10-03 20:25:45,BENIGN,BENIGN,0.9999969,True
RUN_013,2026-10-03 20:25:46,BENIGN,BENIGN,0.99999917,True
RUN_013,2026-10-03 20:25:47,BENIGN,BENIGN,0.99999857,True
RUN_013,2026-10-03 20:25:48,BENIGN,BENIGN,0.9999993,True
RUN_013,2026-10-03 20:25:49,BENIGN,BENIGN,0.99999976,True
RUN_013,2026-10-03 20:25:50,BENIGN,BENIGN,0.9999995,True
RUN_013,2026-10-03 20:25:51,BENIGN,BENIGN,0.9999995,True
RUN_013,2026-10-03 20:25:52,BENIGN,BENIGN,0.99999964,True
RUN_013,2026-10-03 20:25:53,BENIGN,BENIGN,0.9999993,True
RUN_013,2026-10-03 20:25:54,BENIGN,BENIGN,0.9999993,True
RUN_013,2026-10-03 20:25:55,BENIGN,BENIGN,0.9999987,True
RUN_013,2026-10-03 20:25:56,BENIGN,BENIGN,0.99999833,True
RUN_013,2026-10-03 20:25:57,BENIGN,BENIGN,0.999998,True
RUN_013,2026-10-03 20:25:58,BENIGN,BENIGN,0.9999995,True
RUN_013,2026-10-03 20:25:59,BENIGN,BENIGN,0.99999964,True
RUN_019,2026-10-03 20:36:04,BENIGN,BENIGN,0.9999995,True
RUN_019,2026-10-03 20:36:05,BENIGN,BENIGN,0.99999976,True
RUN_019,2026-10-03 20:36:06,BENIGN,BENIGN,0.99999976,True
RUN_019,2026-10-03 20:36:07,BENIGN,BENIGN,0.99999976,True
RUN_019,2026-10-03 20:36:08,BENIGN,BENIGN,0.99999917,True
RUN_019,2026-10-03 20:36:09,BENIGN,BENIGN,0.99999976,True
RUN_019,2026-10-03 20:36:10,BENIGN,BENIGN,0.99999976,True
RUN_019,2026-10-03 20:36:11,BENIGN,BENIGN,0.99999964,True
RUN_019,2026-10-03 20:36:12,BENIGN,BENIGN,0.9999995,True
RUN_019,2026-10-03 20:36:13,BENIGN,BENIGN,0.9999994,True
RUN_019,2026-10-03 20:36:14,BENIGN,BENIGN,0.99999964,True
RUN_019,2026-10-03 20:36:15,BENIGN,BENIGN,0.9999999,True
RUN_019,2026-10-03 20:36:16,BENIGN,BENIGN,0.99999976,True
RUN_019,2026-10-03 20:36:17,BENIGN,BENIGN,0.99999976,True
RUN_019,2026-10-03 20:36:18,BENIGN,BENIGN,0.99999976,True
RUN_019,2026-10-03 20:36:19,BENIGN,BENIGN,0.99999976,True
RUN_019,2026-10-03 20:36:20,BENIGN,BENIGN,0.99999976,True
RUN_019,2026-10-03 20:36:21,BENIGN,BENIGN,0.9999999,True
RUN_019,2026-10-03 20:36:22,BENIGN,BENIGN,0.9999999,True
RUN_019,2026-10-03 20:36:23,BENIGN,BENIGN,0.99999976,True
RUN_019,2026-10-03 20:36:24,BENIGN,BENIGN,0.99999964,True
RUN_019,2026-10-03 20:36:25,BENIGN,BENIGN,0.99999976,True
RUN_019,2026-10-03 20:36:26,BENIGN,BENIGN,0.99999964,True
RUN_019,2026-10-03 20:36:27,BENIGN,BENIGN,0.99999976,True
RUN_019,2026-10-03 20:36:28,BENIGN,BENIGN,0.9999999,True
RUN_019,2026-10-03 20:36:29,BENIGN,BENIGN,0.99999976,True
RUN_019,2026-10-03 20:36:30,BENIGN,BENIGN,0.99999964,True
RUN_019,2026-10-03 20:36:31,BENIGN,BENIGN,0.9999999,True
RUN_019,2026-10-03 20:36:32,BENIGN,BENIGN,0.99999976,True
RUN_019,2026-10-03 20:36:33,BENIGN,BENIGN,1.0,True
RUN_019,2026-10-03 20:36:34,BENIGN,BENIGN,1.0,True
RUN_019,2026-10-03 20:36:35,BENIGN,BENIGN,1.0,True
RUN_019,2026-10-03 20:36:36,BENIGN,BENIGN,1.0,True
RUN_019,2026-10-03 20:36:37,BENIGN,BENIGN,1.0,True
RUN_019,2026-10-03 20:36:38,BENIGN,BENIGN,0.9999999,True
RUN_019,2026-10-03 20:36:39,BENIGN,BENIGN,0.9999999,True
RUN_019,2026-10-03 20:36:40,BENIGN,BENIGN,0.9999999,True
RUN_019,2026-10-03 20:36:41,BENIGN,BENIGN,0.99999964,True
RUN_019,2026-10-03 20:36:42,BENIGN,BENIGN,0.99999964,True
RUN_019,2026-10-03 20:36:43,BENIGN,BENIGN,0.9999995,True
RUN_019,2026-10-03 20:36:44,BENIGN,BENIGN,0.9999993,True
RUN_019,2026-10-03 20:36:45,BENIGN,BENIGN,0.9999995,True
RUN_019,2026-10-03 20:36:46,BENIGN,BENIGN,0.99999964,True
RUN_019,2026-10-03 20:36:47,BENIGN,BENIGN,0.99999917,True
RUN_019,2026-10-03 20:36:48,BENIGN,BENIGN,0.9999995,True
RUN_019,2026-10-03 20:36:49,BENIGN,BENIGN,0.9999994,True
RUN_019,2026-10-03 20:36:50,BENIGN,BENIGN,0.9999993,True
RUN_019,2026-10-03 20:36:51,BENIGN,BENIGN,0.9999999,True
RUN_019,2026-10-03 20:36:52,BENIGN,BENIGN,0.99999976,True
RUN_019,2026-10-03 20:36:53,BENIGN,BENIGN,0.99999964,True
RUN_019,2026-10-03 20:36:54,BENIGN,BENIGN,0.99999964,True
RUN_019,2026-10-03 20:36:55,BENIGN,BENIGN,0.99999964,True
RUN_019,2026-10-03 20:36:56,BENIGN,BENIGN,0.99999964,True
RUN_019,2026-10-03 20:36:57,BENIGN,BENIGN,0.99999964,True
RUN_019,2026-10-03 20:36:58,BENIGN,BENIGN,0.99999964,True
RUN_019,2026-10-03 20:36:59,BENIGN,BENIGN,0.9999999,True
RUN_019,2026-10-03 20:37:00,BENIGN,BENIGN,0.99999976,True
RUN_019,2026-10-03 20:37:01,BENIGN,BENIGN,0.99999976,True
RUN_019,2026-10-03 20:37:02,BENIGN,BENIGN,0.99999964,True
RUN_019,2026-10-03 20:37:03,BENIGN,BENIGN,0.99999976,True
RUN_019,2026-10-03 20:37:04,BENIGN,BENIGN,0.99999976,True
RUN_019,2026-10-03 20:37:05,BENIGN,BENIGN,0.99999964,True
RUN_019,2026-10-03 20:37:06,BENIGN,BENIGN,0.99999905,True
RUN_019,2026-10-03 20:37:07,BENIGN,BENIGN,0.9999988,True
RUN_019,2026-10-03 20:37:08,BENIGN,BENIGN,0.999998,True
RUN_019,2026-10-03 20:37:09,BENIGN,BENIGN,0.9999989,True
RUN_019,2026-10-03 20:37:10,BENIGN,BENIGN,0.9999995,True
RUN_019,2026-10-03 20:37:11,BENIGN,BENIGN,0.9999995,True
RUN_019,2026-10-03 20:37:12,BENIGN,BENIGN,0.9999995,True
RUN_019,2026-10-03 20:37:13,BENIGN,BENIGN,0.99999964,True
RUN_019,2026-10-03 20:37:14,BENIGN,BENIGN,0.9999995,True
RUN_019,2026-10-03 20:37:15,BENIGN,BENIGN,0.99999976,True
RUN_019,2026-10-03 20:37:16,BENIGN,BENIGN,0.99999964,True
RUN_019,2026-10-03 20:37:17,BENIGN,BENIGN,0.99999905,True
RUN_019,2026-10-03 20:37:18,BENIGN,BENIGN,0.99999917,True
RUN_019,2026-10-03 20:37:19,BENIGN,BENIGN,0.99999714,True
RUN_019,2026-10-03 20:37:20,BENIGN,BENIGN,0.9999974,True
RUN_019,2026-10-03 20:37:21,BENIGN,BENIGN,0.99999475,True
RUN_019,2026-10-03 20:37:22,BENIGN,BENIGN,0.9999994,True
RUN_019,2026-10-03 20:37:23,BENIGN,BENIGN,0.9999993,True
RUN_019,2026-10-03 20:37:24,BENIGN,BENIGN,0.9999963,True
RUN_019,2026-10-03 20:37:25,BENIGN,BENIGN,0.9999995,True
RUN_019,2026-10-03 20:37:26,BENIGN,BENIGN,0.99999964,True
RUN_019,2026-10-03 20:37:27,BENIGN,BENIGN,0.99999964,True
RUN_019,2026-10-03 20:37:28,BENIGN,BENIGN,0.99999976,True
RUN_019,2026-10-03 20:37:29,BENIGN,BENIGN,0.9999995,True
RUN_019,2026-10-03 20:37:30,BENIGN,BENIGN,0.99999964,True
RUN_019,2026-10-03 20:37:31,BENIGN,BENIGN,0.99999964,True
RUN_019,2026-10-03 20:37:32,BENIGN,BENIGN,0.9999993,True
RUN_019,2026-10-03 20:37:33,BENIGN,BENIGN,0.99999845,True
RUN_019,2026-10-03 20:37:34,BENIGN,BENIGN,0.9999994,True
RUN_019,2026-10-03 20:37:35,BENIGN,BENIGN,0.99999917,True
RUN_019,2026-10-03 20:37:36,BENIGN,BENIGN,0.99999905,True
RUN_019,2026-10-03 20:37:37,BENIGN,BENIGN,0.9999987,True
RUN_019,2026-10-03 20:37:38,BENIGN,BENIGN,0.9999989,True
RUN_019,2026-10-03 20:37:39,BENIGN,BENIGN,0.9999987,True
RUN_019,2026-10-03 20:37:40,BENIGN,BENIGN,0.9999989,True
RUN_019,2026-10-03 20:37:41,BENIGN,BENIGN,0.9999993,True
RUN_019,2026-10-03 20:37:42,BENIGN,BENIGN,0.9999988,True
RUN_019,2026-10-03 20:37:43,BENIGN,BENIGN,0.99999785,True
RUN_019,2026-10-03 20:37:44,BENIGN,BENIGN,0.9999981,True
RUN_019,2026-10-03 20:37:45,BENIGN,BENIGN,0.99999833,True
RUN_019,2026-10-03 20:37:46,BENIGN,BENIGN,0.9999981,True
RUN_019,2026-10-03 20:37:47,BENIGN,BENIGN,0.9999987,True
RUN_019,2026-10-03 20:37:48,BENIGN,BENIGN,0.99999857,True
RUN_019,2026-10-03 20:37:49,BENIGN,BENIGN,0.9999988,True
RUN_019,2026-10-03 20:37:50,BENIGN,BENIGN,0.9999987,True
RUN_019,2026-10-03 20:37:51,BENIGN,BENIGN,0.99999857,True
RUN_019,2026-10-03 20:37:52,BENIGN,BENIGN,0.9999989,True
RUN_019,2026-10-03 20:37:53,BENIGN,BENIGN,0.99999857,True
RUN_019,2026-10-03 20:37:54,BENIGN,BENIGN,0.999998,True
RUN_019,2026-10-03 20:37:55,BENIGN,BENIGN,0.99999845,True
RUN_019,2026-10-03 20:37:56,BENIGN,BENIGN,0.9999982,True
RUN_019,2026-10-03 20:37:57,BENIGN,BENIGN,0.99999785,True
RUN_019,2026-10-03 20:37:58,BENIGN,BENIGN,0.9999989,True
RUN_019,2026-10-03 20:37:59,BENIGN,BENIGN,0.9999993,True
RUN_020,2026-10-03 20:38:04,BENIGN,BENIGN,0.99999964,True
RUN_020,2026-10-03 20:38:05,BENIGN,BENIGN,0.99999976,True
RUN_020,2026-10-03 20:38:06,BENIGN,BENIGN,0.9999999,True
RUN_020,2026-10-03 20:38:07,BENIGN,BENIGN,0.9999999,True
RUN_020,2026-10-03 20:38:08,BENIGN,BENIGN,0.9999999,True
RUN_020,2026-10-03 20:38:09,BENIGN,BENIGN,0.99999964,True
RUN_020,2026-10-03 20:38:10,BENIGN,BENIGN,0.99999976,True
RUN_020,2026-10-03 20:38:11,BENIGN,BENIGN,0.99999976,True
RUN_020,2026-10-03 20:38:12,BENIGN,BENIGN,0.99999976,True
RUN_020,2026-10-03 20:38:13,BENIGN,BENIGN,0.99999976,True
RUN_020,2026-10-03 20:38:14,BENIGN,BENIGN,0.99999976,True
RUN_020,2026-10-03 20:38:15,BENIGN,BENIGN,0.9999999,True
RUN_020,2026-10-03 20:38:16,BENIGN,BENIGN,0.99999976,True
RUN_020,2026-10-03 20:38:17,BENIGN,BENIGN,0.99999976,True
RUN_020,2026-10-03 20:38:18,BENIGN,BENIGN,0.99999964,True
RUN_020,2026-10-03 20:38:19,BENIGN,BENIGN,0.99999976,True
RUN_020,2026-10-03 20:38:20,BENIGN,BENIGN,0.99999976,True
RUN_020,2026-10-03 20:38:21,BENIGN,BENIGN,0.9999994,True
RUN_020,2026-10-03 20:38:22,BENIGN,BENIGN,0.9999993,True
RUN_020,2026-10-03 20:38:23,BENIGN,BENIGN,0.999998,True
RUN_020,2026-10-03 20:38:24,BENIGN,BENIGN,0.9999995,True
RUN_020,2026-10-03 20:38:25,BENIGN,BENIGN,0.9999994,True
RUN_020,2026-10-03 20:38:26,BENIGN,BENIGN,0.9999988,True
RUN_020,2026-10-03 20:38:27,BENIGN,BENIGN,0.99999964,True
RUN_020,2026-10-03 20:38:28,BENIGN,BENIGN,0.9999999,True
RUN_020,2026-10-03 20:38:29,BENIGN,BENIGN,0.9999999,True
RUN_020,2026-10-03 20:38:30,BENIGN,BENIGN,0.9999999,True
RUN_020,2026-10-03 20:38:31,BENIGN,BENIGN,0.99999976,True
RUN_020,2026-10-03 20:38:32,BENIGN,BENIGN,0.99999964,True
RUN_020,2026-10-03 20:38:33,BENIGN,BENIGN,0.9999999,True
RUN_020,2026-10-03 20:38:34,BENIGN,BENIGN,0.9999999,True
RUN_020,2026-10-03 20:38:35,BENIGN,BENIGN,0.9999999,True
RUN_020,2026-10-03 20:38:36,BENIGN,BENIGN,0.9999999,True
RUN_020,2026-10-03 20:38:37,BENIGN,BENIGN,0.99999964,True
RUN_020,2026-10-03 20:38:38,BENIGN,BENIGN,0.99999964,True
RUN_020,2026-10-03 20:38:39,BENIGN,BENIGN,0.99999976,True
RUN_020,2026-10-03 20:38:40,BENIGN,BENIGN,0.99999976,True
RUN_020,2026-10-03 20:38:41,BENIGN,BENIGN,0.9999999,True
RUN_020,2026-10-03 20:38:42,BENIGN,BENIGN,0.99999976,True
RUN_020,2026-10-03 20:38:43,BENIGN,BENIGN,0.99999976,True
RUN_020,2026-10-03 20:38:44,BENIGN,BENIGN,0.9999999,True
RUN_020,2026-10-03 20:38:45,BENIGN,BENIGN,0.99999905,True
RUN_020,2026-10-03 20:38:46,BENIGN,BENIGN,0.99999976,True
RUN_020,2026-10-03 20:38:47,BENIGN,BENIGN,0.9999999,True
RUN_020,2026-10-03 20:38:48,BENIGN,BENIGN,0.99999976,True
RUN_020,2026-10-03 20:38:49,BENIGN,BENIGN,0.99999976,True
RUN_020,2026-10-03 20:38:50,BENIGN,BENIGN,0.99999976,True
RUN_020,2026-10-03 20:38:51,BENIGN,BENIGN,0.99999976,True
RUN_020,2026-10-03 20:38:52,BENIGN,BENIGN,0.9999999,True
RUN_020,2026-10-03 20:38:53,BENIGN,BENIGN,0.99999976,True
RUN_020,2026-10-03 20:38:54,BENIGN,BENIGN,0.99999917,True
RUN_020,2026-10-03 20:38:55,BENIGN,BENIGN,0.9999995,True
RUN_020,2026-10-03 20:38:56,BENIGN,BENIGN,0.99999976,True
RUN_020,2026-10-03 20:38:57,BENIGN,BENIGN,0.9999999,True
RUN_020,2026-10-03 20:38:58,BENIGN,BENIGN,0.9999999,True
RUN_020,2026-10-03 20:38:59,BENIGN,BENIGN,0.9999999,True
RUN_020,2026-10-03 20:39:00,BENIGN,BENIGN,0.99999964,True
RUN_020,2026-10-03 20:39:01,BENIGN,BENIGN,0.99999976,True
RUN_020,2026-10-03 20:39:02,BENIGN,BENIGN,0.99999976,True
RUN_020,2026-10-03 20:39:03,BENIGN,BENIGN,0.99999976,True
RUN_020,2026-10-03 20:39:04,BENIGN,BENIGN,0.9999999,True
RUN_020,2026-10-03 20:39:05,BENIGN,BENIGN,0.9999999,True
RUN_020,2026-10-03 20:39:06,BENIGN,BENIGN,0.9999999,True
RUN_020,2026-10-03 20:39:07,BENIGN,BENIGN,0.9999999,True
RUN_020,2026-10-03 20:39:08,BENIGN,BENIGN,0.9999999,True
RUN_020,2026-10-03 20:39:09,BENIGN,BENIGN,0.99999976,True
RUN_020,2026-10-03 20:39:10,BENIGN,BENIGN,0.99999976,True
RUN_020,2026-10-03 20:39:11,BENIGN,BENIGN,0.99999857,True
RUN_020,2026-10-03 20:39:12,BENIGN,BENIGN,0.99999905,True
RUN_020,2026-10-03 20:39:13,BENIGN,BENIGN,0.99999845,True
RUN_020,2026-10-03 20:39:14,BENIGN,BENIGN,0.9999995,True
RUN_020,2026-10-03 20:39:15,BENIGN,BENIGN,0.9999975,True
RUN_020,2026-10-03 20:39:16,BENIGN,BENIGN,0.99999845,True
RUN_020,2026-10-03 20:39:17,BENIGN,BENIGN,0.9999993,True
RUN_020,2026-10-03 20:39:18,BENIGN,BENIGN,0.9999993,True
RUN_020,2026-10-03 20:39:19,BENIGN,BENIGN,0.9999995,True
RUN_020,2026-10-03 20:39:20,BENIGN,BENIGN,0.9999995,True
RUN_020,2026-10-03 20:39:21,BENIGN,BENIGN,0.9999994,True
RUN_020,2026-10-03 20:39:22,BENIGN,BENIGN,0.9999993,True
RUN_020,2026-10-03 20:39:23,BENIGN,BENIGN,0.99999475,True
RUN_020,2026-10-03 20:39:24,BENIGN,BENIGN,0.99999475,True
RUN_020,2026-10-03 20:39:25,BENIGN,BENIGN,0.99999917,True
RUN_020,2026-10-03 20:39:26,BENIGN,BENIGN,0.9999995,True
RUN_020,2026-10-03 20:39:27,BENIGN,BENIGN,0.99999976,True
RUN_020,2026-10-03 20:39:28,BENIGN,BENIGN,0.99999976,True
RUN_020,2026-10-03 20:39:29,BENIGN,BENIGN,0.99999976,True
RUN_020,2026-10-03 20:39:30,BENIGN,BENIGN,0.99999976,True
RUN_020,2026-10-03 20:39:31,BENIGN,BENIGN,0.99999964,True
RUN_020,2026-10-03 20:39:32,BENIGN,BENIGN,0.99999976,True
RUN_020,2026-10-03 20:39:33,BENIGN,BENIGN,0.9999981,True
RUN_020,2026-10-03 20:39:34,BENIGN,BENIGN,0.9999932,True
RUN_020,2026-10-03 20:39:35,BENIGN,BENIGN,0.9999924,True
RUN_020,2026-10-03 20:39:36,BENIGN,BENIGN,0.99999905,True
RUN_020,2026-10-03 20:39:37,BENIGN,BENIGN,0.99999964,True
RUN_020,2026-10-03 20:39:38,BENIGN,BENIGN,0.99999964,True
RUN_020,2026-10-03 20:39:39,BENIGN,BENIGN,0.9999999,True
RUN_020,2026-10-03 20:39:40,BENIGN,BENIGN,0.99999976,True
RUN_020,2026-10-03 20:39:41,BENIGN,BENIGN,0.99999976,True
RUN_020,2026-10-03 20:39:42,BENIGN,BENIGN,0.99999964,True
RUN_020,2026-10-03 20:39:43,BENIGN,BENIGN,0.99999726,True
RUN_020,2026-10-03 20:39:44,BENIGN,BENIGN,0.999802,True
RUN_020,2026-10-03 20:39:45,BENIGN,BENIGN,0.9929435,True
RUN_020,2026-10-03 20:39:46,BENIGN,BENIGN,0.9093128,True
RUN_020,2026-10-03 20:39:47,BENIGN,BENIGN,0.8479844,True
RUN_020,2026-10-03 20:39:48,BENIGN,BENIGN,0.9847555,True
RUN_020,2026-10-03 20:39:49,BENIGN,BENIGN,0.97876596,True
RUN_020,2026-10-03 20:39:50,BENIGN,SLOWLORIS,0.97175854,False
RUN_020,2026-10-03 20:39:51,BENIGN,SLOWLORIS,0.5113695,False
RUN_020,2026-10-03 20:39:52,BENIGN,BENIGN,0.94531447,True
RUN_020,2026-10-03 20:39:53,BENIGN,BENIGN,0.9994913,True
RUN_020,2026-10-03 20:39:54,BENIGN,BENIGN,0.9999756,True
RUN_020,2026-10-03 20:39:55,BENIGN,BENIGN,0.9999962,True
RUN_020,2026-10-03 20:39:56,BENIGN,BENIGN,0.99999917,True
RUN_020,2026-10-03 20:39:57,BENIGN,BENIGN,0.99999976,True
RUN_020,2026-10-03 20:39:58,BENIGN,BENIGN,0.9999999,True
RUN_020,2026-10-03 20:39:59,BENIGN,BENIGN,0.99999976,True
RUN_027,2026-10-03 20:52:04,BENIGN,BENIGN,0.9999994,True
RUN_027,2026-10-03 20:52:05,BENIGN,BENIGN,0.99999964,True
RUN_027,2026-10-03 20:52:06,BENIGN,BENIGN,0.9999999,True
RUN_027,2026-10-03 20:52:07,BENIGN,BENIGN,0.9999999,True
RUN_027,2026-10-03 20:52:08,BENIGN,BENIGN,0.99999964,True
RUN_027,2026-10-03 20:52:09,BENIGN,BENIGN,0.99999964,True
RUN_027,2026-10-03 20:52:10,BENIGN,BENIGN,0.9999987,True
RUN_027,2026-10-03 20:52:11,BENIGN,BENIGN,0.999998,True
RUN_027,2026-10-03 20:52:12,BENIGN,BENIGN,0.99999976,True
RUN_027,2026-10-03 20:52:13,BENIGN,BENIGN,0.99999976,True
RUN_027,2026-10-03 20:52:14,BENIGN,BENIGN,0.99999964,True
RUN_027,2026-10-03 20:52:15,BENIGN,BENIGN,0.9999995,True
RUN_027,2026-10-03 20:52:16,BENIGN,BENIGN,0.9999989,True
RUN_027,2026-10-03 20:52:17,BENIGN,BENIGN,0.9999993,True
RUN_027,2026-10-03 20:52:18,BENIGN,BENIGN,0.9999989,True
RUN_027,2026-10-03 20:52:19,BENIGN,BENIGN,0.99999917,True
RUN_027,2026-10-03 20:52:20,BENIGN,BENIGN,0.99999964,True
RUN_027,2026-10-03 20:52:21,BENIGN,BENIGN,0.99999964,True
RUN_027,2026-10-03 20:52:22,BENIGN,BENIGN,0.99999976,True
RUN_027,2026-10-03 20:52:23,BENIGN,BENIGN,0.99999964,True
RUN_027,2026-10-03 20:52:24,BENIGN,BENIGN,0.99999964,True
RUN_027,2026-10-03 20:52:25,BENIGN,BENIGN,0.9999999,True
RUN_027,2026-10-03 20:52:26,BENIGN,BENIGN,0.9999999,True
RUN_027,2026-10-03 20:52:27,BENIGN,BENIGN,0.99999976,True
RUN_027,2026-10-03 20:52:28,BENIGN,BENIGN,0.99999964,True
RUN_027,2026-10-03 20:52:29,BENIGN,BENIGN,0.99999976,True
RUN_027,2026-10-03 20:52:30,BENIGN,BENIGN,0.9999999,True
RUN_027,2026-10-03 20:52:31,BENIGN,BENIGN,0.99999964,True
RUN_027,2026-10-03 20:52:32,BENIGN,BENIGN,0.99999976,True
RUN_027,2026-10-03 20:52:33,BENIGN,BENIGN,0.99999726,True
RUN_027,2026-10-03 20:52:34,BENIGN,BENIGN,0.9998852,True
RUN_027,2026-10-03 20:52:35,BENIGN,BENIGN,0.9999974,True
RUN_027,2026-10-03 20:52:36,BENIGN,BENIGN,0.9999937,True
RUN_027,2026-10-03 20:52:37,BENIGN,BENIGN,0.92877537,True
RUN_027,2026-10-03 20:52:38,BENIGN,BENIGN,0.9995203,True
RUN_027,2026-10-03 20:52:39,BENIGN,BENIGN,0.9999994,True
RUN_027,2026-10-03 20:52:40,BENIGN,BENIGN,0.9999999,True
RUN_027,2026-10-03 20:52:41,BENIGN,BENIGN,0.9999999,True
RUN_027,2026-10-03 20:52:42,BENIGN,BENIGN,0.9999989,True
RUN_027,2026-10-03 20:52:43,BENIGN,BENIGN,0.9997968,True
RUN_027,2026-10-03 20:52:44,BENIGN,BENIGN,0.9999529,True
RUN_027,2026-10-03 20:52:45,BENIGN,BENIGN,0.99999845,True
RUN_027,2026-10-03 20:52:46,BENIGN,BENIGN,0.9998863,True
RUN_027,2026-10-03 20:52:47,BENIGN,BENIGN,0.99999964,True
RUN_027,2026-10-03 20:52:48,BENIGN,BENIGN,0.99999976,True
RUN_027,2026-10-03 20:52:49,BENIGN,BENIGN,0.9999957,True
RUN_027,2026-10-03 20:52:50,BENIGN,BENIGN,0.9999767,True
RUN_027,2026-10-03 20:52:51,BENIGN,BENIGN,0.99999905,True
RUN_027,2026-10-03 20:52:52,BENIGN,BENIGN,0.99999976,True
RUN_027,2026-10-03 20:52:53,BENIGN,BENIGN,0.9999999,True
RUN_027,2026-10-03 20:52:54,BENIGN,BENIGN,0.9999999,True
RUN_027,2026-10-03 20:52:55,BENIGN,BENIGN,0.99999976,True
RUN_027,2026-10-03 20:52:56,BENIGN,BENIGN,0.9999999,True
RUN_027,2026-10-03 20:52:57,BENIGN,BENIGN,0.99999976,True
RUN_027,2026-10-03 20:52:58,BENIGN,BENIGN,0.99999964,True
RUN_027,2026-10-03 20:52:59,BENIGN,BENIGN,0.9999995,True
RUN_027,2026-10-03 20:53:00,BENIGN,BENIGN,0.9996389,True
RUN_027,2026-10-03 20:53:01,BENIGN,BENIGN,0.99989754,True
RUN_027,2026-10-03 20:53:02,BENIGN,BENIGN,0.9829428,True
RUN_027,2026-10-03 20:53:03,BENIGN,ICMP_FLOOD,0.4525795,False
RUN_027,2026-10-03 20:53:04,BENIGN,ICMP_FLOOD,0.5822559,False
RUN_027,2026-10-03 20:53:05,BENIGN,ICMP_FLOOD,0.83290815,False
RUN_027,2026-10-03 20:53:06,BENIGN,ICMP_FLOOD,0.81373906,False
RUN_027,2026-10-03 20:53:07,BENIGN,SYN_FLOOD,0.48276365,False
RUN_027,2026-10-03 20:53:08,BENIGN,BENIGN,0.9991412,True
RUN_027,2026-10-03 20:53:09,BENIGN,BENIGN,0.9999779,True
RUN_027,2026-10-03 20:53:10,BENIGN,BENIGN,0.9999995,True
RUN_027,2026-10-03 20:53:11,BENIGN,BENIGN,0.9999995,True
RUN_027,2026-10-03 20:53:12,BENIGN,BENIGN,0.9999995,True
RUN_027,2026-10-03 20:53:13,BENIGN,BENIGN,0.9999993,True
RUN_027,2026-10-03 20:53:14,BENIGN,BENIGN,0.9999995,True
RUN_027,2026-10-03 20:53:15,BENIGN,BENIGN,0.9999982,True
RUN_027,2026-10-03 20:53:16,BENIGN,BENIGN,0.9999974,True
RUN_027,2026-10-03 20:53:17,BENIGN,BENIGN,0.99999726,True
RUN_027,2026-10-03 20:53:18,BENIGN,BENIGN,0.99999654,True
RUN_027,2026-10-03 20:53:19,BENIGN,BENIGN,0.99999917,True
RUN_027,2026-10-03 20:53:20,BENIGN,BENIGN,0.9999975,True
RUN_027,2026-10-03 20:53:21,BENIGN,BENIGN,0.99999857,True
RUN_027,2026-10-03 20:53:22,BENIGN,BENIGN,0.99999833,True
RUN_027,2026-10-03 20:53:23,BENIGN,BENIGN,0.99999976,True
RUN_027,2026-10-03 20:53:24,BENIGN,BENIGN,0.9999999,True
RUN_027,2026-10-03 20:53:25,BENIGN,BENIGN,0.9999999,True
RUN_027,2026-10-03 20:53:26,BENIGN,BENIGN,0.99999976,True
RUN_027,2026-10-03 20:53:27,BENIGN,BENIGN,0.9999999,True
RUN_027,2026-10-03 20:53:28,BENIGN,BENIGN,0.9999999,True
RUN_027,2026-10-03 20:53:29,BENIGN,BENIGN,0.99999976,True
RUN_027,2026-10-03 20:53:30,BENIGN,BENIGN,0.99999976,True
RUN_027,2026-10-03 20:53:31,BENIGN,BENIGN,0.99999964,True
RUN_027,2026-10-03 20:53:32,BENIGN,BENIGN,0.99999976,True
RUN_027,2026-10-03 20:53:33,BENIGN,BENIGN,0.9999995,True
RUN_027,2026-10-03 20:53:34,BENIGN,BENIGN,0.99999964,True
RUN_027,2026-10-03 20:53:35,BENIGN,BENIGN,0.9999976,True
RUN_027,2026-10-03 20:53:36,BENIGN,BENIGN,0.99999917,True
RUN_027,2026-10-03 20:53:37,BENIGN,BENIGN,0.9999989,True
RUN_027,2026-10-03 20:53:38,BENIGN,BENIGN,0.99999917,True
RUN_027,2026-10-03 20:53:39,BENIGN,BENIGN,0.99999964,True
RUN_027,2026-10-03 20:53:40,BENIGN,BENIGN,0.99999976,True
RUN_027,2026-10-03 20:53:41,BENIGN,BENIGN,0.9999999,True
RUN_027,2026-10-03 20:53:42,BENIGN,BENIGN,0.9999999,True
RUN_027,2026-10-03 20:53:43,BENIGN,BENIGN,0.9999999,True
RUN_027,2026-10-03 20:53:44,BENIGN,BENIGN,0.99999964,True
RUN_027,2026-10-03 20:53:45,BENIGN,BENIGN,0.9999993,True
RUN_027,2026-10-03 20:53:46,BENIGN,BENIGN,0.9999995,True
RUN_027,2026-10-03 20:53:47,BENIGN,BENIGN,0.99999964,True
RUN_027,2026-10-03 20:53:48,BENIGN,BENIGN,0.99999964,True
RUN_027,2026-10-03 20:53:49,BENIGN,BENIGN,0.99999976,True
RUN_027,2026-10-03 20:53:50,BENIGN,BENIGN,0.99999964,True
RUN_027,2026-10-03 20:53:51,BENIGN,BENIGN,0.99999964,True
RUN_027,2026-10-03 20:53:52,BENIGN,BENIGN,0.9999999,True
RUN_027,2026-10-03 20:53:53,BENIGN,BENIGN,0.99999976,True
RUN_027,2026-10-03 20:53:54,BENIGN,BENIGN,0.9999995,True
RUN_027,2026-10-03 20:53:55,BENIGN,BENIGN,0.9999993,True
RUN_027,2026-10-03 20:53:56,BENIGN,BENIGN,0.99999964,True
RUN_027,2026-10-03 20:53:57,BENIGN,BENIGN,0.9999999,True
RUN_027,2026-10-03 20:53:58,BENIGN,BENIGN,0.9999999,True
RUN_027,2026-10-03 20:53:59,BENIGN,BENIGN,0.9999999,True
RUN_030,2026-10-03 20:58:04,SYN_FLOOD,ICMP_FLOOD,0.9989042,False
RUN_030,2026-10-03 20:58:05,SYN_FLOOD,ICMP_FLOOD,0.9990283,False
RUN_030,2026-10-03 20:58:06,SYN_FLOOD,ICMP_FLOOD,0.9952744,False
RUN_030,2026-10-03 20:58:07,SYN_FLOOD,ICMP_FLOOD,0.7916172,False
RUN_030,2026-10-03 20:58:08,SYN_FLOOD,SYN_FLOOD,0.95867014,True
RUN_030,2026-10-03 20:58:09,SYN_FLOOD,SYN_FLOOD,0.9977505,True
RUN_030,2026-10-03 20:58:10,SYN_FLOOD,SYN_FLOOD,0.9997377,True
RUN_030,2026-10-03 20:58:11,SYN_FLOOD,SYN_FLOOD,0.9996803,True
RUN_030,2026-10-03 20:58:12,SYN_FLOOD,SYN_FLOOD,0.99963474,True
RUN_030,2026-10-03 20:58:13,SYN_FLOOD,SYN_FLOOD,0.99966437,True
RUN_030,2026-10-03 20:58:14,SYN_FLOOD,SYN_FLOOD,0.9996744,True
RUN_030,2026-10-03 20:58:15,SYN_FLOOD,SYN_FLOOD,0.9998102,True
RUN_030,2026-10-03 20:58:16,SYN_FLOOD,SYN_FLOOD,0.9996547,True
RUN_030,2026-10-03 20:58:17,SYN_FLOOD,SYN_FLOOD,0.99923366,True
RUN_030,2026-10-03 20:58:18,SYN_FLOOD,SYN_FLOOD,0.9958547,True
RUN_030,2026-10-03 20:58:19,SYN_FLOOD,SYN_FLOOD,0.9942958,True
RUN_030,2026-10-03 20:58:20,SYN_FLOOD,SYN_FLOOD,0.99584544,True
RUN_030,2026-10-03 20:58:21,SYN_FLOOD,ICMP_FLOOD,0.64810467,False
RUN_030,2026-10-03 20:58:22,SYN_FLOOD,ICMP_FLOOD,0.9964828,False
RUN_030,2026-10-03 20:58:23,SYN_FLOOD,ICMP_FLOOD,0.9824964,False
RUN_030,2026-10-03 20:58:24,SYN_FLOOD,SYN_FLOOD,0.99364495,True
RUN_030,2026-10-03 20:58:25,SYN_FLOOD,SYN_FLOOD,0.9989864,True
RUN_030,2026-10-03 20:58:26,SYN_FLOOD,SYN_FLOOD,0.9998635,True
RUN_030,2026-10-03 20:58:27,SYN_FLOOD,SYN_FLOOD,0.9999184,True
RUN_030,2026-10-03 20:58:28,SYN_FLOOD,SYN_FLOOD,0.9999403,True
RUN_030,2026-10-03 20:58:29,SYN_FLOOD,SYN_FLOOD,0.99993134,True
RUN_030,2026-10-03 20:58:30,SYN_FLOOD,SYN_FLOOD,0.9997949,True
RUN_030,2026-10-03 20:58:31,SYN_FLOOD,SYN_FLOOD,0.9997775,True
RUN_030,2026-10-03 20:58:32,SYN_FLOOD,SYN_FLOOD,0.99909735,True
RUN_030,2026-10-03 20:58:33,SYN_FLOOD,SYN_FLOOD,0.9966671,True
RUN_030,2026-10-03 20:58:34,SYN_FLOOD,SYN_FLOOD,0.83033323,True
RUN_030,2026-10-03 20:58:35,SYN_FLOOD,SYN_FLOOD,0.86773425,True
RUN_030,2026-10-03 20:58:36,SYN_FLOOD,ICMP_FLOOD,0.98690945,False
RUN_030,2026-10-03 20:58:37,SYN_FLOOD,SYN_FLOOD,0.8056941,True
RUN_030,2026-10-03 20:58:38,SYN_FLOOD,SYN_FLOOD,0.9973192,True
RUN_030,2026-10-03 20:58:39,SYN_FLOOD,SYN_FLOOD,0.9996694,True
RUN_030,2026-10-03 20:58:40,SYN_FLOOD,SYN_FLOOD,0.99986637,True
RUN_030,2026-10-03 20:58:41,SYN_FLOOD,SYN_FLOOD,0.99990433,True
RUN_030,2026-10-03 20:58:42,SYN_FLOOD,SYN_FLOOD,0.9999262,True
RUN_030,2026-10-03 20:58:43,SYN_FLOOD,SYN_FLOOD,0.9999034,True
RUN_030,2026-10-03 20:58:44,SYN_FLOOD,SYN_FLOOD,0.9999233,True
RUN_030,2026-10-03 20:58:45,SYN_FLOOD,SYN_FLOOD,0.9999423,True
RUN_030,2026-10-03 20:58:46,SYN_FLOOD,SYN_FLOOD,0.99995583,True
RUN_030,2026-10-03 20:58:47,SYN_FLOOD,SYN_FLOOD,0.99994564,True
RUN_030,2026-10-03 20:58:48,SYN_FLOOD,SYN_FLOOD,0.9999387,True
RUN_030,2026-10-03 20:58:49,SYN_FLOOD,SYN_FLOOD,0.9999393,True
RUN_030,2026-10-03 20:58:50,SYN_FLOOD,SYN_FLOOD,0.9999528,True
RUN_030,2026-10-03 20:58:51,SYN_FLOOD,SYN_FLOOD,0.9999568,True
RUN_030,2026-10-03 20:58:52,SYN_FLOOD,SYN_FLOOD,0.9999595,True
RUN_030,2026-10-03 20:58:53,SYN_FLOOD,SYN_FLOOD,0.99996406,True
RUN_030,2026-10-03 20:58:54,SYN_FLOOD,SYN_FLOOD,0.9999607,True
RUN_030,2026-10-03 20:58:55,SYN_FLOOD,SYN_FLOOD,0.9999605,True
RUN_030,2026-10-03 20:58:56,SYN_FLOOD,SYN_FLOOD,0.9999582,True
RUN_030,2026-10-03 20:58:57,SYN_FLOOD,SYN_FLOOD,0.99996716,True
RUN_030,2026-10-03 20:58:58,SYN_FLOOD,SYN_FLOOD,0.99996656,True
RUN_030,2026-10-03 20:58:59,SYN_FLOOD,SYN_FLOOD,0.99996096,True
RUN_030,2026-10-03 20:59:00,SYN_FLOOD,SYN_FLOOD,0.99996346,True
RUN_030,2026-10-03 20:59:01,SYN_FLOOD,SYN_FLOOD,0.99996334,True
RUN_030,2026-10-03 20:59:02,SYN_FLOOD,SYN_FLOOD,0.99996513,True
RUN_030,2026-10-03 20:59:03,SYN_FLOOD,SYN_FLOOD,0.99996585,True
RUN_030,2026-10-03 20:59:04,SYN_FLOOD,SYN_FLOOD,0.9999679,True
RUN_030,2026-10-03 20:59:05,SYN_FLOOD,SYN_FLOOD,0.99996895,True
RUN_030,2026-10-03 20:59:06,SYN_FLOOD,SYN_FLOOD,0.9999704,True
RUN_030,2026-10-03 20:59:07,SYN_FLOOD,SYN_FLOOD,0.99996895,True
RUN_030,2026-10-03 20:59:08,SYN_FLOOD,SYN_FLOOD,0.99996597,True
RUN_030,2026-10-03 20:59:09,SYN_FLOOD,SYN_FLOOD,0.9999613,True
RUN_030,2026-10-03 20:59:10,SYN_FLOOD,SYN_FLOOD,0.9999699,True
RUN_030,2026-10-03 20:59:11,SYN_FLOOD,SYN_FLOOD,0.999968,True
RUN_030,2026-10-03 20:59:12,SYN_FLOOD,SYN_FLOOD,0.9999655,True
RUN_030,2026-10-03 20:59:13,SYN_FLOOD,SYN_FLOOD,0.99996823,True
RUN_030,2026-10-03 20:59:14,SYN_FLOOD,SYN_FLOOD,0.9999668,True
RUN_030,2026-10-03 20:59:15,SYN_FLOOD,SYN_FLOOD,0.99997073,True
RUN_030,2026-10-03 20:59:16,SYN_FLOOD,SYN_FLOOD,0.9999679,True
RUN_030,2026-10-03 20:59:17,SYN_FLOOD,SYN_FLOOD,0.9999574,True
RUN_030,2026-10-03 20:59:18,SYN_FLOOD,SYN_FLOOD,0.9999668,True
RUN_030,2026-10-03 20:59:19,SYN_FLOOD,SYN_FLOOD,0.9999607,True
RUN_030,2026-10-03 20:59:20,SYN_FLOOD,SYN_FLOOD,0.99996907,True
RUN_030,2026-10-03 20:59:21,SYN_FLOOD,SYN_FLOOD,0.9999675,True
RUN_030,2026-10-03 20:59:22,SYN_FLOOD,SYN_FLOOD,0.9999649,True
RUN_030,2026-10-03 20:59:23,SYN_FLOOD,SYN_FLOOD,0.9999588,True
RUN_030,2026-10-03 20:59:24,SYN_FLOOD,SYN_FLOOD,0.9999625,True
RUN_030,2026-10-03 20:59:25,SYN_FLOOD,SYN_FLOOD,0.9999663,True
RUN_030,2026-10-03 20:59:26,SYN_FLOOD,SYN_FLOOD,0.9999692,True
RUN_030,2026-10-03 20:59:27,SYN_FLOOD,SYN_FLOOD,0.9999698,True
RUN_030,2026-10-03 20:59:28,SYN_FLOOD,SYN_FLOOD,0.99996835,True
RUN_030,2026-10-03 20:59:29,SYN_FLOOD,SYN_FLOOD,0.9999516,True
RUN_030,2026-10-03 20:59:30,SYN_FLOOD,SYN_FLOOD,0.999968,True
RUN_030,2026-10-03 20:59:31,SYN_FLOOD,SYN_FLOOD,0.99996704,True
RUN_030,2026-10-03 20:59:32,SYN_FLOOD,SYN_FLOOD,0.99996394,True
RUN_030,2026-10-03 20:59:33,SYN_FLOOD,SYN_FLOOD,0.9999706,True
RUN_030,2026-10-03 20:59:34,SYN_FLOOD,SYN_FLOOD,0.999968,True
RUN_030,2026-10-03 20:59:35,SYN_FLOOD,SYN_FLOOD,0.99997,True
RUN_030,2026-10-03 20:59:36,SYN_FLOOD,SYN_FLOOD,0.9999607,True
RUN_030,2026-10-03 20:59:37,SYN_FLOOD,SYN_FLOOD,0.99996275,True
RUN_030,2026-10-03 20:59:38,SYN_FLOOD,SYN_FLOOD,0.9999644,True
RUN_030,2026-10-03 20:59:39,SYN_FLOOD,SYN_FLOOD,0.9999631,True
RUN_030,2026-10-03 20:59:40,SYN_FLOOD,SYN_FLOOD,0.99995124,True
RUN_030,2026-10-03 20:59:41,SYN_FLOOD,SYN_FLOOD,0.9999594,True
RUN_030,2026-10-03 20:59:42,SYN_FLOOD,SYN_FLOOD,0.9999473,True
RUN_030,2026-10-03 20:59:43,SYN_FLOOD,SYN_FLOOD,0.9999594,True
RUN_030,2026-10-03 20:59:44,SYN_FLOOD,SYN_FLOOD,0.99995774,True
RUN_030,2026-10-03 20:59:45,SYN_FLOOD,SYN_FLOOD,0.99994814,True
RUN_030,2026-10-03 20:59:46,SYN_FLOOD,SYN_FLOOD,0.99994564,True
RUN_030,2026-10-03 20:59:47,SYN_FLOOD,SYN_FLOOD,0.9999316,True
RUN_030,2026-10-03 20:59:48,SYN_FLOOD,SYN_FLOOD,0.9998832,True
RUN_030,2026-10-03 20:59:49,SYN_FLOOD,SYN_FLOOD,0.99973327,True
RUN_030,2026-10-03 20:59:50,SYN_FLOOD,SYN_FLOOD,0.9992082,True
RUN_030,2026-10-03 20:59:51,SYN_FLOOD,SYN_FLOOD,0.99521697,True
RUN_030,2026-10-03 20:59:52,SYN_FLOOD,SYN_FLOOD,0.960489,True
RUN_030,2026-10-03 20:59:53,SYN_FLOOD,ICMP_FLOOD,0.8930671,False
RUN_030,2026-10-03 20:59:54,SYN_FLOOD,ICMP_FLOOD,0.9819723,False
RUN_030,2026-10-03 20:59:55,SYN_FLOOD,ICMP_FLOOD,0.9448665,False
RUN_030,2026-10-03 20:59:56,SYN_FLOOD,ICMP_FLOOD,0.98249376,False
RUN_030,2026-10-03 20:59:57,SYN_FLOOD,ICMP_FLOOD,0.9515706,False
RUN_030,2026-10-03 20:59:58,SYN_FLOOD,ICMP_FLOOD,0.8874938,False
RUN_030,2026-10-03 20:59:59,SYN_FLOOD,ICMP_FLOOD,0.94527596,False
RUN_031,2026-10-03 21:00:04,BENIGN,BENIGN,0.9999995,True
RUN_031,2026-10-03 21:00:05,BENIGN,BENIGN,0.9999995,True
RUN_031,2026-10-03 21:00:06,BENIGN,BENIGN,0.99999976,True
RUN_031,2026-10-03 21:00:07,BENIGN,BENIGN,0.99999976,True
RUN_031,2026-10-03 21:00:08,BENIGN,BENIGN,0.99999905,True
RUN_031,2026-10-03 21:00:09,BENIGN,BENIGN,0.9999995,True
RUN_031,2026-10-03 21:00:10,BENIGN,BENIGN,0.9999994,True
RUN_031,2026-10-03 21:00:11,BENIGN,BENIGN,0.99999905,True
RUN_031,2026-10-03 21:00:12,BENIGN,BENIGN,0.9999994,True
RUN_031,2026-10-03 21:00:13,BENIGN,BENIGN,0.9999999,True
RUN_031,2026-10-03 21:00:14,BENIGN,BENIGN,0.9999999,True
RUN_031,2026-10-03 21:00:15,BENIGN,BENIGN,0.9999999,True
RUN_031,2026-10-03 21:00:16,BENIGN,BENIGN,0.9999999,True
RUN_031,2026-10-03 21:00:17,BENIGN,BENIGN,0.9999999,True
RUN_031,2026-10-03 21:00:18,BENIGN,BENIGN,0.9999999,True
RUN_031,2026-10-03 21:00:19,BENIGN,BENIGN,0.9999999,True
RUN_031,2026-10-03 21:00:20,BENIGN,BENIGN,0.99999976,True
RUN_031,2026-10-03 21:00:21,BENIGN,BENIGN,0.9999999,True
RUN_031,2026-10-03 21:00:22,BENIGN,BENIGN,0.99999833,True
RUN_031,2026-10-03 21:00:23,BENIGN,BENIGN,0.99999976,True
RUN_031,2026-10-03 21:00:24,BENIGN,BENIGN,0.9999999,True
RUN_031,2026-10-03 21:00:25,BENIGN,BENIGN,1.0,True
RUN_031,2026-10-03 21:00:26,BENIGN,BENIGN,0.9999999,True
RUN_031,2026-10-03 21:00:27,BENIGN,BENIGN,0.99999976,True
RUN_031,2026-10-03 21:00:28,BENIGN,BENIGN,0.99999976,True
RUN_031,2026-10-03 21:00:29,BENIGN,BENIGN,0.99999976,True
RUN_031,2026-10-03 21:00:30,BENIGN,BENIGN,0.99999976,True
RUN_031,2026-10-03 21:00:31,BENIGN,BENIGN,0.9999999,True
RUN_031,2026-10-03 21:00:32,BENIGN,BENIGN,0.99999976,True
RUN_031,2026-10-03 21:00:33,BENIGN,BENIGN,0.99996823,True
RUN_031,2026-10-03 21:00:34,BENIGN,BENIGN,0.99964416,True
RUN_031,2026-10-03 21:00:35,BENIGN,BENIGN,0.99999845,True
RUN_031,2026-10-03 21:00:36,BENIGN,BENIGN,0.99999964,True
RUN_031,2026-10-03 21:00:37,BENIGN,BENIGN,0.99999976,True
RUN_031,2026-10-03 21:00:38,BENIGN,BENIGN,0.9999999,True
RUN_031,2026-10-03 21:00:39,BENIGN,BENIGN,0.9999995,True
RUN_031,2026-10-03 21:00:40,BENIGN,BENIGN,0.99999917,True
RUN_031,2026-10-03 21:00:41,BENIGN,BENIGN,0.99999964,True
RUN_031,2026-10-03 21:00:42,BENIGN,BENIGN,0.99999976,True
RUN_031,2026-10-03 21:00:43,BENIGN,BENIGN,0.9999999,True
RUN_031,2026-10-03 21:00:44,BENIGN,BENIGN,0.9999999,True
RUN_031,2026-10-03 21:00:45,BENIGN,BENIGN,0.9999999,True
RUN_031,2026-10-03 21:00:46,BENIGN,BENIGN,0.9999999,True
RUN_031,2026-10-03 21:00:47,BENIGN,BENIGN,0.99999976,True
RUN_031,2026-10-03 21:00:48,BENIGN,BENIGN,0.9999999,True
RUN_031,2026-10-03 21:00:49,BENIGN,BENIGN,0.99999976,True
RUN_031,2026-10-03 21:00:50,BENIGN,BENIGN,0.9999999,True
RUN_031,2026-10-03 21:00:51,BENIGN,BENIGN,0.99999976,True
RUN_031,2026-10-03 21:00:52,BENIGN,BENIGN,0.99999976,True
RUN_031,2026-10-03 21:00:53,BENIGN,BENIGN,0.99999976,True
RUN_031,2026-10-03 21:00:54,BENIGN,BENIGN,0.99999976,True
RUN_031,2026-10-03 21:00:55,BENIGN,BENIGN,0.9999999,True
RUN_031,2026-10-03 21:00:56,BENIGN,BENIGN,0.9999999,True
RUN_031,2026-10-03 21:00:57,BENIGN,BENIGN,0.9999999,True
RUN_031,2026-10-03 21:00:58,BENIGN,BENIGN,0.99999976,True
RUN_031,2026-10-03 21:00:59,BENIGN,BENIGN,0.99999976,True
RUN_031,2026-10-03 21:01:00,BENIGN,BENIGN,0.99999976,True
RUN_031,2026-10-03 21:01:01,BENIGN,BENIGN,0.9999995,True
RUN_031,2026-10-03 21:01:02,BENIGN,BENIGN,0.9999995,True
RUN_031,2026-10-03 21:01:03,BENIGN,BENIGN,0.9999989,True
RUN_031,2026-10-03 21:01:04,BENIGN,BENIGN,0.99999964,True
RUN_031,2026-10-03 21:01:05,BENIGN,BENIGN,0.99999833,True
RUN_031,2026-10-03 21:01:06,BENIGN,BENIGN,0.9999995,True
RUN_031,2026-10-03 21:01:07,BENIGN,BENIGN,0.99999917,True
RUN_031,2026-10-03 21:01:08,BENIGN,BENIGN,0.9999925,True
RUN_031,2026-10-03 21:01:09,BENIGN,BENIGN,0.60070014,True
RUN_031,2026-10-03 21:01:10,BENIGN,BENIGN,0.78414726,True
RUN_031,2026-10-03 21:01:11,BENIGN,BENIGN,0.99985224,True
RUN_031,2026-10-03 21:01:12,BENIGN,BENIGN,0.9999865,True
RUN_031,2026-10-03 21:01:13,BENIGN,BENIGN,0.999998,True
RUN_031,2026-10-03 21:01:14,BENIGN,BENIGN,0.9999993,True
RUN_031,2026-10-03 21:01:15,BENIGN,BENIGN,0.9999993,True
RUN_031,2026-10-03 21:01:16,BENIGN,BENIGN,0.9999994,True
RUN_031,2026-10-03 21:01:17,BENIGN,BENIGN,0.9999994,True
RUN_031,2026-10-03 21:01:18,BENIGN,BENIGN,0.99999964,True
RUN_031,2026-10-03 21:01:19,BENIGN,BENIGN,0.99999976,True
RUN_031,2026-10-03 21:01:20,BENIGN,BENIGN,0.9999993,True
RUN_031,2026-10-03 21:01:21,BENIGN,BENIGN,0.9999995,True
RUN_031,2026-10-03 21:01:22,BENIGN,BENIGN,0.9999999,True
RUN_031,2026-10-03 21:01:23,BENIGN,BENIGN,0.9999999,True
RUN_031,2026-10-03 21:01:24,BENIGN,BENIGN,0.9999995,True
RUN_031,2026-10-03 21:01:25,BENIGN,BENIGN,0.99999964,True
RUN_031,2026-10-03 21:01:26,BENIGN,BENIGN,0.9999995,True
RUN_031,2026-10-03 21:01:27,BENIGN,BENIGN,0.99999785,True
RUN_031,2026-10-03 21:01:28,BENIGN,BENIGN,0.9999976,True
RUN_031,2026-10-03 21:01:29,BENIGN,BENIGN,0.99999845,True
RUN_031,2026-10-03 21:01:30,BENIGN,BENIGN,0.99999917,True
RUN_031,2026-10-03 21:01:31,BENIGN,BENIGN,0.99999976,True
RUN_031,2026-10-03 21:01:32,BENIGN,BENIGN,0.99999976,True
RUN_031,2026-10-03 21:01:33,BENIGN,BENIGN,0.9999999,True
RUN_031,2026-10-03 21:01:34,BENIGN,BENIGN,0.9999999,True
RUN_031,2026-10-03 21:01:35,BENIGN,BENIGN,0.99999976,True
RUN_031,2026-10-03 21:01:36,BENIGN,BENIGN,0.99999976,True
RUN_031,2026-10-03 21:01:37,BENIGN,BENIGN,0.99999976,True
RUN_031,2026-10-03 21:01:38,BENIGN,BENIGN,0.9999994,True
RUN_031,2026-10-03 21:01:39,BENIGN,BENIGN,0.9999987,True
RUN_031,2026-10-03 21:01:40,BENIGN,BENIGN,0.99999976,True
RUN_031,2026-10-03 21:01:41,BENIGN,BENIGN,0.99999976,True
RUN_031,2026-10-03 21:01:42,BENIGN,BENIGN,0.99999964,True
RUN_031,2026-10-03 21:01:43,BENIGN,BENIGN,0.99999917,True
RUN_031,2026-10-03 21:01:44,BENIGN,BENIGN,0.9999995,True
RUN_031,2026-10-03 21:01:45,BENIGN,BENIGN,0.99999976,True
RUN_031,2026-10-03 21:01:46,BENIGN,BENIGN,0.9999999,True
RUN_031,2026-10-03 21:01:47,BENIGN,BENIGN,1.0,True
RUN_031,2026-10-03 21:01:48,BENIGN,BENIGN,0.99999976,True
RUN_031,2026-10-03 21:01:49,BENIGN,BENIGN,0.99999976,True
RUN_031,2026-10-03 21:01:50,BENIGN,BENIGN,0.99999976,True
RUN_031,2026-10-03 21:01:51,BENIGN,BENIGN,0.9999988,True
RUN_031,2026-10-03 21:01:52,BENIGN,BENIGN,0.99999857,True
RUN_031,2026-10-03 21:01:53,BENIGN,BENIGN,0.9999995,True
RUN_031,2026-10-03 21:01:54,BENIGN,BENIGN,0.999983,True
RUN_031,2026-10-03 21:01:55,BENIGN,BENIGN,0.999857,True
RUN_031,2026-10-03 21:01:56,BENIGN,BENIGN,0.999998,True
RUN_031,2026-10-03 21:01:57,BENIGN,BENIGN,0.999916,True
RUN_031,2026-10-03 21:01:58,BENIGN,BENIGN,0.99997216,True
RUN_031,2026-10-03 21:01:59,BENIGN,BENIGN,0.99999857,True
RUN_032,2026-10-03 21:02:04,BENIGN,BENIGN,0.99999976,True
RUN_032,2026-10-03 21:02:05,BENIGN,BENIGN,0.9999999,True
RUN_032,2026-10-03 21:02:06,BENIGN,BENIGN,0.9999999,True
RUN_032,2026-10-03 21:02:07,BENIGN,BENIGN,0.99999976,True
RUN_032,2026-10-03 21:02:08,BENIGN,BENIGN,0.9999994,True
RUN_032,2026-10-03 21:02:09,BENIGN,BENIGN,0.9999994,True
RUN_032,2026-10-03 21:02:10,BENIGN,BENIGN,0.9999989,True
RUN_032,2026-10-03 21:02:11,BENIGN,BENIGN,0.99999845,True
RUN_032,2026-10-03 21:02:12,BENIGN,BENIGN,0.9999989,True
RUN_032,2026-10-03 21:02:13,BENIGN,BENIGN,0.9999995,True
RUN_032,2026-10-03 21:02:14,BENIGN,BENIGN,0.9999995,True
RUN_032,2026-10-03 21:02:15,BENIGN,BENIGN,0.99999976,True
RUN_032,2026-10-03 21:02:16,BENIGN,BENIGN,0.99999976,True
RUN_032,2026-10-03 21:02:17,BENIGN,BENIGN,0.99999964,True
RUN_032,2026-10-03 21:02:18,BENIGN,BENIGN,0.9999995,True
RUN_032,2026-10-03 21:02:19,BENIGN,BENIGN,0.9999995,True
RUN_032,2026-10-03 21:02:20,BENIGN,BENIGN,0.9999988,True
RUN_032,2026-10-03 21:02:21,BENIGN,BENIGN,0.99999917,True
RUN_032,2026-10-03 21:02:22,BENIGN,BENIGN,0.9999995,True
RUN_032,2026-10-03 21:02:23,BENIGN,BENIGN,0.99999857,True
RUN_032,2026-10-03 21:02:24,BENIGN,BENIGN,0.9999995,True
RUN_032,2026-10-03 21:02:25,BENIGN,BENIGN,0.99999917,True
RUN_032,2026-10-03 21:02:26,BENIGN,BENIGN,0.9999989,True
RUN_032,2026-10-03 21:02:27,BENIGN,BENIGN,0.9999975,True
RUN_032,2026-10-03 21:02:28,BENIGN,BENIGN,0.99999714,True
RUN_032,2026-10-03 21:02:29,BENIGN,BENIGN,0.9999987,True
RUN_032,2026-10-03 21:02:30,BENIGN,BENIGN,0.99999964,True
RUN_032,2026-10-03 21:02:31,BENIGN,BENIGN,0.99999964,True
RUN_032,2026-10-03 21:02:32,BENIGN,BENIGN,0.99999964,True
RUN_032,2026-10-03 21:02:33,BENIGN,BENIGN,0.9999993,True
RUN_032,2026-10-03 21:02:34,BENIGN,BENIGN,0.9999994,True
RUN_032,2026-10-03 21:02:35,BENIGN,BENIGN,0.99999905,True
RUN_032,2026-10-03 21:02:36,BENIGN,BENIGN,0.9999993,True
RUN_032,2026-10-03 21:02:37,BENIGN,BENIGN,0.9999995,True
RUN_032,2026-10-03 21:02:38,BENIGN,BENIGN,0.99999976,True
RUN_032,2026-10-03 21:02:39,BENIGN,BENIGN,0.99999976,True
RUN_032,2026-10-03 21:02:40,BENIGN,BENIGN,0.9999999,True
RUN_032,2026-10-03 21:02:41,BENIGN,BENIGN,0.9999999,True
RUN_032,2026-10-03 21:02:42,BENIGN,BENIGN,0.9999999,True
RUN_032,2026-10-03 21:02:43,BENIGN,BENIGN,0.9999999,True
RUN_032,2026-10-03 21:02:44,BENIGN,BENIGN,0.9999999,True
RUN_032,2026-10-03 21:02:45,BENIGN,BENIGN,0.9999999,True
RUN_032,2026-10-03 21:02:46,BENIGN,BENIGN,0.99999976,True
RUN_032,2026-10-03 21:02:47,BENIGN,BENIGN,0.99999976,True
RUN_032,2026-10-03 21:02:48,BENIGN,BENIGN,0.9999999,True
RUN_032,2026-10-03 21:02:49,BENIGN,BENIGN,0.9999999,True
RUN_032,2026-10-03 21:02:50,BENIGN,BENIGN,0.9999999,True
RUN_032,2026-10-03 21:02:51,BENIGN,BENIGN,0.9999999,True
RUN_032,2026-10-03 21:02:52,BENIGN,BENIGN,0.99999976,True
RUN_032,2026-10-03 21:02:53,BENIGN,BENIGN,0.99999976,True
RUN_032,2026-10-03 21:02:54,BENIGN,BENIGN,0.99999976,True
RUN_032,2026-10-03 21:02:55,BENIGN,BENIGN,0.9999999,True
RUN_032,2026-10-03 21:02:56,BENIGN,BENIGN,0.99999964,True
RUN_032,2026-10-03 21:02:57,BENIGN,BENIGN,0.9999993,True
RUN_032,2026-10-03 21:02:58,BENIGN,BENIGN,0.9999981,True
RUN_032,2026-10-03 21:02:59,BENIGN,BENIGN,0.9999995,True
RUN_032,2026-10-03 21:03:00,BENIGN,BENIGN,0.99999964,True
RUN_032,2026-10-03 21:03:01,BENIGN,BENIGN,0.99999976,True
RUN_032,2026-10-03 21:03:02,BENIGN,BENIGN,0.99999976,True
RUN_032,2026-10-03 21:03:03,BENIGN,BENIGN,0.99999964,True
RUN_032,2026-10-03 21:03:04,BENIGN,BENIGN,0.99999917,True
RUN_032,2026-10-03 21:03:05,BENIGN,BENIGN,0.99999845,True
RUN_032,2026-10-03 21:03:06,BENIGN,BENIGN,0.9999995,True
RUN_032,2026-10-03 21:03:07,BENIGN,BENIGN,0.99999964,True
RUN_032,2026-10-03 21:03:08,BENIGN,BENIGN,0.9999995,True
RUN_032,2026-10-03 21:03:09,BENIGN,BENIGN,0.99999976,True
RUN_032,2026-10-03 21:03:10,BENIGN,BENIGN,0.99999976,True
RUN_032,2026-10-03 21:03:11,BENIGN,BENIGN,0.99999964,True
RUN_032,2026-10-03 21:03:12,BENIGN,BENIGN,0.9999995,True
RUN_032,2026-10-03 21:03:13,BENIGN,BENIGN,0.99999976,True
RUN_032,2026-10-03 21:03:14,BENIGN,BENIGN,0.99999976,True
RUN_032,2026-10-03 21:03:15,BENIGN,BENIGN,0.9999995,True
RUN_032,2026-10-03 21:03:16,BENIGN,BENIGN,0.9999993,True
RUN_032,2026-10-03 21:03:17,BENIGN,BENIGN,0.99999094,True
RUN_032,2026-10-03 21:03:18,BENIGN,BENIGN,0.9999823,True
RUN_032,2026-10-03 21:03:19,BENIGN,BENIGN,0.99999917,True
RUN_032,2026-10-03 21:03:20,BENIGN,BENIGN,0.9999993,True
RUN_032,2026-10-03 21:03:21,BENIGN,BENIGN,0.99999964,True
RUN_032,2026-10-03 21:03:22,BENIGN,BENIGN,0.9999999,True
RUN_032,2026-10-03 21:03:23,BENIGN,BENIGN,0.99999976,True
RUN_032,2026-10-03 21:03:24,BENIGN,BENIGN,0.9999999,True
RUN_032,2026-10-03 21:03:25,BENIGN,BENIGN,0.99999976,True
RUN_032,2026-10-03 21:03:26,BENIGN,BENIGN,0.99999964,True
RUN_032,2026-10-03 21:03:27,BENIGN,BENIGN,0.9999999,True
RUN_032,2026-10-03 21:03:28,BENIGN,BENIGN,0.9999999,True
RUN_032,2026-10-03 21:03:29,BENIGN,BENIGN,0.9999994,True
RUN_032,2026-10-03 21:03:30,BENIGN,BENIGN,0.9999968,True
RUN_032,2026-10-03 21:03:31,BENIGN,BENIGN,0.99999964,True
RUN_032,2026-10-03 21:03:32,BENIGN,BENIGN,0.99999976,True
RUN_032,2026-10-03 21:03:33,BENIGN,BENIGN,0.99999964,True
RUN_032,2026-10-03 21:03:34,BENIGN,BENIGN,0.9999995,True
RUN_032,2026-10-03 21:03:35,BENIGN,BENIGN,0.9999989,True
RUN_032,2026-10-03 21:03:36,BENIGN,BENIGN,0.99999917,True
RUN_032,2026-10-03 21:03:37,BENIGN,BENIGN,0.9999995,True
RUN_032,2026-10-03 21:03:38,BENIGN,BENIGN,0.9999999,True
RUN_032,2026-10-03 21:03:39,BENIGN,BENIGN,0.9999999,True
RUN_032,2026-10-03 21:03:40,BENIGN,BENIGN,0.9999999,True
RUN_032,2026-10-03 21:03:41,BENIGN,BENIGN,0.9999999,True
RUN_032,2026-10-03 21:03:42,BENIGN,BENIGN,0.99999976,True
RUN_032,2026-10-03 21:03:43,BENIGN,BENIGN,0.9999999,True
RUN_032,2026-10-03 21:03:44,BENIGN,BENIGN,0.9999999,True
RUN_032,2026-10-03 21:03:45,BENIGN,BENIGN,0.99999976,True
RUN_032,2026-10-03 21:03:46,BENIGN,BENIGN,0.9999995,True
RUN_032,2026-10-03 21:03:47,BENIGN,BENIGN,0.99999964,True
RUN_032,2026-10-03 21:03:48,BENIGN,BENIGN,0.9999995,True
RUN_032,2026-10-03 21:03:49,BENIGN,BENIGN,0.99999976,True
RUN_032,2026-10-03 21:03:50,BENIGN,BENIGN,0.9999987,True
RUN_032,2026-10-03 21:03:51,BENIGN,BENIGN,0.9999989,True
RUN_032,2026-10-03 21:03:52,BENIGN,BENIGN,0.99999905,True
RUN_032,2026-10-03 21:03:53,BENIGN,BENIGN,0.9999994,True
RUN_032,2026-10-03 21:03:54,BENIGN,BENIGN,0.99999964,True
RUN_032,2026-10-03 21:03:55,BENIGN,BENIGN,0.9999999,True
RUN_032,2026-10-03 21:03:56,BENIGN,BENIGN,0.99999976,True
RUN_032,2026-10-03 21:03:57,BENIGN,BENIGN,0.9999999,True
RUN_032,2026-10-03 21:03:58,BENIGN,BENIGN,0.9999999,True
RUN_032,2026-10-03 21:03:59,BENIGN,BENIGN,0.9999999,True
RUN_037,2026-10-03 21:12:04,UDP_FLOOD,UDP_FLOOD,0.9999836,True
RUN_037,2026-10-03 21:12:05,UDP_FLOOD,UDP_FLOOD,0.999995,True
RUN_037,2026-10-03 21:12:06,UDP_FLOOD,UDP_FLOOD,0.9999976,True
RUN_037,2026-10-03 21:12:07,UDP_FLOOD,UDP_FLOOD,0.999997,True
RUN_037,2026-10-03 21:12:08,UDP_FLOOD,UDP_FLOOD,0.99999785,True
RUN_037,2026-10-03 21:12:09,UDP_FLOOD,UDP_FLOOD,0.9999975,True
RUN_037,2026-10-03 21:12:10,UDP_FLOOD,UDP_FLOOD,0.9999976,True
RUN_037,2026-10-03 21:12:11,UDP_FLOOD,UDP_FLOOD,0.999998,True
RUN_037,2026-10-03 21:12:12,UDP_FLOOD,UDP_FLOOD,0.99999726,True
RUN_037,2026-10-03 21:12:13,UDP_FLOOD,UDP_FLOOD,0.9999974,True
RUN_037,2026-10-03 21:12:14,UDP_FLOOD,UDP_FLOOD,0.99999726,True
RUN_037,2026-10-03 21:12:15,UDP_FLOOD,UDP_FLOOD,0.999997,True
RUN_037,2026-10-03 21:12:16,UDP_FLOOD,UDP_FLOOD,0.9999975,True
RUN_037,2026-10-03 21:12:17,UDP_FLOOD,UDP_FLOOD,0.99999726,True
RUN_037,2026-10-03 21:12:18,UDP_FLOOD,UDP_FLOOD,0.9999969,True
RUN_037,2026-10-03 21:12:19,UDP_FLOOD,UDP_FLOOD,0.999997,True
RUN_037,2026-10-03 21:12:20,UDP_FLOOD,UDP_FLOOD,0.9999974,True
RUN_037,2026-10-03 21:12:21,UDP_FLOOD,UDP_FLOOD,0.99999726,True
RUN_037,2026-10-03 21:12:22,UDP_FLOOD,UDP_FLOOD,0.9999968,True
RUN_037,2026-10-03 21:12:23,UDP_FLOOD,UDP_FLOOD,0.9999968,True
RUN_037,2026-10-03 21:12:24,UDP_FLOOD,UDP_FLOOD,0.99999416,True
RUN_037,2026-10-03 21:12:25,UDP_FLOOD,UDP_FLOOD,0.99999726,True
RUN_037,2026-10-03 21:12:26,UDP_FLOOD,UDP_FLOOD,0.9999982,True
RUN_037,2026-10-03 21:12:27,UDP_FLOOD,UDP_FLOOD,0.9999924,True
RUN_037,2026-10-03 21:12:28,UDP_FLOOD,UDP_FLOOD,0.9999964,True
RUN_037,2026-10-03 21:12:29,UDP_FLOOD,UDP_FLOOD,0.999995,True
RUN_037,2026-10-03 21:12:30,UDP_FLOOD,UDP_FLOOD,0.9999749,True
RUN_037,2026-10-03 21:12:31,UDP_FLOOD,UDP_FLOOD,0.9999958,True
RUN_037,2026-10-03 21:12:32,UDP_FLOOD,UDP_FLOOD,0.9999956,True
RUN_037,2026-10-03 21:12:33,UDP_FLOOD,UDP_FLOOD,0.9999957,True
RUN_037,2026-10-03 21:12:34,UDP_FLOOD,UDP_FLOOD,0.99999785,True
RUN_037,2026-10-03 21:12:35,UDP_FLOOD,UDP_FLOOD,0.9999975,True
RUN_037,2026-10-03 21:12:36,UDP_FLOOD,UDP_FLOOD,0.99999774,True
RUN_037,2026-10-03 21:12:37,UDP_FLOOD,UDP_FLOOD,0.9999987,True
RUN_037,2026-10-03 21:12:38,UDP_FLOOD,UDP_FLOOD,0.9999982,True
RUN_037,2026-10-03 21:12:39,UDP_FLOOD,UDP_FLOOD,0.99999774,True
RUN_037,2026-10-03 21:12:40,UDP_FLOOD,UDP_FLOOD,0.9999981,True
RUN_037,2026-10-03 21:12:41,UDP_FLOOD,UDP_FLOOD,0.9999981,True
RUN_037,2026-10-03 21:12:42,UDP_FLOOD,UDP_FLOOD,0.99999857,True
RUN_037,2026-10-03 21:12:43,UDP_FLOOD,UDP_FLOOD,0.9999982,True
RUN_037,2026-10-03 21:12:44,UDP_FLOOD,UDP_FLOOD,0.99999845,True
RUN_037,2026-10-03 21:12:45,UDP_FLOOD,UDP_FLOOD,0.99999845,True
RUN_037,2026-10-03 21:12:46,UDP_FLOOD,UDP_FLOOD,0.99999785,True
RUN_037,2026-10-03 21:12:47,UDP_FLOOD,UDP_FLOOD,0.999998,True
RUN_037,2026-10-03 21:12:48,UDP_FLOOD,UDP_FLOOD,0.99999857,True
RUN_037,2026-10-03 21:12:49,UDP_FLOOD,UDP_FLOOD,0.99999845,True
RUN_037,2026-10-03 21:12:50,UDP_FLOOD,UDP_FLOOD,0.99999654,True
RUN_037,2026-10-03 21:12:51,UDP_FLOOD,UDP_FLOOD,0.99999666,True
RUN_037,2026-10-03 21:12:52,UDP_FLOOD,UDP_FLOOD,0.99999785,True
RUN_037,2026-10-03 21:12:53,UDP_FLOOD,UDP_FLOOD,0.9999981,True
RUN_037,2026-10-03 21:12:54,UDP_FLOOD,UDP_FLOOD,0.999998,True
RUN_037,2026-10-03 21:12:55,UDP_FLOOD,UDP_FLOOD,0.9999975,True
RUN_037,2026-10-03 21:12:56,UDP_FLOOD,UDP_FLOOD,0.9999956,True
RUN_037,2026-10-03 21:12:57,UDP_FLOOD,UDP_FLOOD,0.9999982,True
RUN_037,2026-10-03 21:12:58,UDP_FLOOD,UDP_FLOOD,0.9999517,True
RUN_037,2026-10-03 21:12:59,UDP_FLOOD,UDP_FLOOD,0.99998677,True
RUN_037,2026-10-03 21:13:00,UDP_FLOOD,UDP_FLOOD,0.99998856,True
RUN_037,2026-10-03 21:13:01,UDP_FLOOD,UDP_FLOOD,0.9999939,True
RUN_037,2026-10-03 21:13:02,UDP_FLOOD,UDP_FLOOD,0.999997,True
RUN_037,2026-10-03 21:13:03,UDP_FLOOD,UDP_FLOOD,0.9999887,True
RUN_037,2026-10-03 21:13:04,UDP_FLOOD,UDP_FLOOD,0.9999945,True
RUN_037,2026-10-03 21:13:05,UDP_FLOOD,UDP_FLOOD,0.99998474,True
RUN_037,2026-10-03 21:13:06,UDP_FLOOD,UDP_FLOOD,0.9999924,True
RUN_037,2026-10-03 21:13:07,UDP_FLOOD,UDP_FLOOD,0.9999939,True
RUN_037,2026-10-03 21:13:08,UDP_FLOOD,UDP_FLOOD,0.9999964,True
RUN_037,2026-10-03 21:13:09,UDP_FLOOD,UDP_FLOOD,0.99999475,True
RUN_037,2026-10-03 21:13:10,UDP_FLOOD,UDP_FLOOD,0.99999535,True
RUN_037,2026-10-03 21:13:11,UDP_FLOOD,UDP_FLOOD,0.9999975,True
RUN_037,2026-10-03 21:13:12,UDP_FLOOD,UDP_FLOOD,0.9999974,True
RUN_037,2026-10-03 21:13:13,UDP_FLOOD,UDP_FLOOD,0.9999976,True
RUN_037,2026-10-03 21:13:14,UDP_FLOOD,UDP_FLOOD,0.99999547,True
RUN_037,2026-10-03 21:13:15,UDP_FLOOD,UDP_FLOOD,0.9999974,True
RUN_037,2026-10-03 21:13:16,UDP_FLOOD,UDP_FLOOD,0.999992,True
RUN_037,2026-10-03 21:13:17,UDP_FLOOD,UDP_FLOOD,0.9999957,True
RUN_037,2026-10-03 21:13:18,UDP_FLOOD,UDP_FLOOD,0.9999975,True
RUN_037,2026-10-03 21:13:19,UDP_FLOOD,UDP_FLOOD,0.99999774,True
RUN_037,2026-10-03 21:13:20,UDP_FLOOD,UDP_FLOOD,0.999997,True
RUN_037,2026-10-03 21:13:21,UDP_FLOOD,UDP_FLOOD,0.9999974,True
RUN_037,2026-10-03 21:13:22,UDP_FLOOD,UDP_FLOOD,0.99999774,True
RUN_037,2026-10-03 21:13:23,UDP_FLOOD,UDP_FLOOD,0.99999666,True
RUN_037,2026-10-03 21:13:24,UDP_FLOOD,UDP_FLOOD,0.9999981,True
RUN_037,2026-10-03 21:13:25,UDP_FLOOD,UDP_FLOOD,0.9999982,True
RUN_037,2026-10-03 21:13:26,UDP_FLOOD,UDP_FLOOD,0.9999958,True
RUN_037,2026-10-03 21:13:27,UDP_FLOOD,UDP_FLOOD,0.9999974,True
RUN_037,2026-10-03 21:13:28,UDP_FLOOD,UDP_FLOOD,0.99999857,True
RUN_037,2026-10-03 21:13:29,UDP_FLOOD,UDP_FLOOD,0.9999932,True
RUN_037,2026-10-03 21:13:30,UDP_FLOOD,UDP_FLOOD,0.99999595,True
RUN_037,2026-10-03 21:13:31,UDP_FLOOD,UDP_FLOOD,0.9999976,True
RUN_037,2026-10-03 21:13:32,UDP_FLOOD,UDP_FLOOD,0.99999833,True
RUN_037,2026-10-03 21:13:33,UDP_FLOOD,UDP_FLOOD,0.99999845,True
RUN_037,2026-10-03 21:13:34,UDP_FLOOD,UDP_FLOOD,0.99999857,True
RUN_037,2026-10-03 21:13:35,UDP_FLOOD,UDP_FLOOD,0.999995,True
RUN_037,2026-10-03 21:13:36,UDP_FLOOD,UDP_FLOOD,0.999998,True
RUN_037,2026-10-03 21:13:37,UDP_FLOOD,UDP_FLOOD,0.99999785,True
RUN_037,2026-10-03 21:13:38,UDP_FLOOD,UDP_FLOOD,0.99999774,True
RUN_037,2026-10-03 21:13:39,UDP_FLOOD,UDP_FLOOD,0.99999833,True
RUN_037,2026-10-03 21:13:40,UDP_FLOOD,UDP_FLOOD,0.9999982,True
RUN_037,2026-10-03 21:13:41,UDP_FLOOD,UDP_FLOOD,0.99999845,True
RUN_037,2026-10-03 21:13:42,UDP_FLOOD,UDP_FLOOD,0.9999981,True
RUN_037,2026-10-03 21:13:43,UDP_FLOOD,UDP_FLOOD,0.99999785,True
RUN_037,2026-10-03 21:13:44,UDP_FLOOD,UDP_FLOOD,0.9999968,True
RUN_037,2026-10-03 21:13:45,UDP_FLOOD,UDP_FLOOD,0.9999944,True
RUN_037,2026-10-03 21:13:46,UDP_FLOOD,UDP_FLOOD,0.9999912,True
RUN_037,2026-10-03 21:13:47,UDP_FLOOD,UDP_FLOOD,0.9999949,True
RUN_037,2026-10-03 21:13:48,UDP_FLOOD,UDP_FLOOD,0.9999963,True
RUN_037,2026-10-03 21:13:49,UDP_FLOOD,UDP_FLOOD,0.99999774,True
RUN_037,2026-10-03 21:13:50,UDP_FLOOD,UDP_FLOOD,0.9999976,True
RUN_037,2026-10-03 21:13:51,UDP_FLOOD,UDP_FLOOD,0.9999969,True
RUN_037,2026-10-03 21:13:52,UDP_FLOOD,UDP_FLOOD,0.9999969,True
RUN_037,2026-10-03 21:13:53,UDP_FLOOD,UDP_FLOOD,0.9999969,True
RUN_037,2026-10-03 21:13:54,UDP_FLOOD,UDP_FLOOD,0.99999785,True
RUN_037,2026-10-03 21:13:55,UDP_FLOOD,UDP_FLOOD,0.99999714,True
RUN_037,2026-10-03 21:13:56,UDP_FLOOD,UDP_FLOOD,0.99999607,True
RUN_037,2026-10-03 21:13:57,UDP_FLOOD,UDP_FLOOD,0.99999714,True
RUN_037,2026-10-03 21:13:58,UDP_FLOOD,UDP_FLOOD,0.99999714,True
RUN_037,2026-10-03 21:13:59,UDP_FLOOD,UDP_FLOOD,0.9999969,True
RUN_046,2026-10-03 21:30:04,BENIGN,BENIGN,0.9999944,True
RUN_046,2026-10-03 21:30:05,BENIGN,BENIGN,0.9999982,True
RUN_046,2026-10-03 21:30:06,BENIGN,BENIGN,0.9999989,True
RUN_046,2026-10-03 21:30:07,BENIGN,BENIGN,0.9999969,True
RUN_046,2026-10-03 21:30:08,BENIGN,BENIGN,0.9999962,True
RUN_046,2026-10-03 21:30:09,BENIGN,BENIGN,0.9999989,True
RUN_046,2026-10-03 21:30:10,BENIGN,BENIGN,0.99999845,True
RUN_046,2026-10-03 21:30:11,BENIGN,BENIGN,0.99999857,True
RUN_046,2026-10-03 21:30:12,BENIGN,BENIGN,0.9999988,True
RUN_046,2026-10-03 21:30:13,BENIGN,BENIGN,0.9999981,True
RUN_046,2026-10-03 21:30:14,BENIGN,BENIGN,0.99999857,True
RUN_046,2026-10-03 21:30:15,BENIGN,BENIGN,0.99999905,True
RUN_046,2026-10-03 21:30:16,BENIGN,BENIGN,0.9999982,True
RUN_046,2026-10-03 21:30:17,BENIGN,BENIGN,0.9999993,True
RUN_046,2026-10-03 21:30:18,BENIGN,BENIGN,0.99999905,True
RUN_046,2026-10-03 21:30:19,BENIGN,BENIGN,0.9999987,True
RUN_046,2026-10-03 21:30:20,BENIGN,BENIGN,0.9999994,True
RUN_046,2026-10-03 21:30:21,BENIGN,BENIGN,0.99999905,True
RUN_046,2026-10-03 21:30:22,BENIGN,BENIGN,0.9999995,True
RUN_046,2026-10-03 21:30:23,BENIGN,BENIGN,0.9999995,True
RUN_046,2026-10-03 21:30:24,BENIGN,BENIGN,0.99999976,True
RUN_046,2026-10-03 21:30:25,BENIGN,BENIGN,0.99999964,True
RUN_046,2026-10-03 21:30:26,BENIGN,BENIGN,0.99999976,True
RUN_046,2026-10-03 21:30:27,BENIGN,BENIGN,0.99999964,True
RUN_046,2026-10-03 21:30:28,BENIGN,BENIGN,0.9999994,True
RUN_046,2026-10-03 21:30:29,BENIGN,BENIGN,0.9999975,True
RUN_046,2026-10-03 21:30:30,BENIGN,BENIGN,0.9987994,True
RUN_046,2026-10-03 21:30:31,BENIGN,BENIGN,0.99999785,True
RUN_046,2026-10-03 21:30:32,BENIGN,BENIGN,0.9999993,True
RUN_046,2026-10-03 21:30:33,BENIGN,BENIGN,0.9999988,True
RUN_046,2026-10-03 21:30:34,BENIGN,BENIGN,0.99999976,True
RUN_046,2026-10-03 21:30:35,BENIGN,BENIGN,1.0,True
RUN_046,2026-10-03 21:30:36,BENIGN,BENIGN,0.9999999,True
RUN_046,2026-10-03 21:30:37,BENIGN,BENIGN,0.9999999,True
RUN_046,2026-10-03 21:30:38,BENIGN,BENIGN,0.9999999,True
RUN_046,2026-10-03 21:30:39,BENIGN,BENIGN,0.9999999,True
RUN_046,2026-10-03 21:30:40,BENIGN,BENIGN,0.9999999,True
RUN_046,2026-10-03 21:30:41,BENIGN,BENIGN,0.9999999,True
RUN_046,2026-10-03 21:30:42,BENIGN,BENIGN,0.9999999,True
RUN_046,2026-10-03 21:30:43,BENIGN,BENIGN,0.9999999,True
RUN_046,2026-10-03 21:30:44,BENIGN,BENIGN,0.9999999,True
RUN_046,2026-10-03 21:30:45,BENIGN,BENIGN,0.9999999,True
RUN_046,2026-10-03 21:30:46,BENIGN,BENIGN,0.9999999,True
RUN_046,2026-10-03 21:30:47,BENIGN,BENIGN,1.0,True
RUN_046,2026-10-03 21:30:48,BENIGN,BENIGN,1.0,True
RUN_046,2026-10-03 21:30:49,BENIGN,BENIGN,0.9999999,True
RUN_046,2026-10-03 21:30:50,BENIGN,BENIGN,0.9999999,True
RUN_046,2026-10-03 21:30:51,BENIGN,BENIGN,0.9999999,True
RUN_046,2026-10-03 21:30:52,BENIGN,BENIGN,0.9999999,True
RUN_046,2026-10-03 21:30:53,BENIGN,BENIGN,0.9999999,True
RUN_046,2026-10-03 21:30:54,BENIGN,BENIGN,0.9999999,True
RUN_046,2026-10-03 21:30:55,BENIGN,BENIGN,0.9999993,True
RUN_046,2026-10-03 21:30:56,BENIGN,BENIGN,0.9999999,True
RUN_046,2026-10-03 21:30:57,BENIGN,BENIGN,0.99999905,True
RUN_046,2026-10-03 21:30:58,BENIGN,BENIGN,0.99999917,True
RUN_046,2026-10-03 21:30:59,BENIGN,BENIGN,0.9999988,True
RUN_046,2026-10-03 21:31:00,BENIGN,BENIGN,0.9999962,True
RUN_046,2026-10-03 21:31:01,BENIGN,BENIGN,0.9999956,True
RUN_046,2026-10-03 21:31:02,BENIGN,BENIGN,0.99999416,True
RUN_046,2026-10-03 21:31:03,BENIGN,BENIGN,0.99998975,True
RUN_046,2026-10-03 21:31:04,BENIGN,BENIGN,0.99998444,True
RUN_046,2026-10-03 21:31:05,BENIGN,BENIGN,0.999997,True
RUN_046,2026-10-03 21:31:06,BENIGN,BENIGN,0.99999595,True
RUN_046,2026-10-03 21:31:07,BENIGN,BENIGN,0.9999975,True
RUN_046,2026-10-03 21:31:08,BENIGN,BENIGN,0.99999666,True
RUN_046,2026-10-03 21:31:09,BENIGN,BENIGN,0.9999976,True
RUN_046,2026-10-03 21:31:10,BENIGN,BENIGN,0.9999964,True
RUN_046,2026-10-03 21:31:11,BENIGN,BENIGN,0.99999785,True
RUN_046,2026-10-03 21:31:12,BENIGN,BENIGN,0.99999833,True
RUN_046,2026-10-03 21:31:13,BENIGN,BENIGN,0.99999714,True
RUN_046,2026-10-03 21:31:14,BENIGN,BENIGN,0.99999666,True
RUN_046,2026-10-03 21:31:15,BENIGN,BENIGN,0.9999982,True
RUN_046,2026-10-03 21:31:16,BENIGN,BENIGN,0.99999833,True
RUN_046,2026-10-03 21:31:17,BENIGN,BENIGN,0.9999981,True
RUN_046,2026-10-03 21:31:18,BENIGN,BENIGN,0.999998,True
RUN_046,2026-10-03 21:31:19,BENIGN,BENIGN,0.99999845,True
RUN_046,2026-10-03 21:31:20,BENIGN,BENIGN,0.99999785,True
RUN_046,2026-10-03 21:31:21,BENIGN,BENIGN,0.99999845,True
RUN_046,2026-10-03 21:31:22,BENIGN,BENIGN,0.999998,True
RUN_046,2026-10-03 21:31:23,BENIGN,BENIGN,0.99999857,True
RUN_046,2026-10-03 21:31:24,BENIGN,BENIGN,0.99999785,True
RUN_046,2026-10-03 21:31:25,BENIGN,BENIGN,0.9999976,True
RUN_046,2026-10-03 21:31:26,BENIGN,BENIGN,0.99999714,True
RUN_046,2026-10-03 21:31:27,BENIGN,BENIGN,0.999997,True
RUN_046,2026-10-03 21:31:28,BENIGN,BENIGN,0.99999666,True
RUN_046,2026-10-03 21:31:29,BENIGN,BENIGN,0.99999547,True
RUN_046,2026-10-03 21:31:30,BENIGN,BENIGN,0.99999225,True
RUN_046,2026-10-03 21:31:31,BENIGN,BENIGN,0.999997,True
RUN_046,2026-10-03 21:31:32,BENIGN,BENIGN,0.999995,True
RUN_046,2026-10-03 21:31:33,BENIGN,BENIGN,0.9999962,True
RUN_046,2026-10-03 21:31:34,BENIGN,BENIGN,0.99999774,True
RUN_046,2026-10-03 21:31:35,BENIGN,BENIGN,0.9999964,True
RUN_046,2026-10-03 21:31:36,BENIGN,BENIGN,0.99999595,True
RUN_046,2026-10-03 21:31:37,BENIGN,BENIGN,0.99999774,True
RUN_046,2026-10-03 21:31:38,BENIGN,BENIGN,0.9999987,True
RUN_046,2026-10-03 21:31:39,BENIGN,BENIGN,0.9999987,True
RUN_046,2026-10-03 21:31:40,BENIGN,BENIGN,0.9999988,True
RUN_046,2026-10-03 21:31:41,BENIGN,BENIGN,0.9999988,True
RUN_046,2026-10-03 21:31:42,BENIGN,BENIGN,0.99999917,True
RUN_046,2026-10-03 21:31:43,BENIGN,BENIGN,0.99999976,True
RUN_046,2026-10-03 21:31:44,BENIGN,BENIGN,0.9999993,True
RUN_046,2026-10-03 21:31:45,BENIGN,BENIGN,0.9999999,True
RUN_046,2026-10-03 21:31:46,BENIGN,BENIGN,0.99999964,True
RUN_046,2026-10-03 21:31:47,BENIGN,BENIGN,0.99999964,True
RUN_046,2026-10-03 21:31:48,BENIGN,BENIGN,0.9999994,True
RUN_046,2026-10-03 21:31:49,BENIGN,BENIGN,0.99999964,True
RUN_046,2026-10-03 21:31:50,BENIGN,BENIGN,0.9999995,True
RUN_046,2026-10-03 21:31:51,BENIGN,BENIGN,0.99999964,True
RUN_046,2026-10-03 21:31:52,BENIGN,BENIGN,0.99999964,True
RUN_046,2026-10-03 21:31:53,BENIGN,BENIGN,0.99999976,True
RUN_046,2026-10-03 21:31:54,BENIGN,BENIGN,0.99999976,True
RUN_046,2026-10-03 21:31:55,BENIGN,BENIGN,0.99999976,True
RUN_046,2026-10-03 21:31:56,BENIGN,BENIGN,0.99999976,True
RUN_046,2026-10-03 21:31:57,BENIGN,BENIGN,0.99999976,True
RUN_046,2026-10-03 21:31:58,BENIGN,BENIGN,0.99999976,True
RUN_046,2026-10-03 21:31:59,BENIGN,BENIGN,0.99999976,True
RUN_056,2026-10-03 21:50:04,BENIGN,BENIGN,0.9999993,True
RUN_056,2026-10-03 21:50:05,BENIGN,BENIGN,0.9999999,True
RUN_056,2026-10-03 21:50:06,BENIGN,BENIGN,0.9999999,True
RUN_056,2026-10-03 21:50:07,BENIGN,BENIGN,1.0,True
RUN_056,2026-10-03 21:50:08,BENIGN,BENIGN,0.9999999,True
RUN_056,2026-10-03 21:50:09,BENIGN,BENIGN,1.0,True
RUN_056,2026-10-03 21:50:10,BENIGN,BENIGN,0.99999976,True
RUN_056,2026-10-03 21:50:11,BENIGN,BENIGN,0.99999976,True
RUN_056,2026-10-03 21:50:12,BENIGN,BENIGN,0.99999976,True
RUN_056,2026-10-03 21:50:13,BENIGN,BENIGN,0.9999999,True
RUN_056,2026-10-03 21:50:14,BENIGN,BENIGN,0.9999999,True
RUN_056,2026-10-03 21:50:15,BENIGN,BENIGN,0.99999964,True
RUN_056,2026-10-03 21:50:16,BENIGN,BENIGN,0.99999976,True
RUN_056,2026-10-03 21:50:17,BENIGN,BENIGN,0.99999976,True
RUN_056,2026-10-03 21:50:18,BENIGN,BENIGN,0.9999976,True
RUN_056,2026-10-03 21:50:19,BENIGN,BENIGN,0.99999607,True
RUN_056,2026-10-03 21:50:20,BENIGN,BENIGN,0.9999988,True
RUN_056,2026-10-03 21:50:21,BENIGN,BENIGN,0.99999976,True
RUN_056,2026-10-03 21:50:22,BENIGN,BENIGN,0.9999993,True
RUN_056,2026-10-03 21:50:23,BENIGN,BENIGN,0.99999964,True
RUN_056,2026-10-03 21:50:24,BENIGN,BENIGN,0.9999999,True
RUN_056,2026-10-03 21:50:25,BENIGN,BENIGN,0.9999999,True
RUN_056,2026-10-03 21:50:26,BENIGN,BENIGN,0.9999999,True
RUN_056,2026-10-03 21:50:27,BENIGN,BENIGN,0.9999999,True
RUN_056,2026-10-03 21:50:28,BENIGN,BENIGN,0.9999999,True
RUN_056,2026-10-03 21:50:29,BENIGN,BENIGN,0.9999999,True
RUN_056,2026-10-03 21:50:30,BENIGN,BENIGN,0.9999999,True
RUN_056,2026-10-03 21:50:31,BENIGN,BENIGN,0.99999964,True
RUN_056,2026-10-03 21:50:32,BENIGN,BENIGN,0.99999976,True
RUN_056,2026-10-03 21:50:33,BENIGN,BENIGN,0.9999999,True
RUN_056,2026-10-03 21:50:34,BENIGN,BENIGN,0.9999999,True
RUN_056,2026-10-03 21:50:35,BENIGN,BENIGN,0.99999976,True
RUN_056,2026-10-03 21:50:36,BENIGN,BENIGN,0.99999976,True
RUN_056,2026-10-03 21:50:37,BENIGN,BENIGN,0.9999994,True
RUN_056,2026-10-03 21:50:38,BENIGN,BENIGN,0.99999964,True
RUN_056,2026-10-03 21:50:39,BENIGN,BENIGN,0.9999999,True
RUN_056,2026-10-03 21:50:40,BENIGN,BENIGN,0.99999976,True
RUN_056,2026-10-03 21:50:41,BENIGN,BENIGN,0.99999976,True
RUN_056,2026-10-03 21:50:42,BENIGN,BENIGN,0.99999964,True
RUN_056,2026-10-03 21:50:43,BENIGN,BENIGN,0.99999964,True
RUN_056,2026-10-03 21:50:44,BENIGN,BENIGN,0.99999964,True
RUN_056,2026-10-03 21:50:45,BENIGN,BENIGN,0.99999976,True
RUN_056,2026-10-03 21:50:46,BENIGN,BENIGN,0.9999994,True
RUN_056,2026-10-03 21:50:47,BENIGN,BENIGN,0.9999995,True
RUN_056,2026-10-03 21:50:48,BENIGN,BENIGN,0.99999964,True
RUN_056,2026-10-03 21:50:49,BENIGN,BENIGN,0.99999964,True
RUN_056,2026-10-03 21:50:50,BENIGN,BENIGN,0.99999976,True
RUN_056,2026-10-03 21:50:51,BENIGN,BENIGN,0.99999976,True
RUN_056,2026-10-03 21:50:52,BENIGN,BENIGN,0.99999976,True
RUN_056,2026-10-03 21:50:53,BENIGN,BENIGN,0.9999999,True
RUN_056,2026-10-03 21:50:54,BENIGN,BENIGN,0.9999999,True
RUN_056,2026-10-03 21:50:55,BENIGN,BENIGN,0.9999999,True
RUN_056,2026-10-03 21:50:56,BENIGN,BENIGN,0.9999999,True
RUN_056,2026-10-03 21:50:57,BENIGN,BENIGN,0.9999999,True
RUN_056,2026-10-03 21:50:58,BENIGN,BENIGN,0.9999999,True
RUN_056,2026-10-03 21:50:59,BENIGN,BENIGN,0.99999976,True
RUN_056,2026-10-03 21:51:00,BENIGN,BENIGN,0.99999976,True
RUN_056,2026-10-03 21:51:01,BENIGN,BENIGN,0.99999976,True
RUN_056,2026-10-03 21:51:02,BENIGN,BENIGN,0.99999917,True
RUN_056,2026-10-03 21:51:03,BENIGN,BENIGN,0.9999999,True
RUN_056,2026-10-03 21:51:04,BENIGN,BENIGN,0.9999999,True
RUN_056,2026-10-03 21:51:05,BENIGN,BENIGN,0.99999976,True
RUN_056,2026-10-03 21:51:06,BENIGN,BENIGN,0.9999999,True
RUN_056,2026-10-03 21:51:07,BENIGN,BENIGN,0.99999976,True
RUN_056,2026-10-03 21:51:08,BENIGN,BENIGN,0.9999999,True
RUN_056,2026-10-03 21:51:09,BENIGN,BENIGN,0.99999976,True
RUN_056,2026-10-03 21:51:10,BENIGN,BENIGN,0.9999999,True
RUN_056,2026-10-03 21:51:11,BENIGN,BENIGN,0.99999905,True
RUN_056,2026-10-03 21:51:12,BENIGN,BENIGN,0.99999857,True
RUN_056,2026-10-03 21:51:13,BENIGN,BENIGN,0.99999726,True
RUN_056,2026-10-03 21:51:14,BENIGN,BENIGN,0.99998903,True
RUN_056,2026-10-03 21:51:15,BENIGN,BENIGN,0.99999917,True
RUN_056,2026-10-03 21:51:16,BENIGN,BENIGN,0.9999994,True
RUN_056,2026-10-03 21:51:17,BENIGN,BENIGN,0.9999994,True
RUN_056,2026-10-03 21:51:18,BENIGN,BENIGN,0.99999976,True
RUN_056,2026-10-03 21:51:19,BENIGN,BENIGN,0.99999964,True
RUN_056,2026-10-03 21:51:20,BENIGN,BENIGN,0.9999999,True
RUN_056,2026-10-03 21:51:21,BENIGN,BENIGN,0.99999964,True
RUN_056,2026-10-03 21:51:22,BENIGN,BENIGN,0.99999964,True
RUN_056,2026-10-03 21:51:23,BENIGN,BENIGN,0.9999999,True
RUN_056,2026-10-03 21:51:24,BENIGN,BENIGN,0.9999995,True
RUN_056,2026-10-03 21:51:25,BENIGN,BENIGN,0.99998915,True
RUN_056,2026-10-03 21:51:26,BENIGN,BENIGN,0.9999974,True
RUN_056,2026-10-03 21:51:27,BENIGN,BENIGN,0.99998325,True
RUN_056,2026-10-03 21:51:28,BENIGN,BENIGN,0.99999213,True
RUN_056,2026-10-03 21:51:29,BENIGN,BENIGN,0.99999547,True
RUN_056,2026-10-03 21:51:30,BENIGN,BENIGN,0.99999464,True
RUN_056,2026-10-03 21:51:31,BENIGN,BENIGN,0.9999994,True
RUN_056,2026-10-03 21:51:32,BENIGN,BENIGN,0.9999999,True
RUN_056,2026-10-03 21:51:33,BENIGN,BENIGN,0.9999995,True
RUN_056,2026-10-03 21:51:34,BENIGN,BENIGN,0.9999995,True
RUN_056,2026-10-03 21:51:35,BENIGN,BENIGN,0.9999999,True
RUN_056,2026-10-03 21:51:36,BENIGN,BENIGN,0.99999917,True
RUN_056,2026-10-03 21:51:37,BENIGN,BENIGN,0.9999995,True
RUN_056,2026-10-03 21:51:38,BENIGN,BENIGN,0.99999976,True
RUN_056,2026-10-03 21:51:39,BENIGN,BENIGN,0.9999999,True
RUN_056,2026-10-03 21:51:40,BENIGN,BENIGN,0.9999999,True
RUN_056,2026-10-03 21:51:41,BENIGN,BENIGN,0.99999976,True
RUN_056,2026-10-03 21:51:42,BENIGN,BENIGN,0.9999999,True
RUN_056,2026-10-03 21:51:43,BENIGN,BENIGN,0.99999964,True
RUN_056,2026-10-03 21:51:44,BENIGN,BENIGN,0.9999993,True
RUN_056,2026-10-03 21:51:45,BENIGN,BENIGN,0.9996787,True
RUN_056,2026-10-03 21:51:46,BENIGN,BENIGN,0.9999989,True
RUN_056,2026-10-03 21:51:47,BENIGN,BENIGN,0.99999976,True
RUN_056,2026-10-03 21:51:48,BENIGN,BENIGN,0.99999964,True
RUN_056,2026-10-03 21:51:49,BENIGN,BENIGN,0.9999995,True
RUN_056,2026-10-03 21:51:50,BENIGN,BENIGN,0.9999999,True
RUN_056,2026-10-03 21:51:51,BENIGN,BENIGN,0.99999964,True
RUN_056,2026-10-03 21:51:52,BENIGN,BENIGN,0.9999999,True
RUN_056,2026-10-03 21:51:53,BENIGN,BENIGN,0.99999964,True
RUN_056,2026-10-03 21:51:54,BENIGN,BENIGN,0.9999999,True
RUN_056,2026-10-03 21:51:55,BENIGN,BENIGN,0.9999999,True
RUN_056,2026-10-03 21:51:56,BENIGN,BENIGN,0.99999976,True
RUN_056,2026-10-03 21:51:57,BENIGN,BENIGN,0.99999964,True
RUN_056,2026-10-03 21:51:58,BENIGN,BENIGN,0.99999774,True
RUN_056,2026-10-03 21:51:59,BENIGN,BENIGN,0.9997673,True
RUN_057,2026-10-03 21:52:04,BENIGN,BENIGN,0.99999905,True
RUN_057,2026-10-03 21:52:05,BENIGN,BENIGN,0.99999976,True
RUN_057,2026-10-03 21:52:06,BENIGN,BENIGN,0.99999917,True
RUN_057,2026-10-03 21:52:07,BENIGN,BENIGN,0.9999995,True
RUN_057,2026-10-03 21:52:08,BENIGN,BENIGN,0.9999958,True
RUN_057,2026-10-03 21:52:09,BENIGN,BENIGN,0.999998,True
RUN_057,2026-10-03 21:52:10,BENIGN,BENIGN,0.9999993,True
RUN_057,2026-10-03 21:52:11,BENIGN,BENIGN,0.9999993,True
RUN_057,2026-10-03 21:52:12,BENIGN,BENIGN,0.9999993,True
RUN_057,2026-10-03 21:52:13,BENIGN,BENIGN,0.9999989,True
RUN_057,2026-10-03 21:52:14,BENIGN,BENIGN,0.99999905,True
RUN_057,2026-10-03 21:52:15,BENIGN,BENIGN,0.99999774,True
RUN_057,2026-10-03 21:52:16,BENIGN,BENIGN,0.9999994,True
RUN_057,2026-10-03 21:52:17,BENIGN,BENIGN,0.99999976,True
RUN_057,2026-10-03 21:52:18,BENIGN,BENIGN,0.99999976,True
RUN_057,2026-10-03 21:52:19,BENIGN,BENIGN,0.99999964,True
RUN_057,2026-10-03 21:52:20,BENIGN,BENIGN,0.9999995,True
RUN_057,2026-10-03 21:52:21,BENIGN,BENIGN,0.99999976,True
RUN_057,2026-10-03 21:52:22,BENIGN,BENIGN,0.99999964,True
RUN_057,2026-10-03 21:52:23,BENIGN,BENIGN,0.9999969,True
RUN_057,2026-10-03 21:52:24,BENIGN,BENIGN,0.9999982,True
RUN_057,2026-10-03 21:52:25,BENIGN,BENIGN,0.99999917,True
RUN_057,2026-10-03 21:52:26,BENIGN,BENIGN,0.99999964,True
RUN_057,2026-10-03 21:52:27,BENIGN,BENIGN,0.99999964,True
RUN_057,2026-10-03 21:52:28,BENIGN,BENIGN,0.99999976,True
RUN_057,2026-10-03 21:52:29,BENIGN,BENIGN,0.9999994,True
RUN_057,2026-10-03 21:52:30,BENIGN,BENIGN,0.99999976,True
RUN_057,2026-10-03 21:52:31,BENIGN,BENIGN,0.99999905,True
RUN_057,2026-10-03 21:52:32,BENIGN,BENIGN,0.9999995,True
RUN_057,2026-10-03 21:52:33,BENIGN,BENIGN,0.9999989,True
RUN_057,2026-10-03 21:52:34,BENIGN,BENIGN,0.99999666,True
RUN_057,2026-10-03 21:52:35,BENIGN,BENIGN,0.99997216,True
RUN_057,2026-10-03 21:52:36,BENIGN,BENIGN,0.99999034,True
RUN_057,2026-10-03 21:52:37,BENIGN,BENIGN,0.9999976,True
RUN_057,2026-10-03 21:52:38,BENIGN,BENIGN,0.99999833,True
RUN_057,2026-10-03 21:52:39,BENIGN,BENIGN,0.9999994,True
RUN_057,2026-10-03 21:52:40,BENIGN,BENIGN,0.9999995,True
RUN_057,2026-10-03 21:52:41,BENIGN,BENIGN,0.9999994,True
RUN_057,2026-10-03 21:52:42,BENIGN,BENIGN,0.99999905,True
RUN_057,2026-10-03 21:52:43,BENIGN,BENIGN,0.99999964,True
RUN_057,2026-10-03 21:52:44,BENIGN,BENIGN,0.9999999,True
RUN_057,2026-10-03 21:52:45,BENIGN,BENIGN,0.9999999,True
RUN_057,2026-10-03 21:52:46,BENIGN,BENIGN,0.99999976,True
RUN_057,2026-10-03 21:52:47,BENIGN,BENIGN,0.99999976,True
RUN_057,2026-10-03 21:52:48,BENIGN,BENIGN,0.99999905,True
RUN_057,2026-10-03 21:52:49,BENIGN,BENIGN,0.99999905,True
RUN_057,2026-10-03 21:52:50,BENIGN,BENIGN,0.9999989,True
RUN_057,2026-10-03 21:52:51,BENIGN,BENIGN,0.9999995,True
RUN_057,2026-10-03 21:52:52,BENIGN,BENIGN,0.99999964,True
RUN_057,2026-10-03 21:52:53,BENIGN,BENIGN,0.99999976,True
RUN_057,2026-10-03 21:52:54,BENIGN,BENIGN,0.9999995,True
RUN_057,2026-10-03 21:52:55,BENIGN,BENIGN,0.99999726,True
RUN_057,2026-10-03 21:52:56,BENIGN,BENIGN,0.9999995,True
RUN_057,2026-10-03 21:52:57,BENIGN,BENIGN,0.99999857,True
RUN_057,2026-10-03 21:52:58,BENIGN,BENIGN,0.99997145,True
RUN_057,2026-10-03 21:52:59,BENIGN,BENIGN,0.9999982,True
RUN_057,2026-10-03 21:53:00,BENIGN,BENIGN,0.9999994,True
RUN_057,2026-10-03 21:53:01,BENIGN,BENIGN,0.99999917,True
RUN_057,2026-10-03 21:53:02,BENIGN,BENIGN,0.9999995,True
RUN_057,2026-10-03 21:53:03,BENIGN,BENIGN,0.99999964,True
RUN_057,2026-10-03 21:53:04,BENIGN,BENIGN,0.99999976,True
RUN_057,2026-10-03 21:53:05,BENIGN,BENIGN,0.9999999,True
RUN_057,2026-10-03 21:53:06,BENIGN,BENIGN,0.9999999,True
RUN_057,2026-10-03 21:53:07,BENIGN,BENIGN,0.9999999,True
RUN_057,2026-10-03 21:53:08,BENIGN,BENIGN,0.9999999,True
RUN_057,2026-10-03 21:53:09,BENIGN,BENIGN,0.99999964,True
RUN_057,2026-10-03 21:53:10,BENIGN,BENIGN,0.99999964,True
RUN_057,2026-10-03 21:53:11,BENIGN,BENIGN,0.9999999,True
RUN_057,2026-10-03 21:53:12,BENIGN,BENIGN,0.9999999,True
RUN_057,2026-10-03 21:53:13,BENIGN,BENIGN,0.9999999,True
RUN_057,2026-10-03 21:53:14,BENIGN,BENIGN,0.99999964,True
RUN_057,2026-10-03 21:53:15,BENIGN,BENIGN,0.9999989,True
RUN_057,2026-10-03 21:53:16,BENIGN,BENIGN,0.99999964,True
RUN_057,2026-10-03 21:53:17,BENIGN,BENIGN,0.99999964,True
RUN_057,2026-10-03 21:53:18,BENIGN,BENIGN,0.9999994,True
RUN_057,2026-10-03 21:53:19,BENIGN,BENIGN,0.99999964,True
RUN_057,2026-10-03 21:53:20,BENIGN,BENIGN,0.99999905,True
RUN_057,2026-10-03 21:53:21,BENIGN,BENIGN,0.9999989,True
RUN_057,2026-10-03 21:53:22,BENIGN,BENIGN,0.99999857,True
RUN_057,2026-10-03 21:53:23,BENIGN,BENIGN,0.9999963,True
RUN_057,2026-10-03 21:53:24,BENIGN,BENIGN,0.99999666,True
RUN_057,2026-10-03 21:53:25,BENIGN,BENIGN,0.9999988,True
RUN_057,2026-10-03 21:53:26,BENIGN,BENIGN,0.9999999,True
RUN_057,2026-10-03 21:53:27,BENIGN,BENIGN,0.99999976,True
RUN_057,2026-10-03 21:53:28,BENIGN,BENIGN,0.9999999,True
RUN_057,2026-10-03 21:53:29,BENIGN,BENIGN,0.9999999,True
RUN_057,2026-10-03 21:53:30,BENIGN,BENIGN,0.99999964,True
RUN_057,2026-10-03 21:53:31,BENIGN,BENIGN,0.99999964,True
RUN_057,2026-10-03 21:53:32,BENIGN,BENIGN,0.9999999,True
RUN_057,2026-10-03 21:53:33,BENIGN,BENIGN,0.9999999,True
RUN_057,2026-10-03 21:53:34,BENIGN,BENIGN,0.9999999,True
RUN_057,2026-10-03 21:53:35,BENIGN,BENIGN,0.9999999,True
RUN_057,2026-10-03 21:53:36,BENIGN,BENIGN,0.9999999,True
RUN_057,2026-10-03 21:53:37,BENIGN,BENIGN,0.9999999,True
RUN_057,2026-10-03 21:53:38,BENIGN,BENIGN,0.99999964,True
RUN_057,2026-10-03 21:53:39,BENIGN,BENIGN,0.9999995,True
RUN_057,2026-10-03 21:53:40,BENIGN,BENIGN,0.9999993,True
RUN_057,2026-10-03 21:53:41,BENIGN,BENIGN,0.99999774,True
RUN_057,2026-10-03 21:53:42,BENIGN,BENIGN,0.99999726,True
RUN_057,2026-10-03 21:53:43,BENIGN,BENIGN,0.9999982,True
RUN_057,2026-10-03 21:53:44,BENIGN,BENIGN,0.9999994,True
RUN_057,2026-10-03 21:53:45,BENIGN,BENIGN,0.9999995,True
RUN_057,2026-10-03 21:53:46,BENIGN,BENIGN,0.99999964,True
RUN_057,2026-10-03 21:53:47,BENIGN,BENIGN,0.99999976,True
RUN_057,2026-10-03 21:53:48,BENIGN,BENIGN,0.99999964,True
RUN_057,2026-10-03 21:53:49,BENIGN,BENIGN,0.9999994,True
RUN_057,2026-10-03 21:53:50,BENIGN,BENIGN,0.99999976,True
RUN_057,2026-10-03 21:53:51,BENIGN,BENIGN,0.99999976,True
RUN_057,2026-10-03 21:53:52,BENIGN,BENIGN,0.99999976,True
RUN_057,2026-10-03 21:53:53,BENIGN,BENIGN,0.99999976,True
RUN_057,2026-10-03 21:53:54,BENIGN,BENIGN,0.99999976,True
RUN_057,2026-10-03 21:53:55,BENIGN,BENIGN,0.99999976,True
RUN_057,2026-10-03 21:53:56,BENIGN,BENIGN,0.99999976,True
RUN_057,2026-10-03 21:53:57,BENIGN,BENIGN,0.99999976,True
RUN_057,2026-10-03 21:53:58,BENIGN,BENIGN,0.9999995,True
RUN_057,2026-10-03 21:53:59,BENIGN,BENIGN,0.99999845,True
RUN_065,2026-10-03 22:08:04,BENIGN,BENIGN,0.9999924,True
RUN_065,2026-10-03 22:08:05,BENIGN,BENIGN,0.99999917,True
RUN_065,2026-10-03 22:08:06,BENIGN,BENIGN,0.99999964,True
RUN_065,2026-10-03 22:08:07,BENIGN,BENIGN,0.9999976,True
RUN_065,2026-10-03 22:08:08,BENIGN,BENIGN,0.999992,True
RUN_065,2026-10-03 22:08:09,BENIGN,BENIGN,0.99999905,True
RUN_065,2026-10-03 22:08:10,BENIGN,BENIGN,0.99999976,True
RUN_065,2026-10-03 22:08:11,BENIGN,BENIGN,0.99999714,True
RUN_065,2026-10-03 22:08:12,BENIGN,BENIGN,0.9999993,True
RUN_065,2026-10-03 22:08:13,BENIGN,BENIGN,0.9999895,True
RUN_065,2026-10-03 22:08:14,BENIGN,BENIGN,0.99996406,True
RUN_065,2026-10-03 22:08:15,BENIGN,BENIGN,0.99999976,True
RUN_065,2026-10-03 22:08:16,BENIGN,BENIGN,0.9999995,True
RUN_065,2026-10-03 22:08:17,BENIGN,BENIGN,0.99999976,True
RUN_065,2026-10-03 22:08:18,BENIGN,BENIGN,0.9999999,True
RUN_065,2026-10-03 22:08:19,BENIGN,BENIGN,0.9999999,True
RUN_065,2026-10-03 22:08:20,BENIGN,BENIGN,0.99999976,True
RUN_065,2026-10-03 22:08:21,BENIGN,BENIGN,0.99999964,True
RUN_065,2026-10-03 22:08:22,BENIGN,BENIGN,0.9999989,True
RUN_065,2026-10-03 22:08:23,BENIGN,BENIGN,0.999998,True
RUN_065,2026-10-03 22:08:24,BENIGN,BENIGN,0.9999999,True
RUN_065,2026-10-03 22:08:25,BENIGN,BENIGN,0.9999999,True
RUN_065,2026-10-03 22:08:26,BENIGN,BENIGN,0.9999999,True
RUN_065,2026-10-03 22:08:27,BENIGN,BENIGN,0.99999976,True
RUN_065,2026-10-03 22:08:28,BENIGN,BENIGN,0.9999999,True
RUN_065,2026-10-03 22:08:29,BENIGN,BENIGN,0.9999987,True
RUN_065,2026-10-03 22:08:30,BENIGN,BENIGN,0.99999976,True
RUN_065,2026-10-03 22:08:31,BENIGN,BENIGN,0.9999995,True
RUN_065,2026-10-03 22:08:32,BENIGN,BENIGN,0.9999993,True
RUN_065,2026-10-03 22:08:33,BENIGN,BENIGN,0.9999999,True
RUN_065,2026-10-03 22:08:34,BENIGN,BENIGN,0.9999999,True
RUN_065,2026-10-03 22:08:35,BENIGN,BENIGN,0.99999964,True
RUN_065,2026-10-03 22:08:36,BENIGN,BENIGN,0.99999964,True
RUN_065,2026-10-03 22:08:37,BENIGN,BENIGN,0.99999976,True
RUN_065,2026-10-03 22:08:38,BENIGN,BENIGN,0.99999976,True
RUN_065,2026-10-03 22:08:39,BENIGN,BENIGN,0.9999995,True
RUN_065,2026-10-03 22:08:40,BENIGN,BENIGN,0.99999654,True
RUN_065,2026-10-03 22:08:41,BENIGN,BENIGN,0.9999994,True
RUN_065,2026-10-03 22:08:42,BENIGN,BENIGN,0.9999995,True
RUN_065,2026-10-03 22:08:43,BENIGN,BENIGN,0.9999995,True
RUN_065,2026-10-03 22:08:44,BENIGN,BENIGN,0.99999774,True
RUN_065,2026-10-03 22:08:45,BENIGN,BENIGN,0.9999993,True
RUN_065,2026-10-03 22:08:46,BENIGN,BENIGN,0.99999917,True
RUN_065,2026-10-03 22:08:47,BENIGN,BENIGN,0.9999958,True
RUN_065,2026-10-03 22:08:48,BENIGN,BENIGN,0.9999969,True
RUN_065,2026-10-03 22:08:49,BENIGN,BENIGN,0.9999798,True
RUN_065,2026-10-03 22:08:50,BENIGN,BENIGN,0.9999774,True
RUN_065,2026-10-03 22:08:51,BENIGN,BENIGN,0.9999988,True
RUN_065,2026-10-03 22:08:52,BENIGN,BENIGN,0.99999964,True
RUN_065,2026-10-03 22:08:53,BENIGN,BENIGN,0.99999964,True
RUN_065,2026-10-03 22:08:54,BENIGN,BENIGN,0.99999905,True
RUN_065,2026-10-03 22:08:55,BENIGN,BENIGN,0.9999995,True
RUN_065,2026-10-03 22:08:56,BENIGN,BENIGN,0.99999976,True
RUN_065,2026-10-03 22:08:57,BENIGN,BENIGN,0.99999976,True
RUN_065,2026-10-03 22:08:58,BENIGN,BENIGN,0.9999995,True
RUN_065,2026-10-03 22:08:59,BENIGN,BENIGN,0.9999993,True
RUN_065,2026-10-03 22:09:00,BENIGN,BENIGN,0.9999995,True
RUN_065,2026-10-03 22:09:01,BENIGN,BENIGN,0.99999917,True
RUN_065,2026-10-03 22:09:02,BENIGN,BENIGN,0.99999964,True
RUN_065,2026-10-03 22:09:03,BENIGN,BENIGN,0.99999976,True
RUN_065,2026-10-03 22:09:04,BENIGN,BENIGN,0.99999976,True
RUN_065,2026-10-03 22:09:05,BENIGN,BENIGN,0.9999999,True
RUN_065,2026-10-03 22:09:06,BENIGN,BENIGN,0.99999976,True
RUN_065,2026-10-03 22:09:07,BENIGN,BENIGN,0.99999976,True
RUN_065,2026-10-03 22:09:08,BENIGN,BENIGN,0.99999976,True
RUN_065,2026-10-03 22:09:09,BENIGN,BENIGN,0.99999976,True
RUN_065,2026-10-03 22:09:10,BENIGN,BENIGN,0.99999976,True
RUN_065,2026-10-03 22:09:11,BENIGN,BENIGN,0.9999999,True
RUN_065,2026-10-03 22:09:12,BENIGN,BENIGN,0.9999995,True
RUN_065,2026-10-03 22:09:13,BENIGN,BENIGN,0.9999995,True
RUN_065,2026-10-03 22:09:14,BENIGN,BENIGN,0.99999785,True
RUN_065,2026-10-03 22:09:15,BENIGN,BENIGN,0.9999882,True
RUN_065,2026-10-03 22:09:16,BENIGN,BENIGN,0.9999989,True
RUN_065,2026-10-03 22:09:17,BENIGN,BENIGN,0.9999989,True
RUN_065,2026-10-03 22:09:18,BENIGN,BENIGN,0.9999994,True
RUN_065,2026-10-03 22:09:19,BENIGN,BENIGN,0.9999999,True
RUN_065,2026-10-03 22:09:20,BENIGN,BENIGN,1.0,True
RUN_065,2026-10-03 22:09:21,BENIGN,BENIGN,0.9999999,True
RUN_065,2026-10-03 22:09:22,BENIGN,BENIGN,0.99999976,True
RUN_065,2026-10-03 22:09:23,BENIGN,BENIGN,0.9999995,True
RUN_065,2026-10-03 22:09:24,BENIGN,BENIGN,0.99999976,True
RUN_065,2026-10-03 22:09:25,BENIGN,BENIGN,0.99999976,True
RUN_065,2026-10-03 22:09:26,BENIGN,BENIGN,0.9999994,True
RUN_065,2026-10-03 22:09:27,BENIGN,BENIGN,0.9999993,True
RUN_065,2026-10-03 22:09:28,BENIGN,BENIGN,0.99999917,True
RUN_065,2026-10-03 22:09:29,BENIGN,BENIGN,0.9999969,True
RUN_065,2026-10-03 22:09:30,BENIGN,BENIGN,0.99999964,True
RUN_065,2026-10-03 22:09:31,BENIGN,BENIGN,0.9999999,True
RUN_065,2026-10-03 22:09:32,BENIGN,BENIGN,0.9999999,True
RUN_065,2026-10-03 22:09:33,BENIGN,BENIGN,0.99999964,True
RUN_065,2026-10-03 22:09:34,BENIGN,BENIGN,0.9999995,True
RUN_065,2026-10-03 22:09:35,BENIGN,BENIGN,0.9999999,True
RUN_065,2026-10-03 22:09:36,BENIGN,BENIGN,0.99999976,True
RUN_065,2026-10-03 22:09:37,BENIGN,BENIGN,0.9999999,True
RUN_065,2026-10-03 22:09:38,BENIGN,BENIGN,0.9999995,True
RUN_065,2026-10-03 22:09:39,BENIGN,BENIGN,0.9999987,True
RUN_065,2026-10-03 22:09:40,BENIGN,BENIGN,0.99999535,True
RUN_065,2026-10-03 22:09:41,BENIGN,BENIGN,0.9999982,True
RUN_065,2026-10-03 22:09:42,BENIGN,BENIGN,0.9999958,True
RUN_065,2026-10-03 22:09:43,BENIGN,BENIGN,0.99999595,True
RUN_065,2026-10-03 22:09:44,BENIGN,BENIGN,0.9999989,True
RUN_065,2026-10-03 22:09:45,BENIGN,BENIGN,0.9999989,True
RUN_065,2026-10-03 22:09:46,BENIGN,BENIGN,0.9999686,True
RUN_065,2026-10-03 22:09:47,BENIGN,BENIGN,0.99999523,True
RUN_065,2026-10-03 22:09:48,BENIGN,BENIGN,0.99999917,True
RUN_065,2026-10-03 22:09:49,BENIGN,BENIGN,0.9999999,True
RUN_065,2026-10-03 22:09:50,BENIGN,BENIGN,1.0,True
RUN_065,2026-10-03 22:09:51,BENIGN,BENIGN,1.0,True
RUN_065,2026-10-03 22:09:52,BENIGN,BENIGN,0.99999976,True
RUN_065,2026-10-03 22:09:53,BENIGN,BENIGN,0.9999999,True
RUN_065,2026-10-03 22:09:54,BENIGN,BENIGN,0.99999976,True
RUN_065,2026-10-03 22:09:55,BENIGN,BENIGN,0.99999976,True
RUN_065,2026-10-03 22:09:56,BENIGN,BENIGN,0.9999999,True
RUN_065,2026-10-03 22:09:57,BENIGN,BENIGN,0.99999964,True
RUN_065,2026-10-03 22:09:58,BENIGN,BENIGN,0.9999999,True
RUN_065,2026-10-03 22:09:59,BENIGN,BENIGN,0.9999999,True
RUN_069,2026-10-03 22:16:04,SLOWLORIS,SLOWLORIS,0.99999046,True
RUN_069,2026-10-03 22:16:05,SLOWLORIS,SLOWLORIS,0.9999925,True
RUN_069,2026-10-03 22:16:06,SLOWLORIS,SLOWLORIS,0.99999106,True
RUN_069,2026-10-03 22:16:07,SLOWLORIS,SLOWLORIS,0.9999927,True
RUN_069,2026-10-03 22:16:08,SLOWLORIS,SLOWLORIS,0.99999404,True
RUN_069,2026-10-03 22:16:09,SLOWLORIS,SLOWLORIS,0.9999949,True
RUN_069,2026-10-03 22:16:10,SLOWLORIS,SLOWLORIS,0.9999958,True
RUN_069,2026-10-03 22:16:11,SLOWLORIS,SLOWLORIS,0.99999595,True
RUN_069,2026-10-03 22:16:12,SLOWLORIS,SLOWLORIS,0.99999666,True
RUN_069,2026-10-03 22:16:13,SLOWLORIS,SLOWLORIS,0.9999963,True
RUN_069,2026-10-03 22:16:14,SLOWLORIS,SLOWLORIS,0.99999547,True
RUN_069,2026-10-03 22:16:15,SLOWLORIS,SLOWLORIS,0.9999933,True
RUN_069,2026-10-03 22:16:16,SLOWLORIS,SLOWLORIS,0.999995,True
RUN_069,2026-10-03 22:16:17,SLOWLORIS,SLOWLORIS,0.99999404,True
RUN_069,2026-10-03 22:16:18,SLOWLORIS,SLOWLORIS,0.99999285,True
RUN_069,2026-10-03 22:16:19,SLOWLORIS,SLOWLORIS,0.9999939,True
RUN_069,2026-10-03 22:16:20,SLOWLORIS,SLOWLORIS,0.9999925,True
RUN_069,2026-10-03 22:16:21,SLOWLORIS,SLOWLORIS,0.9999937,True
RUN_069,2026-10-03 22:16:22,SLOWLORIS,SLOWLORIS,0.9999937,True
RUN_069,2026-10-03 22:16:23,SLOWLORIS,SLOWLORIS,0.9999951,True
RUN_069,2026-10-03 22:16:24,SLOWLORIS,SLOWLORIS,0.99999595,True
RUN_069,2026-10-03 22:16:25,SLOWLORIS,SLOWLORIS,0.99999714,True
RUN_069,2026-10-03 22:16:26,SLOWLORIS,SLOWLORIS,0.9999975,True
RUN_069,2026-10-03 22:16:27,SLOWLORIS,SLOWLORIS,0.99999666,True
RUN_069,2026-10-03 22:16:28,SLOWLORIS,SLOWLORIS,0.9999963,True
RUN_069,2026-10-03 22:16:29,SLOWLORIS,SLOWLORIS,0.9999975,True
RUN_069,2026-10-03 22:16:30,SLOWLORIS,SLOWLORIS,0.9999969,True
RUN_069,2026-10-03 22:16:31,SLOWLORIS,SLOWLORIS,0.9999969,True
RUN_069,2026-10-03 22:16:32,SLOWLORIS,SLOWLORIS,0.99999726,True
RUN_069,2026-10-03 22:16:33,SLOWLORIS,SLOWLORIS,0.99999726,True
RUN_069,2026-10-03 22:16:34,SLOWLORIS,SLOWLORIS,0.99999833,True
RUN_069,2026-10-03 22:16:35,SLOWLORIS,SLOWLORIS,0.99999785,True
RUN_069,2026-10-03 22:16:36,SLOWLORIS,SLOWLORIS,0.99999726,True
RUN_069,2026-10-03 22:16:37,SLOWLORIS,SLOWLORIS,0.9999975,True
RUN_069,2026-10-03 22:16:38,SLOWLORIS,SLOWLORIS,0.9999981,True
RUN_069,2026-10-03 22:16:39,SLOWLORIS,SLOWLORIS,0.99999845,True
RUN_069,2026-10-03 22:16:40,SLOWLORIS,SLOWLORIS,0.99999845,True
RUN_069,2026-10-03 22:16:41,SLOWLORIS,SLOWLORIS,0.9999987,True
RUN_069,2026-10-03 22:16:42,SLOWLORIS,SLOWLORIS,0.99999857,True
RUN_069,2026-10-03 22:16:43,SLOWLORIS,SLOWLORIS,0.9999976,True
RUN_069,2026-10-03 22:16:44,SLOWLORIS,SLOWLORIS,0.99999774,True
RUN_069,2026-10-03 22:16:45,SLOWLORIS,SLOWLORIS,0.99999785,True
RUN_069,2026-10-03 22:16:46,SLOWLORIS,SLOWLORIS,0.9999975,True
RUN_069,2026-10-03 22:16:47,SLOWLORIS,SLOWLORIS,0.99999714,True
RUN_069,2026-10-03 22:16:48,SLOWLORIS,SLOWLORIS,0.999997,True
RUN_069,2026-10-03 22:16:49,SLOWLORIS,SLOWLORIS,0.9999969,True
RUN_069,2026-10-03 22:16:50,SLOWLORIS,SLOWLORIS,0.9999974,True
RUN_069,2026-10-03 22:16:51,SLOWLORIS,SLOWLORIS,0.99999774,True
RUN_069,2026-10-03 22:16:52,SLOWLORIS,SLOWLORIS,0.9999982,True
RUN_069,2026-10-03 22:16:53,SLOWLORIS,SLOWLORIS,0.99999845,True
RUN_069,2026-10-03 22:16:54,SLOWLORIS,SLOWLORIS,0.99999833,True
RUN_069,2026-10-03 22:16:55,SLOWLORIS,SLOWLORIS,0.9999982,True
RUN_069,2026-10-03 22:16:56,SLOWLORIS,SLOWLORIS,0.9999982,True
RUN_069,2026-10-03 22:16:57,SLOWLORIS,SLOWLORIS,0.9999981,True
RUN_069,2026-10-03 22:16:58,SLOWLORIS,SLOWLORIS,0.9999981,True
RUN_069,2026-10-03 22:16:59,SLOWLORIS,SLOWLORIS,0.9999981,True
RUN_069,2026-10-03 22:17:00,SLOWLORIS,SLOWLORIS,0.9999982,True
RUN_069,2026-10-03 22:17:01,SLOWLORIS,SLOWLORIS,0.9999981,True
RUN_069,2026-10-03 22:17:02,SLOWLORIS,SLOWLORIS,0.9999982,True
RUN_069,2026-10-03 22:17:03,SLOWLORIS,SLOWLORIS,0.99999785,True
RUN_069,2026-10-03 22:17:04,SLOWLORIS,SLOWLORIS,0.99999785,True
RUN_069,2026-10-03 22:17:05,SLOWLORIS,SLOWLORIS,0.99999833,True
RUN_069,2026-10-03 22:17:06,SLOWLORIS,SLOWLORIS,0.9999982,True
RUN_069,2026-10-03 22:17:07,SLOWLORIS,SLOWLORIS,0.99999833,True
RUN_069,2026-10-03 22:17:08,SLOWLORIS,SLOWLORIS,0.99999833,True
RUN_069,2026-10-03 22:17:09,SLOWLORIS,SLOWLORIS,0.999998,True
RUN_069,2026-10-03 22:17:10,SLOWLORIS,SLOWLORIS,0.999998,True
RUN_069,2026-10-03 22:17:11,SLOWLORIS,SLOWLORIS,0.99999726,True
RUN_069,2026-10-03 22:17:12,SLOWLORIS,SLOWLORIS,0.9999968,True
RUN_069,2026-10-03 22:17:13,SLOWLORIS,SLOWLORIS,0.9999975,True
RUN_069,2026-10-03 22:17:14,SLOWLORIS,SLOWLORIS,0.9999976,True
RUN_069,2026-10-03 22:17:15,SLOWLORIS,SLOWLORIS,0.9999962,True
RUN_069,2026-10-03 22:17:16,SLOWLORIS,SLOWLORIS,0.99999595,True
RUN_069,2026-10-03 22:17:17,SLOWLORIS,SLOWLORIS,0.9999944,True
RUN_069,2026-10-03 22:17:18,SLOWLORIS,SLOWLORIS,0.99999404,True
RUN_069,2026-10-03 22:17:19,SLOWLORIS,SLOWLORIS,0.99999285,True
RUN_069,2026-10-03 22:17:20,SLOWLORIS,SLOWLORIS,0.99999547,True
RUN_069,2026-10-03 22:17:21,SLOWLORIS,SLOWLORIS,0.99999607,True
RUN_069,2026-10-03 22:17:22,SLOWLORIS,SLOWLORIS,0.99999726,True
RUN_069,2026-10-03 22:17:23,SLOWLORIS,SLOWLORIS,0.99999726,True
RUN_069,2026-10-03 22:17:24,SLOWLORIS,SLOWLORIS,0.99999774,True
RUN_069,2026-10-03 22:17:25,SLOWLORIS,SLOWLORIS,0.99999726,True
RUN_069,2026-10-03 22:17:26,SLOWLORIS,SLOWLORIS,0.99999714,True
RUN_069,2026-10-03 22:17:27,SLOWLORIS,SLOWLORIS,0.9999969,True
RUN_069,2026-10-03 22:17:28,SLOWLORIS,SLOWLORIS,0.99999595,True
RUN_069,2026-10-03 22:17:29,SLOWLORIS,SLOWLORIS,0.99999356,True
RUN_069,2026-10-03 22:17:30,SLOWLORIS,SLOWLORIS,0.9999918,True
RUN_069,2026-10-03 22:17:31,SLOWLORIS,SLOWLORIS,0.9999918,True
RUN_069,2026-10-03 22:17:32,SLOWLORIS,SLOWLORIS,0.9999881,True
RUN_069,2026-10-03 22:17:33,SLOWLORIS,SLOWLORIS,0.999992,True
RUN_069,2026-10-03 22:17:34,SLOWLORIS,SLOWLORIS,0.9999919,True
RUN_069,2026-10-03 22:17:35,SLOWLORIS,SLOWLORIS,0.9999933,True
RUN_069,2026-10-03 22:17:36,SLOWLORIS,SLOWLORIS,0.99999285,True
RUN_069,2026-10-03 22:17:37,SLOWLORIS,SLOWLORIS,0.99999285,True
RUN_069,2026-10-03 22:17:38,SLOWLORIS,SLOWLORIS,0.9999951,True
RUN_069,2026-10-03 22:17:39,SLOWLORIS,SLOWLORIS,0.99999535,True
RUN_069,2026-10-03 22:17:40,SLOWLORIS,SLOWLORIS,0.99999595,True
RUN_069,2026-10-03 22:17:41,SLOWLORIS,SLOWLORIS,0.99999654,True
RUN_069,2026-10-03 22:17:42,SLOWLORIS,SLOWLORIS,0.9999956,True
RUN_069,2026-10-03 22:17:43,SLOWLORIS,SLOWLORIS,0.9999957,True
RUN_069,2026-10-03 22:17:44,SLOWLORIS,SLOWLORIS,0.99999523,True
RUN_069,2026-10-03 22:17:45,SLOWLORIS,SLOWLORIS,0.999995,True
RUN_069,2026-10-03 22:17:46,SLOWLORIS,SLOWLORIS,0.9999944,True
RUN_069,2026-10-03 22:17:47,SLOWLORIS,SLOWLORIS,0.9999964,True
RUN_069,2026-10-03 22:17:48,SLOWLORIS,SLOWLORIS,0.99999607,True
RUN_069,2026-10-03 22:17:49,SLOWLORIS,SLOWLORIS,0.9999958,True
RUN_069,2026-10-03 22:17:50,SLOWLORIS,SLOWLORIS,0.9999963,True
RUN_069,2026-10-03 22:17:51,SLOWLORIS,SLOWLORIS,0.99999535,True
RUN_069,2026-10-03 22:17:52,SLOWLORIS,SLOWLORIS,0.99999607,True
RUN_069,2026-10-03 22:17:53,SLOWLORIS,SLOWLORIS,0.99999607,True
RUN_069,2026-10-03 22:17:54,SLOWLORIS,SLOWLORIS,0.99999607,True
RUN_069,2026-10-03 22:17:55,SLOWLORIS,SLOWLORIS,0.9999963,True
RUN_069,2026-10-03 22:17:56,SLOWLORIS,SLOWLORIS,0.9999968,True
RUN_069,2026-10-03 22:17:57,SLOWLORIS,SLOWLORIS,0.9999957,True
RUN_069,2026-10-03 22:17:58,SLOWLORIS,SLOWLORIS,0.9999957,True
RUN_069,2026-10-03 22:17:59,SLOWLORIS,SLOWLORIS,0.99999523,True
RUN_070,2026-10-03 22:18:04,BENIGN,BENIGN,0.9999976,True
RUN_070,2026-10-03 22:18:05,BENIGN,BENIGN,0.9999963,True
RUN_070,2026-10-03 22:18:06,BENIGN,BENIGN,0.9999962,True
RUN_070,2026-10-03 22:18:07,BENIGN,BENIGN,0.9999994,True
RUN_070,2026-10-03 22:18:08,BENIGN,BENIGN,0.99999976,True
RUN_070,2026-10-03 22:18:09,BENIGN,BENIGN,0.99999976,True
RUN_070,2026-10-03 22:18:10,BENIGN,BENIGN,0.99999976,True
RUN_070,2026-10-03 22:18:11,BENIGN,BENIGN,0.99999976,True
RUN_070,2026-10-03 22:18:12,BENIGN,BENIGN,0.99999976,True
RUN_070,2026-10-03 22:18:13,BENIGN,BENIGN,0.99999976,True
RUN_070,2026-10-03 22:18:14,BENIGN,BENIGN,0.99999976,True
RUN_070,2026-10-03 22:18:15,BENIGN,BENIGN,0.99999976,True
RUN_070,2026-10-03 22:18:16,BENIGN,BENIGN,0.9999999,True
RUN_070,2026-10-03 22:18:17,BENIGN,BENIGN,0.9999999,True
RUN_070,2026-10-03 22:18:18,BENIGN,BENIGN,0.99999976,True
RUN_070,2026-10-03 22:18:19,BENIGN,BENIGN,0.9999999,True
RUN_070,2026-10-03 22:18:20,BENIGN,BENIGN,0.99999976,True
RUN_070,2026-10-03 22:18:21,BENIGN,BENIGN,0.99999976,True
RUN_070,2026-10-03 22:18:22,BENIGN,BENIGN,0.99999976,True
RUN_070,2026-10-03 22:18:23,BENIGN,BENIGN,0.99999964,True
RUN_070,2026-10-03 22:18:24,BENIGN,BENIGN,0.99999976,True
RUN_070,2026-10-03 22:18:25,BENIGN,BENIGN,0.99999857,True
RUN_070,2026-10-03 22:18:26,BENIGN,BENIGN,0.99999964,True
RUN_070,2026-10-03 22:18:27,BENIGN,BENIGN,0.9999982,True
RUN_070,2026-10-03 22:18:28,BENIGN,BENIGN,0.999998,True
RUN_070,2026-10-03 22:18:29,BENIGN,BENIGN,0.99999547,True
RUN_070,2026-10-03 22:18:30,BENIGN,BENIGN,0.9999822,True
RUN_070,2026-10-03 22:18:31,BENIGN,BENIGN,0.9999994,True
RUN_070,2026-10-03 22:18:32,BENIGN,BENIGN,0.99999976,True
RUN_070,2026-10-03 22:18:33,BENIGN,BENIGN,0.99999976,True
RUN_070,2026-10-03 22:18:34,BENIGN,BENIGN,1.0,True
RUN_070,2026-10-03 22:18:35,BENIGN,BENIGN,1.0,True
RUN_070,2026-10-03 22:18:36,BENIGN,BENIGN,1.0,True
RUN_070,2026-10-03 22:18:37,BENIGN,BENIGN,1.0,True
RUN_070,2026-10-03 22:18:38,BENIGN,BENIGN,1.0,True
RUN_070,2026-10-03 22:18:39,BENIGN,BENIGN,0.9999999,True
RUN_070,2026-10-03 22:18:40,BENIGN,BENIGN,0.9999999,True
RUN_070,2026-10-03 22:18:41,BENIGN,BENIGN,0.9999999,True
RUN_070,2026-10-03 22:18:42,BENIGN,BENIGN,0.9999999,True
RUN_070,2026-10-03 22:18:43,BENIGN,BENIGN,0.9999999,True
RUN_070,2026-10-03 22:18:44,BENIGN,BENIGN,0.9999999,True
RUN_070,2026-10-03 22:18:45,BENIGN,BENIGN,0.9999999,True
RUN_070,2026-10-03 22:18:46,BENIGN,BENIGN,0.9999999,True
RUN_070,2026-10-03 22:18:47,BENIGN,BENIGN,0.9999999,True
RUN_070,2026-10-03 22:18:48,BENIGN,BENIGN,0.9999999,True
RUN_070,2026-10-03 22:18:49,BENIGN,BENIGN,1.0,True
RUN_070,2026-10-03 22:18:50,BENIGN,BENIGN,0.9999999,True
RUN_070,2026-10-03 22:18:51,BENIGN,BENIGN,0.9999999,True
RUN_070,2026-10-03 22:18:52,BENIGN,BENIGN,0.99999976,True
RUN_070,2026-10-03 22:18:53,BENIGN,BENIGN,0.99999976,True
RUN_070,2026-10-03 22:18:54,BENIGN,BENIGN,0.99999976,True
RUN_070,2026-10-03 22:18:55,BENIGN,BENIGN,0.99999976,True
RUN_070,2026-10-03 22:18:56,BENIGN,BENIGN,0.9999995,True
RUN_070,2026-10-03 22:18:57,BENIGN,BENIGN,0.9999994,True
RUN_070,2026-10-03 22:18:58,BENIGN,BENIGN,0.9999993,True
RUN_070,2026-10-03 22:18:59,BENIGN,BENIGN,0.99999917,True
RUN_070,2026-10-03 22:19:00,BENIGN,BENIGN,0.99999857,True
RUN_070,2026-10-03 22:19:01,BENIGN,BENIGN,0.99999857,True
RUN_070,2026-10-03 22:19:02,BENIGN,BENIGN,0.9999982,True
RUN_070,2026-10-03 22:19:03,BENIGN,BENIGN,0.9999974,True
RUN_070,2026-10-03 22:19:04,BENIGN,BENIGN,0.9999969,True
RUN_070,2026-10-03 22:19:05,BENIGN,BENIGN,0.9999964,True
RUN_070,2026-10-03 22:19:06,BENIGN,BENIGN,0.99999535,True
RUN_070,2026-10-03 22:19:07,BENIGN,BENIGN,0.99999595,True
RUN_070,2026-10-03 22:19:08,BENIGN,BENIGN,0.99999774,True
RUN_070,2026-10-03 22:19:09,BENIGN,BENIGN,0.9999981,True
RUN_070,2026-10-03 22:19:10,BENIGN,BENIGN,0.99999785,True
RUN_070,2026-10-03 22:19:11,BENIGN,BENIGN,0.9999976,True
RUN_070,2026-10-03 22:19:12,BENIGN,BENIGN,0.99999857,True
RUN_070,2026-10-03 22:19:13,BENIGN,BENIGN,0.9999988,True
RUN_070,2026-10-03 22:19:14,BENIGN,BENIGN,0.99999833,True
RUN_070,2026-10-03 22:19:15,BENIGN,BENIGN,0.99999833,True
RUN_070,2026-10-03 22:19:16,BENIGN,BENIGN,0.99999917,True
RUN_070,2026-10-03 22:19:17,BENIGN,BENIGN,0.99999917,True
RUN_070,2026-10-03 22:19:18,BENIGN,BENIGN,0.99999917,True
RUN_070,2026-10-03 22:19:19,BENIGN,BENIGN,0.99999857,True
RUN_070,2026-10-03 22:19:20,BENIGN,BENIGN,0.9999982,True
RUN_070,2026-10-03 22:19:21,BENIGN,BENIGN,0.99999845,True
RUN_070,2026-10-03 22:19:22,BENIGN,BENIGN,0.99999845,True
RUN_070,2026-10-03 22:19:23,BENIGN,BENIGN,0.9999988,True
RUN_070,2026-10-03 22:19:24,BENIGN,BENIGN,0.9999987,True
RUN_070,2026-10-03 22:19:25,BENIGN,BENIGN,0.99999845,True
RUN_070,2026-10-03 22:19:26,BENIGN,BENIGN,0.99999833,True
RUN_070,2026-10-03 22:19:27,BENIGN,BENIGN,0.99999845,True
RUN_070,2026-10-03 22:19:28,BENIGN,BENIGN,0.9999981,True
RUN_070,2026-10-03 22:19:29,BENIGN,BENIGN,0.99999654,True
RUN_070,2026-10-03 22:19:30,BENIGN,BENIGN,0.99999535,True
RUN_070,2026-10-03 22:19:31,BENIGN,BENIGN,0.99999607,True
RUN_070,2026-10-03 22:19:32,BENIGN,BENIGN,0.9999957,True
RUN_070,2026-10-03 22:19:33,BENIGN,BENIGN,0.9999976,True
RUN_070,2026-10-03 22:19:34,BENIGN,BENIGN,0.99999595,True
RUN_070,2026-10-03 22:19:35,BENIGN,BENIGN,0.9999975,True
RUN_070,2026-10-03 22:19:36,BENIGN,BENIGN,0.9999976,True
RUN_070,2026-10-03 22:19:37,BENIGN,BENIGN,0.999998,True
RUN_070,2026-10-03 22:19:38,BENIGN,BENIGN,0.99999845,True
RUN_070,2026-10-03 22:19:39,BENIGN,BENIGN,0.99999857,True
RUN_070,2026-10-03 22:19:40,BENIGN,BENIGN,0.99999905,True
RUN_070,2026-10-03 22:19:41,BENIGN,BENIGN,0.9999988,True
RUN_070,2026-10-03 22:19:42,BENIGN,BENIGN,0.99999917,True
RUN_070,2026-10-03 22:19:43,BENIGN,BENIGN,0.9999994,True
RUN_070,2026-10-03 22:19:44,BENIGN,BENIGN,0.9999995,True
RUN_070,2026-10-03 22:19:45,BENIGN,BENIGN,0.99999964,True
RUN_070,2026-10-03 22:19:46,BENIGN,BENIGN,0.9999995,True
RUN_070,2026-10-03 22:19:47,BENIGN,BENIGN,0.99999976,True
RUN_070,2026-10-03 22:19:48,BENIGN,BENIGN,0.99999976,True
RUN_070,2026-10-03 22:19:49,BENIGN,BENIGN,0.99999976,True
RUN_070,2026-10-03 22:19:50,BENIGN,BENIGN,0.99999976,True
RUN_070,2026-10-03 22:19:51,BENIGN,BENIGN,0.99999976,True
RUN_070,2026-10-03 22:19:52,BENIGN,BENIGN,0.99999976,True
RUN_070,2026-10-03 22:19:53,BENIGN,BENIGN,0.99999976,True
RUN_070,2026-10-03 22:19:54,BENIGN,BENIGN,0.99999976,True
RUN_070,2026-10-03 22:19:55,BENIGN,BENIGN,0.99999976,True
RUN_070,2026-10-03 22:19:56,BENIGN,BENIGN,0.99999976,True
RUN_070,2026-10-03 22:19:57,BENIGN,BENIGN,0.99999976,True
RUN_070,2026-10-03 22:19:58,BENIGN,BENIGN,1.0,True
RUN_070,2026-10-03 22:19:59,BENIGN,BENIGN,1.0,True
RUN_074,2026-10-03 22:26:04,BENIGN,BENIGN,0.99999905,True
RUN_074,2026-10-03 22:26:05,BENIGN,BENIGN,0.99999976,True
RUN_074,2026-10-03 22:26:06,BENIGN,BENIGN,0.99999976,True
RUN_074,2026-10-03 22:26:07,BENIGN,BENIGN,0.9999995,True
RUN_074,2026-10-03 22:26:08,BENIGN,BENIGN,0.99999976,True
RUN_074,2026-10-03 22:26:09,BENIGN,BENIGN,0.9999993,True
RUN_074,2026-10-03 22:26:10,BENIGN,BENIGN,0.99999976,True
RUN_074,2026-10-03 22:26:11,BENIGN,BENIGN,0.9999999,True
RUN_074,2026-10-03 22:26:12,BENIGN,BENIGN,0.99999976,True
RUN_074,2026-10-03 22:26:13,BENIGN,BENIGN,0.99999976,True
RUN_074,2026-10-03 22:26:14,BENIGN,BENIGN,0.99999976,True
RUN_074,2026-10-03 22:26:15,BENIGN,BENIGN,0.99999964,True
RUN_074,2026-10-03 22:26:16,BENIGN,BENIGN,0.99999976,True
RUN_074,2026-10-03 22:26:17,BENIGN,BENIGN,0.99999976,True
RUN_074,2026-10-03 22:26:18,BENIGN,BENIGN,0.99999976,True
RUN_074,2026-10-03 22:26:19,BENIGN,BENIGN,0.9999995,True
RUN_074,2026-10-03 22:26:20,BENIGN,BENIGN,0.9999995,True
RUN_074,2026-10-03 22:26:21,BENIGN,BENIGN,0.99999905,True
RUN_074,2026-10-03 22:26:22,BENIGN,BENIGN,0.99999976,True
RUN_074,2026-10-03 22:26:23,BENIGN,BENIGN,0.99999964,True
RUN_074,2026-10-03 22:26:24,BENIGN,BENIGN,0.99999964,True
RUN_074,2026-10-03 22:26:25,BENIGN,BENIGN,0.99999964,True
RUN_074,2026-10-03 22:26:26,BENIGN,BENIGN,0.99999964,True
RUN_074,2026-10-03 22:26:27,BENIGN,BENIGN,0.99999964,True
RUN_074,2026-10-03 22:26:28,BENIGN,BENIGN,0.99999964,True
RUN_074,2026-10-03 22:26:29,BENIGN,BENIGN,0.99999964,True
RUN_074,2026-10-03 22:26:30,BENIGN,BENIGN,0.9999994,True
RUN_074,2026-10-03 22:26:31,BENIGN,BENIGN,0.9999987,True
RUN_074,2026-10-03 22:26:32,BENIGN,BENIGN,0.99999726,True
RUN_074,2026-10-03 22:26:33,BENIGN,BENIGN,0.9999856,True
RUN_074,2026-10-03 22:26:34,BENIGN,BENIGN,0.99999404,True
RUN_074,2026-10-03 22:26:35,BENIGN,BENIGN,0.999998,True
RUN_074,2026-10-03 22:26:36,BENIGN,BENIGN,0.99825484,True
RUN_074,2026-10-03 22:26:37,BENIGN,BENIGN,0.9931557,True
RUN_074,2026-10-03 22:26:38,BENIGN,BENIGN,0.99993014,True
RUN_074,2026-10-03 22:26:39,BENIGN,BENIGN,0.9935142,True
RUN_074,2026-10-03 22:26:40,BENIGN,BENIGN,0.9999581,True
RUN_074,2026-10-03 22:26:41,BENIGN,BENIGN,0.9999993,True
RUN_074,2026-10-03 22:26:42,BENIGN,BENIGN,0.99999976,True
RUN_074,2026-10-03 22:26:43,BENIGN,BENIGN,0.99999964,True
RUN_074,2026-10-03 22:26:44,BENIGN,BENIGN,0.9999999,True
RUN_074,2026-10-03 22:26:45,BENIGN,BENIGN,0.99999964,True
RUN_074,2026-10-03 22:26:46,BENIGN,BENIGN,0.99999976,True
RUN_074,2026-10-03 22:26:47,BENIGN,BENIGN,0.99999845,True
RUN_074,2026-10-03 22:26:48,BENIGN,BENIGN,0.99999917,True
RUN_074,2026-10-03 22:26:49,BENIGN,BENIGN,0.99999964,True
RUN_074,2026-10-03 22:26:50,BENIGN,BENIGN,0.99999964,True
RUN_074,2026-10-03 22:26:51,BENIGN,BENIGN,0.9999995,True
RUN_074,2026-10-03 22:26:52,BENIGN,BENIGN,0.9999995,True
RUN_074,2026-10-03 22:26:53,BENIGN,BENIGN,0.99999917,True
RUN_074,2026-10-03 22:26:54,BENIGN,BENIGN,0.9999995,True
RUN_074,2026-10-03 22:26:55,BENIGN,BENIGN,0.99999964,True
RUN_074,2026-10-03 22:26:56,BENIGN,BENIGN,0.9999999,True
RUN_074,2026-10-03 22:26:57,BENIGN,BENIGN,0.9999999,True
RUN_074,2026-10-03 22:26:58,BENIGN,BENIGN,0.9999999,True
RUN_074,2026-10-03 22:26:59,BENIGN,BENIGN,0.9999999,True
RUN_074,2026-10-03 22:27:00,BENIGN,BENIGN,0.9999999,True
RUN_074,2026-10-03 22:27:01,BENIGN,BENIGN,0.9999999,True
RUN_074,2026-10-03 22:27:02,BENIGN,BENIGN,0.9999999,True
RUN_074,2026-10-03 22:27:03,BENIGN,BENIGN,0.9999999,True
RUN_074,2026-10-03 22:27:04,BENIGN,BENIGN,0.9999999,True
RUN_074,2026-10-03 22:27:05,BENIGN,BENIGN,0.9999999,True
RUN_074,2026-10-03 22:27:06,BENIGN,BENIGN,0.9999999,True
RUN_074,2026-10-03 22:27:07,BENIGN,BENIGN,0.99999964,True
RUN_074,2026-10-03 22:27:08,BENIGN,BENIGN,0.99999964,True
RUN_074,2026-10-03 22:27:09,BENIGN,BENIGN,0.9999999,True
RUN_074,2026-10-03 22:27:10,BENIGN,BENIGN,0.99999976,True
RUN_074,2026-10-03 22:27:11,BENIGN,BENIGN,0.9999999,True
RUN_074,2026-10-03 22:27:12,BENIGN,BENIGN,0.99999976,True
RUN_074,2026-10-03 22:27:13,BENIGN,BENIGN,0.99999976,True
RUN_074,2026-10-03 22:27:14,BENIGN,BENIGN,0.99999964,True
RUN_074,2026-10-03 22:27:15,BENIGN,BENIGN,0.99999964,True
RUN_074,2026-10-03 22:27:16,BENIGN,BENIGN,0.9999989,True
RUN_074,2026-10-03 22:27:17,BENIGN,BENIGN,0.9999994,True
RUN_074,2026-10-03 22:27:18,BENIGN,BENIGN,0.9999995,True
RUN_074,2026-10-03 22:27:19,BENIGN,BENIGN,0.9999994,True
RUN_074,2026-10-03 22:27:20,BENIGN,BENIGN,0.9999987,True
RUN_074,2026-10-03 22:27:21,BENIGN,BENIGN,0.9999993,True
RUN_074,2026-10-03 22:27:22,BENIGN,BENIGN,0.99999964,True
RUN_074,2026-10-03 22:27:23,BENIGN,BENIGN,0.9999995,True
RUN_074,2026-10-03 22:27:24,BENIGN,BENIGN,0.9999994,True
RUN_074,2026-10-03 22:27:25,BENIGN,BENIGN,0.99999917,True
RUN_074,2026-10-03 22:27:26,BENIGN,BENIGN,0.99999964,True
RUN_074,2026-10-03 22:27:27,BENIGN,BENIGN,0.99999964,True
RUN_074,2026-10-03 22:27:28,BENIGN,BENIGN,0.99999964,True
RUN_074,2026-10-03 22:27:29,BENIGN,BENIGN,0.99999964,True
RUN_074,2026-10-03 22:27:30,BENIGN,BENIGN,0.99999964,True
RUN_074,2026-10-03 22:27:31,BENIGN,BENIGN,0.99999976,True
RUN_074,2026-10-03 22:27:32,BENIGN,BENIGN,0.99999964,True
RUN_074,2026-10-03 22:27:33,BENIGN,BENIGN,0.99999976,True
RUN_074,2026-10-03 22:27:34,BENIGN,BENIGN,0.9999999,True
RUN_074,2026-10-03 22:27:35,BENIGN,BENIGN,0.9999999,True
RUN_074,2026-10-03 22:27:36,BENIGN,BENIGN,0.9999994,True
RUN_074,2026-10-03 22:27:37,BENIGN,BENIGN,0.99999714,True
RUN_074,2026-10-03 22:27:38,BENIGN,BENIGN,0.9999964,True
RUN_074,2026-10-03 22:27:39,BENIGN,BENIGN,0.99999917,True
RUN_074,2026-10-03 22:27:40,BENIGN,BENIGN,0.9999994,True
RUN_074,2026-10-03 22:27:41,BENIGN,BENIGN,0.9999995,True
RUN_074,2026-10-03 22:27:42,BENIGN,BENIGN,0.99999964,True
RUN_074,2026-10-03 22:27:43,BENIGN,BENIGN,0.99999964,True
RUN_074,2026-10-03 22:27:44,BENIGN,BENIGN,0.99999964,True
RUN_074,2026-10-03 22:27:45,BENIGN,BENIGN,0.99999964,True
RUN_074,2026-10-03 22:27:46,BENIGN,BENIGN,0.99999964,True
RUN_074,2026-10-03 22:27:47,BENIGN,BENIGN,0.9999995,True
RUN_074,2026-10-03 22:27:48,BENIGN,BENIGN,0.9999995,True
RUN_074,2026-10-03 22:27:49,BENIGN,BENIGN,0.99999976,True
RUN_074,2026-10-03 22:27:50,BENIGN,BENIGN,0.99999976,True
RUN_074,2026-10-03 22:27:51,BENIGN,BENIGN,0.99999964,True
RUN_074,2026-10-03 22:27:52,BENIGN,BENIGN,0.9999995,True
RUN_074,2026-10-03 22:27:53,BENIGN,BENIGN,0.9999987,True
RUN_074,2026-10-03 22:27:54,BENIGN,BENIGN,0.99999905,True
RUN_074,2026-10-03 22:27:55,BENIGN,BENIGN,0.99999964,True
RUN_074,2026-10-03 22:27:56,BENIGN,BENIGN,0.9999995,True
RUN_074,2026-10-03 22:27:57,BENIGN,BENIGN,0.99999976,True
RUN_074,2026-10-03 22:27:58,BENIGN,BENIGN,0.9999995,True
RUN_074,2026-10-03 22:27:59,BENIGN,BENIGN,0.9999999,True
RUN_077,2026-10-03 22:32:04,UDP_FLOOD,UDP_FLOOD,0.9999968,True
RUN_077,2026-10-03 22:32:05,UDP_FLOOD,UDP_FLOOD,0.99999607,True
RUN_077,2026-10-03 22:32:06,UDP_FLOOD,UDP_FLOOD,0.9999958,True
RUN_077,2026-10-03 22:32:07,UDP_FLOOD,UDP_FLOOD,0.99999607,True
RUN_077,2026-10-03 22:32:08,UDP_FLOOD,UDP_FLOOD,0.99999547,True
RUN_077,2026-10-03 22:32:09,UDP_FLOOD,UDP_FLOOD,0.9999969,True
RUN_077,2026-10-03 22:32:10,UDP_FLOOD,UDP_FLOOD,0.9999968,True
RUN_077,2026-10-03 22:32:11,UDP_FLOOD,UDP_FLOOD,0.9999968,True
RUN_077,2026-10-03 22:32:12,UDP_FLOOD,UDP_FLOOD,0.9999976,True
RUN_077,2026-10-03 22:32:13,UDP_FLOOD,UDP_FLOOD,0.99999774,True
RUN_077,2026-10-03 22:32:14,UDP_FLOOD,UDP_FLOOD,0.9999976,True
RUN_077,2026-10-03 22:32:15,UDP_FLOOD,UDP_FLOOD,0.99999785,True
RUN_077,2026-10-03 22:32:16,UDP_FLOOD,UDP_FLOOD,0.99999774,True
RUN_077,2026-10-03 22:32:17,UDP_FLOOD,UDP_FLOOD,0.9999974,True
RUN_077,2026-10-03 22:32:18,UDP_FLOOD,UDP_FLOOD,0.9999968,True
RUN_077,2026-10-03 22:32:19,UDP_FLOOD,UDP_FLOOD,0.99999726,True
RUN_077,2026-10-03 22:32:20,UDP_FLOOD,UDP_FLOOD,0.9999969,True
RUN_077,2026-10-03 22:32:21,UDP_FLOOD,UDP_FLOOD,0.999997,True
RUN_077,2026-10-03 22:32:22,UDP_FLOOD,UDP_FLOOD,0.99999726,True
RUN_077,2026-10-03 22:32:23,UDP_FLOOD,UDP_FLOOD,0.99999654,True
RUN_077,2026-10-03 22:32:24,UDP_FLOOD,UDP_FLOOD,0.9999927,True
RUN_077,2026-10-03 22:32:25,UDP_FLOOD,UDP_FLOOD,0.9999964,True
RUN_077,2026-10-03 22:32:26,UDP_FLOOD,UDP_FLOOD,0.9999975,True
RUN_077,2026-10-03 22:32:27,UDP_FLOOD,UDP_FLOOD,0.9999976,True
RUN_077,2026-10-03 22:32:28,UDP_FLOOD,UDP_FLOOD,0.99999726,True
RUN_077,2026-10-03 22:32:29,UDP_FLOOD,UDP_FLOOD,0.9999963,True
RUN_077,2026-10-03 22:32:30,UDP_FLOOD,UDP_FLOOD,0.99997896,True
RUN_077,2026-10-03 22:32:31,UDP_FLOOD,UDP_FLOOD,0.9999888,True
RUN_077,2026-10-03 22:32:32,UDP_FLOOD,UDP_FLOOD,0.99999356,True
RUN_077,2026-10-03 22:32:33,UDP_FLOOD,UDP_FLOOD,0.9999914,True
RUN_077,2026-10-03 22:32:34,UDP_FLOOD,UDP_FLOOD,0.9999896,True
RUN_077,2026-10-03 22:32:35,UDP_FLOOD,UDP_FLOOD,0.9999927,True
RUN_077,2026-10-03 22:32:36,UDP_FLOOD,UDP_FLOOD,0.99999595,True
RUN_077,2026-10-03 22:32:37,UDP_FLOOD,UDP_FLOOD,0.9999975,True
RUN_077,2026-10-03 22:32:38,UDP_FLOOD,UDP_FLOOD,0.9999968,True
RUN_077,2026-10-03 22:32:39,UDP_FLOOD,UDP_FLOOD,0.9999962,True
RUN_077,2026-10-03 22:32:40,UDP_FLOOD,UDP_FLOOD,0.99999774,True
RUN_077,2026-10-03 22:32:41,UDP_FLOOD,UDP_FLOOD,0.99999785,True
RUN_077,2026-10-03 22:32:42,UDP_FLOOD,UDP_FLOOD,0.99999774,True
RUN_077,2026-10-03 22:32:43,UDP_FLOOD,UDP_FLOOD,0.99999833,True
RUN_077,2026-10-03 22:32:44,UDP_FLOOD,UDP_FLOOD,0.99999857,True
RUN_077,2026-10-03 22:32:45,UDP_FLOOD,UDP_FLOOD,0.9999957,True
RUN_077,2026-10-03 22:32:46,UDP_FLOOD,UDP_FLOOD,0.9999974,True
RUN_077,2026-10-03 22:32:47,UDP_FLOOD,UDP_FLOOD,0.99999857,True
RUN_077,2026-10-03 22:32:48,UDP_FLOOD,UDP_FLOOD,0.99999607,True
RUN_077,2026-10-03 22:32:49,UDP_FLOOD,UDP_FLOOD,0.9999982,True
RUN_077,2026-10-03 22:32:50,UDP_FLOOD,UDP_FLOOD,0.999998,True
RUN_077,2026-10-03 22:32:51,UDP_FLOOD,UDP_FLOOD,0.999997,True
RUN_077,2026-10-03 22:32:52,UDP_FLOOD,UDP_FLOOD,0.99999845,True
RUN_077,2026-10-03 22:32:53,UDP_FLOOD,UDP_FLOOD,0.9999982,True
RUN_077,2026-10-03 22:32:54,UDP_FLOOD,UDP_FLOOD,0.9999975,True
RUN_077,2026-10-03 22:32:55,UDP_FLOOD,UDP_FLOOD,0.9999976,True
RUN_077,2026-10-03 22:32:56,UDP_FLOOD,UDP_FLOOD,0.9999843,True
RUN_077,2026-10-03 22:32:57,UDP_FLOOD,UDP_FLOOD,0.9999924,True
RUN_077,2026-10-03 22:32:58,UDP_FLOOD,UDP_FLOOD,0.9999725,True
RUN_077,2026-10-03 22:32:59,UDP_FLOOD,UDP_FLOOD,0.99999666,True
RUN_077,2026-10-03 22:33:00,UDP_FLOOD,UDP_FLOOD,0.9999963,True
RUN_077,2026-10-03 22:33:01,UDP_FLOOD,UDP_FLOOD,0.9999975,True
RUN_077,2026-10-03 22:33:02,UDP_FLOOD,UDP_FLOOD,0.999998,True
RUN_077,2026-10-03 22:33:03,UDP_FLOOD,UDP_FLOOD,0.99999714,True
RUN_077,2026-10-03 22:33:04,UDP_FLOOD,UDP_FLOOD,0.9999944,True
RUN_077,2026-10-03 22:33:05,UDP_FLOOD,UDP_FLOOD,0.99999726,True
RUN_077,2026-10-03 22:33:06,UDP_FLOOD,UDP_FLOOD,0.9999969,True
RUN_077,2026-10-03 22:33:07,UDP_FLOOD,UDP_FLOOD,0.99999154,True
RUN_077,2026-10-03 22:33:08,UDP_FLOOD,UDP_FLOOD,0.99999714,True
RUN_077,2026-10-03 22:33:09,UDP_FLOOD,UDP_FLOOD,0.9999912,True
RUN_077,2026-10-03 22:33:10,UDP_FLOOD,UDP_FLOOD,0.99999523,True
RUN_077,2026-10-03 22:33:11,UDP_FLOOD,UDP_FLOOD,0.9999974,True
RUN_077,2026-10-03 22:33:12,UDP_FLOOD,UDP_FLOOD,0.9999982,True
RUN_077,2026-10-03 22:33:13,UDP_FLOOD,UDP_FLOOD,0.9999865,True
RUN_077,2026-10-03 22:33:14,UDP_FLOOD,UDP_FLOOD,0.999997,True
RUN_077,2026-10-03 22:33:15,UDP_FLOOD,UDP_FLOOD,0.9999964,True
RUN_077,2026-10-03 22:33:16,UDP_FLOOD,UDP_FLOOD,0.9999969,True
RUN_077,2026-10-03 22:33:17,UDP_FLOOD,UDP_FLOOD,0.9999982,True
RUN_077,2026-10-03 22:33:18,UDP_FLOOD,UDP_FLOOD,0.9999863,True
RUN_077,2026-10-03 22:33:19,UDP_FLOOD,UDP_FLOOD,0.999995,True
RUN_077,2026-10-03 22:33:20,UDP_FLOOD,UDP_FLOOD,0.99999046,True
RUN_077,2026-10-03 22:33:21,UDP_FLOOD,UDP_FLOOD,0.99999607,True
RUN_077,2026-10-03 22:33:22,UDP_FLOOD,UDP_FLOOD,0.9999938,True
RUN_077,2026-10-03 22:33:23,UDP_FLOOD,UDP_FLOOD,0.9999956,True
RUN_077,2026-10-03 22:33:24,UDP_FLOOD,UDP_FLOOD,0.99999726,True
RUN_077,2026-10-03 22:33:25,UDP_FLOOD,UDP_FLOOD,0.9999968,True
RUN_077,2026-10-03 22:33:26,UDP_FLOOD,UDP_FLOOD,0.99999654,True
RUN_077,2026-10-03 22:33:27,UDP_FLOOD,UDP_FLOOD,0.9999894,True
RUN_077,2026-10-03 22:33:28,UDP_FLOOD,UDP_FLOOD,0.9999926,True
RUN_077,2026-10-03 22:33:29,UDP_FLOOD,UDP_FLOOD,0.9999968,True
RUN_077,2026-10-03 22:33:30,UDP_FLOOD,UDP_FLOOD,0.99999523,True
RUN_077,2026-10-03 22:33:31,UDP_FLOOD,UDP_FLOOD,0.9999976,True
RUN_077,2026-10-03 22:33:32,UDP_FLOOD,UDP_FLOOD,0.9999982,True
RUN_077,2026-10-03 22:33:33,UDP_FLOOD,UDP_FLOOD,0.99999166,True
RUN_077,2026-10-03 22:33:34,UDP_FLOOD,UDP_FLOOD,0.99999726,True
RUN_077,2026-10-03 22:33:35,UDP_FLOOD,UDP_FLOOD,0.99999785,True
RUN_077,2026-10-03 22:33:36,UDP_FLOOD,UDP_FLOOD,0.9999976,True
RUN_077,2026-10-03 22:33:37,UDP_FLOOD,UDP_FLOOD,0.99999785,True
RUN_077,2026-10-03 22:33:38,UDP_FLOOD,UDP_FLOOD,0.99999774,True
RUN_077,2026-10-03 22:33:39,UDP_FLOOD,UDP_FLOOD,0.9999963,True
RUN_077,2026-10-03 22:33:40,UDP_FLOOD,UDP_FLOOD,0.99999726,True
RUN_077,2026-10-03 22:33:41,UDP_FLOOD,UDP_FLOOD,0.9999975,True
RUN_077,2026-10-03 22:33:42,UDP_FLOOD,UDP_FLOOD,0.99999833,True
RUN_077,2026-10-03 22:33:43,UDP_FLOOD,UDP_FLOOD,0.999998,True
RUN_077,2026-10-03 22:33:44,UDP_FLOOD,UDP_FLOOD,0.9999982,True
RUN_077,2026-10-03 22:33:45,UDP_FLOOD,UDP_FLOOD,0.9999982,True
RUN_077,2026-10-03 22:33:46,UDP_FLOOD,UDP_FLOOD,0.99999833,True
RUN_077,2026-10-03 22:33:47,UDP_FLOOD,UDP_FLOOD,0.9999982,True
RUN_077,2026-10-03 22:33:48,UDP_FLOOD,UDP_FLOOD,0.9999974,True
RUN_077,2026-10-03 22:33:49,UDP_FLOOD,UDP_FLOOD,0.9999968,True
RUN_077,2026-10-03 22:33:50,UDP_FLOOD,UDP_FLOOD,0.9999968,True
RUN_077,2026-10-03 22:33:51,UDP_FLOOD,UDP_FLOOD,0.99999607,True
RUN_077,2026-10-03 22:33:52,UDP_FLOOD,UDP_FLOOD,0.9999958,True
RUN_077,2026-10-03 22:33:53,UDP_FLOOD,UDP_FLOOD,0.99999475,True
RUN_077,2026-10-03 22:33:54,UDP_FLOOD,UDP_FLOOD,0.99999297,True
RUN_077,2026-10-03 22:33:55,UDP_FLOOD,UDP_FLOOD,0.9999939,True
RUN_077,2026-10-03 22:33:56,UDP_FLOOD,UDP_FLOOD,0.9999944,True
RUN_077,2026-10-03 22:33:57,UDP_FLOOD,UDP_FLOOD,0.9999945,True
RUN_077,2026-10-03 22:33:58,UDP_FLOOD,UDP_FLOOD,0.9999968,True
RUN_077,2026-10-03 22:33:59,UDP_FLOOD,UDP_FLOOD,0.999997,True
RUN_079,2026-10-03 22:36:04,ICMP_FLOOD,ICMP_FLOOD,0.99993896,True
RUN_079,2026-10-03 22:36:05,ICMP_FLOOD,ICMP_FLOOD,0.9999091,True
RUN_079,2026-10-03 22:36:06,ICMP_FLOOD,ICMP_FLOOD,0.99997956,True
RUN_079,2026-10-03 22:36:07,ICMP_FLOOD,ICMP_FLOOD,0.9999582,True
RUN_079,2026-10-03 22:36:08,ICMP_FLOOD,ICMP_FLOOD,0.99993503,True
RUN_079,2026-10-03 22:36:09,ICMP_FLOOD,ICMP_FLOOD,0.99996275,True
RUN_079,2026-10-03 22:36:10,ICMP_FLOOD,ICMP_FLOOD,0.99996656,True
RUN_079,2026-10-03 22:36:11,ICMP_FLOOD,ICMP_FLOOD,0.9999459,True
RUN_079,2026-10-03 22:36:12,ICMP_FLOOD,ICMP_FLOOD,0.99994326,True
RUN_079,2026-10-03 22:36:13,ICMP_FLOOD,ICMP_FLOOD,0.99996084,True
RUN_079,2026-10-03 22:36:14,ICMP_FLOOD,ICMP_FLOOD,0.9999772,True
RUN_079,2026-10-03 22:36:15,ICMP_FLOOD,ICMP_FLOOD,0.99998146,True
RUN_079,2026-10-03 22:36:16,ICMP_FLOOD,ICMP_FLOOD,0.999992,True
RUN_079,2026-10-03 22:36:17,ICMP_FLOOD,ICMP_FLOOD,0.9999737,True
RUN_079,2026-10-03 22:36:18,ICMP_FLOOD,ICMP_FLOOD,0.99994564,True
RUN_079,2026-10-03 22:36:19,ICMP_FLOOD,ICMP_FLOOD,0.9992528,True
RUN_079,2026-10-03 22:36:20,ICMP_FLOOD,ICMP_FLOOD,0.99981105,True
RUN_079,2026-10-03 22:36:21,ICMP_FLOOD,ICMP_FLOOD,0.9996024,True
RUN_079,2026-10-03 22:36:22,ICMP_FLOOD,ICMP_FLOOD,0.99996156,True
RUN_079,2026-10-03 22:36:23,ICMP_FLOOD,ICMP_FLOOD,0.9999829,True
RUN_079,2026-10-03 22:36:24,ICMP_FLOOD,ICMP_FLOOD,0.9999725,True
RUN_079,2026-10-03 22:36:25,ICMP_FLOOD,ICMP_FLOOD,0.9999811,True
RUN_079,2026-10-03 22:36:26,ICMP_FLOOD,ICMP_FLOOD,0.99997944,True
RUN_079,2026-10-03 22:36:27,ICMP_FLOOD,ICMP_FLOOD,0.99996084,True
RUN_079,2026-10-03 22:36:28,ICMP_FLOOD,ICMP_FLOOD,0.99997824,True
RUN_079,2026-10-03 22:36:29,ICMP_FLOOD,ICMP_FLOOD,0.99998975,True
RUN_079,2026-10-03 22:36:30,ICMP_FLOOD,ICMP_FLOOD,0.9999882,True
RUN_079,2026-10-03 22:36:31,ICMP_FLOOD,ICMP_FLOOD,0.99999523,True
RUN_079,2026-10-03 22:36:32,ICMP_FLOOD,ICMP_FLOOD,0.9999931,True
RUN_079,2026-10-03 22:36:33,ICMP_FLOOD,ICMP_FLOOD,0.999992,True
RUN_079,2026-10-03 22:36:34,ICMP_FLOOD,ICMP_FLOOD,0.99999094,True
RUN_079,2026-10-03 22:36:35,ICMP_FLOOD,ICMP_FLOOD,0.9999924,True
RUN_079,2026-10-03 22:36:36,ICMP_FLOOD,ICMP_FLOOD,0.9999951,True
RUN_079,2026-10-03 22:36:37,ICMP_FLOOD,ICMP_FLOOD,0.9999924,True
RUN_079,2026-10-03 22:36:38,ICMP_FLOOD,ICMP_FLOOD,0.99999475,True
RUN_079,2026-10-03 22:36:39,ICMP_FLOOD,ICMP_FLOOD,0.9999944,True
RUN_079,2026-10-03 22:36:40,ICMP_FLOOD,ICMP_FLOOD,0.9999944,True
RUN_079,2026-10-03 22:36:41,ICMP_FLOOD,ICMP_FLOOD,0.99999523,True
RUN_079,2026-10-03 22:36:42,ICMP_FLOOD,ICMP_FLOOD,0.99999547,True
RUN_079,2026-10-03 22:36:43,ICMP_FLOOD,ICMP_FLOOD,0.99999547,True
RUN_079,2026-10-03 22:36:44,ICMP_FLOOD,ICMP_FLOOD,0.9999956,True
RUN_079,2026-10-03 22:36:45,ICMP_FLOOD,ICMP_FLOOD,0.99999654,True
RUN_079,2026-10-03 22:36:46,ICMP_FLOOD,ICMP_FLOOD,0.99999654,True
RUN_079,2026-10-03 22:36:47,ICMP_FLOOD,ICMP_FLOOD,0.99999654,True
RUN_079,2026-10-03 22:36:48,ICMP_FLOOD,ICMP_FLOOD,0.9999964,True
RUN_079,2026-10-03 22:36:49,ICMP_FLOOD,ICMP_FLOOD,0.9999964,True
RUN_079,2026-10-03 22:36:50,ICMP_FLOOD,ICMP_FLOOD,0.99999607,True
RUN_079,2026-10-03 22:36:51,ICMP_FLOOD,ICMP_FLOOD,0.9999956,True
RUN_079,2026-10-03 22:36:52,ICMP_FLOOD,ICMP_FLOOD,0.99999654,True
RUN_079,2026-10-03 22:36:53,ICMP_FLOOD,ICMP_FLOOD,0.99999595,True
RUN_079,2026-10-03 22:36:54,ICMP_FLOOD,ICMP_FLOOD,0.999997,True
RUN_079,2026-10-03 22:36:55,ICMP_FLOOD,ICMP_FLOOD,0.9999963,True
RUN_079,2026-10-03 22:36:56,ICMP_FLOOD,ICMP_FLOOD,0.999997,True
RUN_079,2026-10-03 22:36:57,ICMP_FLOOD,ICMP_FLOOD,0.9999956,True
RUN_079,2026-10-03 22:36:58,ICMP_FLOOD,ICMP_FLOOD,0.9999968,True
RUN_079,2026-10-03 22:36:59,ICMP_FLOOD,ICMP_FLOOD,0.9999957,True
RUN_079,2026-10-03 22:37:00,ICMP_FLOOD,ICMP_FLOOD,0.9999964,True
RUN_079,2026-10-03 22:37:01,ICMP_FLOOD,ICMP_FLOOD,0.9999968,True
RUN_079,2026-10-03 22:37:02,ICMP_FLOOD,ICMP_FLOOD,0.99999726,True
RUN_079,2026-10-03 22:37:03,ICMP_FLOOD,ICMP_FLOOD,0.9999968,True
RUN_079,2026-10-03 22:37:04,ICMP_FLOOD,ICMP_FLOOD,0.99999654,True
RUN_079,2026-10-03 22:37:05,ICMP_FLOOD,ICMP_FLOOD,0.99999666,True
RUN_079,2026-10-03 22:37:06,ICMP_FLOOD,ICMP_FLOOD,0.999997,True
RUN_079,2026-10-03 22:37:07,ICMP_FLOOD,ICMP_FLOOD,0.9999969,True
RUN_079,2026-10-03 22:37:08,ICMP_FLOOD,ICMP_FLOOD,0.99999726,True
RUN_079,2026-10-03 22:37:09,ICMP_FLOOD,ICMP_FLOOD,0.9999969,True
RUN_079,2026-10-03 22:37:10,ICMP_FLOOD,ICMP_FLOOD,0.99999666,True
RUN_079,2026-10-03 22:37:11,ICMP_FLOOD,ICMP_FLOOD,0.99999666,True
RUN_079,2026-10-03 22:37:12,ICMP_FLOOD,ICMP_FLOOD,0.99999654,True
RUN_079,2026-10-03 22:37:13,ICMP_FLOOD,ICMP_FLOOD,0.9999963,True
RUN_079,2026-10-03 22:37:14,ICMP_FLOOD,ICMP_FLOOD,0.9999958,True
RUN_079,2026-10-03 22:37:15,ICMP_FLOOD,ICMP_FLOOD,0.9999964,True
RUN_079,2026-10-03 22:37:16,ICMP_FLOOD,ICMP_FLOOD,0.9999964,True
RUN_079,2026-10-03 22:37:17,ICMP_FLOOD,ICMP_FLOOD,0.9999958,True
RUN_079,2026-10-03 22:37:18,ICMP_FLOOD,ICMP_FLOOD,0.99999475,True
RUN_079,2026-10-03 22:37:19,ICMP_FLOOD,ICMP_FLOOD,0.99999654,True
RUN_079,2026-10-03 22:37:20,ICMP_FLOOD,ICMP_FLOOD,0.9999975,True
RUN_079,2026-10-03 22:37:21,ICMP_FLOOD,ICMP_FLOOD,0.99999666,True
RUN_079,2026-10-03 22:37:22,ICMP_FLOOD,ICMP_FLOOD,0.9999969,True
RUN_079,2026-10-03 22:37:23,ICMP_FLOOD,ICMP_FLOOD,0.99999654,True
RUN_079,2026-10-03 22:37:24,ICMP_FLOOD,ICMP_FLOOD,0.9999969,True
RUN_079,2026-10-03 22:37:25,ICMP_FLOOD,ICMP_FLOOD,0.99999666,True
RUN_079,2026-10-03 22:37:26,ICMP_FLOOD,ICMP_FLOOD,0.999995,True
RUN_079,2026-10-03 22:37:27,ICMP_FLOOD,ICMP_FLOOD,0.9999974,True
RUN_079,2026-10-03 22:37:28,ICMP_FLOOD,ICMP_FLOOD,0.99999714,True
RUN_079,2026-10-03 22:37:29,ICMP_FLOOD,ICMP_FLOOD,0.9999968,True
RUN_079,2026-10-03 22:37:30,ICMP_FLOOD,ICMP_FLOOD,0.99999714,True
RUN_079,2026-10-03 22:37:31,ICMP_FLOOD,ICMP_FLOOD,0.9999962,True
RUN_079,2026-10-03 22:37:32,ICMP_FLOOD,ICMP_FLOOD,0.9999963,True
RUN_079,2026-10-03 22:37:33,ICMP_FLOOD,ICMP_FLOOD,0.99999607,True
RUN_079,2026-10-03 22:37:34,ICMP_FLOOD,ICMP_FLOOD,0.99999535,True
RUN_079,2026-10-03 22:37:35,ICMP_FLOOD,ICMP_FLOOD,0.99999535,True
RUN_079,2026-10-03 22:37:36,ICMP_FLOOD,ICMP_FLOOD,0.9999931,True
RUN_079,2026-10-03 22:37:37,ICMP_FLOOD,ICMP_FLOOD,0.9999964,True
RUN_079,2026-10-03 22:37:38,ICMP_FLOOD,ICMP_FLOOD,0.9999968,True
RUN_079,2026-10-03 22:37:39,ICMP_FLOOD,ICMP_FLOOD,0.9999968,True
RUN_079,2026-10-03 22:37:40,ICMP_FLOOD,ICMP_FLOOD,0.9999968,True
RUN_079,2026-10-03 22:37:41,ICMP_FLOOD,ICMP_FLOOD,0.9999937,True
RUN_079,2026-10-03 22:37:42,ICMP_FLOOD,ICMP_FLOOD,0.99999595,True
RUN_079,2026-10-03 22:37:43,ICMP_FLOOD,ICMP_FLOOD,0.99999404,True
RUN_079,2026-10-03 22:37:44,ICMP_FLOOD,ICMP_FLOOD,0.99999416,True
RUN_079,2026-10-03 22:37:45,ICMP_FLOOD,ICMP_FLOOD,0.99999523,True
RUN_079,2026-10-03 22:37:46,ICMP_FLOOD,ICMP_FLOOD,0.99999285,True
RUN_079,2026-10-03 22:37:47,ICMP_FLOOD,ICMP_FLOOD,0.99999285,True
RUN_079,2026-10-03 22:37:48,ICMP_FLOOD,ICMP_FLOOD,0.99999285,True
RUN_079,2026-10-03 22:37:49,ICMP_FLOOD,ICMP_FLOOD,0.99998915,True
RUN_079,2026-10-03 22:37:50,ICMP_FLOOD,ICMP_FLOOD,0.99998313,True
RUN_079,2026-10-03 22:37:51,ICMP_FLOOD,ICMP_FLOOD,0.99998724,True
RUN_079,2026-10-03 22:37:52,ICMP_FLOOD,ICMP_FLOOD,0.9999858,True
RUN_079,2026-10-03 22:37:53,ICMP_FLOOD,ICMP_FLOOD,0.99993515,True
RUN_079,2026-10-03 22:37:54,ICMP_FLOOD,ICMP_FLOOD,0.99996024,True
RUN_079,2026-10-03 22:37:55,ICMP_FLOOD,ICMP_FLOOD,0.9998789,True
RUN_079,2026-10-03 22:37:56,ICMP_FLOOD,ICMP_FLOOD,0.99953943,True
RUN_079,2026-10-03 22:37:57,ICMP_FLOOD,ICMP_FLOOD,0.99629295,True
RUN_079,2026-10-03 22:37:58,ICMP_FLOOD,ICMP_FLOOD,0.9856945,True
RUN_079,2026-10-03 22:37:59,ICMP_FLOOD,SYN_FLOOD,0.79740447,False
RUN_083,2026-10-03 22:44:04,SYN_FLOOD,SYN_FLOOD,0.832604,True
RUN_083,2026-10-03 22:44:05,SYN_FLOOD,SYN_FLOOD,0.99405354,True
RUN_083,2026-10-03 22:44:06,SYN_FLOOD,SYN_FLOOD,0.99328375,True
RUN_083,2026-10-03 22:44:07,SYN_FLOOD,SYN_FLOOD,0.9914864,True
RUN_083,2026-10-03 22:44:08,SYN_FLOOD,SYN_FLOOD,0.9898968,True
RUN_083,2026-10-03 22:44:09,SYN_FLOOD,SYN_FLOOD,0.9878367,True
RUN_083,2026-10-03 22:44:10,SYN_FLOOD,SYN_FLOOD,0.99846256,True
RUN_083,2026-10-03 22:44:11,SYN_FLOOD,SYN_FLOOD,0.9994625,True
RUN_083,2026-10-03 22:44:12,SYN_FLOOD,SYN_FLOOD,0.99941844,True
RUN_083,2026-10-03 22:44:13,SYN_FLOOD,SYN_FLOOD,0.99963427,True
RUN_083,2026-10-03 22:44:14,SYN_FLOOD,SYN_FLOOD,0.99907076,True
RUN_083,2026-10-03 22:44:15,SYN_FLOOD,SYN_FLOOD,0.9980751,True
RUN_083,2026-10-03 22:44:16,SYN_FLOOD,SYN_FLOOD,0.9995981,True
RUN_083,2026-10-03 22:44:17,SYN_FLOOD,SYN_FLOOD,0.99972016,True
RUN_083,2026-10-03 22:44:18,SYN_FLOOD,SYN_FLOOD,0.9997536,True
RUN_083,2026-10-03 22:44:19,SYN_FLOOD,SYN_FLOOD,0.9997899,True
RUN_083,2026-10-03 22:44:20,SYN_FLOOD,SYN_FLOOD,0.99979347,True
RUN_083,2026-10-03 22:44:21,SYN_FLOOD,SYN_FLOOD,0.999613,True
RUN_083,2026-10-03 22:44:22,SYN_FLOOD,SYN_FLOOD,0.9985004,True
RUN_083,2026-10-03 22:44:23,SYN_FLOOD,SYN_FLOOD,0.99858963,True
RUN_083,2026-10-03 22:44:24,SYN_FLOOD,SYN_FLOOD,0.99975014,True
RUN_083,2026-10-03 22:44:25,SYN_FLOOD,SYN_FLOOD,0.99986875,True
RUN_083,2026-10-03 22:44:26,SYN_FLOOD,SYN_FLOOD,0.99992836,True
RUN_083,2026-10-03 22:44:27,SYN_FLOOD,SYN_FLOOD,0.9999422,True
RUN_083,2026-10-03 22:44:28,SYN_FLOOD,SYN_FLOOD,0.9998734,True
RUN_083,2026-10-03 22:44:29,SYN_FLOOD,SYN_FLOOD,0.9999521,True
RUN_083,2026-10-03 22:44:30,SYN_FLOOD,SYN_FLOOD,0.9997021,True
RUN_083,2026-10-03 22:44:31,SYN_FLOOD,SYN_FLOOD,0.9989096,True
RUN_083,2026-10-03 22:44:32,SYN_FLOOD,SYN_FLOOD,0.9950635,True
RUN_083,2026-10-03 22:44:33,SYN_FLOOD,SYN_FLOOD,0.99415886,True
RUN_083,2026-10-03 22:44:34,SYN_FLOOD,SYN_FLOOD,0.9527772,True
RUN_083,2026-10-03 22:44:35,SYN_FLOOD,SYN_FLOOD,0.98500025,True
RUN_083,2026-10-03 22:44:36,SYN_FLOOD,SYN_FLOOD,0.9993844,True
RUN_083,2026-10-03 22:44:37,SYN_FLOOD,SYN_FLOOD,0.99980235,True
RUN_083,2026-10-03 22:44:38,SYN_FLOOD,SYN_FLOOD,0.9999041,True
RUN_083,2026-10-03 22:44:39,SYN_FLOOD,SYN_FLOOD,0.99989897,True
RUN_083,2026-10-03 22:44:40,SYN_FLOOD,SYN_FLOOD,0.9999024,True
RUN_083,2026-10-03 22:44:41,SYN_FLOOD,SYN_FLOOD,0.9999263,True
RUN_083,2026-10-03 22:44:42,SYN_FLOOD,SYN_FLOOD,0.99994254,True
RUN_083,2026-10-03 22:44:43,SYN_FLOOD,SYN_FLOOD,0.99994373,True
RUN_083,2026-10-03 22:44:44,SYN_FLOOD,SYN_FLOOD,0.9999473,True
RUN_083,2026-10-03 22:44:45,SYN_FLOOD,SYN_FLOOD,0.9999535,True
RUN_083,2026-10-03 22:44:46,SYN_FLOOD,SYN_FLOOD,0.9999449,True
RUN_083,2026-10-03 22:44:47,SYN_FLOOD,SYN_FLOOD,0.9999393,True
RUN_083,2026-10-03 22:44:48,SYN_FLOOD,SYN_FLOOD,0.99995536,True
RUN_083,2026-10-03 22:44:49,SYN_FLOOD,SYN_FLOOD,0.9999624,True
RUN_083,2026-10-03 22:44:50,SYN_FLOOD,SYN_FLOOD,0.9999605,True
RUN_083,2026-10-03 22:44:51,SYN_FLOOD,SYN_FLOOD,0.9999605,True
RUN_083,2026-10-03 22:44:52,SYN_FLOOD,SYN_FLOOD,0.99996704,True
RUN_083,2026-10-03 22:44:53,SYN_FLOOD,SYN_FLOOD,0.9999643,True
RUN_083,2026-10-03 22:44:54,SYN_FLOOD,SYN_FLOOD,0.99996454,True
RUN_083,2026-10-03 22:44:55,SYN_FLOOD,SYN_FLOOD,0.9999638,True
RUN_083,2026-10-03 22:44:56,SYN_FLOOD,SYN_FLOOD,0.99996203,True
RUN_083,2026-10-03 22:44:57,SYN_FLOOD,SYN_FLOOD,0.99996334,True
RUN_083,2026-10-03 22:44:58,SYN_FLOOD,SYN_FLOOD,0.9999662,True
RUN_083,2026-10-03 22:44:59,SYN_FLOOD,SYN_FLOOD,0.9999632,True
RUN_083,2026-10-03 22:45:00,SYN_FLOOD,SYN_FLOOD,0.99996763,True
RUN_083,2026-10-03 22:45:01,SYN_FLOOD,SYN_FLOOD,0.99996716,True
RUN_083,2026-10-03 22:45:02,SYN_FLOOD,SYN_FLOOD,0.9999673,True
RUN_083,2026-10-03 22:45:03,SYN_FLOOD,SYN_FLOOD,0.99997014,True
RUN_083,2026-10-03 22:45:04,SYN_FLOOD,SYN_FLOOD,0.99996763,True
RUN_083,2026-10-03 22:45:05,SYN_FLOOD,SYN_FLOOD,0.99996835,True
RUN_083,2026-10-03 22:45:06,SYN_FLOOD,SYN_FLOOD,0.99996823,True
RUN_083,2026-10-03 22:45:07,SYN_FLOOD,SYN_FLOOD,0.9999674,True
RUN_083,2026-10-03 22:45:08,SYN_FLOOD,SYN_FLOOD,0.9999556,True
RUN_083,2026-10-03 22:45:09,SYN_FLOOD,SYN_FLOOD,0.9999612,True
RUN_083,2026-10-03 22:45:10,SYN_FLOOD,SYN_FLOOD,0.9999673,True
RUN_083,2026-10-03 22:45:11,SYN_FLOOD,SYN_FLOOD,0.99996597,True
RUN_083,2026-10-03 22:45:12,SYN_FLOOD,SYN_FLOOD,0.9999687,True
RUN_083,2026-10-03 22:45:13,SYN_FLOOD,SYN_FLOOD,0.9999675,True
RUN_083,2026-10-03 22:45:14,SYN_FLOOD,SYN_FLOOD,0.9999655,True
RUN_083,2026-10-03 22:45:15,SYN_FLOOD,SYN_FLOOD,0.99996513,True
RUN_083,2026-10-03 22:45:16,SYN_FLOOD,SYN_FLOOD,0.99996656,True
RUN_083,2026-10-03 22:45:17,SYN_FLOOD,SYN_FLOOD,0.99996465,True
RUN_083,2026-10-03 22:45:18,SYN_FLOOD,SYN_FLOOD,0.9999617,True
RUN_083,2026-10-03 22:45:19,SYN_FLOOD,SYN_FLOOD,0.99996465,True
RUN_083,2026-10-03 22:45:20,SYN_FLOOD,SYN_FLOOD,0.9999612,True
RUN_083,2026-10-03 22:45:21,SYN_FLOOD,SYN_FLOOD,0.9999669,True
RUN_083,2026-10-03 22:45:22,SYN_FLOOD,SYN_FLOOD,0.99996537,True
RUN_083,2026-10-03 22:45:23,SYN_FLOOD,SYN_FLOOD,0.9999668,True
RUN_083,2026-10-03 22:45:24,SYN_FLOOD,SYN_FLOOD,0.99996585,True
RUN_083,2026-10-03 22:45:25,SYN_FLOOD,SYN_FLOOD,0.99996763,True
RUN_083,2026-10-03 22:45:26,SYN_FLOOD,SYN_FLOOD,0.99996024,True
RUN_083,2026-10-03 22:45:27,SYN_FLOOD,SYN_FLOOD,0.9999637,True
RUN_083,2026-10-03 22:45:28,SYN_FLOOD,SYN_FLOOD,0.99996275,True
RUN_083,2026-10-03 22:45:29,SYN_FLOOD,SYN_FLOOD,0.99996644,True
RUN_083,2026-10-03 22:45:30,SYN_FLOOD,SYN_FLOOD,0.99996346,True
RUN_083,2026-10-03 22:45:31,SYN_FLOOD,SYN_FLOOD,0.9999642,True
RUN_083,2026-10-03 22:45:32,SYN_FLOOD,SYN_FLOOD,0.99996537,True
RUN_083,2026-10-03 22:45:33,SYN_FLOOD,SYN_FLOOD,0.99996704,True
RUN_083,2026-10-03 22:45:34,SYN_FLOOD,SYN_FLOOD,0.99996644,True
RUN_083,2026-10-03 22:45:35,SYN_FLOOD,SYN_FLOOD,0.9999694,True
RUN_083,2026-10-03 22:45:36,SYN_FLOOD,SYN_FLOOD,0.9999704,True
RUN_083,2026-10-03 22:45:37,SYN_FLOOD,SYN_FLOOD,0.9999706,True
RUN_083,2026-10-03 22:45:38,SYN_FLOOD,SYN_FLOOD,0.99996823,True
RUN_083,2026-10-03 22:45:39,SYN_FLOOD,SYN_FLOOD,0.99996525,True
RUN_083,2026-10-03 22:45:40,SYN_FLOOD,SYN_FLOOD,0.9999592,True
RUN_083,2026-10-03 22:45:41,SYN_FLOOD,SYN_FLOOD,0.9999504,True
RUN_083,2026-10-03 22:45:42,SYN_FLOOD,SYN_FLOOD,0.9999503,True
RUN_083,2026-10-03 22:45:43,SYN_FLOOD,SYN_FLOOD,0.9999379,True
RUN_083,2026-10-03 22:45:44,SYN_FLOOD,SYN_FLOOD,0.999948,True
RUN_083,2026-10-03 22:45:45,SYN_FLOOD,SYN_FLOOD,0.99993205,True
RUN_083,2026-10-03 22:45:46,SYN_FLOOD,SYN_FLOOD,0.999933,True
RUN_083,2026-10-03 22:45:47,SYN_FLOOD,SYN_FLOOD,0.9999153,True
RUN_083,2026-10-03 22:45:48,SYN_FLOOD,SYN_FLOOD,0.99985915,True
RUN_083,2026-10-03 22:45:49,SYN_FLOOD,SYN_FLOOD,0.9997579,True
RUN_083,2026-10-03 22:45:50,SYN_FLOOD,SYN_FLOOD,0.9994691,True
RUN_083,2026-10-03 22:45:51,SYN_FLOOD,SYN_FLOOD,0.99673283,True
RUN_083,2026-10-03 22:45:52,SYN_FLOOD,SYN_FLOOD,0.7949366,True
RUN_083,2026-10-03 22:45:53,SYN_FLOOD,ICMP_FLOOD,0.8408529,False
RUN_083,2026-10-03 22:45:54,SYN_FLOOD,ICMP_FLOOD,0.9616442,False
RUN_083,2026-10-03 22:45:55,SYN_FLOOD,ICMP_FLOOD,0.926912,False
RUN_083,2026-10-03 22:45:56,SYN_FLOOD,ICMP_FLOOD,0.8511691,False
RUN_083,2026-10-03 22:45:57,SYN_FLOOD,ICMP_FLOOD,0.84557796,False
RUN_083,2026-10-03 22:45:58,SYN_FLOOD,ICMP_FLOOD,0.80318516,False
RUN_083,2026-10-03 22:45:59,SYN_FLOOD,ICMP_FLOOD,0.5274606,False
RUN_105,2026-10-03 23:28:04,SYN_FLOOD,ICMP_FLOOD,0.51318353,False
RUN_105,2026-10-03 23:28:05,SYN_FLOOD,SYN_FLOOD,0.914256,True
RUN_105,2026-10-03 23:28:06,SYN_FLOOD,BENIGN,0.5600331,False
RUN_105,2026-10-03 23:28:07,SYN_FLOOD,BENIGN,0.999647,False
RUN_105,2026-10-03 23:28:08,SYN_FLOOD,BENIGN,0.9999964,False
RUN_105,2026-10-03 23:28:09,SYN_FLOOD,BENIGN,0.99999917,False
RUN_105,2026-10-03 23:28:10,SYN_FLOOD,BENIGN,0.99999917,False
RUN_105,2026-10-03 23:28:11,SYN_FLOOD,BENIGN,0.9999786,False
RUN_105,2026-10-03 23:28:12,SYN_FLOOD,BENIGN,0.9999906,False
RUN_105,2026-10-03 23:28:13,SYN_FLOOD,SYN_FLOOD,0.94512486,True
RUN_105,2026-10-03 23:28:14,SYN_FLOOD,SYN_FLOOD,0.9819074,True
RUN_105,2026-10-03 23:28:15,SYN_FLOOD,SYN_FLOOD,0.99327886,True
RUN_105,2026-10-03 23:28:16,SYN_FLOOD,SYN_FLOOD,0.9956654,True
RUN_105,2026-10-03 23:28:17,SYN_FLOOD,SYN_FLOOD,0.9995737,True
RUN_105,2026-10-03 23:28:18,SYN_FLOOD,SYN_FLOOD,0.98011976,True
RUN_105,2026-10-03 23:28:19,SYN_FLOOD,SYN_FLOOD,0.9993149,True
RUN_105,2026-10-03 23:28:20,SYN_FLOOD,SYN_FLOOD,0.9994045,True
RUN_105,2026-10-03 23:28:21,SYN_FLOOD,SYN_FLOOD,0.99849993,True
RUN_105,2026-10-03 23:28:22,SYN_FLOOD,SYN_FLOOD,0.9610035,True
RUN_105,2026-10-03 23:28:23,SYN_FLOOD,SYN_FLOOD,0.7244522,True
RUN_105,2026-10-03 23:28:24,SYN_FLOOD,ICMP_FLOOD,0.6843867,False
RUN_105,2026-10-03 23:28:25,SYN_FLOOD,ICMP_FLOOD,0.6102246,False
RUN_105,2026-10-03 23:28:26,SYN_FLOOD,ICMP_FLOOD,0.99200463,False
RUN_105,2026-10-03 23:28:27,SYN_FLOOD,ICMP_FLOOD,0.9747095,False
RUN_105,2026-10-03 23:28:28,SYN_FLOOD,SYN_FLOOD,0.95007044,True
RUN_105,2026-10-03 23:28:29,SYN_FLOOD,SYN_FLOOD,0.99688494,True
RUN_105,2026-10-03 23:28:30,SYN_FLOOD,SYN_FLOOD,0.74963236,True
RUN_105,2026-10-03 23:28:31,SYN_FLOOD,SYN_FLOOD,0.95509636,True
RUN_105,2026-10-03 23:28:32,SYN_FLOOD,ICMP_FLOOD,0.88271177,False
RUN_105,2026-10-03 23:28:33,SYN_FLOOD,ICMP_FLOOD,0.8848425,False
RUN_105,2026-10-03 23:28:34,SYN_FLOOD,SYN_FLOOD,0.9765685,True
RUN_105,2026-10-03 23:28:35,SYN_FLOOD,SYN_FLOOD,0.98284745,True
RUN_105,2026-10-03 23:28:36,SYN_FLOOD,ICMP_FLOOD,0.61822927,False
RUN_105,2026-10-03 23:28:37,SYN_FLOOD,ICMP_FLOOD,0.8276166,False
RUN_105,2026-10-03 23:28:38,SYN_FLOOD,ICMP_FLOOD,0.63363624,False
RUN_105,2026-10-03 23:28:39,SYN_FLOOD,ICMP_FLOOD,0.83736676,False
RUN_105,2026-10-03 23:28:40,SYN_FLOOD,ICMP_FLOOD,0.6720457,False
RUN_105,2026-10-03 23:28:41,SYN_FLOOD,SYN_FLOOD,0.87183094,True
RUN_105,2026-10-03 23:28:42,SYN_FLOOD,SYN_FLOOD,0.9710639,True
RUN_105,2026-10-03 23:28:43,SYN_FLOOD,SYN_FLOOD,0.9804403,True
RUN_105,2026-10-03 23:28:44,SYN_FLOOD,SYN_FLOOD,0.99377334,True
RUN_105,2026-10-03 23:28:45,SYN_FLOOD,SYN_FLOOD,0.9851,True
RUN_105,2026-10-03 23:28:46,SYN_FLOOD,SYN_FLOOD,0.9902392,True
RUN_105,2026-10-03 23:28:47,SYN_FLOOD,SYN_FLOOD,0.99359393,True
RUN_105,2026-10-03 23:28:48,SYN_FLOOD,SYN_FLOOD,0.99668574,True
RUN_105,2026-10-03 23:28:49,SYN_FLOOD,SYN_FLOOD,0.9540577,True
RUN_105,2026-10-03 23:28:50,SYN_FLOOD,ICMP_FLOOD,0.9739101,False
RUN_105,2026-10-03 23:28:51,SYN_FLOOD,SYN_FLOOD,0.9990699,True
RUN_105,2026-10-03 23:28:52,SYN_FLOOD,SYN_FLOOD,0.9994249,True
RUN_105,2026-10-03 23:28:53,SYN_FLOOD,SYN_FLOOD,0.9994747,True
RUN_105,2026-10-03 23:28:54,SYN_FLOOD,SYN_FLOOD,0.999949,True
RUN_105,2026-10-03 23:28:55,SYN_FLOOD,SYN_FLOOD,0.9999312,True
RUN_105,2026-10-03 23:28:56,SYN_FLOOD,SYN_FLOOD,0.9999434,True
RUN_105,2026-10-03 23:28:57,SYN_FLOOD,SYN_FLOOD,0.99993575,True
RUN_105,2026-10-03 23:28:58,SYN_FLOOD,SYN_FLOOD,0.9999409,True
RUN_105,2026-10-03 23:28:59,SYN_FLOOD,SYN_FLOOD,0.99980545,True
RUN_105,2026-10-03 23:29:00,SYN_FLOOD,SYN_FLOOD,0.9999243,True
RUN_105,2026-10-03 23:29:01,SYN_FLOOD,SYN_FLOOD,0.99993384,True
RUN_105,2026-10-03 23:29:02,SYN_FLOOD,SYN_FLOOD,0.9999588,True
RUN_105,2026-10-03 23:29:03,SYN_FLOOD,SYN_FLOOD,0.99995196,True
RUN_105,2026-10-03 23:29:04,SYN_FLOOD,SYN_FLOOD,0.9999557,True
RUN_105,2026-10-03 23:29:05,SYN_FLOOD,SYN_FLOOD,0.99995136,True
RUN_105,2026-10-03 23:29:06,SYN_FLOOD,SYN_FLOOD,0.9999601,True
RUN_105,2026-10-03 23:29:07,SYN_FLOOD,SYN_FLOOD,0.9999254,True
RUN_105,2026-10-03 23:29:08,SYN_FLOOD,SYN_FLOOD,0.9999255,True
RUN_105,2026-10-03 23:29:09,SYN_FLOOD,SYN_FLOOD,0.99990183,True
RUN_105,2026-10-03 23:29:10,SYN_FLOOD,SYN_FLOOD,0.9999484,True
RUN_105,2026-10-03 23:29:11,SYN_FLOOD,SYN_FLOOD,0.99993527,True
RUN_105,2026-10-03 23:29:12,SYN_FLOOD,SYN_FLOOD,0.99995726,True
RUN_105,2026-10-03 23:29:13,SYN_FLOOD,SYN_FLOOD,0.9999568,True
RUN_105,2026-10-03 23:29:14,SYN_FLOOD,SYN_FLOOD,0.9999443,True
RUN_105,2026-10-03 23:29:15,SYN_FLOOD,SYN_FLOOD,0.9999448,True
RUN_105,2026-10-03 23:29:16,SYN_FLOOD,SYN_FLOOD,0.99994314,True
RUN_105,2026-10-03 23:29:17,SYN_FLOOD,SYN_FLOOD,0.9999227,True
RUN_105,2026-10-03 23:29:18,SYN_FLOOD,SYN_FLOOD,0.99993396,True
RUN_105,2026-10-03 23:29:19,SYN_FLOOD,SYN_FLOOD,0.9999041,True
RUN_105,2026-10-03 23:29:20,SYN_FLOOD,SYN_FLOOD,0.99995387,True
RUN_105,2026-10-03 23:29:21,SYN_FLOOD,SYN_FLOOD,0.9998531,True
RUN_105,2026-10-03 23:29:22,SYN_FLOOD,SYN_FLOOD,0.99978894,True
RUN_105,2026-10-03 23:29:23,SYN_FLOOD,SYN_FLOOD,0.99989516,True
RUN_105,2026-10-03 23:29:24,SYN_FLOOD,SYN_FLOOD,0.9991996,True
RUN_105,2026-10-03 23:29:25,SYN_FLOOD,SYN_FLOOD,0.99993336,True
RUN_105,2026-10-03 23:29:26,SYN_FLOOD,SYN_FLOOD,0.9999655,True
RUN_105,2026-10-03 23:29:27,SYN_FLOOD,SYN_FLOOD,0.9999582,True
RUN_105,2026-10-03 23:29:28,SYN_FLOOD,SYN_FLOOD,0.99996454,True
RUN_105,2026-10-03 23:29:29,SYN_FLOOD,SYN_FLOOD,0.9999515,True
RUN_105,2026-10-03 23:29:30,SYN_FLOOD,SYN_FLOOD,0.99994254,True
RUN_105,2026-10-03 23:29:31,SYN_FLOOD,SYN_FLOOD,0.99993205,True
RUN_105,2026-10-03 23:29:32,SYN_FLOOD,SYN_FLOOD,0.9999116,True
RUN_105,2026-10-03 23:29:33,SYN_FLOOD,SYN_FLOOD,0.99995476,True
RUN_105,2026-10-03 23:29:34,SYN_FLOOD,SYN_FLOOD,0.9999367,True
RUN_105,2026-10-03 23:29:35,SYN_FLOOD,SYN_FLOOD,0.99988365,True
RUN_105,2026-10-03 23:29:36,SYN_FLOOD,SYN_FLOOD,0.99977285,True
RUN_105,2026-10-03 23:29:37,SYN_FLOOD,SYN_FLOOD,0.9998269,True
RUN_105,2026-10-03 23:29:38,SYN_FLOOD,SYN_FLOOD,0.9998872,True
RUN_105,2026-10-03 23:29:39,SYN_FLOOD,SYN_FLOOD,0.999921,True
RUN_105,2026-10-03 23:29:40,SYN_FLOOD,SYN_FLOOD,0.99990076,True
RUN_105,2026-10-03 23:29:41,SYN_FLOOD,SYN_FLOOD,0.99983495,True
RUN_105,2026-10-03 23:29:42,SYN_FLOOD,SYN_FLOOD,0.9994896,True
RUN_105,2026-10-03 23:29:43,SYN_FLOOD,SYN_FLOOD,0.9983994,True
RUN_105,2026-10-03 23:29:44,SYN_FLOOD,SYN_FLOOD,0.9982138,True
RUN_105,2026-10-03 23:29:45,SYN_FLOOD,SYN_FLOOD,0.9992162,True
RUN_105,2026-10-03 23:29:46,SYN_FLOOD,SYN_FLOOD,0.99866915,True
RUN_105,2026-10-03 23:29:47,SYN_FLOOD,SYN_FLOOD,0.998982,True
RUN_105,2026-10-03 23:29:48,SYN_FLOOD,SYN_FLOOD,0.9971622,True
RUN_105,2026-10-03 23:29:49,SYN_FLOOD,SYN_FLOOD,0.99241686,True
RUN_105,2026-10-03 23:29:50,SYN_FLOOD,SYN_FLOOD,0.75739354,True
RUN_105,2026-10-03 23:29:51,SYN_FLOOD,ICMP_FLOOD,0.60750574,False
RUN_105,2026-10-03 23:29:52,SYN_FLOOD,SYN_FLOOD,0.93872046,True
RUN_105,2026-10-03 23:29:53,SYN_FLOOD,SYN_FLOOD,0.71510136,True
RUN_105,2026-10-03 23:29:54,SYN_FLOOD,SYN_FLOOD,0.9862257,True
RUN_105,2026-10-03 23:29:55,SYN_FLOOD,SYN_FLOOD,0.9944177,True
RUN_105,2026-10-03 23:29:56,SYN_FLOOD,SYN_FLOOD,0.99455434,True
RUN_105,2026-10-03 23:29:57,SYN_FLOOD,SYN_FLOOD,0.9905669,True
RUN_105,2026-10-03 23:29:58,SYN_FLOOD,SYN_FLOOD,0.9858069,True
RUN_105,2026-10-03 23:29:59,SYN_FLOOD,SYN_FLOOD,0.98786074,True
RUN_109,2026-10-03 23:36:04,BENIGN,BENIGN,0.9999755,True
RUN_109,2026-10-03 23:36:05,BENIGN,BENIGN,0.99999654,True
RUN_109,2026-10-03 23:36:06,BENIGN,BENIGN,0.9999988,True
RUN_109,2026-10-03 23:36:07,BENIGN,BENIGN,0.99999976,True
RUN_109,2026-10-03 23:36:08,BENIGN,BENIGN,0.9999995,True
RUN_109,2026-10-03 23:36:09,BENIGN,BENIGN,0.9999995,True
RUN_109,2026-10-03 23:36:10,BENIGN,BENIGN,0.9999995,True
RUN_109,2026-10-03 23:36:11,BENIGN,BENIGN,0.99999905,True
RUN_109,2026-10-03 23:36:12,BENIGN,BENIGN,0.99999905,True
RUN_109,2026-10-03 23:36:13,BENIGN,BENIGN,0.99999595,True
RUN_109,2026-10-03 23:36:14,BENIGN,BENIGN,0.9999994,True
RUN_109,2026-10-03 23:36:15,BENIGN,BENIGN,0.9999994,True
RUN_109,2026-10-03 23:36:16,BENIGN,BENIGN,0.99999905,True
RUN_109,2026-10-03 23:36:17,BENIGN,BENIGN,0.99999976,True
RUN_109,2026-10-03 23:36:18,BENIGN,BENIGN,0.9999989,True
RUN_109,2026-10-03 23:36:19,BENIGN,BENIGN,0.9999994,True
RUN_109,2026-10-03 23:36:20,BENIGN,BENIGN,0.9999994,True
RUN_109,2026-10-03 23:36:21,BENIGN,BENIGN,0.99999964,True
RUN_109,2026-10-03 23:36:22,BENIGN,BENIGN,0.99999976,True
RUN_109,2026-10-03 23:36:23,BENIGN,BENIGN,0.99999976,True
RUN_109,2026-10-03 23:36:24,BENIGN,BENIGN,0.99999964,True
RUN_109,2026-10-03 23:36:25,BENIGN,BENIGN,0.99999976,True
RUN_109,2026-10-03 23:36:26,BENIGN,BENIGN,0.99999976,True
RUN_109,2026-10-03 23:36:27,BENIGN,BENIGN,0.99999964,True
RUN_109,2026-10-03 23:36:28,BENIGN,BENIGN,0.99999964,True
RUN_109,2026-10-03 23:36:29,BENIGN,BENIGN,0.9999994,True
RUN_109,2026-10-03 23:36:30,BENIGN,BENIGN,0.99998146,True
RUN_109,2026-10-03 23:36:31,BENIGN,BENIGN,0.9999994,True
RUN_109,2026-10-03 23:36:32,BENIGN,BENIGN,0.99999964,True
RUN_109,2026-10-03 23:36:33,BENIGN,BENIGN,0.99999976,True
RUN_109,2026-10-03 23:36:34,BENIGN,BENIGN,0.9999999,True
RUN_109,2026-10-03 23:36:35,BENIGN,BENIGN,1.0,True
RUN_109,2026-10-03 23:36:36,BENIGN,BENIGN,1.0,True
RUN_109,2026-10-03 23:36:37,BENIGN,BENIGN,0.9999999,True
RUN_109,2026-10-03 23:36:38,BENIGN,BENIGN,0.9999999,True
RUN_109,2026-10-03 23:36:39,BENIGN,BENIGN,0.9999999,True
RUN_109,2026-10-03 23:36:40,BENIGN,BENIGN,0.9999999,True
RUN_109,2026-10-03 23:36:41,BENIGN,BENIGN,0.9999999,True
RUN_109,2026-10-03 23:36:42,BENIGN,BENIGN,0.9999995,True
RUN_109,2026-10-03 23:36:43,BENIGN,BENIGN,0.9999999,True
RUN_109,2026-10-03 23:36:44,BENIGN,BENIGN,0.9999999,True
RUN_109,2026-10-03 23:36:45,BENIGN,BENIGN,0.9999995,True
RUN_109,2026-10-03 23:36:46,BENIGN,BENIGN,0.9999999,True
RUN_109,2026-10-03 23:36:47,BENIGN,BENIGN,0.9999999,True
RUN_109,2026-10-03 23:36:48,BENIGN,BENIGN,0.9999999,True
RUN_109,2026-10-03 23:36:49,BENIGN,BENIGN,0.9999999,True
RUN_109,2026-10-03 23:36:50,BENIGN,BENIGN,0.9999999,True
RUN_109,2026-10-03 23:36:51,BENIGN,BENIGN,0.9999999,True
RUN_109,2026-10-03 23:36:52,BENIGN,BENIGN,0.9999999,True
RUN_109,2026-10-03 23:36:53,BENIGN,BENIGN,0.9999999,True
RUN_109,2026-10-03 23:36:54,BENIGN,BENIGN,0.9999999,True
RUN_109,2026-10-03 23:36:55,BENIGN,BENIGN,0.9999994,True
RUN_109,2026-10-03 23:36:56,BENIGN,BENIGN,0.9999995,True
RUN_109,2026-10-03 23:36:57,BENIGN,BENIGN,0.99999964,True
RUN_109,2026-10-03 23:36:58,BENIGN,BENIGN,0.9999993,True
RUN_109,2026-10-03 23:36:59,BENIGN,BENIGN,0.9999993,True
RUN_109,2026-10-03 23:37:00,BENIGN,BENIGN,0.9999994,True
RUN_109,2026-10-03 23:37:01,BENIGN,BENIGN,0.9999994,True
RUN_109,2026-10-03 23:37:02,BENIGN,BENIGN,0.9999999,True
RUN_109,2026-10-03 23:37:03,BENIGN,BENIGN,0.9999993,True
RUN_109,2026-10-03 23:37:04,BENIGN,BENIGN,0.9999995,True
RUN_109,2026-10-03 23:37:05,BENIGN,BENIGN,0.9999994,True
RUN_109,2026-10-03 23:37:06,BENIGN,BENIGN,0.9999995,True
RUN_109,2026-10-03 23:37:07,BENIGN,BENIGN,0.99999857,True
RUN_109,2026-10-03 23:37:08,BENIGN,BENIGN,0.9999993,True
RUN_109,2026-10-03 23:37:09,BENIGN,BENIGN,0.99999964,True
RUN_109,2026-10-03 23:37:10,BENIGN,BENIGN,0.9999993,True
RUN_109,2026-10-03 23:37:11,BENIGN,BENIGN,0.99999857,True
RUN_109,2026-10-03 23:37:12,BENIGN,BENIGN,0.9999994,True
RUN_109,2026-10-03 23:37:13,BENIGN,BENIGN,0.99999857,True
RUN_109,2026-10-03 23:37:14,BENIGN,BENIGN,0.9999993,True
RUN_109,2026-10-03 23:37:15,BENIGN,BENIGN,0.9999993,True
RUN_109,2026-10-03 23:37:16,BENIGN,BENIGN,0.9999989,True
RUN_109,2026-10-03 23:37:17,BENIGN,BENIGN,0.9999989,True
RUN_109,2026-10-03 23:37:18,BENIGN,BENIGN,0.99999917,True
RUN_109,2026-10-03 23:37:19,BENIGN,BENIGN,0.99999917,True
RUN_109,2026-10-03 23:37:20,BENIGN,BENIGN,0.9999995,True
RUN_109,2026-10-03 23:37:21,BENIGN,BENIGN,0.99999964,True
RUN_109,2026-10-03 23:37:22,BENIGN,BENIGN,0.9999995,True
RUN_109,2026-10-03 23:37:23,BENIGN,BENIGN,0.99999964,True
RUN_109,2026-10-03 23:37:24,BENIGN,BENIGN,0.99999976,True
RUN_109,2026-10-03 23:37:25,BENIGN,BENIGN,0.9999999,True
RUN_109,2026-10-03 23:37:26,BENIGN,BENIGN,0.99999964,True
RUN_109,2026-10-03 23:37:27,BENIGN,BENIGN,0.99999976,True
RUN_109,2026-10-03 23:37:28,BENIGN,BENIGN,0.99999976,True
RUN_109,2026-10-03 23:37:29,BENIGN,BENIGN,0.99999964,True
RUN_109,2026-10-03 23:37:30,BENIGN,BENIGN,0.99999976,True
RUN_109,2026-10-03 23:37:31,BENIGN,BENIGN,0.99999976,True
RUN_109,2026-10-03 23:37:32,BENIGN,BENIGN,0.99999976,True
RUN_109,2026-10-03 23:37:33,BENIGN,BENIGN,0.99999976,True
RUN_109,2026-10-03 23:37:34,BENIGN,BENIGN,0.9999999,True
RUN_109,2026-10-03 23:37:35,BENIGN,BENIGN,0.9999999,True
RUN_109,2026-10-03 23:37:36,BENIGN,BENIGN,0.9999999,True
RUN_109,2026-10-03 23:37:37,BENIGN,BENIGN,0.9999999,True
RUN_109,2026-10-03 23:37:38,BENIGN,BENIGN,0.9999999,True
RUN_109,2026-10-03 23:37:39,BENIGN,BENIGN,0.99999976,True
RUN_109,2026-10-03 23:37:40,BENIGN,BENIGN,0.99999976,True
RUN_109,2026-10-03 23:37:41,BENIGN,BENIGN,1.0,True
RUN_109,2026-10-03 23:37:42,BENIGN,BENIGN,0.99999976,True
RUN_109,2026-10-03 23:37:43,BENIGN,BENIGN,0.9999999,True
RUN_109,2026-10-03 23:37:44,BENIGN,BENIGN,0.9999999,True
RUN_109,2026-10-03 23:37:45,BENIGN,BENIGN,1.0,True
RUN_109,2026-10-03 23:37:46,BENIGN,BENIGN,0.99999976,True
RUN_109,2026-10-03 23:37:47,BENIGN,BENIGN,1.0,True
RUN_109,2026-10-03 23:37:48,BENIGN,BENIGN,0.9999999,True
RUN_109,2026-10-03 23:37:49,BENIGN,BENIGN,1.0,True
RUN_109,2026-10-03 23:37:50,BENIGN,BENIGN,1.0,True
RUN_109,2026-10-03 23:37:51,BENIGN,BENIGN,1.0,True
RUN_109,2026-10-03 23:37:52,BENIGN,BENIGN,1.0,True
RUN_109,2026-10-03 23:37:53,BENIGN,BENIGN,0.9999999,True
RUN_109,2026-10-03 23:37:54,BENIGN,BENIGN,1.0,True
RUN_109,2026-10-03 23:37:55,BENIGN,BENIGN,0.9999999,True
RUN_109,2026-10-03 23:37:56,BENIGN,BENIGN,0.99999976,True
RUN_109,2026-10-03 23:37:57,BENIGN,BENIGN,0.99999976,True
RUN_109,2026-10-03 23:37:58,BENIGN,BENIGN,0.99999976,True
RUN_109,2026-10-03 23:37:59,BENIGN,BENIGN,0.99999976,True
RUN_111,2026-10-03 23:40:04,SLOWLORIS,SLOWLORIS,0.9999865,True
RUN_111,2026-10-03 23:40:05,SLOWLORIS,SLOWLORIS,0.99998784,True
RUN_111,2026-10-03 23:40:06,SLOWLORIS,SLOWLORIS,0.99998915,True
RUN_111,2026-10-03 23:40:07,SLOWLORIS,SLOWLORIS,0.99998784,True
RUN_111,2026-10-03 23:40:08,SLOWLORIS,SLOWLORIS,0.99998903,True
RUN_111,2026-10-03 23:40:09,SLOWLORIS,SLOWLORIS,0.9999862,True
RUN_111,2026-10-03 23:40:10,SLOWLORIS,SLOWLORIS,0.99999166,True
RUN_111,2026-10-03 23:40:11,SLOWLORIS,SLOWLORIS,0.99999475,True
RUN_111,2026-10-03 23:40:12,SLOWLORIS,SLOWLORIS,0.99999285,True
RUN_111,2026-10-03 23:40:13,SLOWLORIS,SLOWLORIS,0.9999933,True
RUN_111,2026-10-03 23:40:14,SLOWLORIS,SLOWLORIS,0.999995,True
RUN_111,2026-10-03 23:40:15,SLOWLORIS,SLOWLORIS,0.9999951,True
RUN_111,2026-10-03 23:40:16,SLOWLORIS,SLOWLORIS,0.99999607,True
RUN_111,2026-10-03 23:40:17,SLOWLORIS,SLOWLORIS,0.99999607,True
RUN_111,2026-10-03 23:40:18,SLOWLORIS,SLOWLORIS,0.9999968,True
RUN_111,2026-10-03 23:40:19,SLOWLORIS,SLOWLORIS,0.99999666,True
RUN_111,2026-10-03 23:40:20,SLOWLORIS,SLOWLORIS,0.99999666,True
RUN_111,2026-10-03 23:40:21,SLOWLORIS,SLOWLORIS,0.99999666,True
RUN_111,2026-10-03 23:40:22,SLOWLORIS,SLOWLORIS,0.9999968,True
RUN_111,2026-10-03 23:40:23,SLOWLORIS,SLOWLORIS,0.9999976,True
RUN_111,2026-10-03 23:40:24,SLOWLORIS,SLOWLORIS,0.999998,True
RUN_111,2026-10-03 23:40:25,SLOWLORIS,SLOWLORIS,0.99999785,True
RUN_111,2026-10-03 23:40:26,SLOWLORIS,SLOWLORIS,0.99999726,True
RUN_111,2026-10-03 23:40:27,SLOWLORIS,SLOWLORIS,0.9999968,True
RUN_111,2026-10-03 23:40:28,SLOWLORIS,SLOWLORIS,0.999997,True
RUN_111,2026-10-03 23:40:29,SLOWLORIS,SLOWLORIS,0.9999981,True
RUN_111,2026-10-03 23:40:30,SLOWLORIS,SLOWLORIS,0.99999785,True
RUN_111,2026-10-03 23:40:31,SLOWLORIS,SLOWLORIS,0.999998,True
RUN_111,2026-10-03 23:40:32,SLOWLORIS,SLOWLORIS,0.99999785,True
RUN_111,2026-10-03 23:40:33,SLOWLORIS,SLOWLORIS,0.9999981,True
RUN_111,2026-10-03 23:40:34,SLOWLORIS,SLOWLORIS,0.99999785,True
RUN_111,2026-10-03 23:40:35,SLOWLORIS,SLOWLORIS,0.99999785,True
RUN_111,2026-10-03 23:40:36,SLOWLORIS,SLOWLORIS,0.9999982,True
RUN_111,2026-10-03 23:40:37,SLOWLORIS,SLOWLORIS,0.99999833,True
RUN_111,2026-10-03 23:40:38,SLOWLORIS,SLOWLORIS,0.9999981,True
RUN_111,2026-10-03 23:40:39,SLOWLORIS,SLOWLORIS,0.9999981,True
RUN_111,2026-10-03 23:40:40,SLOWLORIS,SLOWLORIS,0.99999833,True
RUN_111,2026-10-03 23:40:41,SLOWLORIS,SLOWLORIS,0.99999833,True
RUN_111,2026-10-03 23:40:42,SLOWLORIS,SLOWLORIS,0.99999774,True
RUN_111,2026-10-03 23:40:43,SLOWLORIS,SLOWLORIS,0.99999785,True
RUN_111,2026-10-03 23:40:44,SLOWLORIS,SLOWLORIS,0.99999774,True
RUN_111,2026-10-03 23:40:45,SLOWLORIS,SLOWLORIS,0.9999974,True
RUN_111,2026-10-03 23:40:46,SLOWLORIS,SLOWLORIS,0.99999714,True
RUN_111,2026-10-03 23:40:47,SLOWLORIS,SLOWLORIS,0.9999975,True
RUN_111,2026-10-03 23:40:48,SLOWLORIS,SLOWLORIS,0.99999714,True
RUN_111,2026-10-03 23:40:49,SLOWLORIS,SLOWLORIS,0.99999785,True
RUN_111,2026-10-03 23:40:50,SLOWLORIS,SLOWLORIS,0.99999774,True
RUN_111,2026-10-03 23:40:51,SLOWLORIS,SLOWLORIS,0.9999974,True
RUN_111,2026-10-03 23:40:52,SLOWLORIS,SLOWLORIS,0.9999974,True
RUN_111,2026-10-03 23:40:53,SLOWLORIS,SLOWLORIS,0.9999975,True
RUN_111,2026-10-03 23:40:54,SLOWLORIS,SLOWLORIS,0.99999726,True
RUN_111,2026-10-03 23:40:55,SLOWLORIS,SLOWLORIS,0.9999969,True
RUN_111,2026-10-03 23:40:56,SLOWLORIS,SLOWLORIS,0.99999654,True
RUN_111,2026-10-03 23:40:57,SLOWLORIS,SLOWLORIS,0.99999654,True
RUN_111,2026-10-03 23:40:58,SLOWLORIS,SLOWLORIS,0.99999774,True
RUN_111,2026-10-03 23:40:59,SLOWLORIS,SLOWLORIS,0.9999976,True
RUN_111,2026-10-03 23:41:00,SLOWLORIS,SLOWLORIS,0.99999785,True
RUN_111,2026-10-03 23:41:01,SLOWLORIS,SLOWLORIS,0.9999969,True
RUN_111,2026-10-03 23:41:02,SLOWLORIS,SLOWLORIS,0.9999969,True
RUN_111,2026-10-03 23:41:03,SLOWLORIS,SLOWLORIS,0.99999666,True
RUN_111,2026-10-03 23:41:04,SLOWLORIS,SLOWLORIS,0.999997,True
RUN_111,2026-10-03 23:41:05,SLOWLORIS,SLOWLORIS,0.9999951,True
RUN_111,2026-10-03 23:41:06,SLOWLORIS,SLOWLORIS,0.99999654,True
RUN_111,2026-10-03 23:41:07,SLOWLORIS,SLOWLORIS,0.9999944,True
RUN_111,2026-10-03 23:41:08,SLOWLORIS,SLOWLORIS,0.9999958,True
RUN_111,2026-10-03 23:41:09,SLOWLORIS,SLOWLORIS,0.99999475,True
RUN_111,2026-10-03 23:41:10,SLOWLORIS,SLOWLORIS,0.999995,True
RUN_111,2026-10-03 23:41:11,SLOWLORIS,SLOWLORIS,0.999995,True
RUN_111,2026-10-03 23:41:12,SLOWLORIS,SLOWLORIS,0.99999666,True
RUN_111,2026-10-03 23:41:13,SLOWLORIS,SLOWLORIS,0.99999595,True
RUN_111,2026-10-03 23:41:14,SLOWLORIS,SLOWLORIS,0.9999962,True
RUN_111,2026-10-03 23:41:15,SLOWLORIS,SLOWLORIS,0.99999285,True
RUN_111,2026-10-03 23:41:16,SLOWLORIS,SLOWLORIS,0.9999908,True
RUN_111,2026-10-03 23:41:17,SLOWLORIS,SLOWLORIS,0.9999908,True
RUN_111,2026-10-03 23:41:18,SLOWLORIS,SLOWLORIS,0.9999927,True
RUN_111,2026-10-03 23:41:19,SLOWLORIS,SLOWLORIS,0.99999344,True
RUN_111,2026-10-03 23:41:20,SLOWLORIS,SLOWLORIS,0.99999213,True
RUN_111,2026-10-03 23:41:21,SLOWLORIS,SLOWLORIS,0.99999106,True
RUN_111,2026-10-03 23:41:22,SLOWLORIS,SLOWLORIS,0.9999939,True
RUN_111,2026-10-03 23:41:23,SLOWLORIS,SLOWLORIS,0.99999285,True
RUN_111,2026-10-03 23:41:24,SLOWLORIS,SLOWLORIS,0.99998903,True
RUN_111,2026-10-03 23:41:25,SLOWLORIS,SLOWLORIS,0.9999863,True
RUN_111,2026-10-03 23:41:26,SLOWLORIS,SLOWLORIS,0.999975,True
RUN_111,2026-10-03 23:41:27,SLOWLORIS,SLOWLORIS,0.99997586,True
RUN_111,2026-10-03 23:41:28,SLOWLORIS,SLOWLORIS,0.9999785,True
RUN_111,2026-10-03 23:41:29,SLOWLORIS,SLOWLORIS,0.9999762,True
RUN_111,2026-10-03 23:41:30,SLOWLORIS,SLOWLORIS,0.99998546,True
RUN_111,2026-10-03 23:41:31,SLOWLORIS,SLOWLORIS,0.9999876,True
RUN_111,2026-10-03 23:41:32,SLOWLORIS,SLOWLORIS,0.99998903,True
RUN_111,2026-10-03 23:41:33,SLOWLORIS,SLOWLORIS,0.99998975,True
RUN_111,2026-10-03 23:41:34,SLOWLORIS,SLOWLORIS,0.9999863,True
RUN_111,2026-10-03 23:41:35,SLOWLORIS,SLOWLORIS,0.9999906,True
RUN_111,2026-10-03 23:41:36,SLOWLORIS,SLOWLORIS,0.9999863,True
RUN_111,2026-10-03 23:41:37,SLOWLORIS,SLOWLORIS,0.99998724,True
RUN_111,2026-10-03 23:41:38,SLOWLORIS,SLOWLORIS,0.99998534,True
RUN_111,2026-10-03 23:41:39,SLOWLORIS,SLOWLORIS,0.999983,True
RUN_111,2026-10-03 23:41:40,SLOWLORIS,SLOWLORIS,0.9999787,True
RUN_111,2026-10-03 23:41:41,SLOWLORIS,SLOWLORIS,0.99998665,True
RUN_111,2026-10-03 23:41:42,SLOWLORIS,SLOWLORIS,0.9999893,True
RUN_111,2026-10-03 23:41:43,SLOWLORIS,SLOWLORIS,0.99999106,True
RUN_111,2026-10-03 23:41:44,SLOWLORIS,SLOWLORIS,0.9999919,True
RUN_111,2026-10-03 23:41:45,SLOWLORIS,SLOWLORIS,0.99999285,True
RUN_111,2026-10-03 23:41:46,SLOWLORIS,SLOWLORIS,0.99998736,True
RUN_111,2026-10-03 23:41:47,SLOWLORIS,SLOWLORIS,0.9999877,True
RUN_111,2026-10-03 23:41:48,SLOWLORIS,SLOWLORIS,0.99998546,True
RUN_111,2026-10-03 23:41:49,SLOWLORIS,SLOWLORIS,0.9999852,True
RUN_111,2026-10-03 23:41:50,SLOWLORIS,SLOWLORIS,0.99998397,True
RUN_111,2026-10-03 23:41:51,SLOWLORIS,SLOWLORIS,0.999981,True
RUN_111,2026-10-03 23:41:52,SLOWLORIS,SLOWLORIS,0.99997944,True
RUN_111,2026-10-03 23:41:53,SLOWLORIS,SLOWLORIS,0.9999871,True
RUN_111,2026-10-03 23:41:54,SLOWLORIS,SLOWLORIS,0.9999792,True
RUN_111,2026-10-03 23:41:55,SLOWLORIS,SLOWLORIS,0.99993515,True
RUN_111,2026-10-03 23:41:56,SLOWLORIS,SLOWLORIS,0.99995583,True
RUN_111,2026-10-03 23:41:57,SLOWLORIS,SLOWLORIS,0.9999679,True
RUN_111,2026-10-03 23:41:58,SLOWLORIS,SLOWLORIS,0.999971,True
RUN_111,2026-10-03 23:41:59,SLOWLORIS,SLOWLORIS,0.9999574,True
RUN_119,2026-10-03 23:56:04,BENIGN,BENIGN,0.9999974,True
RUN_119,2026-10-03 23:56:05,BENIGN,BENIGN,0.9999988,True
RUN_119,2026-10-03 23:56:06,BENIGN,BENIGN,0.99999106,True
RUN_119,2026-10-03 23:56:07,BENIGN,BENIGN,0.99999917,True
RUN_119,2026-10-03 23:56:08,BENIGN,BENIGN,0.9999995,True
RUN_119,2026-10-03 23:56:09,BENIGN,BENIGN,0.9999999,True
RUN_119,2026-10-03 23:56:10,BENIGN,BENIGN,0.9999999,True
RUN_119,2026-10-03 23:56:11,BENIGN,BENIGN,0.9999999,True
RUN_119,2026-10-03 23:56:12,BENIGN,BENIGN,0.99999976,True
RUN_119,2026-10-03 23:56:13,BENIGN,BENIGN,0.99999964,True
RUN_119,2026-10-03 23:56:14,BENIGN,BENIGN,0.99999976,True
RUN_119,2026-10-03 23:56:15,BENIGN,BENIGN,0.9999995,True
RUN_119,2026-10-03 23:56:16,BENIGN,BENIGN,0.99999964,True
RUN_119,2026-10-03 23:56:17,BENIGN,BENIGN,0.99999964,True
RUN_119,2026-10-03 23:56:18,BENIGN,BENIGN,0.9999999,True
RUN_119,2026-10-03 23:56:19,BENIGN,BENIGN,0.99999976,True
RUN_119,2026-10-03 23:56:20,BENIGN,BENIGN,0.9999999,True
RUN_119,2026-10-03 23:56:21,BENIGN,BENIGN,0.9999999,True
RUN_119,2026-10-03 23:56:22,BENIGN,BENIGN,0.99999976,True
RUN_119,2026-10-03 23:56:23,BENIGN,BENIGN,0.9999993,True
RUN_119,2026-10-03 23:56:24,BENIGN,BENIGN,0.9999994,True
RUN_119,2026-10-03 23:56:25,BENIGN,BENIGN,0.9999999,True
RUN_119,2026-10-03 23:56:26,BENIGN,BENIGN,0.9999999,True
RUN_119,2026-10-03 23:56:27,BENIGN,BENIGN,0.99999976,True
RUN_119,2026-10-03 23:56:28,BENIGN,BENIGN,0.99999976,True
RUN_119,2026-10-03 23:56:29,BENIGN,BENIGN,0.99999964,True
RUN_119,2026-10-03 23:56:30,BENIGN,BENIGN,0.9999999,True
RUN_119,2026-10-03 23:56:31,BENIGN,BENIGN,0.9999999,True
RUN_119,2026-10-03 23:56:32,BENIGN,BENIGN,0.9999999,True
RUN_119,2026-10-03 23:56:33,BENIGN,BENIGN,0.99999976,True
RUN_119,2026-10-03 23:56:34,BENIGN,BENIGN,0.9999999,True
RUN_119,2026-10-03 23:56:35,BENIGN,BENIGN,0.9999999,True
RUN_119,2026-10-03 23:56:36,BENIGN,BENIGN,0.9999945,True
RUN_119,2026-10-03 23:56:37,BENIGN,BENIGN,0.9999994,True
RUN_119,2026-10-03 23:56:38,BENIGN,BENIGN,0.99999845,True
RUN_119,2026-10-03 23:56:39,BENIGN,BENIGN,0.9999995,True
RUN_119,2026-10-03 23:56:40,BENIGN,BENIGN,0.99999905,True
RUN_119,2026-10-03 23:56:41,BENIGN,BENIGN,0.9999944,True
RUN_119,2026-10-03 23:56:42,BENIGN,BENIGN,0.9999982,True
RUN_119,2026-10-03 23:56:43,BENIGN,BENIGN,0.9999989,True
RUN_119,2026-10-03 23:56:44,BENIGN,BENIGN,0.9999994,True
RUN_119,2026-10-03 23:56:45,BENIGN,BENIGN,0.99999964,True
RUN_119,2026-10-03 23:56:46,BENIGN,BENIGN,0.99999976,True
RUN_119,2026-10-03 23:56:47,BENIGN,BENIGN,0.9999993,True
RUN_119,2026-10-03 23:56:48,BENIGN,BENIGN,0.9999989,True
RUN_119,2026-10-03 23:56:49,BENIGN,BENIGN,0.9999956,True
RUN_119,2026-10-03 23:56:50,BENIGN,BENIGN,0.99999475,True
RUN_119,2026-10-03 23:56:51,BENIGN,BENIGN,0.99999976,True
RUN_119,2026-10-03 23:56:52,BENIGN,BENIGN,0.9999999,True
RUN_119,2026-10-03 23:56:53,BENIGN,BENIGN,0.9999995,True
RUN_119,2026-10-03 23:56:54,BENIGN,BENIGN,0.9999999,True
RUN_119,2026-10-03 23:56:55,BENIGN,BENIGN,0.9999999,True
RUN_119,2026-10-03 23:56:56,BENIGN,BENIGN,0.99999976,True
RUN_119,2026-10-03 23:56:57,BENIGN,BENIGN,0.99999976,True
RUN_119,2026-10-03 23:56:58,BENIGN,BENIGN,0.99999964,True
RUN_119,2026-10-03 23:56:59,BENIGN,BENIGN,0.9999995,True
RUN_119,2026-10-03 23:57:00,BENIGN,BENIGN,0.99999905,True
RUN_119,2026-10-03 23:57:01,BENIGN,BENIGN,0.99999976,True
RUN_119,2026-10-03 23:57:02,BENIGN,BENIGN,0.9999999,True
RUN_119,2026-10-03 23:57:03,BENIGN,BENIGN,0.9999995,True
RUN_119,2026-10-03 23:57:04,BENIGN,BENIGN,0.9999989,True
RUN_119,2026-10-03 23:57:05,BENIGN,BENIGN,0.9999999,True
RUN_119,2026-10-03 23:57:06,BENIGN,BENIGN,0.9999999,True
RUN_119,2026-10-03 23:57:07,BENIGN,BENIGN,0.9999999,True
RUN_119,2026-10-03 23:57:08,BENIGN,BENIGN,0.99999976,True
RUN_119,2026-10-03 23:57:09,BENIGN,BENIGN,0.9999568,True
RUN_119,2026-10-03 23:57:10,BENIGN,BENIGN,0.99999917,True
RUN_119,2026-10-03 23:57:11,BENIGN,BENIGN,0.9999999,True
RUN_119,2026-10-03 23:57:12,BENIGN,BENIGN,0.99999976,True
RUN_119,2026-10-03 23:57:13,BENIGN,BENIGN,0.9999999,True
RUN_119,2026-10-03 23:57:14,BENIGN,BENIGN,0.9999999,True
RUN_119,2026-10-03 23:57:15,BENIGN,BENIGN,0.9999999,True
RUN_119,2026-10-03 23:57:16,BENIGN,BENIGN,0.9999999,True
RUN_119,2026-10-03 23:57:17,BENIGN,BENIGN,0.9999999,True
RUN_119,2026-10-03 23:57:18,BENIGN,BENIGN,0.9999999,True
RUN_119,2026-10-03 23:57:19,BENIGN,BENIGN,0.9999995,True
RUN_119,2026-10-03 23:57:20,BENIGN,BENIGN,0.99999976,True
RUN_119,2026-10-03 23:57:21,BENIGN,BENIGN,0.99999917,True
RUN_119,2026-10-03 23:57:22,BENIGN,BENIGN,0.9999993,True
RUN_119,2026-10-03 23:57:23,BENIGN,BENIGN,0.9999995,True
RUN_119,2026-10-03 23:57:24,BENIGN,BENIGN,0.99999917,True
RUN_119,2026-10-03 23:57:25,BENIGN,BENIGN,0.99999976,True
RUN_119,2026-10-03 23:57:26,BENIGN,BENIGN,0.9999999,True
RUN_119,2026-10-03 23:57:27,BENIGN,BENIGN,0.9999995,True
RUN_119,2026-10-03 23:57:28,BENIGN,BENIGN,0.9999995,True
RUN_119,2026-10-03 23:57:29,BENIGN,BENIGN,0.9999999,True
RUN_119,2026-10-03 23:57:30,BENIGN,BENIGN,0.99999976,True
RUN_119,2026-10-03 23:57:31,BENIGN,BENIGN,0.99999964,True
RUN_119,2026-10-03 23:57:32,BENIGN,BENIGN,0.9999999,True
RUN_119,2026-10-03 23:57:33,BENIGN,BENIGN,0.9999999,True
RUN_119,2026-10-03 23:57:34,BENIGN,BENIGN,0.99999976,True
RUN_119,2026-10-03 23:57:35,BENIGN,BENIGN,0.99999976,True
RUN_119,2026-10-03 23:57:36,BENIGN,BENIGN,0.9999999,True
RUN_119,2026-10-03 23:57:37,BENIGN,BENIGN,0.9999995,True
RUN_119,2026-10-03 23:57:38,BENIGN,BENIGN,0.99999976,True
RUN_119,2026-10-03 23:57:39,BENIGN,BENIGN,0.9999999,True
RUN_119,2026-10-03 23:57:40,BENIGN,BENIGN,0.99999976,True
RUN_119,2026-10-03 23:57:41,BENIGN,BENIGN,0.9999999,True
RUN_119,2026-10-03 23:57:42,BENIGN,BENIGN,0.99999964,True
RUN_119,2026-10-03 23:57:43,BENIGN,BENIGN,0.99999976,True
RUN_119,2026-10-03 23:57:44,BENIGN,BENIGN,0.99999964,True
RUN_119,2026-10-03 23:57:45,BENIGN,BENIGN,0.99999976,True
RUN_119,2026-10-03 23:57:46,BENIGN,BENIGN,0.99999964,True
RUN_119,2026-10-03 23:57:47,BENIGN,BENIGN,0.9999995,True
RUN_119,2026-10-03 23:57:48,BENIGN,BENIGN,0.99999964,True
RUN_119,2026-10-03 23:57:49,BENIGN,BENIGN,0.9999994,True
RUN_119,2026-10-03 23:57:50,BENIGN,BENIGN,0.9999995,True
RUN_119,2026-10-03 23:57:51,BENIGN,BENIGN,0.99999964,True
RUN_119,2026-10-03 23:57:52,BENIGN,BENIGN,0.99999976,True
RUN_119,2026-10-03 23:57:53,BENIGN,BENIGN,0.99999976,True
RUN_119,2026-10-03 23:57:54,BENIGN,BENIGN,0.99999976,True
RUN_119,2026-10-03 23:57:55,BENIGN,BENIGN,0.99999964,True
RUN_119,2026-10-03 23:57:56,BENIGN,BENIGN,0.99999976,True
RUN_119,2026-10-03 23:57:57,BENIGN,BENIGN,0.9999958,True
RUN_119,2026-10-03 23:57:58,BENIGN,BENIGN,0.9999995,True
RUN_119,2026-10-03 23:57:59,BENIGN,BENIGN,0.9999999,True
RUN_128,2026-10-04 00:14:04,BENIGN,BENIGN,0.9999969,True
RUN_128,2026-10-04 00:14:05,BENIGN,BENIGN,0.99998397,True
RUN_128,2026-10-04 00:14:06,BENIGN,BENIGN,0.9999895,True
RUN_128,2026-10-04 00:14:07,BENIGN,BENIGN,0.9999989,True
RUN_128,2026-10-04 00:14:08,BENIGN,BENIGN,0.9999989,True
RUN_128,2026-10-04 00:14:09,BENIGN,BENIGN,0.99999964,True
RUN_128,2026-10-04 00:14:10,BENIGN,BENIGN,0.99999964,True
RUN_128,2026-10-04 00:14:11,BENIGN,BENIGN,0.99999976,True
RUN_128,2026-10-04 00:14:12,BENIGN,BENIGN,0.99999976,True
RUN_128,2026-10-04 00:14:13,BENIGN,BENIGN,0.9999999,True
RUN_128,2026-10-04 00:14:14,BENIGN,BENIGN,0.9999999,True
RUN_128,2026-10-04 00:14:15,BENIGN,BENIGN,0.99999976,True
RUN_128,2026-10-04 00:14:16,BENIGN,BENIGN,0.99999976,True
RUN_128,2026-10-04 00:14:17,BENIGN,BENIGN,0.99999976,True
RUN_128,2026-10-04 00:14:18,BENIGN,BENIGN,0.99999976,True
RUN_128,2026-10-04 00:14:19,BENIGN,BENIGN,0.99999976,True
RUN_128,2026-10-04 00:14:20,BENIGN,BENIGN,0.99999976,True
RUN_128,2026-10-04 00:14:21,BENIGN,BENIGN,0.99999976,True
RUN_128,2026-10-04 00:14:22,BENIGN,BENIGN,0.9999999,True
RUN_128,2026-10-04 00:14:23,BENIGN,BENIGN,0.9999999,True
RUN_128,2026-10-04 00:14:24,BENIGN,BENIGN,0.9999999,True
RUN_128,2026-10-04 00:14:25,BENIGN,BENIGN,0.9999999,True
RUN_128,2026-10-04 00:14:26,BENIGN,BENIGN,0.99999976,True
RUN_128,2026-10-04 00:14:27,BENIGN,BENIGN,0.99999964,True
RUN_128,2026-10-04 00:14:28,BENIGN,BENIGN,0.99999964,True
RUN_128,2026-10-04 00:14:29,BENIGN,BENIGN,0.99999964,True
RUN_128,2026-10-04 00:14:30,BENIGN,BENIGN,0.99999976,True
RUN_128,2026-10-04 00:14:31,BENIGN,BENIGN,0.99999976,True
RUN_128,2026-10-04 00:14:32,BENIGN,BENIGN,0.99999976,True
RUN_128,2026-10-04 00:14:33,BENIGN,BENIGN,0.99999976,True
RUN_128,2026-10-04 00:14:34,BENIGN,BENIGN,0.9999995,True
RUN_128,2026-10-04 00:14:35,BENIGN,BENIGN,0.9999995,True
RUN_128,2026-10-04 00:14:36,BENIGN,BENIGN,0.99999976,True
RUN_128,2026-10-04 00:14:37,BENIGN,BENIGN,0.99999976,True
RUN_128,2026-10-04 00:14:38,BENIGN,BENIGN,0.9999999,True
RUN_128,2026-10-04 00:14:39,BENIGN,BENIGN,0.9999988,True
RUN_128,2026-10-04 00:14:40,BENIGN,BENIGN,0.9997653,True
RUN_128,2026-10-04 00:14:41,BENIGN,BENIGN,0.9999968,True
RUN_128,2026-10-04 00:14:42,BENIGN,BENIGN,0.9283745,True
RUN_128,2026-10-04 00:14:43,BENIGN,BENIGN,0.99919987,True
RUN_128,2026-10-04 00:14:44,BENIGN,BENIGN,0.9999974,True
RUN_128,2026-10-04 00:14:45,BENIGN,BENIGN,0.999995,True
RUN_128,2026-10-04 00:14:46,BENIGN,BENIGN,0.9999999,True
RUN_128,2026-10-04 00:14:47,BENIGN,BENIGN,0.99999976,True
RUN_128,2026-10-04 00:14:48,BENIGN,BENIGN,0.9999999,True
RUN_128,2026-10-04 00:14:49,BENIGN,BENIGN,0.9999999,True
RUN_128,2026-10-04 00:14:50,BENIGN,BENIGN,0.9999999,True
RUN_128,2026-10-04 00:14:51,BENIGN,BENIGN,0.9999999,True
RUN_128,2026-10-04 00:14:52,BENIGN,BENIGN,0.9999999,True
RUN_128,2026-10-04 00:14:53,BENIGN,BENIGN,0.9999995,True
RUN_128,2026-10-04 00:14:54,BENIGN,BENIGN,0.9999999,True
RUN_128,2026-10-04 00:14:55,BENIGN,BENIGN,0.99999905,True
RUN_128,2026-10-04 00:14:56,BENIGN,BENIGN,0.9999995,True
RUN_128,2026-10-04 00:14:57,BENIGN,BENIGN,0.9999999,True
RUN_128,2026-10-04 00:14:58,BENIGN,BENIGN,0.99999976,True
RUN_128,2026-10-04 00:14:59,BENIGN,BENIGN,0.9999995,True
RUN_128,2026-10-04 00:15:00,BENIGN,BENIGN,0.9999989,True
RUN_128,2026-10-04 00:15:01,BENIGN,BENIGN,0.9999663,True
RUN_128,2026-10-04 00:15:02,BENIGN,BENIGN,0.99537086,True
RUN_128,2026-10-04 00:15:03,BENIGN,BENIGN,0.99997765,True
RUN_128,2026-10-04 00:15:04,BENIGN,BENIGN,0.9999981,True
RUN_128,2026-10-04 00:15:05,BENIGN,BENIGN,0.9999993,True
RUN_128,2026-10-04 00:15:06,BENIGN,BENIGN,0.99999964,True
RUN_128,2026-10-04 00:15:07,BENIGN,BENIGN,0.9999999,True
RUN_128,2026-10-04 00:15:08,BENIGN,BENIGN,0.9999999,True
RUN_128,2026-10-04 00:15:09,BENIGN,BENIGN,0.9999999,True
RUN_128,2026-10-04 00:15:10,BENIGN,BENIGN,0.9999999,True
RUN_128,2026-10-04 00:15:11,BENIGN,BENIGN,0.99999976,True
RUN_128,2026-10-04 00:15:12,BENIGN,BENIGN,0.99999976,True
RUN_128,2026-10-04 00:15:13,BENIGN,BENIGN,0.9999994,True
RUN_128,2026-10-04 00:15:14,BENIGN,BENIGN,0.99999094,True
RUN_128,2026-10-04 00:15:15,BENIGN,BENIGN,0.99999833,True
RUN_128,2026-10-04 00:15:16,BENIGN,BENIGN,0.99999785,True
RUN_128,2026-10-04 00:15:17,BENIGN,BENIGN,0.99997956,True
RUN_128,2026-10-04 00:15:18,BENIGN,BENIGN,0.9999994,True
RUN_128,2026-10-04 00:15:19,BENIGN,BENIGN,0.9999987,True
RUN_128,2026-10-04 00:15:20,BENIGN,BENIGN,0.99999964,True
RUN_128,2026-10-04 00:15:21,BENIGN,BENIGN,0.99999964,True
RUN_128,2026-10-04 00:15:22,BENIGN,BENIGN,0.9999989,True
RUN_128,2026-10-04 00:15:23,BENIGN,BENIGN,0.99999976,True
RUN_128,2026-10-04 00:15:24,BENIGN,BENIGN,0.9999994,True
RUN_128,2026-10-04 00:15:25,BENIGN,BENIGN,0.9999994,True
RUN_128,2026-10-04 00:15:26,BENIGN,BENIGN,0.99999964,True
RUN_128,2026-10-04 00:15:27,BENIGN,BENIGN,0.99999976,True
RUN_128,2026-10-04 00:15:28,BENIGN,BENIGN,0.99999976,True
RUN_128,2026-10-04 00:15:29,BENIGN,BENIGN,0.99999976,True
RUN_128,2026-10-04 00:15:30,BENIGN,BENIGN,0.99999976,True
RUN_128,2026-10-04 00:15:31,BENIGN,BENIGN,0.9999999,True
RUN_128,2026-10-04 00:15:32,BENIGN,BENIGN,0.9999999,True
RUN_128,2026-10-04 00:15:33,BENIGN,BENIGN,0.9999999,True
RUN_128,2026-10-04 00:15:34,BENIGN,BENIGN,0.9999999,True
RUN_128,2026-10-04 00:15:35,BENIGN,BENIGN,0.9999999,True
RUN_128,2026-10-04 00:15:36,BENIGN,BENIGN,0.9999999,True
RUN_128,2026-10-04 00:15:37,BENIGN,BENIGN,0.9999999,True
RUN_128,2026-10-04 00:15:38,BENIGN,BENIGN,0.9999999,True
RUN_128,2026-10-04 00:15:39,BENIGN,BENIGN,0.9999999,True
RUN_128,2026-10-04 00:15:40,BENIGN,BENIGN,0.9999999,True
RUN_128,2026-10-04 00:15:41,BENIGN,BENIGN,0.99999964,True
RUN_128,2026-10-04 00:15:42,BENIGN,BENIGN,0.9999999,True
RUN_128,2026-10-04 00:15:43,BENIGN,BENIGN,0.99999976,True
RUN_128,2026-10-04 00:15:44,BENIGN,BENIGN,0.9999995,True
RUN_128,2026-10-04 00:15:45,BENIGN,BENIGN,0.9999995,True
RUN_128,2026-10-04 00:15:46,BENIGN,BENIGN,0.99999917,True
RUN_128,2026-10-04 00:15:47,BENIGN,BENIGN,0.9999976,True
RUN_128,2026-10-04 00:15:48,BENIGN,BENIGN,0.99999964,True
RUN_128,2026-10-04 00:15:49,BENIGN,BENIGN,0.9999999,True
RUN_128,2026-10-04 00:15:50,BENIGN,BENIGN,0.9999999,True
RUN_128,2026-10-04 00:15:51,BENIGN,BENIGN,0.99999976,True
RUN_128,2026-10-04 00:15:52,BENIGN,BENIGN,0.9999999,True
RUN_128,2026-10-04 00:15:53,BENIGN,BENIGN,0.9999999,True
RUN_128,2026-10-04 00:15:54,BENIGN,BENIGN,0.9999962,True
RUN_128,2026-10-04 00:15:55,BENIGN,BENIGN,0.9999987,True
RUN_128,2026-10-04 00:15:56,BENIGN,BENIGN,0.99999833,True
RUN_128,2026-10-04 00:15:57,BENIGN,BENIGN,0.999957,True
RUN_128,2026-10-04 00:15:58,BENIGN,BENIGN,0.9999887,True
RUN_128,2026-10-04 00:15:59,BENIGN,BENIGN,0.9999994,True
RUN_129,2026-10-04 00:16:04,BENIGN,BENIGN,0.9999999,True
RUN_129,2026-10-04 00:16:05,BENIGN,BENIGN,0.99999976,True
RUN_129,2026-10-04 00:16:06,BENIGN,BENIGN,0.99999976,True
RUN_129,2026-10-04 00:16:07,BENIGN,BENIGN,0.99999976,True
RUN_129,2026-10-04 00:16:08,BENIGN,BENIGN,0.99999964,True
RUN_129,2026-10-04 00:16:09,BENIGN,BENIGN,0.99999964,True
RUN_129,2026-10-04 00:16:10,BENIGN,BENIGN,0.9999995,True
RUN_129,2026-10-04 00:16:11,BENIGN,BENIGN,0.99999964,True
RUN_129,2026-10-04 00:16:12,BENIGN,BENIGN,0.9999999,True
RUN_129,2026-10-04 00:16:13,BENIGN,BENIGN,0.9999999,True
RUN_129,2026-10-04 00:16:14,BENIGN,BENIGN,0.9999999,True
RUN_129,2026-10-04 00:16:15,BENIGN,BENIGN,0.9999999,True
RUN_129,2026-10-04 00:16:16,BENIGN,BENIGN,1.0,True
RUN_129,2026-10-04 00:16:17,BENIGN,BENIGN,0.9999999,True
RUN_129,2026-10-04 00:16:18,BENIGN,BENIGN,0.9999994,True
RUN_129,2026-10-04 00:16:19,BENIGN,BENIGN,0.99999833,True
RUN_129,2026-10-04 00:16:20,BENIGN,BENIGN,0.9999999,True
RUN_129,2026-10-04 00:16:21,BENIGN,BENIGN,0.9999999,True
RUN_129,2026-10-04 00:16:22,BENIGN,BENIGN,0.99999976,True
RUN_129,2026-10-04 00:16:23,BENIGN,BENIGN,0.99999976,True
RUN_129,2026-10-04 00:16:24,BENIGN,BENIGN,0.99999964,True
RUN_129,2026-10-04 00:16:25,BENIGN,BENIGN,0.9999974,True
RUN_129,2026-10-04 00:16:26,BENIGN,BENIGN,0.99999976,True
RUN_129,2026-10-04 00:16:27,BENIGN,BENIGN,0.9999995,True
RUN_129,2026-10-04 00:16:28,BENIGN,BENIGN,0.9999999,True
RUN_129,2026-10-04 00:16:29,BENIGN,BENIGN,0.9999995,True
RUN_129,2026-10-04 00:16:30,BENIGN,BENIGN,0.9999999,True
RUN_129,2026-10-04 00:16:31,BENIGN,BENIGN,0.99999976,True
RUN_129,2026-10-04 00:16:32,BENIGN,BENIGN,0.99999475,True
RUN_129,2026-10-04 00:16:33,BENIGN,BENIGN,0.99999785,True
RUN_129,2026-10-04 00:16:34,BENIGN,BENIGN,0.9999999,True
RUN_129,2026-10-04 00:16:35,BENIGN,BENIGN,0.99999976,True
RUN_129,2026-10-04 00:16:36,BENIGN,BENIGN,0.99999976,True
RUN_129,2026-10-04 00:16:37,BENIGN,BENIGN,0.99999976,True
RUN_129,2026-10-04 00:16:38,BENIGN,BENIGN,0.99999964,True
RUN_129,2026-10-04 00:16:39,BENIGN,BENIGN,0.99999774,True
RUN_129,2026-10-04 00:16:40,BENIGN,BENIGN,0.9999995,True
RUN_129,2026-10-04 00:16:41,BENIGN,BENIGN,0.99999845,True
RUN_129,2026-10-04 00:16:42,BENIGN,BENIGN,0.99999607,True
RUN_129,2026-10-04 00:16:43,BENIGN,BENIGN,0.9999994,True
RUN_129,2026-10-04 00:16:44,BENIGN,BENIGN,0.99974525,True
RUN_129,2026-10-04 00:16:45,BENIGN,BENIGN,0.9999387,True
RUN_129,2026-10-04 00:16:46,BENIGN,BENIGN,0.9919607,True
RUN_129,2026-10-04 00:16:47,BENIGN,BENIGN,0.9999901,True
RUN_129,2026-10-04 00:16:48,BENIGN,BENIGN,0.9999993,True
RUN_129,2026-10-04 00:16:49,BENIGN,BENIGN,0.9999993,True
RUN_129,2026-10-04 00:16:50,BENIGN,BENIGN,0.99999917,True
RUN_129,2026-10-04 00:16:51,BENIGN,BENIGN,0.9999999,True
RUN_129,2026-10-04 00:16:52,BENIGN,BENIGN,0.9999995,True
RUN_129,2026-10-04 00:16:53,BENIGN,BENIGN,0.9999995,True
RUN_129,2026-10-04 00:16:54,BENIGN,BENIGN,0.9999999,True
RUN_129,2026-10-04 00:16:55,BENIGN,BENIGN,1.0,True
RUN_129,2026-10-04 00:16:56,BENIGN,BENIGN,0.99999976,True
RUN_129,2026-10-04 00:16:57,BENIGN,BENIGN,0.9999999,True
RUN_129,2026-10-04 00:16:58,BENIGN,BENIGN,0.99999917,True
RUN_129,2026-10-04 00:16:59,BENIGN,BENIGN,0.9999994,True
RUN_129,2026-10-04 00:17:00,BENIGN,BENIGN,0.99999905,True
RUN_129,2026-10-04 00:17:01,BENIGN,BENIGN,0.9999995,True
RUN_129,2026-10-04 00:17:02,BENIGN,BENIGN,0.99999976,True
RUN_129,2026-10-04 00:17:03,BENIGN,BENIGN,0.99999976,True
RUN_129,2026-10-04 00:17:04,BENIGN,BENIGN,0.9999995,True
RUN_129,2026-10-04 00:17:05,BENIGN,BENIGN,0.99999976,True
RUN_129,2026-10-04 00:17:06,BENIGN,BENIGN,0.99999976,True
RUN_129,2026-10-04 00:17:07,BENIGN,BENIGN,0.99999976,True
RUN_129,2026-10-04 00:17:08,BENIGN,BENIGN,0.9999995,True
RUN_129,2026-10-04 00:17:09,BENIGN,BENIGN,0.9999995,True
RUN_129,2026-10-04 00:17:10,BENIGN,BENIGN,0.99999964,True
RUN_129,2026-10-04 00:17:11,BENIGN,BENIGN,0.99999976,True
RUN_129,2026-10-04 00:17:12,BENIGN,BENIGN,0.99999976,True
RUN_129,2026-10-04 00:17:13,BENIGN,BENIGN,0.9999999,True
RUN_129,2026-10-04 00:17:14,BENIGN,BENIGN,0.9999999,True
RUN_129,2026-10-04 00:17:15,BENIGN,BENIGN,0.9999994,True
RUN_129,2026-10-04 00:17:16,BENIGN,BENIGN,0.99999976,True
RUN_129,2026-10-04 00:17:17,BENIGN,BENIGN,0.9999995,True
RUN_129,2026-10-04 00:17:18,BENIGN,BENIGN,0.99999964,True
RUN_129,2026-10-04 00:17:19,BENIGN,BENIGN,0.99999976,True
RUN_129,2026-10-04 00:17:20,BENIGN,BENIGN,0.99999917,True
RUN_129,2026-10-04 00:17:21,BENIGN,BENIGN,0.99999905,True
RUN_129,2026-10-04 00:17:22,BENIGN,BENIGN,0.99999964,True
RUN_129,2026-10-04 00:17:23,BENIGN,BENIGN,0.9999999,True
RUN_129,2026-10-04 00:17:24,BENIGN,BENIGN,0.9999999,True
RUN_129,2026-10-04 00:17:25,BENIGN,BENIGN,0.9999999,True
RUN_129,2026-10-04 00:17:26,BENIGN,BENIGN,0.9999999,True
RUN_129,2026-10-04 00:17:27,BENIGN,BENIGN,0.99999964,True
RUN_129,2026-10-04 00:17:28,BENIGN,BENIGN,0.99999964,True
RUN_129,2026-10-04 00:17:29,BENIGN,BENIGN,0.9999999,True
RUN_129,2026-10-04 00:17:30,BENIGN,BENIGN,0.9999908,True
RUN_129,2026-10-04 00:17:31,BENIGN,BENIGN,0.99962854,True
RUN_129,2026-10-04 00:17:32,BENIGN,BENIGN,0.86580807,True
RUN_129,2026-10-04 00:17:33,BENIGN,BENIGN,0.6335702,True
RUN_129,2026-10-04 00:17:34,BENIGN,BENIGN,0.9999995,True
RUN_129,2026-10-04 00:17:35,BENIGN,BENIGN,0.9999999,True
RUN_129,2026-10-04 00:17:36,BENIGN,BENIGN,0.99999976,True
RUN_129,2026-10-04 00:17:37,BENIGN,BENIGN,0.9999999,True
RUN_129,2026-10-04 00:17:38,BENIGN,BENIGN,0.99999964,True
RUN_129,2026-10-04 00:17:39,BENIGN,BENIGN,0.9999994,True
RUN_129,2026-10-04 00:17:40,BENIGN,BENIGN,0.9990164,True
RUN_129,2026-10-04 00:17:41,BENIGN,BENIGN,0.9999963,True
RUN_129,2026-10-04 00:17:42,BENIGN,BENIGN,0.9999999,True
RUN_129,2026-10-04 00:17:43,BENIGN,BENIGN,0.9999999,True
RUN_129,2026-10-04 00:17:44,BENIGN,BENIGN,0.99999976,True
RUN_129,2026-10-04 00:17:45,BENIGN,BENIGN,0.9999963,True
RUN_129,2026-10-04 00:17:46,BENIGN,BENIGN,0.99999654,True
RUN_129,2026-10-04 00:17:47,BENIGN,BENIGN,0.99999905,True
RUN_129,2026-10-04 00:17:48,BENIGN,BENIGN,0.9999994,True
RUN_129,2026-10-04 00:17:49,BENIGN,BENIGN,0.9999999,True
RUN_129,2026-10-04 00:17:50,BENIGN,BENIGN,0.99999964,True
RUN_129,2026-10-04 00:17:51,BENIGN,BENIGN,0.9999995,True
RUN_129,2026-10-04 00:17:52,BENIGN,BENIGN,0.99999964,True
RUN_129,2026-10-04 00:17:53,BENIGN,BENIGN,0.99999976,True
RUN_129,2026-10-04 00:17:54,BENIGN,BENIGN,0.9999999,True
RUN_129,2026-10-04 00:17:55,BENIGN,BENIGN,0.9999999,True
RUN_129,2026-10-04 00:17:56,BENIGN,BENIGN,0.9999999,True
RUN_129,2026-10-04 00:17:57,BENIGN,BENIGN,0.9999999,True
RUN_129,2026-10-04 00:17:58,BENIGN,BENIGN,0.9999999,True
RUN_129,2026-10-04 00:17:59,BENIGN,BENIGN,0.99999976,True
RUN_132,2026-10-04 00:22:04,UDP_FLOOD,UDP_FLOOD,0.9999969,True
RUN_132,2026-10-04 00:22:05,UDP_FLOOD,UDP_FLOOD,0.9999969,True
RUN_132,2026-10-04 00:22:06,UDP_FLOOD,UDP_FLOOD,0.9999962,True
RUN_132,2026-10-04 00:22:07,UDP_FLOOD,UDP_FLOOD,0.9999969,True
RUN_132,2026-10-04 00:22:08,UDP_FLOOD,UDP_FLOOD,0.999997,True
RUN_132,2026-10-04 00:22:09,UDP_FLOOD,UDP_FLOOD,0.9999969,True
RUN_132,2026-10-04 00:22:10,UDP_FLOOD,UDP_FLOOD,0.99999666,True
RUN_132,2026-10-04 00:22:11,UDP_FLOOD,UDP_FLOOD,0.9999974,True
RUN_132,2026-10-04 00:22:12,UDP_FLOOD,UDP_FLOOD,0.9999969,True
RUN_132,2026-10-04 00:22:13,UDP_FLOOD,UDP_FLOOD,0.99999666,True
RUN_132,2026-10-04 00:22:14,UDP_FLOOD,UDP_FLOOD,0.99999714,True
RUN_132,2026-10-04 00:22:15,UDP_FLOOD,UDP_FLOOD,0.9999974,True
RUN_132,2026-10-04 00:22:16,UDP_FLOOD,UDP_FLOOD,0.999997,True
RUN_132,2026-10-04 00:22:17,UDP_FLOOD,UDP_FLOOD,0.9999975,True
RUN_132,2026-10-04 00:22:18,UDP_FLOOD,UDP_FLOOD,0.9999964,True
RUN_132,2026-10-04 00:22:19,UDP_FLOOD,UDP_FLOOD,0.9999963,True
RUN_132,2026-10-04 00:22:20,UDP_FLOOD,UDP_FLOOD,0.99999666,True
RUN_132,2026-10-04 00:22:21,UDP_FLOOD,UDP_FLOOD,0.99999607,True
RUN_132,2026-10-04 00:22:22,UDP_FLOOD,UDP_FLOOD,0.99999607,True
RUN_132,2026-10-04 00:22:23,UDP_FLOOD,UDP_FLOOD,0.99999714,True
RUN_132,2026-10-04 00:22:24,UDP_FLOOD,UDP_FLOOD,0.999997,True
RUN_132,2026-10-04 00:22:25,UDP_FLOOD,UDP_FLOOD,0.999997,True
RUN_132,2026-10-04 00:22:26,UDP_FLOOD,UDP_FLOOD,0.99999726,True
RUN_132,2026-10-04 00:22:27,UDP_FLOOD,UDP_FLOOD,0.99999785,True
RUN_132,2026-10-04 00:22:28,UDP_FLOOD,UDP_FLOOD,0.99999785,True
RUN_132,2026-10-04 00:22:29,UDP_FLOOD,UDP_FLOOD,0.99999654,True
RUN_132,2026-10-04 00:22:30,UDP_FLOOD,UDP_FLOOD,0.99996537,True
RUN_132,2026-10-04 00:22:31,UDP_FLOOD,UDP_FLOOD,0.99997884,True
RUN_132,2026-10-04 00:22:32,UDP_FLOOD,UDP_FLOOD,0.9999896,True
RUN_132,2026-10-04 00:22:33,UDP_FLOOD,UDP_FLOOD,0.9999594,True
RUN_132,2026-10-04 00:22:34,UDP_FLOOD,UDP_FLOOD,0.9999912,True
RUN_132,2026-10-04 00:22:35,UDP_FLOOD,UDP_FLOOD,0.99999666,True
RUN_132,2026-10-04 00:22:36,UDP_FLOOD,UDP_FLOOD,0.9999975,True
RUN_132,2026-10-04 00:22:37,UDP_FLOOD,UDP_FLOOD,0.9999982,True
RUN_132,2026-10-04 00:22:38,UDP_FLOOD,UDP_FLOOD,0.99999785,True
RUN_132,2026-10-04 00:22:39,UDP_FLOOD,UDP_FLOOD,0.9999976,True
RUN_132,2026-10-04 00:22:40,UDP_FLOOD,UDP_FLOOD,0.99999845,True
RUN_132,2026-10-04 00:22:41,UDP_FLOOD,UDP_FLOOD,0.99999857,True
RUN_132,2026-10-04 00:22:42,UDP_FLOOD,UDP_FLOOD,0.999998,True
RUN_132,2026-10-04 00:22:43,UDP_FLOOD,UDP_FLOOD,0.9999981,True
RUN_132,2026-10-04 00:22:44,UDP_FLOOD,UDP_FLOOD,0.99999595,True
RUN_132,2026-10-04 00:22:45,UDP_FLOOD,UDP_FLOOD,0.9999968,True
RUN_132,2026-10-04 00:22:46,UDP_FLOOD,UDP_FLOOD,0.99999774,True
RUN_132,2026-10-04 00:22:47,UDP_FLOOD,UDP_FLOOD,0.99999833,True
RUN_132,2026-10-04 00:22:48,UDP_FLOOD,UDP_FLOOD,0.9999982,True
RUN_132,2026-10-04 00:22:49,UDP_FLOOD,UDP_FLOOD,0.999997,True
RUN_132,2026-10-04 00:22:50,UDP_FLOOD,UDP_FLOOD,0.9999975,True
RUN_132,2026-10-04 00:22:51,UDP_FLOOD,UDP_FLOOD,0.9999962,True
RUN_132,2026-10-04 00:22:52,UDP_FLOOD,UDP_FLOOD,0.99999714,True
RUN_132,2026-10-04 00:22:53,UDP_FLOOD,UDP_FLOOD,0.99999714,True
RUN_132,2026-10-04 00:22:54,UDP_FLOOD,UDP_FLOOD,0.99999785,True
RUN_132,2026-10-04 00:22:55,UDP_FLOOD,UDP_FLOOD,0.99988997,True
RUN_132,2026-10-04 00:22:56,UDP_FLOOD,UDP_FLOOD,0.9999902,True
RUN_132,2026-10-04 00:22:57,UDP_FLOOD,UDP_FLOOD,0.9999974,True
RUN_132,2026-10-04 00:22:58,UDP_FLOOD,UDP_FLOOD,0.99999714,True
RUN_132,2026-10-04 00:22:59,UDP_FLOOD,UDP_FLOOD,0.99999666,True
RUN_132,2026-10-04 00:23:00,UDP_FLOOD,UDP_FLOOD,0.9999958,True
RUN_132,2026-10-04 00:23:01,UDP_FLOOD,UDP_FLOOD,0.9999919,True
RUN_132,2026-10-04 00:23:02,UDP_FLOOD,UDP_FLOOD,0.999997,True
RUN_132,2026-10-04 00:23:03,UDP_FLOOD,UDP_FLOOD,0.999997,True
RUN_132,2026-10-04 00:23:04,UDP_FLOOD,UDP_FLOOD,0.9999969,True
RUN_132,2026-10-04 00:23:05,UDP_FLOOD,UDP_FLOOD,0.9999968,True
RUN_132,2026-10-04 00:23:06,UDP_FLOOD,UDP_FLOOD,0.9999974,True
RUN_132,2026-10-04 00:23:07,UDP_FLOOD,UDP_FLOOD,0.9999981,True
RUN_132,2026-10-04 00:23:08,UDP_FLOOD,UDP_FLOOD,0.999997,True
RUN_132,2026-10-04 00:23:09,UDP_FLOOD,UDP_FLOOD,0.9999932,True
RUN_132,2026-10-04 00:23:10,UDP_FLOOD,UDP_FLOOD,0.9999963,True
RUN_132,2026-10-04 00:23:11,UDP_FLOOD,UDP_FLOOD,0.9999863,True
RUN_132,2026-10-04 00:23:12,UDP_FLOOD,UDP_FLOOD,0.99997026,True
RUN_132,2026-10-04 00:23:13,UDP_FLOOD,UDP_FLOOD,0.9999939,True
RUN_132,2026-10-04 00:23:14,UDP_FLOOD,UDP_FLOOD,0.99996823,True
RUN_132,2026-10-04 00:23:15,UDP_FLOOD,UDP_FLOOD,0.9999918,True
RUN_132,2026-10-04 00:23:16,UDP_FLOOD,UDP_FLOOD,0.9999766,True
RUN_132,2026-10-04 00:23:17,UDP_FLOOD,UDP_FLOOD,0.99998546,True
RUN_132,2026-10-04 00:23:18,UDP_FLOOD,UDP_FLOOD,0.9999843,True
RUN_132,2026-10-04 00:23:19,UDP_FLOOD,UDP_FLOOD,0.9999957,True
RUN_132,2026-10-04 00:23:20,UDP_FLOOD,UDP_FLOOD,0.99999154,True
RUN_132,2026-10-04 00:23:21,UDP_FLOOD,UDP_FLOOD,0.99999547,True
RUN_132,2026-10-04 00:23:22,UDP_FLOOD,UDP_FLOOD,0.9999975,True
RUN_132,2026-10-04 00:23:23,UDP_FLOOD,UDP_FLOOD,0.9999931,True
RUN_132,2026-10-04 00:23:24,UDP_FLOOD,UDP_FLOOD,0.99999475,True
RUN_132,2026-10-04 00:23:25,UDP_FLOOD,UDP_FLOOD,0.9999982,True
RUN_132,2026-10-04 00:23:26,UDP_FLOOD,UDP_FLOOD,0.99999523,True
RUN_132,2026-10-04 00:23:27,UDP_FLOOD,UDP_FLOOD,0.9999932,True
RUN_132,2026-10-04 00:23:28,UDP_FLOOD,UDP_FLOOD,0.9999932,True
RUN_132,2026-10-04 00:23:29,UDP_FLOOD,UDP_FLOOD,0.9999906,True
RUN_132,2026-10-04 00:23:30,UDP_FLOOD,UDP_FLOOD,0.9999975,True
RUN_132,2026-10-04 00:23:31,UDP_FLOOD,UDP_FLOOD,0.99999535,True
RUN_132,2026-10-04 00:23:32,UDP_FLOOD,UDP_FLOOD,0.99999535,True
RUN_132,2026-10-04 00:23:33,UDP_FLOOD,UDP_FLOOD,0.9999901,True
RUN_132,2026-10-04 00:23:34,UDP_FLOOD,UDP_FLOOD,0.99999654,True
RUN_132,2026-10-04 00:23:35,UDP_FLOOD,UDP_FLOOD,0.99999595,True
RUN_132,2026-10-04 00:23:36,UDP_FLOOD,UDP_FLOOD,0.99998796,True
RUN_132,2026-10-04 00:23:37,UDP_FLOOD,UDP_FLOOD,0.99998736,True
RUN_132,2026-10-04 00:23:38,UDP_FLOOD,UDP_FLOOD,0.9999869,True
RUN_132,2026-10-04 00:23:39,UDP_FLOOD,UDP_FLOOD,0.99995524,True
RUN_132,2026-10-04 00:23:40,UDP_FLOOD,UDP_FLOOD,0.99998015,True
RUN_132,2026-10-04 00:23:41,UDP_FLOOD,UDP_FLOOD,0.99994934,True
RUN_132,2026-10-04 00:23:42,UDP_FLOOD,UDP_FLOOD,0.99946105,True
RUN_132,2026-10-04 00:23:43,UDP_FLOOD,UDP_FLOOD,0.99959713,True
RUN_132,2026-10-04 00:23:44,UDP_FLOOD,UDP_FLOOD,0.9999536,True
RUN_132,2026-10-04 00:23:45,UDP_FLOOD,UDP_FLOOD,0.9999023,True
RUN_132,2026-10-04 00:23:46,UDP_FLOOD,UDP_FLOOD,0.999983,True
RUN_132,2026-10-04 00:23:47,UDP_FLOOD,UDP_FLOOD,0.99999213,True
RUN_132,2026-10-04 00:23:48,UDP_FLOOD,UDP_FLOOD,0.99999714,True
RUN_132,2026-10-04 00:23:49,UDP_FLOOD,UDP_FLOOD,0.9999982,True
RUN_132,2026-10-04 00:23:50,UDP_FLOOD,UDP_FLOOD,0.99999774,True
RUN_132,2026-10-04 00:23:51,UDP_FLOOD,UDP_FLOOD,0.9999974,True
RUN_132,2026-10-04 00:23:52,UDP_FLOOD,UDP_FLOOD,0.9999974,True
RUN_132,2026-10-04 00:23:53,UDP_FLOOD,UDP_FLOOD,0.9999974,True
RUN_132,2026-10-04 00:23:54,UDP_FLOOD,UDP_FLOOD,0.9999969,True
RUN_132,2026-10-04 00:23:55,UDP_FLOOD,UDP_FLOOD,0.99999666,True
RUN_132,2026-10-04 00:23:56,UDP_FLOOD,UDP_FLOOD,0.9999969,True
RUN_132,2026-10-04 00:23:57,UDP_FLOOD,UDP_FLOOD,0.9999963,True
RUN_132,2026-10-04 00:23:58,UDP_FLOOD,UDP_FLOOD,0.99999464,True
RUN_132,2026-10-04 00:23:59,UDP_FLOOD,UDP_FLOOD,0.9999943,True
RUN_133,2026-10-04 00:24:04,BENIGN,BENIGN,0.9999995,True
RUN_133,2026-10-04 00:24:05,BENIGN,BENIGN,0.99999905,True
RUN_133,2026-10-04 00:24:06,BENIGN,BENIGN,0.9999994,True
RUN_133,2026-10-04 00:24:07,BENIGN,BENIGN,0.9999981,True
RUN_133,2026-10-04 00:24:08,BENIGN,BENIGN,0.99999976,True
RUN_133,2026-10-04 00:24:09,BENIGN,BENIGN,0.9999999,True
RUN_133,2026-10-04 00:24:10,BENIGN,BENIGN,0.99999976,True
RUN_133,2026-10-04 00:24:11,BENIGN,BENIGN,0.99999976,True
RUN_133,2026-10-04 00:24:12,BENIGN,BENIGN,0.99999964,True
RUN_133,2026-10-04 00:24:13,BENIGN,BENIGN,0.9999995,True
RUN_133,2026-10-04 00:24:14,BENIGN,BENIGN,0.99999976,True
RUN_133,2026-10-04 00:24:15,BENIGN,BENIGN,0.99999917,True
RUN_133,2026-10-04 00:24:16,BENIGN,BENIGN,0.99999964,True
RUN_133,2026-10-04 00:24:17,BENIGN,BENIGN,0.99999976,True
RUN_133,2026-10-04 00:24:18,BENIGN,BENIGN,0.9999999,True
RUN_133,2026-10-04 00:24:19,BENIGN,BENIGN,0.99999976,True
RUN_133,2026-10-04 00:24:20,BENIGN,BENIGN,0.9999999,True
RUN_133,2026-10-04 00:24:21,BENIGN,BENIGN,0.9999999,True
RUN_133,2026-10-04 00:24:22,BENIGN,BENIGN,0.9999999,True
RUN_133,2026-10-04 00:24:23,BENIGN,BENIGN,0.9999999,True
RUN_133,2026-10-04 00:24:24,BENIGN,BENIGN,0.9999999,True
RUN_133,2026-10-04 00:24:25,BENIGN,BENIGN,0.9999999,True
RUN_133,2026-10-04 00:24:26,BENIGN,BENIGN,0.9999999,True
RUN_133,2026-10-04 00:24:27,BENIGN,BENIGN,0.9999999,True
RUN_133,2026-10-04 00:24:28,BENIGN,BENIGN,0.99999976,True
RUN_133,2026-10-04 00:24:29,BENIGN,BENIGN,0.9999999,True
RUN_133,2026-10-04 00:24:30,BENIGN,BENIGN,0.9999995,True
RUN_133,2026-10-04 00:24:31,BENIGN,BENIGN,0.9999995,True
RUN_133,2026-10-04 00:24:32,BENIGN,BENIGN,0.99999976,True
RUN_133,2026-10-04 00:24:33,BENIGN,BENIGN,0.9999995,True
RUN_133,2026-10-04 00:24:34,BENIGN,BENIGN,0.99999976,True
RUN_133,2026-10-04 00:24:35,BENIGN,BENIGN,0.99999964,True
RUN_133,2026-10-04 00:24:36,BENIGN,BENIGN,0.99999976,True
RUN_133,2026-10-04 00:24:37,BENIGN,BENIGN,0.9999968,True
RUN_133,2026-10-04 00:24:38,BENIGN,BENIGN,0.99999917,True
RUN_133,2026-10-04 00:24:39,BENIGN,BENIGN,0.9999975,True
RUN_133,2026-10-04 00:24:40,BENIGN,BENIGN,0.9999938,True
RUN_133,2026-10-04 00:24:41,BENIGN,BENIGN,0.9999995,True
RUN_133,2026-10-04 00:24:42,BENIGN,BENIGN,0.99999976,True
RUN_133,2026-10-04 00:24:43,BENIGN,BENIGN,0.99999964,True
RUN_133,2026-10-04 00:24:44,BENIGN,BENIGN,0.99999976,True
RUN_133,2026-10-04 00:24:45,BENIGN,BENIGN,0.99999857,True
RUN_133,2026-10-04 00:24:46,BENIGN,BENIGN,0.99999905,True
RUN_133,2026-10-04 00:24:47,BENIGN,BENIGN,0.9999999,True
RUN_133,2026-10-04 00:24:48,BENIGN,BENIGN,0.99999976,True
RUN_133,2026-10-04 00:24:49,BENIGN,BENIGN,0.9999999,True
RUN_133,2026-10-04 00:24:50,BENIGN,BENIGN,0.9999999,True
RUN_133,2026-10-04 00:24:51,BENIGN,BENIGN,0.9999999,True
RUN_133,2026-10-04 00:24:52,BENIGN,BENIGN,0.9999999,True
RUN_133,2026-10-04 00:24:53,BENIGN,BENIGN,0.99999964,True
RUN_133,2026-10-04 00:24:54,BENIGN,BENIGN,0.9999999,True
RUN_133,2026-10-04 00:24:55,BENIGN,BENIGN,0.99999976,True
RUN_133,2026-10-04 00:24:56,BENIGN,BENIGN,0.99999976,True
RUN_133,2026-10-04 00:24:57,BENIGN,BENIGN,0.99999976,True
RUN_133,2026-10-04 00:24:58,BENIGN,BENIGN,0.99999976,True
RUN_133,2026-10-04 00:24:59,BENIGN,BENIGN,0.99999976,True
RUN_133,2026-10-04 00:25:00,BENIGN,BENIGN,0.99999964,True
RUN_133,2026-10-04 00:25:01,BENIGN,BENIGN,0.99999964,True
RUN_133,2026-10-04 00:25:02,BENIGN,BENIGN,0.9999999,True
RUN_133,2026-10-04 00:25:03,BENIGN,BENIGN,0.99999976,True
RUN_133,2026-10-04 00:25:04,BENIGN,BENIGN,0.99999976,True
RUN_133,2026-10-04 00:25:05,BENIGN,BENIGN,0.9999999,True
RUN_133,2026-10-04 00:25:06,BENIGN,BENIGN,0.99999964,True
RUN_133,2026-10-04 00:25:07,BENIGN,BENIGN,0.99999964,True
RUN_133,2026-10-04 00:25:08,BENIGN,BENIGN,0.9999999,True
RUN_133,2026-10-04 00:25:09,BENIGN,BENIGN,0.99999976,True
RUN_133,2026-10-04 00:25:10,BENIGN,BENIGN,0.9999999,True
RUN_133,2026-10-04 00:25:11,BENIGN,BENIGN,0.9999995,True
RUN_133,2026-10-04 00:25:12,BENIGN,BENIGN,0.9999999,True
RUN_133,2026-10-04 00:25:13,BENIGN,BENIGN,0.9999999,True
RUN_133,2026-10-04 00:25:14,BENIGN,BENIGN,0.99999976,True
RUN_133,2026-10-04 00:25:15,BENIGN,BENIGN,0.99999964,True
RUN_133,2026-10-04 00:25:16,BENIGN,BENIGN,0.99999976,True
RUN_133,2026-10-04 00:25:17,BENIGN,BENIGN,0.99999976,True
RUN_133,2026-10-04 00:25:18,BENIGN,BENIGN,0.99999964,True
RUN_133,2026-10-04 00:25:19,BENIGN,BENIGN,0.99999917,True
RUN_133,2026-10-04 00:25:20,BENIGN,BENIGN,0.99999845,True
RUN_133,2026-10-04 00:25:21,BENIGN,BENIGN,0.9999994,True
RUN_133,2026-10-04 00:25:22,BENIGN,BENIGN,0.9999995,True
RUN_133,2026-10-04 00:25:23,BENIGN,BENIGN,0.9999995,True
RUN_133,2026-10-04 00:25:24,BENIGN,BENIGN,0.9999989,True
RUN_133,2026-10-04 00:25:25,BENIGN,BENIGN,0.99999964,True
RUN_133,2026-10-04 00:25:26,BENIGN,BENIGN,0.9999999,True
RUN_133,2026-10-04 00:25:27,BENIGN,BENIGN,0.9999999,True
RUN_133,2026-10-04 00:25:28,BENIGN,BENIGN,0.99999976,True
RUN_133,2026-10-04 00:25:29,BENIGN,BENIGN,0.99999964,True
RUN_133,2026-10-04 00:25:30,BENIGN,BENIGN,0.99999774,True
RUN_133,2026-10-04 00:25:31,BENIGN,BENIGN,0.9999989,True
RUN_133,2026-10-04 00:25:32,BENIGN,BENIGN,0.999998,True
RUN_133,2026-10-04 00:25:33,BENIGN,BENIGN,0.9999995,True
RUN_133,2026-10-04 00:25:34,BENIGN,BENIGN,0.99999976,True
RUN_133,2026-10-04 00:25:35,BENIGN,BENIGN,0.99999976,True
RUN_133,2026-10-04 00:25:36,BENIGN,BENIGN,0.9999999,True
RUN_133,2026-10-04 00:25:37,BENIGN,BENIGN,0.9999994,True
RUN_133,2026-10-04 00:25:38,BENIGN,BENIGN,0.9999993,True
RUN_133,2026-10-04 00:25:39,BENIGN,BENIGN,0.9999994,True
RUN_133,2026-10-04 00:25:40,BENIGN,BENIGN,0.9999995,True
RUN_133,2026-10-04 00:25:41,BENIGN,BENIGN,0.99999964,True
RUN_133,2026-10-04 00:25:42,BENIGN,BENIGN,0.99999976,True
RUN_133,2026-10-04 00:25:43,BENIGN,BENIGN,0.9999999,True
RUN_133,2026-10-04 00:25:44,BENIGN,BENIGN,0.9999999,True
RUN_133,2026-10-04 00:25:45,BENIGN,BENIGN,0.99999976,True
RUN_133,2026-10-04 00:25:46,BENIGN,BENIGN,0.9999999,True
RUN_133,2026-10-04 00:25:47,BENIGN,BENIGN,0.99999976,True
RUN_133,2026-10-04 00:25:48,BENIGN,BENIGN,0.99999964,True
RUN_133,2026-10-04 00:25:49,BENIGN,BENIGN,0.99999964,True
RUN_133,2026-10-04 00:25:50,BENIGN,BENIGN,0.9999995,True
RUN_133,2026-10-04 00:25:51,BENIGN,BENIGN,0.9999999,True
RUN_133,2026-10-04 00:25:52,BENIGN,BENIGN,0.99999976,True
RUN_133,2026-10-04 00:25:53,BENIGN,BENIGN,0.99999976,True
RUN_133,2026-10-04 00:25:54,BENIGN,BENIGN,0.9999999,True
RUN_133,2026-10-04 00:25:55,BENIGN,BENIGN,0.9994439,True
RUN_133,2026-10-04 00:25:56,BENIGN,BENIGN,0.99999106,True
RUN_133,2026-10-04 00:25:57,BENIGN,BENIGN,0.99984163,True
RUN_133,2026-10-04 00:25:58,BENIGN,BENIGN,0.99999774,True
RUN_133,2026-10-04 00:25:59,BENIGN,BENIGN,0.9999995,True
RUN_142,2026-10-04 00:42:04,BENIGN,BENIGN,0.99994624,True
RUN_142,2026-10-04 00:42:05,BENIGN,BENIGN,0.9999989,True
RUN_142,2026-10-04 00:42:06,BENIGN,BENIGN,0.99999976,True
RUN_142,2026-10-04 00:42:07,BENIGN,BENIGN,0.99999964,True
RUN_142,2026-10-04 00:42:08,BENIGN,BENIGN,0.9999995,True
RUN_142,2026-10-04 00:42:09,BENIGN,BENIGN,0.9999993,True
RUN_142,2026-10-04 00:42:10,BENIGN,BENIGN,0.9999993,True
RUN_142,2026-10-04 00:42:11,BENIGN,BENIGN,0.9999994,True
RUN_142,2026-10-04 00:42:12,BENIGN,BENIGN,0.9999995,True
RUN_142,2026-10-04 00:42:13,BENIGN,BENIGN,0.9999988,True
RUN_142,2026-10-04 00:42:14,BENIGN,BENIGN,0.99999917,True
RUN_142,2026-10-04 00:42:15,BENIGN,BENIGN,0.99999845,True
RUN_142,2026-10-04 00:42:16,BENIGN,BENIGN,0.999997,True
RUN_142,2026-10-04 00:42:17,BENIGN,BENIGN,0.9999963,True
RUN_142,2026-10-04 00:42:18,BENIGN,BENIGN,0.9999993,True
RUN_142,2026-10-04 00:42:19,BENIGN,BENIGN,0.99999976,True
RUN_142,2026-10-04 00:42:20,BENIGN,BENIGN,0.99999976,True
RUN_142,2026-10-04 00:42:21,BENIGN,BENIGN,0.99999976,True
RUN_142,2026-10-04 00:42:22,BENIGN,BENIGN,0.9999999,True
RUN_142,2026-10-04 00:42:23,BENIGN,BENIGN,0.99999964,True
RUN_142,2026-10-04 00:42:24,BENIGN,BENIGN,0.9999999,True
RUN_142,2026-10-04 00:42:25,BENIGN,BENIGN,0.9999999,True
RUN_142,2026-10-04 00:42:26,BENIGN,BENIGN,0.9999999,True
RUN_142,2026-10-04 00:42:27,BENIGN,BENIGN,0.9999999,True
RUN_142,2026-10-04 00:42:28,BENIGN,BENIGN,0.99999964,True
RUN_142,2026-10-04 00:42:29,BENIGN,BENIGN,0.9999999,True
RUN_142,2026-10-04 00:42:30,BENIGN,BENIGN,0.99999976,True
RUN_142,2026-10-04 00:42:31,BENIGN,BENIGN,0.99999976,True
RUN_142,2026-10-04 00:42:32,BENIGN,BENIGN,0.99999976,True
RUN_142,2026-10-04 00:42:33,BENIGN,BENIGN,0.99999976,True
RUN_142,2026-10-04 00:42:34,BENIGN,BENIGN,0.99999976,True
RUN_142,2026-10-04 00:42:35,BENIGN,BENIGN,0.99999774,True
RUN_142,2026-10-04 00:42:36,BENIGN,BENIGN,0.99999774,True
RUN_142,2026-10-04 00:42:37,BENIGN,BENIGN,0.9999987,True
RUN_142,2026-10-04 00:42:38,BENIGN,BENIGN,0.99999976,True
RUN_142,2026-10-04 00:42:39,BENIGN,BENIGN,0.99999964,True
RUN_142,2026-10-04 00:42:40,BENIGN,BENIGN,0.9999999,True
RUN_142,2026-10-04 00:42:41,BENIGN,BENIGN,0.9999999,True
RUN_142,2026-10-04 00:42:42,BENIGN,BENIGN,0.9999995,True
RUN_142,2026-10-04 00:42:43,BENIGN,BENIGN,0.99999964,True
RUN_142,2026-10-04 00:42:44,BENIGN,BENIGN,0.9999999,True
RUN_142,2026-10-04 00:42:45,BENIGN,BENIGN,0.9999999,True
RUN_142,2026-10-04 00:42:46,BENIGN,BENIGN,0.9999999,True
RUN_142,2026-10-04 00:42:47,BENIGN,BENIGN,0.99999905,True
RUN_142,2026-10-04 00:42:48,BENIGN,BENIGN,0.9999988,True
RUN_142,2026-10-04 00:42:49,BENIGN,BENIGN,0.9999981,True
RUN_142,2026-10-04 00:42:50,BENIGN,BENIGN,0.9999993,True
RUN_142,2026-10-04 00:42:51,BENIGN,BENIGN,0.9999995,True
RUN_142,2026-10-04 00:42:52,BENIGN,BENIGN,0.99999976,True
RUN_142,2026-10-04 00:42:53,BENIGN,BENIGN,0.99999964,True
RUN_142,2026-10-04 00:42:54,BENIGN,BENIGN,0.99999976,True
RUN_142,2026-10-04 00:42:55,BENIGN,BENIGN,0.9999925,True
RUN_142,2026-10-04 00:42:56,BENIGN,BENIGN,0.9999607,True
RUN_142,2026-10-04 00:42:57,BENIGN,BENIGN,0.99999976,True
RUN_142,2026-10-04 00:42:58,BENIGN,BENIGN,0.99999976,True
RUN_142,2026-10-04 00:42:59,BENIGN,BENIGN,0.9999993,True
RUN_142,2026-10-04 00:43:00,BENIGN,BENIGN,0.9999835,True
RUN_142,2026-10-04 00:43:01,BENIGN,BENIGN,0.99993575,True
RUN_142,2026-10-04 00:43:02,BENIGN,BENIGN,0.99998605,True
RUN_142,2026-10-04 00:43:03,BENIGN,BENIGN,0.9999774,True
RUN_142,2026-10-04 00:43:04,BENIGN,BENIGN,0.99999726,True
RUN_142,2026-10-04 00:43:05,BENIGN,BENIGN,0.9999995,True
RUN_142,2026-10-04 00:43:06,BENIGN,BENIGN,0.99999964,True
RUN_142,2026-10-04 00:43:07,BENIGN,BENIGN,0.99999976,True
RUN_142,2026-10-04 00:43:08,BENIGN,BENIGN,0.99999976,True
RUN_142,2026-10-04 00:43:09,BENIGN,BENIGN,0.99999976,True
RUN_142,2026-10-04 00:43:10,BENIGN,BENIGN,0.99999976,True
RUN_142,2026-10-04 00:43:11,BENIGN,BENIGN,0.99999964,True
RUN_142,2026-10-04 00:43:12,BENIGN,BENIGN,0.99999964,True
RUN_142,2026-10-04 00:43:13,BENIGN,BENIGN,0.9999999,True
RUN_142,2026-10-04 00:43:14,BENIGN,BENIGN,0.9999999,True
RUN_142,2026-10-04 00:43:15,BENIGN,BENIGN,0.9999994,True
RUN_142,2026-10-04 00:43:16,BENIGN,BENIGN,0.99999905,True
RUN_142,2026-10-04 00:43:17,BENIGN,BENIGN,0.99980927,True
RUN_142,2026-10-04 00:43:18,BENIGN,BENIGN,0.99257165,True
RUN_142,2026-10-04 00:43:19,BENIGN,BENIGN,0.99960583,True
RUN_142,2026-10-04 00:43:20,BENIGN,BENIGN,0.9999993,True
RUN_142,2026-10-04 00:43:21,BENIGN,BENIGN,0.99999964,True
RUN_142,2026-10-04 00:43:22,BENIGN,BENIGN,0.9999993,True
RUN_142,2026-10-04 00:43:23,BENIGN,BENIGN,0.99999976,True
RUN_142,2026-10-04 00:43:24,BENIGN,BENIGN,0.9999995,True
RUN_142,2026-10-04 00:43:25,BENIGN,BENIGN,0.99999976,True
RUN_142,2026-10-04 00:43:26,BENIGN,BENIGN,0.99999905,True
RUN_142,2026-10-04 00:43:27,BENIGN,BENIGN,0.99999917,True
RUN_142,2026-10-04 00:43:28,BENIGN,BENIGN,0.99999964,True
RUN_142,2026-10-04 00:43:29,BENIGN,BENIGN,0.99971145,True
RUN_142,2026-10-04 00:43:30,BENIGN,BENIGN,0.99973994,True
RUN_142,2026-10-04 00:43:31,BENIGN,BENIGN,0.9663809,True
RUN_142,2026-10-04 00:43:32,BENIGN,BENIGN,0.9999834,True
RUN_142,2026-10-04 00:43:33,BENIGN,BENIGN,0.99999464,True
RUN_142,2026-10-04 00:43:34,BENIGN,BENIGN,0.99999964,True
RUN_142,2026-10-04 00:43:35,BENIGN,BENIGN,0.9999999,True
RUN_142,2026-10-04 00:43:36,BENIGN,BENIGN,0.9999999,True
RUN_142,2026-10-04 00:43:37,BENIGN,BENIGN,0.9999999,True
RUN_142,2026-10-04 00:43:38,BENIGN,BENIGN,0.9999994,True
RUN_142,2026-10-04 00:43:39,BENIGN,BENIGN,0.9999987,True
RUN_142,2026-10-04 00:43:40,BENIGN,BENIGN,0.9999987,True
RUN_142,2026-10-04 00:43:41,BENIGN,BENIGN,0.99999833,True
RUN_142,2026-10-04 00:43:42,BENIGN,BENIGN,0.99999905,True
RUN_142,2026-10-04 00:43:43,BENIGN,BENIGN,0.9999995,True
RUN_142,2026-10-04 00:43:44,BENIGN,BENIGN,0.99999976,True
RUN_142,2026-10-04 00:43:45,BENIGN,BENIGN,0.99999976,True
RUN_142,2026-10-04 00:43:46,BENIGN,BENIGN,0.9999995,True
RUN_142,2026-10-04 00:43:47,BENIGN,BENIGN,0.99999964,True
RUN_142,2026-10-04 00:43:48,BENIGN,BENIGN,0.99999905,True
RUN_142,2026-10-04 00:43:49,BENIGN,BENIGN,0.9999989,True
RUN_142,2026-10-04 00:43:50,BENIGN,BENIGN,0.9999994,True
RUN_142,2026-10-04 00:43:51,BENIGN,BENIGN,0.99999905,True
RUN_142,2026-10-04 00:43:52,BENIGN,BENIGN,0.99999964,True
RUN_142,2026-10-04 00:43:53,BENIGN,BENIGN,0.99999976,True
RUN_142,2026-10-04 00:43:54,BENIGN,BENIGN,0.99999964,True
RUN_142,2026-10-04 00:43:55,BENIGN,BENIGN,0.9999999,True
RUN_142,2026-10-04 00:43:56,BENIGN,BENIGN,0.99999964,True
RUN_142,2026-10-04 00:43:57,BENIGN,BENIGN,0.9999999,True
RUN_142,2026-10-04 00:43:58,BENIGN,BENIGN,0.99999976,True
RUN_142,2026-10-04 00:43:59,BENIGN,BENIGN,0.9999999,True
RUN_144,2026-10-04 00:46:04,BENIGN,BENIGN,0.99999964,True
RUN_144,2026-10-04 00:46:05,BENIGN,BENIGN,0.9999989,True
RUN_144,2026-10-04 00:46:06,BENIGN,BENIGN,0.99999905,True
RUN_144,2026-10-04 00:46:07,BENIGN,BENIGN,0.99999225,True
RUN_144,2026-10-04 00:46:08,BENIGN,BENIGN,0.9999803,True
RUN_144,2026-10-04 00:46:09,BENIGN,BENIGN,0.999968,True
RUN_144,2026-10-04 00:46:10,BENIGN,BENIGN,0.999951,True
RUN_144,2026-10-04 00:46:11,BENIGN,BENIGN,0.99999917,True
RUN_144,2026-10-04 00:46:12,BENIGN,BENIGN,0.9999976,True
RUN_144,2026-10-04 00:46:13,BENIGN,BENIGN,0.9999976,True
RUN_144,2026-10-04 00:46:14,BENIGN,BENIGN,0.99999905,True
RUN_144,2026-10-04 00:46:15,BENIGN,BENIGN,0.99999964,True
RUN_144,2026-10-04 00:46:16,BENIGN,BENIGN,0.99999964,True
RUN_144,2026-10-04 00:46:17,BENIGN,BENIGN,0.9999999,True
RUN_144,2026-10-04 00:46:18,BENIGN,BENIGN,0.99999976,True
RUN_144,2026-10-04 00:46:19,BENIGN,BENIGN,0.99999976,True
RUN_144,2026-10-04 00:46:20,BENIGN,BENIGN,0.99999964,True
RUN_144,2026-10-04 00:46:21,BENIGN,BENIGN,0.99999964,True
RUN_144,2026-10-04 00:46:22,BENIGN,BENIGN,0.99999964,True
RUN_144,2026-10-04 00:46:23,BENIGN,BENIGN,0.9999995,True
RUN_144,2026-10-04 00:46:24,BENIGN,BENIGN,0.99999964,True
RUN_144,2026-10-04 00:46:25,BENIGN,BENIGN,0.99999905,True
RUN_144,2026-10-04 00:46:26,BENIGN,BENIGN,0.99999964,True
RUN_144,2026-10-04 00:46:27,BENIGN,BENIGN,0.99999964,True
RUN_144,2026-10-04 00:46:28,BENIGN,BENIGN,0.99999964,True
RUN_144,2026-10-04 00:46:29,BENIGN,BENIGN,0.99999964,True
RUN_144,2026-10-04 00:46:30,BENIGN,BENIGN,0.9999995,True
RUN_144,2026-10-04 00:46:31,BENIGN,BENIGN,0.99999976,True
RUN_144,2026-10-04 00:46:32,BENIGN,BENIGN,0.9999999,True
RUN_144,2026-10-04 00:46:33,BENIGN,BENIGN,0.9999999,True
RUN_144,2026-10-04 00:46:34,BENIGN,BENIGN,0.99999964,True
RUN_144,2026-10-04 00:46:35,BENIGN,BENIGN,0.9999989,True
RUN_144,2026-10-04 00:46:36,BENIGN,BENIGN,0.9999896,True
RUN_144,2026-10-04 00:46:37,BENIGN,BENIGN,0.9999981,True
RUN_144,2026-10-04 00:46:38,BENIGN,BENIGN,0.9999987,True
RUN_144,2026-10-04 00:46:39,BENIGN,BENIGN,0.99999857,True
RUN_144,2026-10-04 00:46:40,BENIGN,BENIGN,0.99999785,True
RUN_144,2026-10-04 00:46:41,BENIGN,BENIGN,0.9999976,True
RUN_144,2026-10-04 00:46:42,BENIGN,BENIGN,0.9999957,True
RUN_144,2026-10-04 00:46:43,BENIGN,BENIGN,0.9998966,True
RUN_144,2026-10-04 00:46:44,BENIGN,BENIGN,0.9999274,True
RUN_144,2026-10-04 00:46:45,BENIGN,BENIGN,0.999998,True
RUN_144,2026-10-04 00:46:46,BENIGN,BENIGN,0.9999994,True
RUN_144,2026-10-04 00:46:47,BENIGN,BENIGN,0.99999964,True
RUN_144,2026-10-04 00:46:48,BENIGN,BENIGN,0.99999976,True
RUN_144,2026-10-04 00:46:49,BENIGN,BENIGN,0.99999964,True
RUN_144,2026-10-04 00:46:50,BENIGN,BENIGN,0.99999964,True
RUN_144,2026-10-04 00:46:51,BENIGN,BENIGN,0.99999964,True
RUN_144,2026-10-04 00:46:52,BENIGN,BENIGN,0.99999964,True
RUN_144,2026-10-04 00:46:53,BENIGN,BENIGN,0.9999995,True
RUN_144,2026-10-04 00:46:54,BENIGN,BENIGN,0.9999995,True
RUN_144,2026-10-04 00:46:55,BENIGN,BENIGN,0.99999976,True
RUN_144,2026-10-04 00:46:56,BENIGN,BENIGN,0.99999976,True
RUN_144,2026-10-04 00:46:57,BENIGN,BENIGN,0.99999976,True
RUN_144,2026-10-04 00:46:58,BENIGN,BENIGN,0.99999964,True
RUN_144,2026-10-04 00:46:59,BENIGN,BENIGN,0.9999994,True
RUN_144,2026-10-04 00:47:00,BENIGN,BENIGN,0.9999963,True
RUN_144,2026-10-04 00:47:01,BENIGN,BENIGN,0.99999416,True
RUN_144,2026-10-04 00:47:02,BENIGN,BENIGN,0.9999994,True
RUN_144,2026-10-04 00:47:03,BENIGN,BENIGN,0.9999993,True
RUN_144,2026-10-04 00:47:04,BENIGN,BENIGN,0.99999976,True
RUN_144,2026-10-04 00:47:05,BENIGN,BENIGN,0.99999976,True
RUN_144,2026-10-04 00:47:06,BENIGN,BENIGN,0.99999976,True
RUN_144,2026-10-04 00:47:07,BENIGN,BENIGN,0.99999976,True
RUN_144,2026-10-04 00:47:08,BENIGN,BENIGN,0.9999995,True
RUN_144,2026-10-04 00:47:09,BENIGN,BENIGN,0.9999999,True
RUN_144,2026-10-04 00:47:10,BENIGN,BENIGN,0.9999999,True
RUN_144,2026-10-04 00:47:11,BENIGN,BENIGN,0.9999999,True
RUN_144,2026-10-04 00:47:12,BENIGN,BENIGN,0.9999999,True
RUN_144,2026-10-04 00:47:13,BENIGN,BENIGN,0.9999999,True
RUN_144,2026-10-04 00:47:14,BENIGN,BENIGN,0.9999999,True
RUN_144,2026-10-04 00:47:15,BENIGN,BENIGN,0.99999976,True
RUN_144,2026-10-04 00:47:16,BENIGN,BENIGN,0.99999976,True
RUN_144,2026-10-04 00:47:17,BENIGN,BENIGN,0.9999999,True
RUN_144,2026-10-04 00:47:18,BENIGN,BENIGN,0.9999999,True
RUN_144,2026-10-04 00:47:19,BENIGN,BENIGN,0.9999999,True
RUN_144,2026-10-04 00:47:20,BENIGN,BENIGN,0.99999976,True
RUN_144,2026-10-04 00:47:21,BENIGN,BENIGN,0.9999995,True
RUN_144,2026-10-04 00:47:22,BENIGN,BENIGN,0.99999714,True
RUN_144,2026-10-04 00:47:23,BENIGN,BENIGN,0.9999988,True
RUN_144,2026-10-04 00:47:24,BENIGN,BENIGN,0.9999989,True
RUN_144,2026-10-04 00:47:25,BENIGN,BENIGN,0.99999917,True
RUN_144,2026-10-04 00:47:26,BENIGN,BENIGN,0.9999988,True
RUN_144,2026-10-04 00:47:27,BENIGN,BENIGN,0.9999994,True
RUN_144,2026-10-04 00:47:28,BENIGN,BENIGN,0.99999857,True
RUN_144,2026-10-04 00:47:29,BENIGN,BENIGN,0.99996763,True
RUN_144,2026-10-04 00:47:30,BENIGN,BENIGN,0.9998208,True
RUN_144,2026-10-04 00:47:31,BENIGN,BENIGN,0.99999034,True
RUN_144,2026-10-04 00:47:32,BENIGN,BENIGN,0.99999654,True
RUN_144,2026-10-04 00:47:33,BENIGN,BENIGN,0.99999857,True
RUN_144,2026-10-04 00:47:34,BENIGN,BENIGN,0.999998,True
RUN_144,2026-10-04 00:47:35,BENIGN,BENIGN,0.99999785,True
RUN_144,2026-10-04 00:47:36,BENIGN,BENIGN,0.99998486,True
RUN_144,2026-10-04 00:47:37,BENIGN,BENIGN,0.9999974,True
RUN_144,2026-10-04 00:47:38,BENIGN,BENIGN,0.99999857,True
RUN_144,2026-10-04 00:47:39,BENIGN,BENIGN,0.99999905,True
RUN_144,2026-10-04 00:47:40,BENIGN,BENIGN,0.9999994,True
RUN_144,2026-10-04 00:47:41,BENIGN,BENIGN,0.99999964,True
RUN_144,2026-10-04 00:47:42,BENIGN,BENIGN,0.9999994,True
RUN_144,2026-10-04 00:47:43,BENIGN,BENIGN,0.9999995,True
RUN_144,2026-10-04 00:47:44,BENIGN,BENIGN,0.99999964,True
RUN_144,2026-10-04 00:47:45,BENIGN,BENIGN,0.9999995,True
RUN_144,2026-10-04 00:47:46,BENIGN,BENIGN,0.99999964,True
RUN_144,2026-10-04 00:47:47,BENIGN,BENIGN,0.9999999,True
RUN_144,2026-10-04 00:47:48,BENIGN,BENIGN,0.99999964,True
RUN_144,2026-10-04 00:47:49,BENIGN,BENIGN,0.99999964,True
RUN_144,2026-10-04 00:47:50,BENIGN,BENIGN,0.99999976,True
RUN_144,2026-10-04 00:47:51,BENIGN,BENIGN,0.99999976,True
RUN_144,2026-10-04 00:47:52,BENIGN,BENIGN,0.99999976,True
RUN_144,2026-10-04 00:47:53,BENIGN,BENIGN,0.99999976,True
RUN_144,2026-10-04 00:47:54,BENIGN,BENIGN,0.99999976,True
RUN_144,2026-10-04 00:47:55,BENIGN,BENIGN,0.99999917,True
RUN_144,2026-10-04 00:47:56,BENIGN,BENIGN,0.9999995,True
RUN_144,2026-10-04 00:47:57,BENIGN,BENIGN,0.99999976,True
RUN_144,2026-10-04 00:47:58,BENIGN,BENIGN,0.99999964,True
RUN_144,2026-10-04 00:47:59,BENIGN,BENIGN,0.99999976,True
RUN_146,2026-10-04 00:50:04,BENIGN,BENIGN,0.99999964,True
RUN_146,2026-10-04 00:50:05,BENIGN,BENIGN,0.99999976,True
RUN_146,2026-10-04 00:50:06,BENIGN,BENIGN,0.99999905,True
RUN_146,2026-10-04 00:50:07,BENIGN,BENIGN,0.99999714,True
RUN_146,2026-10-04 00:50:08,BENIGN,BENIGN,0.9999993,True
RUN_146,2026-10-04 00:50:09,BENIGN,BENIGN,0.99999964,True
RUN_146,2026-10-04 00:50:10,BENIGN,BENIGN,0.9999993,True
RUN_146,2026-10-04 00:50:11,BENIGN,BENIGN,0.9999995,True
RUN_146,2026-10-04 00:50:12,BENIGN,BENIGN,0.9999994,True
RUN_146,2026-10-04 00:50:13,BENIGN,BENIGN,0.99999964,True
RUN_146,2026-10-04 00:50:14,BENIGN,BENIGN,0.99999905,True
RUN_146,2026-10-04 00:50:15,BENIGN,BENIGN,0.9999852,True
RUN_146,2026-10-04 00:50:16,BENIGN,BENIGN,0.9999949,True
RUN_146,2026-10-04 00:50:17,BENIGN,BENIGN,0.9999933,True
RUN_146,2026-10-04 00:50:18,BENIGN,BENIGN,0.9999993,True
RUN_146,2026-10-04 00:50:19,BENIGN,BENIGN,0.9999999,True
RUN_146,2026-10-04 00:50:20,BENIGN,BENIGN,0.99999964,True
RUN_146,2026-10-04 00:50:21,BENIGN,BENIGN,0.99999964,True
RUN_146,2026-10-04 00:50:22,BENIGN,BENIGN,1.0,True
RUN_146,2026-10-04 00:50:23,BENIGN,BENIGN,0.9999999,True
RUN_146,2026-10-04 00:50:24,BENIGN,BENIGN,0.9999999,True
RUN_146,2026-10-04 00:50:25,BENIGN,BENIGN,0.99999964,True
RUN_146,2026-10-04 00:50:26,BENIGN,BENIGN,0.99999976,True
RUN_146,2026-10-04 00:50:27,BENIGN,BENIGN,0.9999999,True
RUN_146,2026-10-04 00:50:28,BENIGN,BENIGN,0.9999995,True
RUN_146,2026-10-04 00:50:29,BENIGN,BENIGN,0.9999999,True
RUN_146,2026-10-04 00:50:30,BENIGN,BENIGN,0.9999999,True
RUN_146,2026-10-04 00:50:31,BENIGN,BENIGN,0.9999999,True
RUN_146,2026-10-04 00:50:32,BENIGN,BENIGN,0.9999999,True
RUN_146,2026-10-04 00:50:33,BENIGN,BENIGN,0.9999994,True
RUN_146,2026-10-04 00:50:34,BENIGN,BENIGN,0.9999974,True
RUN_146,2026-10-04 00:50:35,BENIGN,BENIGN,0.9999901,True
RUN_146,2026-10-04 00:50:36,BENIGN,BENIGN,0.99730957,True
RUN_146,2026-10-04 00:50:37,BENIGN,BENIGN,0.99726605,True
RUN_146,2026-10-04 00:50:38,BENIGN,BENIGN,0.99999475,True
RUN_146,2026-10-04 00:50:39,BENIGN,BENIGN,0.99999917,True
RUN_146,2026-10-04 00:50:40,BENIGN,BENIGN,0.99999976,True
RUN_146,2026-10-04 00:50:41,BENIGN,BENIGN,0.99999976,True
RUN_146,2026-10-04 00:50:42,BENIGN,BENIGN,0.9999999,True
RUN_146,2026-10-04 00:50:43,BENIGN,BENIGN,0.99999976,True
RUN_146,2026-10-04 00:50:44,BENIGN,BENIGN,0.9999987,True
RUN_146,2026-10-04 00:50:45,BENIGN,BENIGN,0.99999785,True
RUN_146,2026-10-04 00:50:46,BENIGN,BENIGN,0.92535937,True
RUN_146,2026-10-04 00:50:47,BENIGN,BENIGN,0.99748135,True
RUN_146,2026-10-04 00:50:48,BENIGN,BENIGN,0.97276485,True
RUN_146,2026-10-04 00:50:49,BENIGN,BENIGN,0.99999475,True
RUN_146,2026-10-04 00:50:50,BENIGN,BENIGN,0.99999654,True
RUN_146,2026-10-04 00:50:51,BENIGN,BENIGN,0.99999094,True
RUN_146,2026-10-04 00:50:52,BENIGN,BENIGN,0.99999857,True
RUN_146,2026-10-04 00:50:53,BENIGN,BENIGN,0.99999964,True
RUN_146,2026-10-04 00:50:54,BENIGN,BENIGN,0.99999976,True
RUN_146,2026-10-04 00:50:55,BENIGN,BENIGN,0.99999976,True
RUN_146,2026-10-04 00:50:56,BENIGN,BENIGN,0.9999988,True
RUN_146,2026-10-04 00:50:57,BENIGN,BENIGN,0.99999344,True
RUN_146,2026-10-04 00:50:58,BENIGN,BENIGN,0.99999905,True
RUN_146,2026-10-04 00:50:59,BENIGN,BENIGN,0.999998,True
RUN_146,2026-10-04 00:51:00,BENIGN,BENIGN,0.9999988,True
RUN_146,2026-10-04 00:51:01,BENIGN,BENIGN,0.9999999,True
RUN_146,2026-10-04 00:51:02,BENIGN,BENIGN,0.9999999,True
RUN_146,2026-10-04 00:51:03,BENIGN,BENIGN,1.0,True
RUN_146,2026-10-04 00:51:04,BENIGN,BENIGN,0.99999845,True
RUN_146,2026-10-04 00:51:05,BENIGN,BENIGN,0.99999964,True
RUN_146,2026-10-04 00:51:06,BENIGN,BENIGN,0.9999999,True
RUN_146,2026-10-04 00:51:07,BENIGN,BENIGN,0.9999999,True
RUN_146,2026-10-04 00:51:08,BENIGN,BENIGN,0.99999976,True
RUN_146,2026-10-04 00:51:09,BENIGN,BENIGN,0.9999981,True
RUN_146,2026-10-04 00:51:10,BENIGN,BENIGN,0.99999976,True
RUN_146,2026-10-04 00:51:11,BENIGN,BENIGN,0.9999988,True
RUN_146,2026-10-04 00:51:12,BENIGN,BENIGN,0.9999994,True
RUN_146,2026-10-04 00:51:13,BENIGN,BENIGN,0.9999987,True
RUN_146,2026-10-04 00:51:14,BENIGN,BENIGN,0.9999995,True
RUN_146,2026-10-04 00:51:15,BENIGN,BENIGN,0.99999976,True
RUN_146,2026-10-04 00:51:16,BENIGN,BENIGN,0.9999999,True
RUN_146,2026-10-04 00:51:17,BENIGN,BENIGN,0.9999999,True
RUN_146,2026-10-04 00:51:18,BENIGN,BENIGN,0.9999999,True
RUN_146,2026-10-04 00:51:19,BENIGN,BENIGN,0.9999999,True
RUN_146,2026-10-04 00:51:20,BENIGN,BENIGN,0.9999999,True
RUN_146,2026-10-04 00:51:21,BENIGN,BENIGN,0.9999999,True
RUN_146,2026-10-04 00:51:22,BENIGN,BENIGN,0.9999999,True
RUN_146,2026-10-04 00:51:23,BENIGN,BENIGN,0.99999964,True
RUN_146,2026-10-04 00:51:24,BENIGN,BENIGN,0.99999964,True
RUN_146,2026-10-04 00:51:25,BENIGN,BENIGN,0.99999964,True
RUN_146,2026-10-04 00:51:26,BENIGN,BENIGN,0.99999964,True
RUN_146,2026-10-04 00:51:27,BENIGN,BENIGN,0.9999995,True
RUN_146,2026-10-04 00:51:28,BENIGN,BENIGN,0.99999964,True
RUN_146,2026-10-04 00:51:29,BENIGN,BENIGN,0.99999976,True
RUN_146,2026-10-04 00:51:30,BENIGN,BENIGN,0.99999976,True
RUN_146,2026-10-04 00:51:31,BENIGN,BENIGN,0.99999964,True
RUN_146,2026-10-04 00:51:32,BENIGN,BENIGN,0.99999964,True
RUN_146,2026-10-04 00:51:33,BENIGN,BENIGN,0.99999964,True
RUN_146,2026-10-04 00:51:34,BENIGN,BENIGN,0.99999976,True
RUN_146,2026-10-04 00:51:35,BENIGN,BENIGN,0.99999857,True
RUN_146,2026-10-04 00:51:36,BENIGN,BENIGN,0.99999714,True
RUN_146,2026-10-04 00:51:37,BENIGN,BENIGN,0.9999829,True
RUN_146,2026-10-04 00:51:38,BENIGN,BENIGN,0.99999774,True
RUN_146,2026-10-04 00:51:39,BENIGN,BENIGN,0.9999889,True
RUN_146,2026-10-04 00:51:40,BENIGN,BENIGN,0.99999857,True
RUN_146,2026-10-04 00:51:41,BENIGN,BENIGN,0.9999982,True
RUN_146,2026-10-04 00:51:42,BENIGN,BENIGN,0.9999994,True
RUN_146,2026-10-04 00:51:43,BENIGN,BENIGN,0.9999994,True
RUN_146,2026-10-04 00:51:44,BENIGN,BENIGN,0.99999845,True
RUN_146,2026-10-04 00:51:45,BENIGN,BENIGN,0.99999964,True
RUN_146,2026-10-04 00:51:46,BENIGN,BENIGN,0.99999404,True
RUN_146,2026-10-04 00:51:47,BENIGN,BENIGN,0.99999297,True
RUN_146,2026-10-04 00:51:48,BENIGN,BENIGN,0.9998822,True
RUN_146,2026-10-04 00:51:49,BENIGN,BENIGN,0.9996977,True
RUN_146,2026-10-04 00:51:50,BENIGN,BENIGN,0.9999933,True
RUN_146,2026-10-04 00:51:51,BENIGN,BENIGN,0.9998525,True
RUN_146,2026-10-04 00:51:52,BENIGN,BENIGN,0.99999905,True
RUN_146,2026-10-04 00:51:53,BENIGN,BENIGN,0.99999285,True
RUN_146,2026-10-04 00:51:54,BENIGN,BENIGN,0.9999993,True
RUN_146,2026-10-04 00:51:55,BENIGN,BENIGN,0.9999995,True
RUN_146,2026-10-04 00:51:56,BENIGN,BENIGN,0.9999994,True
RUN_146,2026-10-04 00:51:57,BENIGN,BENIGN,0.9999994,True
RUN_146,2026-10-04 00:51:58,BENIGN,BENIGN,0.9999989,True
RUN_146,2026-10-04 00:51:59,BENIGN,BENIGN,0.9999989,True
