run_id,timestamp,true_label,predicted_label,confidence,correct
RUN_010,2026-10-03 20:18:00,BENIGN,BENIGN,0.9628309,True
RUN_010,2026-10-03 20:18:01,BENIGN,ICMP_FLOOD,0.8514649,False
RUN_010,2026-10-03 20:18:02,BENIGN,BENIGN,0.9942562,True
RUN_010,2026-10-03 20:18:03,BENIGN,BENIGN,0.9994006,True
RUN_010,2026-10-03 20:18:04,BENIGN,BENIGN,0.99653506,True
RUN_010,2026-10-03 20:18:05,BENIGN,BENIGN,0.9947621,True
RUN_010,2026-10-03 20:18:06,BENIGN,BENIGN,0.9984188,True
RUN_010,2026-10-03 20:18:07,BENIGN,BENIGN,0.9749615,True
RUN_010,2026-10-03 20:18:08,BENIGN,BENIGN,0.9987842,True
RUN_010,2026-10-03 20:18:09,BENIGN,BENIGN,0.6133669,True
RUN_010,2026-10-03 20:18:10,BENIGN,BENIGN,0.9996395,True
RUN_010,2026-10-03 20:18:11,BENIGN,BENIGN,0.99983,True
RUN_010,2026-10-03 20:18:12,BENIGN,BENIGN,0.84313196,True
RUN_010,2026-10-03 20:18:13,BENIGN,BENIGN,0.9977851,True
RUN_010,2026-10-03 20:18:14,BENIGN,BENIGN,0.9988402,True
RUN_010,2026-10-03 20:18:15,BENIGN,BENIGN,0.96298367,True
RUN_010,2026-10-03 20:18:16,BENIGN,BENIGN,0.9987019,True
RUN_010,2026-10-03 20:18:17,BENIGN,BENIGN,0.99990875,True
RUN_010,2026-10-03 20:18:18,BENIGN,BENIGN,0.9963988,True
RUN_010,2026-10-03 20:18:19,BENIGN,BENIGN,0.999647,True
RUN_010,2026-10-03 20:18:20,BENIGN,BENIGN,0.9985524,True
RUN_010,2026-10-03 20:18:21,BENIGN,BENIGN,0.99953383,True
RUN_010,2026-10-03 20:18:22,BENIGN,BENIGN,0.9968692,True
RUN_010,2026-10-03 20:18:23,BENIGN,BENIGN,0.99910897,True
RUN_010,2026-10-03 20:18:24,BENIGN,BENIGN,0.9990859,True
RUN_010,2026-10-03 20:18:25,BENIGN,BENIGN,0.9945988,True
RUN_010,2026-10-03 20:18:26,BENIGN,BENIGN,0.99838454,True
RUN_010,2026-10-03 20:18:27,BENIGN,BENIGN,0.999412,True
RUN_010,2026-10-03 20:18:28,BENIGN,BENIGN,0.9985636,True
RUN_010,2026-10-03 20:18:29,BENIGN,BENIGN,0.9993912,True
RUN_010,2026-10-03 20:18:30,BENIGN,BENIGN,0.9962214,True
RUN_010,2026-10-03 20:18:31,BENIGN,BENIGN,0.99978787,True
RUN_010,2026-10-03 20:18:32,BENIGN,BENIGN,0.9997378,True
RUN_010,2026-10-03 20:18:33,BENIGN,BENIGN,0.9993467,True
RUN_010,2026-10-03 20:18:34,BENIGN,BENIGN,0.99987054,True
RUN_010,2026-10-03 20:18:35,BENIGN,BENIGN,0.99989384,True
RUN_010,2026-10-03 20:18:36,BENIGN,BENIGN,0.99994075,True
RUN_010,2026-10-03 20:18:37,BENIGN,BENIGN,0.99975204,True
RUN_010,2026-10-03 20:18:38,BENIGN,BENIGN,0.9996234,True
RUN_010,2026-10-03 20:18:39,BENIGN,BENIGN,0.9999262,True
RUN_010,2026-10-03 20:18:40,BENIGN,BENIGN,0.9990871,True
RUN_010,2026-10-03 20:18:41,BENIGN,BENIGN,0.9993555,True
RUN_010,2026-10-03 20:18:42,BENIGN,BENIGN,0.99954206,True
RUN_010,2026-10-03 20:18:43,BENIGN,BENIGN,0.9990613,True
RUN_010,2026-10-03 20:18:44,BENIGN,BENIGN,0.9998602,True
RUN_010,2026-10-03 20:18:45,BENIGN,BENIGN,0.99987674,True
RUN_010,2026-10-03 20:18:46,BENIGN,BENIGN,0.98158103,True
RUN_010,2026-10-03 20:18:47,BENIGN,BENIGN,0.9564167,True
RUN_010,2026-10-03 20:18:48,BENIGN,BENIGN,0.9994967,True
RUN_010,2026-10-03 20:18:49,BENIGN,BENIGN,0.9860488,True
RUN_010,2026-10-03 20:18:50,BENIGN,BENIGN,0.99071485,True
RUN_010,2026-10-03 20:18:51,BENIGN,BENIGN,0.99868184,True
RUN_010,2026-10-03 20:18:52,BENIGN,BENIGN,0.99978846,True
RUN_010,2026-10-03 20:18:53,BENIGN,BENIGN,0.9822864,True
RUN_010,2026-10-03 20:18:54,BENIGN,BENIGN,0.9518911,True
RUN_010,2026-10-03 20:18:55,BENIGN,BENIGN,0.99867636,True
RUN_010,2026-10-03 20:18:56,BENIGN,BENIGN,0.99014974,True
RUN_010,2026-10-03 20:18:57,BENIGN,BENIGN,0.99137187,True
RUN_010,2026-10-03 20:18:58,BENIGN,BENIGN,0.9903211,True
RUN_010,2026-10-03 20:18:59,BENIGN,BENIGN,0.9841891,True
RUN_010,2026-10-03 20:19:00,BENIGN,BENIGN,0.9995267,True
RUN_010,2026-10-03 20:19:01,BENIGN,BENIGN,0.9913379,True
RUN_010,2026-10-03 20:19:02,BENIGN,BENIGN,0.9932414,True
RUN_010,2026-10-03 20:19:03,BENIGN,BENIGN,0.9995342,True
RUN_010,2026-10-03 20:19:04,BENIGN,BENIGN,0.9898927,True
RUN_010,2026-10-03 20:19:05,BENIGN,BENIGN,0.9996201,True
RUN_010,2026-10-03 20:19:06,BENIGN,BENIGN,0.99942106,True
RUN_010,2026-10-03 20:19:07,BENIGN,BENIGN,0.99902415,True
RUN_010,2026-10-03 20:19:08,BENIGN,BENIGN,0.99952495,True
RUN_010,2026-10-03 20:19:09,BENIGN,BENIGN,0.9996179,True
RUN_010,2026-10-03 20:19:10,BENIGN,BENIGN,0.99487305,True
RUN_010,2026-10-03 20:19:11,BENIGN,BENIGN,0.9975264,True
RUN_010,2026-10-03 20:19:12,BENIGN,BENIGN,0.99981725,True
RUN_010,2026-10-03 20:19:13,BENIGN,BENIGN,0.73654246,True
RUN_010,2026-10-03 20:19:14,BENIGN,BENIGN,0.9819526,True
RUN_010,2026-10-03 20:19:15,BENIGN,BENIGN,0.9650318,True
RUN_010,2026-10-03 20:19:16,BENIGN,BENIGN,0.97573286,True
RUN_010,2026-10-03 20:19:17,BENIGN,BENIGN,0.9986337,True
RUN_010,2026-10-03 20:19:18,BENIGN,BENIGN,0.99858713,True
RUN_010,2026-10-03 20:19:19,BENIGN,BENIGN,0.9998077,True
RUN_010,2026-10-03 20:19:20,BENIGN,BENIGN,0.99663526,True
RUN_010,2026-10-03 20:19:21,BENIGN,BENIGN,0.9893115,True
RUN_010,2026-10-03 20:19:22,BENIGN,BENIGN,0.981694,True
RUN_010,2026-10-03 20:19:23,BENIGN,BENIGN,0.99920964,True
RUN_010,2026-10-03 20:19:24,BENIGN,BENIGN,0.99110734,True
RUN_010,2026-10-03 20:19:25,BENIGN,BENIGN,0.9981642,True
RUN_010,2026-10-03 20:19:26,BENIGN,BENIGN,0.99981165,True
RUN_010,2026-10-03 20:19:27,BENIGN,BENIGN,0.99988973,True
RUN_010,2026-10-03 20:19:28,BENIGN,BENIGN,0.99562275,True
RUN_010,2026-10-03 20:19:29,BENIGN,BENIGN,0.9592013,True
RUN_010,2026-10-03 20:19:30,BENIGN,BENIGN,0.99931526,True
RUN_010,2026-10-03 20:19:31,BENIGN,BENIGN,0.9988596,True
RUN_010,2026-10-03 20:19:32,BENIGN,BENIGN,0.99427396,True
RUN_010,2026-10-03 20:19:33,BENIGN,BENIGN,0.99727386,True
RUN_010,2026-10-03 20:19:34,BENIGN,BENIGN,0.9967954,True
RUN_010,2026-10-03 20:19:35,BENIGN,BENIGN,0.99885887,True
RUN_010,2026-10-03 20:19:36,BENIGN,BENIGN,0.99869555,True
RUN_010,2026-10-03 20:19:37,BENIGN,BENIGN,0.9968145,True
RUN_010,2026-10-03 20:19:38,BENIGN,BENIGN,0.9941772,True
RUN_010,2026-10-03 20:19:39,BENIGN,BENIGN,0.9992315,True
RUN_010,2026-10-03 20:19:40,BENIGN,BENIGN,0.99643075,True
RUN_010,2026-10-03 20:19:41,BENIGN,BENIGN,0.93207854,True
RUN_010,2026-10-03 20:19:42,BENIGN,BENIGN,0.98303497,True
RUN_010,2026-10-03 20:19:43,BENIGN,BENIGN,0.91831744,True
RUN_010,2026-10-03 20:19:44,BENIGN,BENIGN,0.99416715,True
RUN_010,2026-10-03 20:19:45,BENIGN,ICMP_FLOOD,0.885592,False
RUN_010,2026-10-03 20:19:46,BENIGN,BENIGN,0.9868732,True
RUN_010,2026-10-03 20:19:47,BENIGN,BENIGN,0.9896202,True
RUN_010,2026-10-03 20:19:48,BENIGN,BENIGN,0.9692438,True
RUN_010,2026-10-03 20:19:49,BENIGN,BENIGN,0.9991385,True
RUN_010,2026-10-03 20:19:50,BENIGN,BENIGN,0.9993385,True
RUN_010,2026-10-03 20:19:51,BENIGN,BENIGN,0.99113613,True
RUN_010,2026-10-03 20:19:52,BENIGN,BENIGN,0.9992487,True
RUN_010,2026-10-03 20:19:53,BENIGN,BENIGN,0.9831834,True
RUN_010,2026-10-03 20:19:54,BENIGN,BENIGN,0.99822605,True
RUN_010,2026-10-03 20:19:55,BENIGN,BENIGN,0.99933374,True
RUN_010,2026-10-03 20:19:56,BENIGN,BENIGN,0.9919694,True
RUN_010,2026-10-03 20:19:57,BENIGN,BENIGN,0.9975724,True
RUN_010,2026-10-03 20:19:58,BENIGN,BENIGN,0.99099636,True
RUN_010,2026-10-03 20:19:59,BENIGN,BENIGN,0.9997336,True
RUN_013,2026-10-03 20:24:00,BENIGN,BENIGN,0.8350417,True
RUN_013,2026-10-03 20:24:01,BENIGN,BENIGN,0.9988545,True
RUN_013,2026-10-03 20:24:02,BENIGN,BENIGN,0.98299724,True
RUN_013,2026-10-03 20:24:03,BENIGN,BENIGN,0.9984777,True
RUN_013,2026-10-03 20:24:04,BENIGN,BENIGN,0.99468434,True
RUN_013,2026-10-03 20:24:05,BENIGN,BENIGN,0.9997167,True
RUN_013,2026-10-03 20:24:06,BENIGN,BENIGN,0.99992007,True
RUN_013,2026-10-03 20:24:07,BENIGN,BENIGN,0.9999373,True
RUN_013,2026-10-03 20:24:08,BENIGN,BENIGN,0.99961513,True
RUN_013,2026-10-03 20:24:09,BENIGN,BENIGN,0.99881,True
RUN_013,2026-10-03 20:24:10,BENIGN,BENIGN,0.9987025,True
RUN_013,2026-10-03 20:24:11,BENIGN,BENIGN,0.99935263,True
RUN_013,2026-10-03 20:24:12,BENIGN,BENIGN,0.99790263,True
RUN_013,2026-10-03 20:24:13,BENIGN,BENIGN,0.99864876,True
RUN_013,2026-10-03 20:24:14,BENIGN,BENIGN,0.997357,True
RUN_013,2026-10-03 20:24:15,BENIGN,BENIGN,0.9987736,True
RUN_013,2026-10-03 20:24:16,BENIGN,BENIGN,0.998732,True
RUN_013,2026-10-03 20:24:17,BENIGN,BENIGN,0.99866354,True
RUN_013,2026-10-03 20:24:18,BENIGN,BENIGN,0.9992199,True
RUN_013,2026-10-03 20:24:19,BENIGN,BENIGN,0.99980533,True
RUN_013,2026-10-03 20:24:20,BENIGN,BENIGN,0.9999029,True
RUN_013,2026-10-03 20:24:21,BENIGN,BENIGN,0.99968815,True
RUN_013,2026-10-03 20:24:22,BENIGN,BENIGN,0.99988663,True
RUN_013,2026-10-03 20:24:23,BENIGN,BENIGN,0.99949574,True
RUN_013,2026-10-03 20:24:24,BENIGN,BENIGN,0.999361,True
RUN_013,2026-10-03 20:24:25,BENIGN,BENIGN,0.99984366,True
RUN_013,2026-10-03 20:24:26,BENIGN,BENIGN,0.9999355,True
RUN_013,2026-10-03 20:24:27,BENIGN,BENIGN,0.9998827,True
RUN_013,2026-10-03 20:24:28,BENIGN,BENIGN,0.9998519,True
RUN_013,2026-10-03 20:24:29,BENIGN,BENIGN,0.9999262,True
RUN_013,2026-10-03 20:24:30,BENIGN,BENIGN,0.99989825,True
RUN_013,2026-10-03 20:24:31,BENIGN,BENIGN,0.9995932,True
RUN_013,2026-10-03 20:24:32,BENIGN,BENIGN,0.9997659,True
RUN_013,2026-10-03 20:24:33,BENIGN,BENIGN,0.99959344,True
RUN_013,2026-10-03 20:24:34,BENIGN,BENIGN,0.9984757,True
RUN_013,2026-10-03 20:24:35,BENIGN,BENIGN,0.9996491,True
RUN_013,2026-10-03 20:24:36,BENIGN,BENIGN,0.99989295,True
RUN_013,2026-10-03 20:24:37,BENIGN,BENIGN,0.99992293,True
RUN_013,2026-10-03 20:24:38,BENIGN,BENIGN,0.99986804,True
RUN_013,2026-10-03 20:24:39,BENIGN,BENIGN,0.9997506,True
RUN_013,2026-10-03 20:24:40,BENIGN,BENIGN,0.99952424,True
RUN_013,2026-10-03 20:24:41,BENIGN,BENIGN,0.9991412,True
RUN_013,2026-10-03 20:24:42,BENIGN,BENIGN,0.9997156,True
RUN_013,2026-10-03 20:24:43,BENIGN,BENIGN,0.9982302,True
RUN_013,2026-10-03 20:24:44,BENIGN,BENIGN,0.9965722,True
RUN_013,2026-10-03 20:24:45,BENIGN,BENIGN,0.9994326,True
RUN_013,2026-10-03 20:24:46,BENIGN,BENIGN,0.99836254,True
RUN_013,2026-10-03 20:24:47,BENIGN,BENIGN,0.9997448,True
RUN_013,2026-10-03 20:24:48,BENIGN,BENIGN,0.99463636,True
RUN_013,2026-10-03 20:24:49,BENIGN,BENIGN,0.9984471,True
RUN_013,2026-10-03 20:24:50,BENIGN,BENIGN,0.99991304,True
RUN_013,2026-10-03 20:24:51,BENIGN,BENIGN,0.99951255,True
RUN_013,2026-10-03 20:24:52,BENIGN,BENIGN,0.9999185,True
RUN_013,2026-10-03 20:24:53,BENIGN,BENIGN,0.9991404,True
RUN_013,2026-10-03 20:24:54,BENIGN,BENIGN,0.99948865,True
RUN_013,2026-10-03 20:24:55,BENIGN,BENIGN,0.99977154,True
RUN_013,2026-10-03 20:24:56,BENIGN,BENIGN,0.99954194,True
RUN_013,2026-10-03 20:24:57,BENIGN,BENIGN,0.9999102,True
RUN_013,2026-10-03 20:24:58,BENIGN,BENIGN,0.9998677,True
RUN_013,2026-10-03 20:24:59,BENIGN,BENIGN,0.9661603,True
RUN_013,2026-10-03 20:25:00,BENIGN,BENIGN,0.999355,True
RUN_013,2026-10-03 20:25:01,BENIGN,BENIGN,0.99970126,True
RUN_013,2026-10-03 20:25:02,BENIGN,BENIGN,0.9995611,True
RUN_013,2026-10-03 20:25:03,BENIGN,BENIGN,0.99979013,True
RUN_013,2026-10-03 20:25:04,BENIGN,BENIGN,0.9996584,True
RUN_013,2026-10-03 20:25:05,BENIGN,BENIGN,0.99981093,True
RUN_013,2026-10-03 20:25:06,BENIGN,BENIGN,0.9991373,True
RUN_013,2026-10-03 20:25:07,BENIGN,BENIGN,0.9999024,True
RUN_013,2026-10-03 20:25:08,BENIGN,BENIGN,0.999309,True
RUN_013,2026-10-03 20:25:09,BENIGN,BENIGN,0.9996203,True
RUN_013,2026-10-03 20:25:10,BENIGN,BENIGN,0.9998094,True
RUN_013,2026-10-03 20:25:11,BENIGN,BENIGN,0.9998595,True
RUN_013,2026-10-03 20:25:12,BENIGN,BENIGN,0.99989045,True
RUN_013,2026-10-03 20:25:13,BENIGN,BENIGN,0.99961454,True
RUN_013,2026-10-03 20:25:14,BENIGN,BENIGN,0.9959892,True
RUN_013,2026-10-03 20:25:15,BENIGN,BENIGN,0.999917,True
RUN_013,2026-10-03 20:25:16,BENIGN,BENIGN,0.5266731,True
RUN_013,2026-10-03 20:25:17,BENIGN,BENIGN,0.99871266,True
RUN_013,2026-10-03 20:25:18,BENIGN,BENIGN,0.99989825,True
RUN_013,2026-10-03 20:25:19,BENIGN,BENIGN,0.99991566,True
RUN_013,2026-10-03 20:25:20,BENIGN,BENIGN,0.99964654,True
RUN_013,2026-10-03 20:25:21,BENIGN,BENIGN,0.99937356,True
RUN_013,2026-10-03 20:25:22,BENIGN,BENIGN,0.9997117,True
RUN_013,2026-10-03 20:25:23,BENIGN,BENIGN,0.99977905,True
RUN_013,2026-10-03 20:25:24,BENIGN,BENIGN,0.9999185,True
RUN_013,2026-10-03 20:25:25,BENIGN,BENIGN,0.99451333,True
RUN_013,2026-10-03 20:25:26,BENIGN,BENIGN,0.9474728,True
RUN_013,2026-10-03 20:25:27,BENIGN,BENIGN,0.9885243,True
RUN_013,2026-10-03 20:25:28,BENIGN,BENIGN,0.996515,True
RUN_013,2026-10-03 20:25:29,BENIGN,BENIGN,0.99940974,True
RUN_013,2026-10-03 20:25:30,BENIGN,BENIGN,0.9997825,True
RUN_013,2026-10-03 20:25:31,BENIGN,BENIGN,0.99711204,True
RUN_013,2026-10-03 20:25:32,BENIGN,BENIGN,0.9998641,True
RUN_013,2026-10-03 20:25:33,BENIGN,BENIGN,0.99919605,True
RUN_013,2026-10-03 20:25:34,BENIGN,BENIGN,0.9975896,True
RUN_013,2026-10-03 20:25:35,BENIGN,BENIGN,0.999684,True
RUN_013,2026-10-03 20:25:36,BENIGN,BENIGN,0.99932516,True
RUN_013,2026-10-03 20:25:37,BENIGN,BENIGN,0.93461007,True
RUN_013,2026-10-03 20:25:38,BENIGN,BENIGN,0.9996113,True
RUN_013,2026-10-03 20:25:39,BENIGN,BENIGN,0.99750423,True
RUN_013,2026-10-03 20:25:40,BENIGN,BENIGN,0.9979746,True
RUN_013,2026-10-03 20:25:41,BENIGN,BENIGN,0.9972107,True
RUN_013,2026-10-03 20:25:42,BENIGN,BENIGN,0.9997981,True
RUN_013,2026-10-03 20:25:43,BENIGN,BENIGN,0.9996055,True
RUN_013,2026-10-03 20:25:44,BENIGN,BENIGN,0.99993336,True
RUN_013,2026-10-03 20:25:45,BENIGN,BENIGN,0.9994533,True
RUN_013,2026-10-03 20:25:46,BENIGN,BENIGN,0.9998959,True
RUN_013,2026-10-03 20:25:47,BENIGN,BENIGN,0.9971925,True
RUN_013,2026-10-03 20:25:48,BENIGN,BENIGN,0.9990507,True
RUN_013,2026-10-03 20:25:49,BENIGN,BENIGN,0.99974096,True
RUN_013,2026-10-03 20:25:50,BENIGN,BENIGN,0.99982834,True
RUN_013,2026-10-03 20:25:51,BENIGN,BENIGN,0.9999404,True
RUN_013,2026-10-03 20:25:52,BENIGN,BENIGN,0.99980736,True
RUN_013,2026-10-03 20:25:53,BENIGN,BENIGN,0.9985424,True
RUN_013,2026-10-03 20:25:54,BENIGN,BENIGN,0.9999541,True
RUN_013,2026-10-03 20:25:55,BENIGN,BENIGN,0.9999325,True
RUN_013,2026-10-03 20:25:56,BENIGN,BENIGN,0.9997512,True
RUN_013,2026-10-03 20:25:57,BENIGN,BENIGN,0.9997874,True
RUN_013,2026-10-03 20:25:58,BENIGN,BENIGN,0.999862,True
RUN_013,2026-10-03 20:25:59,BENIGN,BENIGN,0.99928445,True
RUN_019,2026-10-03 20:36:00,BENIGN,BENIGN,0.9818462,True
RUN_019,2026-10-03 20:36:01,BENIGN,BENIGN,0.99946743,True
RUN_019,2026-10-03 20:36:02,BENIGN,BENIGN,0.99904686,True
RUN_019,2026-10-03 20:36:03,BENIGN,BENIGN,0.99958503,True
RUN_019,2026-10-03 20:36:04,BENIGN,BENIGN,0.9992626,True
RUN_019,2026-10-03 20:36:05,BENIGN,BENIGN,0.9999191,True
RUN_019,2026-10-03 20:36:06,BENIGN,BENIGN,0.999854,True
RUN_019,2026-10-03 20:36:07,BENIGN,BENIGN,0.99931586,True
RUN_019,2026-10-03 20:36:08,BENIGN,BENIGN,0.99978083,True
RUN_019,2026-10-03 20:36:09,BENIGN,BENIGN,0.999699,True
RUN_019,2026-10-03 20:36:10,BENIGN,BENIGN,0.99981546,True
RUN_019,2026-10-03 20:36:11,BENIGN,BENIGN,0.99964225,True
RUN_019,2026-10-03 20:36:12,BENIGN,BENIGN,0.9996848,True
RUN_019,2026-10-03 20:36:13,BENIGN,BENIGN,0.99990743,True
RUN_019,2026-10-03 20:36:14,BENIGN,BENIGN,0.9998413,True
RUN_019,2026-10-03 20:36:15,BENIGN,BENIGN,0.9999214,True
RUN_019,2026-10-03 20:36:16,BENIGN,BENIGN,0.99997956,True
RUN_019,2026-10-03 20:36:17,BENIGN,BENIGN,0.9999693,True
RUN_019,2026-10-03 20:36:18,BENIGN,BENIGN,0.99998194,True
RUN_019,2026-10-03 20:36:19,BENIGN,BENIGN,0.99998134,True
RUN_019,2026-10-03 20:36:20,BENIGN,BENIGN,0.99994373,True
RUN_019,2026-10-03 20:36:21,BENIGN,BENIGN,0.9999576,True
RUN_019,2026-10-03 20:36:22,BENIGN,BENIGN,0.99987257,True
RUN_019,2026-10-03 20:36:23,BENIGN,BENIGN,0.99947304,True
RUN_019,2026-10-03 20:36:24,BENIGN,BENIGN,0.9999111,True
RUN_019,2026-10-03 20:36:25,BENIGN,BENIGN,0.99992883,True
RUN_019,2026-10-03 20:36:26,BENIGN,BENIGN,0.9999061,True
RUN_019,2026-10-03 20:36:27,BENIGN,BENIGN,0.9999179,True
RUN_019,2026-10-03 20:36:28,BENIGN,BENIGN,0.9999601,True
RUN_019,2026-10-03 20:36:29,BENIGN,BENIGN,0.99995303,True
RUN_019,2026-10-03 20:36:30,BENIGN,BENIGN,0.99997383,True
RUN_019,2026-10-03 20:36:31,BENIGN,BENIGN,0.9999824,True
RUN_019,2026-10-03 20:36:32,BENIGN,BENIGN,0.999983,True
RUN_019,2026-10-03 20:36:33,BENIGN,BENIGN,0.99999,True
RUN_019,2026-10-03 20:36:34,BENIGN,BENIGN,0.99997514,True
RUN_019,2026-10-03 20:36:35,BENIGN,BENIGN,0.9999299,True
RUN_019,2026-10-03 20:36:36,BENIGN,BENIGN,0.9999611,True
RUN_019,2026-10-03 20:36:37,BENIGN,BENIGN,0.9999724,True
RUN_019,2026-10-03 20:36:38,BENIGN,BENIGN,0.9991669,True
RUN_019,2026-10-03 20:36:39,BENIGN,BENIGN,0.9995688,True
RUN_019,2026-10-03 20:36:40,BENIGN,BENIGN,0.9992758,True
RUN_019,2026-10-03 20:36:41,BENIGN,BENIGN,0.99997634,True
RUN_019,2026-10-03 20:36:42,BENIGN,BENIGN,0.9994385,True
RUN_019,2026-10-03 20:36:43,BENIGN,BENIGN,0.9990213,True
RUN_019,2026-10-03 20:36:44,BENIGN,BENIGN,0.99953943,True
RUN_019,2026-10-03 20:36:45,BENIGN,BENIGN,0.99738705,True
RUN_019,2026-10-03 20:36:46,BENIGN,BENIGN,0.9979813,True
RUN_019,2026-10-03 20:36:47,BENIGN,BENIGN,0.99967414,True
RUN_019,2026-10-03 20:36:48,BENIGN,BENIGN,0.9999496,True
RUN_019,2026-10-03 20:36:49,BENIGN,BENIGN,0.9999368,True
RUN_019,2026-10-03 20:36:50,BENIGN,BENIGN,0.9999485,True
RUN_019,2026-10-03 20:36:51,BENIGN,BENIGN,0.9999545,True
RUN_019,2026-10-03 20:36:52,BENIGN,BENIGN,0.99992573,True
RUN_019,2026-10-03 20:36:53,BENIGN,BENIGN,0.99985045,True
RUN_019,2026-10-03 20:36:54,BENIGN,BENIGN,0.9997479,True
RUN_019,2026-10-03 20:36:55,BENIGN,BENIGN,0.99986804,True
RUN_019,2026-10-03 20:36:56,BENIGN,BENIGN,0.9998019,True
RUN_019,2026-10-03 20:36:57,BENIGN,BENIGN,0.99986887,True
RUN_019,2026-10-03 20:36:58,BENIGN,BENIGN,0.99979454,True
RUN_019,2026-10-03 20:36:59,BENIGN,BENIGN,0.9999202,True
RUN_019,2026-10-03 20:37:00,BENIGN,BENIGN,0.9999631,True
RUN_019,2026-10-03 20:37:01,BENIGN,BENIGN,0.9999226,True
RUN_019,2026-10-03 20:37:02,BENIGN,BENIGN,0.9998754,True
RUN_019,2026-10-03 20:37:03,BENIGN,BENIGN,0.9998754,True
RUN_019,2026-10-03 20:37:04,BENIGN,BENIGN,0.99987614,True
RUN_019,2026-10-03 20:37:05,BENIGN,BENIGN,0.9998979,True
RUN_019,2026-10-03 20:37:06,BENIGN,BENIGN,0.9999061,True
RUN_019,2026-10-03 20:37:07,BENIGN,BENIGN,0.9999325,True
RUN_019,2026-10-03 20:37:08,BENIGN,BENIGN,0.9999029,True
RUN_019,2026-10-03 20:37:09,BENIGN,BENIGN,0.9999465,True
RUN_019,2026-10-03 20:37:10,BENIGN,BENIGN,0.99992645,True
RUN_019,2026-10-03 20:37:11,BENIGN,BENIGN,0.9999059,True
RUN_019,2026-10-03 20:37:12,BENIGN,BENIGN,0.9998869,True
RUN_019,2026-10-03 20:37:13,BENIGN,BENIGN,0.9999233,True
RUN_019,2026-10-03 20:37:14,BENIGN,BENIGN,0.99990875,True
RUN_019,2026-10-03 20:37:15,BENIGN,BENIGN,0.9999373,True
RUN_019,2026-10-03 20:37:16,BENIGN,BENIGN,0.9998894,True
RUN_019,2026-10-03 20:37:17,BENIGN,BENIGN,0.9998507,True
RUN_019,2026-10-03 20:37:18,BENIGN,BENIGN,0.9997655,True
RUN_019,2026-10-03 20:37:19,BENIGN,BENIGN,0.99986315,True
RUN_019,2026-10-03 20:37:20,BENIGN,BENIGN,0.9996227,True
RUN_019,2026-10-03 20:37:21,BENIGN,BENIGN,0.99985915,True
RUN_019,2026-10-03 20:37:22,BENIGN,BENIGN,0.99987626,True
RUN_019,2026-10-03 20:37:23,BENIGN,BENIGN,0.9998942,True
RUN_019,2026-10-03 20:37:24,BENIGN,BENIGN,0.99987173,True
RUN_019,2026-10-03 20:37:25,BENIGN,BENIGN,0.99989814,True
RUN_019,2026-10-03 20:37:26,BENIGN,BENIGN,0.9999509,True
RUN_019,2026-10-03 20:37:27,BENIGN,BENIGN,0.999957,True
RUN_019,2026-10-03 20:37:28,BENIGN,BENIGN,0.9999256,True
RUN_019,2026-10-03 20:37:29,BENIGN,BENIGN,0.99987435,True
RUN_019,2026-10-03 20:37:30,BENIGN,BENIGN,0.99990016,True
RUN_019,2026-10-03 20:37:31,BENIGN,BENIGN,0.9998745,True
RUN_019,2026-10-03 20:37:32,BENIGN,BENIGN,0.99976754,True
RUN_019,2026-10-03 20:37:33,BENIGN,BENIGN,0.99977297,True
RUN_019,2026-10-03 20:37:34,BENIGN,BENIGN,0.99986625,True
RUN_019,2026-10-03 20:37:35,BENIGN,BENIGN,0.99992007,True
RUN_019,2026-10-03 20:37:36,BENIGN,BENIGN,0.99993575,True
RUN_019,2026-10-03 20:37:37,BENIGN,BENIGN,0.99992585,True
RUN_019,2026-10-03 20:37:38,BENIGN,BENIGN,0.999925,True
RUN_019,2026-10-03 20:37:39,BENIGN,BENIGN,0.99993014,True
RUN_019,2026-10-03 20:37:40,BENIGN,BENIGN,0.9999337,True
RUN_019,2026-10-03 20:37:41,BENIGN,BENIGN,0.99993813,True
RUN_019,2026-10-03 20:37:42,BENIGN,BENIGN,0.99994576,True
RUN_019,2026-10-03 20:37:43,BENIGN,BENIGN,0.9999405,True
RUN_019,2026-10-03 20:37:44,BENIGN,BENIGN,0.99993825,True
RUN_019,2026-10-03 20:37:45,BENIGN,BENIGN,0.99993944,True
RUN_019,2026-10-03 20:37:46,BENIGN,BENIGN,0.9999405,True
RUN_019,2026-10-03 20:37:47,BENIGN,BENIGN,0.99994946,True
RUN_019,2026-10-03 20:37:48,BENIGN,BENIGN,0.9999486,True
RUN_019,2026-10-03 20:37:49,BENIGN,BENIGN,0.99995327,True
RUN_019,2026-10-03 20:37:50,BENIGN,BENIGN,0.99994814,True
RUN_019,2026-10-03 20:37:51,BENIGN,BENIGN,0.9999569,True
RUN_019,2026-10-03 20:37:52,BENIGN,BENIGN,0.9999657,True
RUN_019,2026-10-03 20:37:53,BENIGN,BENIGN,0.99996644,True
RUN_019,2026-10-03 20:37:54,BENIGN,BENIGN,0.9999568,True
RUN_019,2026-10-03 20:37:55,BENIGN,BENIGN,0.9999643,True
RUN_019,2026-10-03 20:37:56,BENIGN,BENIGN,0.99996096,True
RUN_019,2026-10-03 20:37:57,BENIGN,BENIGN,0.99996585,True
RUN_019,2026-10-03 20:37:58,BENIGN,BENIGN,0.9999835,True
RUN_019,2026-10-03 20:37:59,BENIGN,BENIGN,0.99998015,True
RUN_020,2026-10-03 20:38:00,BENIGN,BENIGN,0.9860254,True
RUN_020,2026-10-03 20:38:01,BENIGN,BENIGN,0.99569196,True
RUN_020,2026-10-03 20:38:02,BENIGN,BENIGN,0.98717844,True
RUN_020,2026-10-03 20:38:03,BENIGN,BENIGN,0.9714464,True
RUN_020,2026-10-03 20:38:04,BENIGN,BENIGN,0.9993436,True
RUN_020,2026-10-03 20:38:05,BENIGN,BENIGN,0.9926691,True
RUN_020,2026-10-03 20:38:06,BENIGN,BENIGN,0.99909663,True
RUN_020,2026-10-03 20:38:07,BENIGN,BENIGN,0.99900585,True
RUN_020,2026-10-03 20:38:08,BENIGN,BENIGN,0.9997304,True
RUN_020,2026-10-03 20:38:09,BENIGN,BENIGN,0.9996062,True
RUN_020,2026-10-03 20:38:10,BENIGN,BENIGN,0.999716,True
RUN_020,2026-10-03 20:38:11,BENIGN,BENIGN,0.9998882,True
RUN_020,2026-10-03 20:38:12,BENIGN,BENIGN,0.9899198,True
RUN_020,2026-10-03 20:38:13,BENIGN,BENIGN,0.999832,True
RUN_020,2026-10-03 20:38:14,BENIGN,BENIGN,0.9984082,True
RUN_020,2026-10-03 20:38:15,BENIGN,BENIGN,0.99971527,True
RUN_020,2026-10-03 20:38:16,BENIGN,BENIGN,0.9997894,True
RUN_020,2026-10-03 20:38:17,BENIGN,BENIGN,0.9990773,True
RUN_020,2026-10-03 20:38:18,BENIGN,BENIGN,0.9967463,True
RUN_020,2026-10-03 20:38:19,BENIGN,BENIGN,0.99950814,True
RUN_020,2026-10-03 20:38:20,BENIGN,BENIGN,0.9984488,True
RUN_020,2026-10-03 20:38:21,BENIGN,BENIGN,0.9992713,True
RUN_020,2026-10-03 20:38:22,BENIGN,BENIGN,0.99081254,True
RUN_020,2026-10-03 20:38:23,BENIGN,BENIGN,0.9779312,True
RUN_020,2026-10-03 20:38:24,BENIGN,BENIGN,0.99982643,True
RUN_020,2026-10-03 20:38:25,BENIGN,BENIGN,0.9996822,True
RUN_020,2026-10-03 20:38:26,BENIGN,BENIGN,0.9995449,True
RUN_020,2026-10-03 20:38:27,BENIGN,BENIGN,0.9997322,True
RUN_020,2026-10-03 20:38:28,BENIGN,BENIGN,0.9957711,True
RUN_020,2026-10-03 20:38:29,BENIGN,BENIGN,0.998689,True
RUN_020,2026-10-03 20:38:30,BENIGN,BENIGN,0.9999091,True
RUN_020,2026-10-03 20:38:31,BENIGN,BENIGN,0.9998826,True
RUN_020,2026-10-03 20:38:32,BENIGN,BENIGN,0.9998827,True
RUN_020,2026-10-03 20:38:33,BENIGN,BENIGN,0.9998339,True
RUN_020,2026-10-03 20:38:34,BENIGN,BENIGN,0.99992764,True
RUN_020,2026-10-03 20:38:35,BENIGN,BENIGN,0.9996051,True
RUN_020,2026-10-03 20:38:36,BENIGN,BENIGN,0.999825,True
RUN_020,2026-10-03 20:38:37,BENIGN,BENIGN,0.99862605,True
RUN_020,2026-10-03 20:38:38,BENIGN,BENIGN,0.9998783,True
RUN_020,2026-10-03 20:38:39,BENIGN,BENIGN,0.99966294,True
RUN_020,2026-10-03 20:38:40,BENIGN,BENIGN,0.9997636,True
RUN_020,2026-10-03 20:38:41,BENIGN,BENIGN,0.997947,True
RUN_020,2026-10-03 20:38:42,BENIGN,BENIGN,0.8815893,True
RUN_020,2026-10-03 20:38:43,BENIGN,BENIGN,0.9575451,True
RUN_020,2026-10-03 20:38:44,BENIGN,BENIGN,0.9842205,True
RUN_020,2026-10-03 20:38:45,BENIGN,BENIGN,0.99727315,True
RUN_020,2026-10-03 20:38:46,BENIGN,BENIGN,0.99946177,True
RUN_020,2026-10-03 20:38:47,BENIGN,BENIGN,0.9996457,True
RUN_020,2026-10-03 20:38:48,BENIGN,BENIGN,0.9997474,True
RUN_020,2026-10-03 20:38:49,BENIGN,BENIGN,0.9998408,True
RUN_020,2026-10-03 20:38:50,BENIGN,BENIGN,0.9968995,True
RUN_020,2026-10-03 20:38:51,BENIGN,BENIGN,0.9966349,True
RUN_020,2026-10-03 20:38:52,BENIGN,BENIGN,0.9998121,True
RUN_020,2026-10-03 20:38:53,BENIGN,BENIGN,0.9995398,True
RUN_020,2026-10-03 20:38:54,BENIGN,BENIGN,0.9998519,True
RUN_020,2026-10-03 20:38:55,BENIGN,BENIGN,0.9999104,True
RUN_020,2026-10-03 20:38:56,BENIGN,BENIGN,0.9989452,True
RUN_020,2026-10-03 20:38:57,BENIGN,BENIGN,0.99981475,True
RUN_020,2026-10-03 20:38:58,BENIGN,BENIGN,0.9999523,True
RUN_020,2026-10-03 20:38:59,BENIGN,BENIGN,0.99984676,True
RUN_020,2026-10-03 20:39:00,BENIGN,BENIGN,0.9997071,True
RUN_020,2026-10-03 20:39:01,BENIGN,BENIGN,0.9994353,True
RUN_020,2026-10-03 20:39:02,BENIGN,BENIGN,0.99954027,True
RUN_020,2026-10-03 20:39:03,BENIGN,BENIGN,0.9998551,True
RUN_020,2026-10-03 20:39:04,BENIGN,BENIGN,0.9999029,True
RUN_020,2026-10-03 20:39:05,BENIGN,BENIGN,0.99985844,True
RUN_020,2026-10-03 20:39:06,BENIGN,BENIGN,0.9989618,True
RUN_020,2026-10-03 20:39:07,BENIGN,BENIGN,0.9996678,True
RUN_020,2026-10-03 20:39:08,BENIGN,BENIGN,0.99961996,True
RUN_020,2026-10-03 20:39:09,BENIGN,BENIGN,0.99893826,True
RUN_020,2026-10-03 20:39:10,BENIGN,BENIGN,0.99842644,True
RUN_020,2026-10-03 20:39:11,BENIGN,BENIGN,0.98917496,True
RUN_020,2026-10-03 20:39:12,BENIGN,BENIGN,0.99944055,True
RUN_020,2026-10-03 20:39:13,BENIGN,BENIGN,0.99722445,True
RUN_020,2026-10-03 20:39:14,BENIGN,BENIGN,0.99986434,True
RUN_020,2026-10-03 20:39:15,BENIGN,BENIGN,0.99963784,True
RUN_020,2026-10-03 20:39:16,BENIGN,BENIGN,0.98822045,True
RUN_020,2026-10-03 20:39:17,BENIGN,BENIGN,0.99949706,True
RUN_020,2026-10-03 20:39:18,BENIGN,BENIGN,0.99948186,True
RUN_020,2026-10-03 20:39:19,BENIGN,BENIGN,0.99836266,True
RUN_020,2026-10-03 20:39:20,BENIGN,BENIGN,0.9882489,True
RUN_020,2026-10-03 20:39:21,BENIGN,BENIGN,0.9974333,True
RUN_020,2026-10-03 20:39:22,BENIGN,BENIGN,0.9996727,True
RUN_020,2026-10-03 20:39:23,BENIGN,BENIGN,0.9995335,True
RUN_020,2026-10-03 20:39:24,BENIGN,BENIGN,0.9981939,True
RUN_020,2026-10-03 20:39:25,BENIGN,BENIGN,0.999089,True
RUN_020,2026-10-03 20:39:26,BENIGN,BENIGN,0.9994608,True
RUN_020,2026-10-03 20:39:27,BENIGN,BENIGN,0.99924153,True
RUN_020,2026-10-03 20:39:28,BENIGN,BENIGN,0.9979044,True
RUN_020,2026-10-03 20:39:29,BENIGN,BENIGN,0.99987376,True
RUN_020,2026-10-03 20:39:30,BENIGN,BENIGN,0.98626804,True
RUN_020,2026-10-03 20:39:31,BENIGN,BENIGN,0.9960005,True
RUN_020,2026-10-03 20:39:32,BENIGN,BENIGN,0.99936694,True
RUN_020,2026-10-03 20:39:33,BENIGN,BENIGN,0.99360806,True
RUN_020,2026-10-03 20:39:34,BENIGN,BENIGN,0.99759483,True
RUN_020,2026-10-03 20:39:35,BENIGN,BENIGN,0.9979911,True
RUN_020,2026-10-03 20:39:36,BENIGN,BENIGN,0.99982226,True
RUN_020,2026-10-03 20:39:37,BENIGN,BENIGN,0.99773765,True
RUN_020,2026-10-03 20:39:38,BENIGN,BENIGN,0.99969816,True
RUN_020,2026-10-03 20:39:39,BENIGN,BENIGN,0.9997686,True
RUN_020,2026-10-03 20:39:40,BENIGN,BENIGN,0.9992696,True
RUN_020,2026-10-03 20:39:41,BENIGN,BENIGN,0.99710655,True
RUN_020,2026-10-03 20:39:42,BENIGN,BENIGN,0.99900013,True
RUN_020,2026-10-03 20:39:43,BENIGN,BENIGN,0.9973743,True
RUN_020,2026-10-03 20:39:44,BENIGN,BENIGN,0.99281526,True
RUN_020,2026-10-03 20:39:45,BENIGN,BENIGN,0.9786017,True
RUN_020,2026-10-03 20:39:46,BENIGN,BENIGN,0.858646,True
RUN_020,2026-10-03 20:39:47,BENIGN,BENIGN,0.9878826,True
RUN_020,2026-10-03 20:39:48,BENIGN,BENIGN,0.9179611,True
RUN_020,2026-10-03 20:39:49,BENIGN,BENIGN,0.5311907,True
RUN_020,2026-10-03 20:39:50,BENIGN,BENIGN,0.84880126,True
RUN_020,2026-10-03 20:39:51,BENIGN,BENIGN,0.99696565,True
RUN_020,2026-10-03 20:39:52,BENIGN,BENIGN,0.8671815,True
RUN_020,2026-10-03 20:39:53,BENIGN,BENIGN,0.99643135,True
RUN_020,2026-10-03 20:39:54,BENIGN,BENIGN,0.9996671,True
RUN_020,2026-10-03 20:39:55,BENIGN,BENIGN,0.99941224,True
RUN_020,2026-10-03 20:39:56,BENIGN,BENIGN,0.9992714,True
RUN_020,2026-10-03 20:39:57,BENIGN,BENIGN,0.99740565,True
RUN_020,2026-10-03 20:39:58,BENIGN,BENIGN,0.9982664,True
RUN_020,2026-10-03 20:39:59,BENIGN,BENIGN,0.9898188,True
RUN_027,2026-10-03 20:52:00,BENIGN,BENIGN,0.99252427,True
RUN_027,2026-10-03 20:52:01,BENIGN,BENIGN,0.9983972,True
RUN_027,2026-10-03 20:52:02,BENIGN,BENIGN,0.9985355,True
RUN_027,2026-10-03 20:52:03,BENIGN,BENIGN,0.99945426,True
RUN_027,2026-10-03 20:52:04,BENIGN,BENIGN,0.9994011,True
RUN_027,2026-10-03 20:52:05,BENIGN,BENIGN,0.9860847,True
RUN_027,2026-10-03 20:52:06,BENIGN,BENIGN,0.9956229,True
RUN_027,2026-10-03 20:52:07,BENIGN,BENIGN,0.70881015,True
RUN_027,2026-10-03 20:52:08,BENIGN,BENIGN,0.98711425,True
RUN_027,2026-10-03 20:52:09,BENIGN,BENIGN,0.9997487,True
RUN_027,2026-10-03 20:52:10,BENIGN,BENIGN,0.99795973,True
RUN_027,2026-10-03 20:52:11,BENIGN,BENIGN,0.9996904,True
RUN_027,2026-10-03 20:52:12,BENIGN,BENIGN,0.99096817,True
RUN_027,2026-10-03 20:52:13,BENIGN,BENIGN,0.9993247,True
RUN_027,2026-10-03 20:52:14,BENIGN,BENIGN,0.99194807,True
RUN_027,2026-10-03 20:52:15,BENIGN,BENIGN,0.9982055,True
RUN_027,2026-10-03 20:52:16,BENIGN,BENIGN,0.99858665,True
RUN_027,2026-10-03 20:52:17,BENIGN,BENIGN,0.99981487,True
RUN_027,2026-10-03 20:52:18,BENIGN,BENIGN,0.99982893,True
RUN_027,2026-10-03 20:52:19,BENIGN,BENIGN,0.99980533,True
RUN_027,2026-10-03 20:52:20,BENIGN,BENIGN,0.99978715,True
RUN_027,2026-10-03 20:52:21,BENIGN,BENIGN,0.99849015,True
RUN_027,2026-10-03 20:52:22,BENIGN,BENIGN,0.9999096,True
RUN_027,2026-10-03 20:52:23,BENIGN,BENIGN,0.9630062,True
RUN_027,2026-10-03 20:52:24,BENIGN,BENIGN,0.9997303,True
RUN_027,2026-10-03 20:52:25,BENIGN,BENIGN,0.9964144,True
RUN_027,2026-10-03 20:52:26,BENIGN,BENIGN,0.99925435,True
RUN_027,2026-10-03 20:52:27,BENIGN,BENIGN,0.99971193,True
RUN_027,2026-10-03 20:52:28,BENIGN,BENIGN,0.99983376,True
RUN_027,2026-10-03 20:52:29,BENIGN,BENIGN,0.9987155,True
RUN_027,2026-10-03 20:52:30,BENIGN,BENIGN,0.9826384,True
RUN_027,2026-10-03 20:52:31,BENIGN,BENIGN,0.9966215,True
RUN_027,2026-10-03 20:52:32,BENIGN,BENIGN,0.9986865,True
RUN_027,2026-10-03 20:52:33,BENIGN,SYN_FLOOD,0.54625773,False
RUN_027,2026-10-03 20:52:34,BENIGN,BENIGN,0.98699164,True
RUN_027,2026-10-03 20:52:35,BENIGN,BENIGN,0.997639,True
RUN_027,2026-10-03 20:52:36,BENIGN,BENIGN,0.99955374,True
RUN_027,2026-10-03 20:52:37,BENIGN,BENIGN,0.9996088,True
RUN_027,2026-10-03 20:52:38,BENIGN,BENIGN,0.99788773,True
RUN_027,2026-10-03 20:52:39,BENIGN,BENIGN,0.9933729,True
RUN_027,2026-10-03 20:52:40,BENIGN,BENIGN,0.99669206,True
RUN_027,2026-10-03 20:52:41,BENIGN,BENIGN,0.9994864,True
RUN_027,2026-10-03 20:52:42,BENIGN,BENIGN,0.7881732,True
RUN_027,2026-10-03 20:52:43,BENIGN,BENIGN,0.9389677,True
RUN_027,2026-10-03 20:52:44,BENIGN,BENIGN,0.9966016,True
RUN_027,2026-10-03 20:52:45,BENIGN,BENIGN,0.9948953,True
RUN_027,2026-10-03 20:52:46,BENIGN,BENIGN,0.9005541,True
RUN_027,2026-10-03 20:52:47,BENIGN,BENIGN,0.9973874,True
RUN_027,2026-10-03 20:52:48,BENIGN,BENIGN,0.99284625,True
RUN_027,2026-10-03 20:52:49,BENIGN,BENIGN,0.997401,True
RUN_027,2026-10-03 20:52:50,BENIGN,BENIGN,0.99980783,True
RUN_027,2026-10-03 20:52:51,BENIGN,BENIGN,0.9998231,True
RUN_027,2026-10-03 20:52:52,BENIGN,BENIGN,0.9998714,True
RUN_027,2026-10-03 20:52:53,BENIGN,BENIGN,0.99974203,True
RUN_027,2026-10-03 20:52:54,BENIGN,BENIGN,0.99974585,True
RUN_027,2026-10-03 20:52:55,BENIGN,BENIGN,0.99614215,True
RUN_027,2026-10-03 20:52:56,BENIGN,BENIGN,0.99561644,True
RUN_027,2026-10-03 20:52:57,BENIGN,BENIGN,0.9987522,True
RUN_027,2026-10-03 20:52:58,BENIGN,BENIGN,0.9916973,True
RUN_027,2026-10-03 20:52:59,BENIGN,BENIGN,0.99643767,True
RUN_027,2026-10-03 20:53:00,BENIGN,SYN_FLOOD,0.70636314,False
RUN_027,2026-10-03 20:53:01,BENIGN,BENIGN,0.9873029,True
RUN_027,2026-10-03 20:53:02,BENIGN,BENIGN,0.9316129,True
RUN_027,2026-10-03 20:53:03,BENIGN,BENIGN,0.69383353,True
RUN_027,2026-10-03 20:53:04,BENIGN,BENIGN,0.6538801,True
RUN_027,2026-10-03 20:53:05,BENIGN,BENIGN,0.7207525,True
RUN_027,2026-10-03 20:53:06,BENIGN,BENIGN,0.9381074,True
RUN_027,2026-10-03 20:53:07,BENIGN,BENIGN,0.92449147,True
RUN_027,2026-10-03 20:53:08,BENIGN,BENIGN,0.99105126,True
RUN_027,2026-10-03 20:53:09,BENIGN,BENIGN,0.9703531,True
RUN_027,2026-10-03 20:53:10,BENIGN,BENIGN,0.9990609,True
RUN_027,2026-10-03 20:53:11,BENIGN,BENIGN,0.99936765,True
RUN_027,2026-10-03 20:53:12,BENIGN,BENIGN,0.9996492,True
RUN_027,2026-10-03 20:53:13,BENIGN,BENIGN,0.99969435,True
RUN_027,2026-10-03 20:53:14,BENIGN,BENIGN,0.9998571,True
RUN_027,2026-10-03 20:53:15,BENIGN,BENIGN,0.9991831,True
RUN_027,2026-10-03 20:53:16,BENIGN,BENIGN,0.9991478,True
RUN_027,2026-10-03 20:53:17,BENIGN,BENIGN,0.9678866,True
RUN_027,2026-10-03 20:53:18,BENIGN,BENIGN,0.9994815,True
RUN_027,2026-10-03 20:53:19,BENIGN,BENIGN,0.9996859,True
RUN_027,2026-10-03 20:53:20,BENIGN,BENIGN,0.99884117,True
RUN_027,2026-10-03 20:53:21,BENIGN,BENIGN,0.9987688,True
RUN_027,2026-10-03 20:53:22,BENIGN,BENIGN,0.9987196,True
RUN_027,2026-10-03 20:53:23,BENIGN,BENIGN,0.99975395,True
RUN_027,2026-10-03 20:53:24,BENIGN,BENIGN,0.9998992,True
RUN_027,2026-10-03 20:53:25,BENIGN,BENIGN,0.9998546,True
RUN_027,2026-10-03 20:53:26,BENIGN,BENIGN,0.9950752,True
RUN_027,2026-10-03 20:53:27,BENIGN,BENIGN,0.9998865,True
RUN_027,2026-10-03 20:53:28,BENIGN,BENIGN,0.998934,True
RUN_027,2026-10-03 20:53:29,BENIGN,BENIGN,0.99831754,True
RUN_027,2026-10-03 20:53:30,BENIGN,BENIGN,0.99956024,True
RUN_027,2026-10-03 20:53:31,BENIGN,BENIGN,0.9908762,True
RUN_027,2026-10-03 20:53:32,BENIGN,BENIGN,0.99647474,True
RUN_027,2026-10-03 20:53:33,BENIGN,BENIGN,0.9988487,True
RUN_027,2026-10-03 20:53:34,BENIGN,BENIGN,0.99253124,True
RUN_027,2026-10-03 20:53:35,BENIGN,BENIGN,0.99650884,True
RUN_027,2026-10-03 20:53:36,BENIGN,BENIGN,0.99970007,True
RUN_027,2026-10-03 20:53:37,BENIGN,BENIGN,0.9954535,True
RUN_027,2026-10-03 20:53:38,BENIGN,BENIGN,0.99951947,True
RUN_027,2026-10-03 20:53:39,BENIGN,BENIGN,0.9991567,True
RUN_027,2026-10-03 20:53:40,BENIGN,BENIGN,0.99927926,True
RUN_027,2026-10-03 20:53:41,BENIGN,BENIGN,0.99923664,True
RUN_027,2026-10-03 20:53:42,BENIGN,BENIGN,0.9962243,True
RUN_027,2026-10-03 20:53:43,BENIGN,BENIGN,0.99894184,True
RUN_027,2026-10-03 20:53:44,BENIGN,BENIGN,0.99958456,True
RUN_027,2026-10-03 20:53:45,BENIGN,BENIGN,0.99950767,True
RUN_027,2026-10-03 20:53:46,BENIGN,BENIGN,0.99975014,True
RUN_027,2026-10-03 20:53:47,BENIGN,BENIGN,0.9991913,True
RUN_027,2026-10-03 20:53:48,BENIGN,BENIGN,0.99983484,True
RUN_027,2026-10-03 20:53:49,BENIGN,BENIGN,0.9996835,True
RUN_027,2026-10-03 20:53:50,BENIGN,BENIGN,0.9999335,True
RUN_027,2026-10-03 20:53:51,BENIGN,BENIGN,0.99966604,True
RUN_027,2026-10-03 20:53:52,BENIGN,BENIGN,0.99854684,True
RUN_027,2026-10-03 20:53:53,BENIGN,BENIGN,0.9945822,True
RUN_027,2026-10-03 20:53:54,BENIGN,BENIGN,0.9979912,True
RUN_027,2026-10-03 20:53:55,BENIGN,BENIGN,0.99907494,True
RUN_027,2026-10-03 20:53:56,BENIGN,BENIGN,0.9652456,True
RUN_027,2026-10-03 20:53:57,BENIGN,BENIGN,0.9858431,True
RUN_027,2026-10-03 20:53:58,BENIGN,BENIGN,0.9997863,True
RUN_027,2026-10-03 20:53:59,BENIGN,BENIGN,0.99988675,True
RUN_030,2026-10-03 20:58:00,SYN_FLOOD,ICMP_FLOOD,0.9858889,False
RUN_030,2026-10-03 20:58:01,SYN_FLOOD,ICMP_FLOOD,0.5389903,False
RUN_030,2026-10-03 20:58:02,SYN_FLOOD,ICMP_FLOOD,0.9713928,False
RUN_030,2026-10-03 20:58:03,SYN_FLOOD,ICMP_FLOOD,0.8047088,False
RUN_030,2026-10-03 20:58:04,SYN_FLOOD,ICMP_FLOOD,0.8431021,False
RUN_030,2026-10-03 20:58:05,SYN_FLOOD,SYN_FLOOD,0.74832624,True
RUN_030,2026-10-03 20:58:06,SYN_FLOOD,SYN_FLOOD,0.9063848,True
RUN_030,2026-10-03 20:58:07,SYN_FLOOD,SYN_FLOOD,0.97863066,True
RUN_030,2026-10-03 20:58:08,SYN_FLOOD,SYN_FLOOD,0.8162771,True
RUN_030,2026-10-03 20:58:09,SYN_FLOOD,SYN_FLOOD,0.89770687,True
RUN_030,2026-10-03 20:58:10,SYN_FLOOD,SYN_FLOOD,0.9871667,True
RUN_030,2026-10-03 20:58:11,SYN_FLOOD,SYN_FLOOD,0.9748549,True
RUN_030,2026-10-03 20:58:12,SYN_FLOOD,SYN_FLOOD,0.9840178,True
RUN_030,2026-10-03 20:58:13,SYN_FLOOD,SYN_FLOOD,0.6793634,True
RUN_030,2026-10-03 20:58:14,SYN_FLOOD,SYN_FLOOD,0.9619798,True
RUN_030,2026-10-03 20:58:15,SYN_FLOOD,SYN_FLOOD,0.89754957,True
RUN_030,2026-10-03 20:58:16,SYN_FLOOD,SYN_FLOOD,0.8155491,True
RUN_030,2026-10-03 20:58:17,SYN_FLOOD,SYN_FLOOD,0.6759214,True
RUN_030,2026-10-03 20:58:18,SYN_FLOOD,SYN_FLOOD,0.50100154,True
RUN_030,2026-10-03 20:58:19,SYN_FLOOD,SYN_FLOOD,0.9562802,True
RUN_030,2026-10-03 20:58:20,SYN_FLOOD,ICMP_FLOOD,0.66441095,False
RUN_030,2026-10-03 20:58:21,SYN_FLOOD,ICMP_FLOOD,0.9926194,False
RUN_030,2026-10-03 20:58:22,SYN_FLOOD,ICMP_FLOOD,0.92307675,False
RUN_030,2026-10-03 20:58:23,SYN_FLOOD,SYN_FLOOD,0.97198755,True
RUN_030,2026-10-03 20:58:24,SYN_FLOOD,SYN_FLOOD,0.98626304,True
RUN_030,2026-10-03 20:58:25,SYN_FLOOD,SYN_FLOOD,0.9319234,True
RUN_030,2026-10-03 20:58:26,SYN_FLOOD,SYN_FLOOD,0.9922414,True
RUN_030,2026-10-03 20:58:27,SYN_FLOOD,SYN_FLOOD,0.9967164,True
RUN_030,2026-10-03 20:58:28,SYN_FLOOD,SYN_FLOOD,0.9970492,True
RUN_030,2026-10-03 20:58:29,SYN_FLOOD,SYN_FLOOD,0.83990276,True
RUN_030,2026-10-03 20:58:30,SYN_FLOOD,SYN_FLOOD,0.73543084,True
RUN_030,2026-10-03 20:58:31,SYN_FLOOD,SYN_FLOOD,0.9676419,True
RUN_030,2026-10-03 20:58:32,SYN_FLOOD,SYN_FLOOD,0.8972186,True
RUN_030,2026-10-03 20:58:33,SYN_FLOOD,SYN_FLOOD,0.6005836,True
RUN_030,2026-10-03 20:58:34,SYN_FLOOD,SYN_FLOOD,0.5519101,True
RUN_030,2026-10-03 20:58:35,SYN_FLOOD,SYN_FLOOD,0.7678491,True
RUN_030,2026-10-03 20:58:36,SYN_FLOOD,SYN_FLOOD,0.65776956,True
RUN_030,2026-10-03 20:58:37,SYN_FLOOD,SYN_FLOOD,0.93836933,True
RUN_030,2026-10-03 20:58:38,SYN_FLOOD,SYN_FLOOD,0.95890886,True
RUN_030,2026-10-03 20:58:39,SYN_FLOOD,SYN_FLOOD,0.99060726,True
RUN_030,2026-10-03 20:58:40,SYN_FLOOD,SYN_FLOOD,0.98944265,True
RUN_030,2026-10-03 20:58:41,SYN_FLOOD,SYN_FLOOD,0.9857661,True
RUN_030,2026-10-03 20:58:42,SYN_FLOOD,SYN_FLOOD,0.993609,True
RUN_030,2026-10-03 20:58:43,SYN_FLOOD,SYN_FLOOD,0.9129737,True
RUN_030,2026-10-03 20:58:44,SYN_FLOOD,SYN_FLOOD,0.99265754,True
RUN_030,2026-10-03 20:58:45,SYN_FLOOD,SYN_FLOOD,0.99627465,True
RUN_030,2026-10-03 20:58:46,SYN_FLOOD,SYN_FLOOD,0.9965949,True
RUN_030,2026-10-03 20:58:47,SYN_FLOOD,SYN_FLOOD,0.93360597,True
RUN_030,2026-10-03 20:58:48,SYN_FLOOD,SYN_FLOOD,0.9229632,True
RUN_030,2026-10-03 20:58:49,SYN_FLOOD,SYN_FLOOD,0.9644224,True
RUN_030,2026-10-03 20:58:50,SYN_FLOOD,SYN_FLOOD,0.989112,True
RUN_030,2026-10-03 20:58:51,SYN_FLOOD,SYN_FLOOD,0.9954151,True
RUN_030,2026-10-03 20:58:52,SYN_FLOOD,SYN_FLOOD,0.9974978,True
RUN_030,2026-10-03 20:58:53,SYN_FLOOD,SYN_FLOOD,0.9970903,True
RUN_030,2026-10-03 20:58:54,SYN_FLOOD,SYN_FLOOD,0.994707,True
RUN_030,2026-10-03 20:58:55,SYN_FLOOD,SYN_FLOOD,0.99791396,True
RUN_030,2026-10-03 20:58:56,SYN_FLOOD,SYN_FLOOD,0.9962164,True
RUN_030,2026-10-03 20:58:57,SYN_FLOOD,SYN_FLOOD,0.99566305,True
RUN_030,2026-10-03 20:58:58,SYN_FLOOD,SYN_FLOOD,0.9971044,True
RUN_030,2026-10-03 20:58:59,SYN_FLOOD,SYN_FLOOD,0.99806243,True
RUN_030,2026-10-03 20:59:00,SYN_FLOOD,SYN_FLOOD,0.99839807,True
RUN_030,2026-10-03 20:59:01,SYN_FLOOD,SYN_FLOOD,0.9978484,True
RUN_030,2026-10-03 20:59:02,SYN_FLOOD,SYN_FLOOD,0.99818003,True
RUN_030,2026-10-03 20:59:03,SYN_FLOOD,SYN_FLOOD,0.99839574,True
RUN_030,2026-10-03 20:59:04,SYN_FLOOD,SYN_FLOOD,0.998738,True
RUN_030,2026-10-03 20:59:05,SYN_FLOOD,SYN_FLOOD,0.9985606,True
RUN_030,2026-10-03 20:59:06,SYN_FLOOD,SYN_FLOOD,0.9959504,True
RUN_030,2026-10-03 20:59:07,SYN_FLOOD,SYN_FLOOD,0.9969772,True
RUN_030,2026-10-03 20:59:08,SYN_FLOOD,SYN_FLOOD,0.9983346,True
RUN_030,2026-10-03 20:59:09,SYN_FLOOD,SYN_FLOOD,0.9973104,True
RUN_030,2026-10-03 20:59:10,SYN_FLOOD,SYN_FLOOD,0.99718535,True
RUN_030,2026-10-03 20:59:11,SYN_FLOOD,SYN_FLOOD,0.9980039,True
RUN_030,2026-10-03 20:59:12,SYN_FLOOD,SYN_FLOOD,0.9972522,True
RUN_030,2026-10-03 20:59:13,SYN_FLOOD,SYN_FLOOD,0.9983792,True
RUN_030,2026-10-03 20:59:14,SYN_FLOOD,SYN_FLOOD,0.9979768,True
RUN_030,2026-10-03 20:59:15,SYN_FLOOD,SYN_FLOOD,0.99858093,True
RUN_030,2026-10-03 20:59:16,SYN_FLOOD,SYN_FLOOD,0.9982467,True
RUN_030,2026-10-03 20:59:17,SYN_FLOOD,SYN_FLOOD,0.9980458,True
RUN_030,2026-10-03 20:59:18,SYN_FLOOD,SYN_FLOOD,0.99828863,True
RUN_030,2026-10-03 20:59:19,SYN_FLOOD,SYN_FLOOD,0.9958787,True
RUN_030,2026-10-03 20:59:20,SYN_FLOOD,SYN_FLOOD,0.9976889,True
RUN_030,2026-10-03 20:59:21,SYN_FLOOD,SYN_FLOOD,0.99806684,True
RUN_030,2026-10-03 20:59:22,SYN_FLOOD,SYN_FLOOD,0.99537396,True
RUN_030,2026-10-03 20:59:23,SYN_FLOOD,SYN_FLOOD,0.9885266,True
RUN_030,2026-10-03 20:59:24,SYN_FLOOD,SYN_FLOOD,0.99840593,True
RUN_030,2026-10-03 20:59:25,SYN_FLOOD,SYN_FLOOD,0.9986165,True
RUN_030,2026-10-03 20:59:26,SYN_FLOOD,SYN_FLOOD,0.9970356,True
RUN_030,2026-10-03 20:59:27,SYN_FLOOD,SYN_FLOOD,0.9984219,True
RUN_030,2026-10-03 20:59:28,SYN_FLOOD,SYN_FLOOD,0.99862987,True
RUN_030,2026-10-03 20:59:29,SYN_FLOOD,SYN_FLOOD,0.99605256,True
RUN_030,2026-10-03 20:59:30,SYN_FLOOD,SYN_FLOOD,0.9977417,True
RUN_030,2026-10-03 20:59:31,SYN_FLOOD,SYN_FLOOD,0.9979528,True
RUN_030,2026-10-03 20:59:32,SYN_FLOOD,SYN_FLOOD,0.99485487,True
RUN_030,2026-10-03 20:59:33,SYN_FLOOD,SYN_FLOOD,0.99826926,True
RUN_030,2026-10-03 20:59:34,SYN_FLOOD,SYN_FLOOD,0.99586934,True
RUN_030,2026-10-03 20:59:35,SYN_FLOOD,SYN_FLOOD,0.99698484,True
RUN_030,2026-10-03 20:59:36,SYN_FLOOD,SYN_FLOOD,0.9822444,True
RUN_030,2026-10-03 20:59:37,SYN_FLOOD,SYN_FLOOD,0.99781823,True
RUN_030,2026-10-03 20:59:38,SYN_FLOOD,SYN_FLOOD,0.9969566,True
RUN_030,2026-10-03 20:59:39,SYN_FLOOD,SYN_FLOOD,0.9964061,True
RUN_030,2026-10-03 20:59:40,SYN_FLOOD,SYN_FLOOD,0.99744606,True
RUN_030,2026-10-03 20:59:41,SYN_FLOOD,SYN_FLOOD,0.9975524,True
RUN_030,2026-10-03 20:59:42,SYN_FLOOD,SYN_FLOOD,0.99817085,True
RUN_030,2026-10-03 20:59:43,SYN_FLOOD,SYN_FLOOD,0.9971293,True
RUN_030,2026-10-03 20:59:44,SYN_FLOOD,SYN_FLOOD,0.9975443,True
RUN_030,2026-10-03 20:59:45,SYN_FLOOD,SYN_FLOOD,0.9966816,True
RUN_030,2026-10-03 20:59:46,SYN_FLOOD,SYN_FLOOD,0.9959529,True
RUN_030,2026-10-03 20:59:47,SYN_FLOOD,SYN_FLOOD,0.95479786,True
RUN_030,2026-10-03 20:59:48,SYN_FLOOD,SYN_FLOOD,0.8658164,True
RUN_030,2026-10-03 20:59:49,SYN_FLOOD,SYN_FLOOD,0.9009571,True
RUN_030,2026-10-03 20:59:50,SYN_FLOOD,ICMP_FLOOD,0.9895676,False
RUN_030,2026-10-03 20:59:51,SYN_FLOOD,ICMP_FLOOD,0.98776025,False
RUN_030,2026-10-03 20:59:52,SYN_FLOOD,ICMP_FLOOD,0.9877097,False
RUN_030,2026-10-03 20:59:53,SYN_FLOOD,ICMP_FLOOD,0.9888958,False
RUN_030,2026-10-03 20:59:54,SYN_FLOOD,ICMP_FLOOD,0.98112506,False
RUN_030,2026-10-03 20:59:55,SYN_FLOOD,ICMP_FLOOD,0.93491906,False
RUN_030,2026-10-03 20:59:56,SYN_FLOOD,ICMP_FLOOD,0.98480135,False
RUN_030,2026-10-03 20:59:57,SYN_FLOOD,ICMP_FLOOD,0.91594076,False
RUN_030,2026-10-03 20:59:58,SYN_FLOOD,ICMP_FLOOD,0.9701659,False
RUN_030,2026-10-03 20:59:59,SYN_FLOOD,ICMP_FLOOD,0.9729787,False
RUN_031,2026-10-03 21:00:00,BENIGN,BENIGN,0.936259,True
RUN_031,2026-10-03 21:00:01,BENIGN,BENIGN,0.9921794,True
RUN_031,2026-10-03 21:00:02,BENIGN,BENIGN,0.9985832,True
RUN_031,2026-10-03 21:00:03,BENIGN,BENIGN,0.9980097,True
RUN_031,2026-10-03 21:00:04,BENIGN,BENIGN,0.99960524,True
RUN_031,2026-10-03 21:00:05,BENIGN,BENIGN,0.99651,True
RUN_031,2026-10-03 21:00:06,BENIGN,BENIGN,0.998732,True
RUN_031,2026-10-03 21:00:07,BENIGN,BENIGN,0.9992775,True
RUN_031,2026-10-03 21:00:08,BENIGN,BENIGN,0.9099061,True
RUN_031,2026-10-03 21:00:09,BENIGN,BENIGN,0.99906355,True
RUN_031,2026-10-03 21:00:10,BENIGN,BENIGN,0.98030746,True
RUN_031,2026-10-03 21:00:11,BENIGN,BENIGN,0.99165744,True
RUN_031,2026-10-03 21:00:12,BENIGN,BENIGN,0.9976939,True
RUN_031,2026-10-03 21:00:13,BENIGN,BENIGN,0.99556714,True
RUN_031,2026-10-03 21:00:14,BENIGN,BENIGN,0.99626625,True
RUN_031,2026-10-03 21:00:15,BENIGN,BENIGN,0.9946973,True
RUN_031,2026-10-03 21:00:16,BENIGN,BENIGN,0.9996296,True
RUN_031,2026-10-03 21:00:17,BENIGN,BENIGN,0.99991065,True
RUN_031,2026-10-03 21:00:18,BENIGN,BENIGN,0.99961334,True
RUN_031,2026-10-03 21:00:19,BENIGN,BENIGN,0.9962919,True
RUN_031,2026-10-03 21:00:20,BENIGN,BENIGN,0.99776495,True
RUN_031,2026-10-03 21:00:21,BENIGN,BENIGN,0.99964464,True
RUN_031,2026-10-03 21:00:22,BENIGN,BENIGN,0.8612201,True
RUN_031,2026-10-03 21:00:23,BENIGN,BENIGN,0.98310995,True
RUN_031,2026-10-03 21:00:24,BENIGN,BENIGN,0.99738324,True
RUN_031,2026-10-03 21:00:25,BENIGN,BENIGN,0.9997377,True
RUN_031,2026-10-03 21:00:26,BENIGN,BENIGN,0.9991573,True
RUN_031,2026-10-03 21:00:27,BENIGN,BENIGN,0.9978132,True
RUN_031,2026-10-03 21:00:28,BENIGN,BENIGN,0.9998397,True
RUN_031,2026-10-03 21:00:29,BENIGN,BENIGN,0.99985045,True
RUN_031,2026-10-03 21:00:30,BENIGN,BENIGN,0.9929962,True
RUN_031,2026-10-03 21:00:31,BENIGN,BENIGN,0.99868816,True
RUN_031,2026-10-03 21:00:32,BENIGN,BENIGN,0.998713,True
RUN_031,2026-10-03 21:00:33,BENIGN,BENIGN,0.9858338,True
RUN_031,2026-10-03 21:00:34,BENIGN,BENIGN,0.9997629,True
RUN_031,2026-10-03 21:00:35,BENIGN,BENIGN,0.98918074,True
RUN_031,2026-10-03 21:00:36,BENIGN,BENIGN,0.99464715,True
RUN_031,2026-10-03 21:00:37,BENIGN,BENIGN,0.9921206,True
RUN_031,2026-10-03 21:00:38,BENIGN,BENIGN,0.9966546,True
RUN_031,2026-10-03 21:00:39,BENIGN,BENIGN,0.99856466,True
RUN_031,2026-10-03 21:00:40,BENIGN,BENIGN,0.99936575,True
RUN_031,2026-10-03 21:00:41,BENIGN,BENIGN,0.99962616,True
RUN_031,2026-10-03 21:00:42,BENIGN,BENIGN,0.9997705,True
RUN_031,2026-10-03 21:00:43,BENIGN,BENIGN,0.9993267,True
RUN_031,2026-10-03 21:00:44,BENIGN,BENIGN,0.9997905,True
RUN_031,2026-10-03 21:00:45,BENIGN,BENIGN,0.99920726,True
RUN_031,2026-10-03 21:00:46,BENIGN,BENIGN,0.9996444,True
RUN_031,2026-10-03 21:00:47,BENIGN,BENIGN,0.9995607,True
RUN_031,2026-10-03 21:00:48,BENIGN,BENIGN,0.99857754,True
RUN_031,2026-10-03 21:00:49,BENIGN,BENIGN,0.9991651,True
RUN_031,2026-10-03 21:00:50,BENIGN,BENIGN,0.9998927,True
RUN_031,2026-10-03 21:00:51,BENIGN,BENIGN,0.99995524,True
RUN_031,2026-10-03 21:00:52,BENIGN,BENIGN,0.99988496,True
RUN_031,2026-10-03 21:00:53,BENIGN,BENIGN,0.99879676,True
RUN_031,2026-10-03 21:00:54,BENIGN,BENIGN,0.9997327,True
RUN_031,2026-10-03 21:00:55,BENIGN,BENIGN,0.9910581,True
RUN_031,2026-10-03 21:00:56,BENIGN,BENIGN,0.9871655,True
RUN_031,2026-10-03 21:00:57,BENIGN,BENIGN,0.96474814,True
RUN_031,2026-10-03 21:00:58,BENIGN,BENIGN,0.99815905,True
RUN_031,2026-10-03 21:00:59,BENIGN,BENIGN,0.99961865,True
RUN_031,2026-10-03 21:01:00,BENIGN,BENIGN,0.985955,True
RUN_031,2026-10-03 21:01:01,BENIGN,BENIGN,0.9987203,True
RUN_031,2026-10-03 21:01:02,BENIGN,BENIGN,0.9554182,True
RUN_031,2026-10-03 21:01:03,BENIGN,BENIGN,0.99977845,True
RUN_031,2026-10-03 21:01:04,BENIGN,BENIGN,0.9984044,True
RUN_031,2026-10-03 21:01:05,BENIGN,BENIGN,0.99159026,True
RUN_031,2026-10-03 21:01:06,BENIGN,BENIGN,0.9996425,True
RUN_031,2026-10-03 21:01:07,BENIGN,BENIGN,0.98000944,True
RUN_031,2026-10-03 21:01:08,BENIGN,BENIGN,0.9963948,True
RUN_031,2026-10-03 21:01:09,BENIGN,BENIGN,0.97840756,True
RUN_031,2026-10-03 21:01:10,BENIGN,BENIGN,0.9917232,True
RUN_031,2026-10-03 21:01:11,BENIGN,BENIGN,0.9994094,True
RUN_031,2026-10-03 21:01:12,BENIGN,BENIGN,0.99913645,True
RUN_031,2026-10-03 21:01:13,BENIGN,BENIGN,0.99921083,True
RUN_031,2026-10-03 21:01:14,BENIGN,BENIGN,0.9991761,True
RUN_031,2026-10-03 21:01:15,BENIGN,BENIGN,0.99876535,True
RUN_031,2026-10-03 21:01:16,BENIGN,BENIGN,0.99032336,True
RUN_031,2026-10-03 21:01:17,BENIGN,BENIGN,0.99899954,True
RUN_031,2026-10-03 21:01:18,BENIGN,BENIGN,0.99987996,True
RUN_031,2026-10-03 21:01:19,BENIGN,BENIGN,0.99975777,True
RUN_031,2026-10-03 21:01:20,BENIGN,BENIGN,0.9998708,True
RUN_031,2026-10-03 21:01:21,BENIGN,BENIGN,0.9817384,True
RUN_031,2026-10-03 21:01:22,BENIGN,BENIGN,0.99994385,True
RUN_031,2026-10-03 21:01:23,BENIGN,BENIGN,0.9997249,True
RUN_031,2026-10-03 21:01:24,BENIGN,BENIGN,0.9978967,True
RUN_031,2026-10-03 21:01:25,BENIGN,BENIGN,0.9950846,True
RUN_031,2026-10-03 21:01:26,BENIGN,BENIGN,0.9943011,True
RUN_031,2026-10-03 21:01:27,BENIGN,BENIGN,0.99464893,True
RUN_031,2026-10-03 21:01:28,BENIGN,BENIGN,0.98866487,True
RUN_031,2026-10-03 21:01:29,BENIGN,BENIGN,0.9994884,True
RUN_031,2026-10-03 21:01:30,BENIGN,BENIGN,0.9903779,True
RUN_031,2026-10-03 21:01:31,BENIGN,BENIGN,0.9995424,True
RUN_031,2026-10-03 21:01:32,BENIGN,BENIGN,0.9884187,True
RUN_031,2026-10-03 21:01:33,BENIGN,BENIGN,0.9761537,True
RUN_031,2026-10-03 21:01:34,BENIGN,BENIGN,0.9981377,True
RUN_031,2026-10-03 21:01:35,BENIGN,BENIGN,0.96402335,True
RUN_031,2026-10-03 21:01:36,BENIGN,BENIGN,0.9985561,True
RUN_031,2026-10-03 21:01:37,BENIGN,BENIGN,0.9972729,True
RUN_031,2026-10-03 21:01:38,BENIGN,BENIGN,0.99208003,True
RUN_031,2026-10-03 21:01:39,BENIGN,BENIGN,0.9998205,True
RUN_031,2026-10-03 21:01:40,BENIGN,BENIGN,0.9843676,True
RUN_031,2026-10-03 21:01:41,BENIGN,BENIGN,0.9998721,True
RUN_031,2026-10-03 21:01:42,BENIGN,BENIGN,0.9983647,True
RUN_031,2026-10-03 21:01:43,BENIGN,BENIGN,0.99966484,True
RUN_031,2026-10-03 21:01:44,BENIGN,BENIGN,0.9963595,True
RUN_031,2026-10-03 21:01:45,BENIGN,BENIGN,0.99866235,True
RUN_031,2026-10-03 21:01:46,BENIGN,BENIGN,0.99973375,True
RUN_031,2026-10-03 21:01:47,BENIGN,BENIGN,0.9991379,True
RUN_031,2026-10-03 21:01:48,BENIGN,BENIGN,0.9966564,True
RUN_031,2026-10-03 21:01:49,BENIGN,BENIGN,0.9999236,True
RUN_031,2026-10-03 21:01:50,BENIGN,BENIGN,0.9998071,True
RUN_031,2026-10-03 21:01:51,BENIGN,BENIGN,0.9071723,True
RUN_031,2026-10-03 21:01:52,BENIGN,BENIGN,0.97589236,True
RUN_031,2026-10-03 21:01:53,BENIGN,BENIGN,0.9995198,True
RUN_031,2026-10-03 21:01:54,BENIGN,BENIGN,0.9929466,True
RUN_031,2026-10-03 21:01:55,BENIGN,BENIGN,0.9849337,True
RUN_031,2026-10-03 21:01:56,BENIGN,BENIGN,0.9361413,True
RUN_031,2026-10-03 21:01:57,BENIGN,BENIGN,0.9950598,True
RUN_031,2026-10-03 21:01:58,BENIGN,BENIGN,0.9874689,True
RUN_031,2026-10-03 21:01:59,BENIGN,BENIGN,0.99297523,True
RUN_032,2026-10-03 21:02:00,BENIGN,BENIGN,0.96319497,True
RUN_032,2026-10-03 21:02:01,BENIGN,BENIGN,0.9779445,True
RUN_032,2026-10-03 21:02:02,BENIGN,BENIGN,0.99572974,True
RUN_032,2026-10-03 21:02:03,BENIGN,BENIGN,0.99900335,True
RUN_032,2026-10-03 21:02:04,BENIGN,BENIGN,0.99985975,True
RUN_032,2026-10-03 21:02:05,BENIGN,BENIGN,0.99971384,True
RUN_032,2026-10-03 21:02:06,BENIGN,BENIGN,0.9991498,True
RUN_032,2026-10-03 21:02:07,BENIGN,BENIGN,0.995535,True
RUN_032,2026-10-03 21:02:08,BENIGN,BENIGN,0.9976979,True
RUN_032,2026-10-03 21:02:09,BENIGN,BENIGN,0.9987047,True
RUN_032,2026-10-03 21:02:10,BENIGN,BENIGN,0.99726975,True
RUN_032,2026-10-03 21:02:11,BENIGN,BENIGN,0.9844505,True
RUN_032,2026-10-03 21:02:12,BENIGN,BENIGN,0.9977517,True
RUN_032,2026-10-03 21:02:13,BENIGN,BENIGN,0.9970534,True
RUN_032,2026-10-03 21:02:14,BENIGN,BENIGN,0.9991049,True
RUN_032,2026-10-03 21:02:15,BENIGN,BENIGN,0.9972203,True
RUN_032,2026-10-03 21:02:16,BENIGN,BENIGN,0.9993967,True
RUN_032,2026-10-03 21:02:17,BENIGN,BENIGN,0.99969804,True
RUN_032,2026-10-03 21:02:18,BENIGN,BENIGN,0.999855,True
RUN_032,2026-10-03 21:02:19,BENIGN,BENIGN,0.9996597,True
RUN_032,2026-10-03 21:02:20,BENIGN,BENIGN,0.9994017,True
RUN_032,2026-10-03 21:02:21,BENIGN,BENIGN,0.99959296,True
RUN_032,2026-10-03 21:02:22,BENIGN,BENIGN,0.99927473,True
RUN_032,2026-10-03 21:02:23,BENIGN,BENIGN,0.9995016,True
RUN_032,2026-10-03 21:02:24,BENIGN,BENIGN,0.9996289,True
RUN_032,2026-10-03 21:02:25,BENIGN,BENIGN,0.99662447,True
RUN_032,2026-10-03 21:02:26,BENIGN,BENIGN,0.9994426,True
RUN_032,2026-10-03 21:02:27,BENIGN,BENIGN,0.99201596,True
RUN_032,2026-10-03 21:02:28,BENIGN,BENIGN,0.9986822,True
RUN_032,2026-10-03 21:02:29,BENIGN,BENIGN,0.9984928,True
RUN_032,2026-10-03 21:02:30,BENIGN,BENIGN,0.9944227,True
RUN_032,2026-10-03 21:02:31,BENIGN,BENIGN,0.99846923,True
RUN_032,2026-10-03 21:02:32,BENIGN,BENIGN,0.9988383,True
RUN_032,2026-10-03 21:02:33,BENIGN,BENIGN,0.99857575,True
RUN_032,2026-10-03 21:02:34,BENIGN,BENIGN,0.99685526,True
RUN_032,2026-10-03 21:02:35,BENIGN,BENIGN,0.9976729,True
RUN_032,2026-10-03 21:02:36,BENIGN,BENIGN,0.995741,True
RUN_032,2026-10-03 21:02:37,BENIGN,BENIGN,0.9960909,True
RUN_032,2026-10-03 21:02:38,BENIGN,BENIGN,0.9991855,True
RUN_032,2026-10-03 21:02:39,BENIGN,BENIGN,0.9970838,True
RUN_032,2026-10-03 21:02:40,BENIGN,BENIGN,0.99843127,True
RUN_032,2026-10-03 21:02:41,BENIGN,BENIGN,0.99871445,True
RUN_032,2026-10-03 21:02:42,BENIGN,BENIGN,0.9995299,True
RUN_032,2026-10-03 21:02:43,BENIGN,BENIGN,0.99875456,True
RUN_032,2026-10-03 21:02:44,BENIGN,BENIGN,0.9998351,True
RUN_032,2026-10-03 21:02:45,BENIGN,BENIGN,0.99988747,True
RUN_032,2026-10-03 21:02:46,BENIGN,BENIGN,0.9997309,True
RUN_032,2026-10-03 21:02:47,BENIGN,BENIGN,0.9991793,True
RUN_032,2026-10-03 21:02:48,BENIGN,BENIGN,0.9995148,True
RUN_032,2026-10-03 21:02:49,BENIGN,BENIGN,0.9973934,True
RUN_032,2026-10-03 21:02:50,BENIGN,BENIGN,0.9996546,True
RUN_032,2026-10-03 21:02:51,BENIGN,BENIGN,0.99963,True
RUN_032,2026-10-03 21:02:52,BENIGN,BENIGN,0.99984616,True
RUN_032,2026-10-03 21:02:53,BENIGN,BENIGN,0.9998647,True
RUN_032,2026-10-03 21:02:54,BENIGN,BENIGN,0.9840571,True
RUN_032,2026-10-03 21:02:55,BENIGN,BENIGN,0.9978876,True
RUN_032,2026-10-03 21:02:56,BENIGN,BENIGN,0.9998974,True
RUN_032,2026-10-03 21:02:57,BENIGN,BENIGN,0.99964833,True
RUN_032,2026-10-03 21:02:58,BENIGN,BENIGN,0.999809,True
RUN_032,2026-10-03 21:02:59,BENIGN,BENIGN,0.9999467,True
RUN_032,2026-10-03 21:03:00,BENIGN,BENIGN,0.99983615,True
RUN_032,2026-10-03 21:03:01,BENIGN,BENIGN,0.99987626,True
RUN_032,2026-10-03 21:03:02,BENIGN,BENIGN,0.9916571,True
RUN_032,2026-10-03 21:03:03,BENIGN,BENIGN,0.99980426,True
RUN_032,2026-10-03 21:03:04,BENIGN,BENIGN,0.999654,True
RUN_032,2026-10-03 21:03:05,BENIGN,BENIGN,0.99774754,True
RUN_032,2026-10-03 21:03:06,BENIGN,BENIGN,0.9997899,True
RUN_032,2026-10-03 21:03:07,BENIGN,BENIGN,0.99991125,True
RUN_032,2026-10-03 21:03:08,BENIGN,BENIGN,0.9960041,True
RUN_032,2026-10-03 21:03:09,BENIGN,BENIGN,0.99976873,True
RUN_032,2026-10-03 21:03:10,BENIGN,BENIGN,0.99986315,True
RUN_032,2026-10-03 21:03:11,BENIGN,BENIGN,0.9997769,True
RUN_032,2026-10-03 21:03:12,BENIGN,BENIGN,0.9997046,True
RUN_032,2026-10-03 21:03:13,BENIGN,BENIGN,0.999084,True
RUN_032,2026-10-03 21:03:14,BENIGN,BENIGN,0.85061085,True
RUN_032,2026-10-03 21:03:15,BENIGN,BENIGN,0.9964815,True
RUN_032,2026-10-03 21:03:16,BENIGN,BENIGN,0.9993492,True
RUN_032,2026-10-03 21:03:17,BENIGN,BENIGN,0.9985743,True
RUN_032,2026-10-03 21:03:18,BENIGN,BENIGN,0.9982159,True
RUN_032,2026-10-03 21:03:19,BENIGN,BENIGN,0.99983555,True
RUN_032,2026-10-03 21:03:20,BENIGN,BENIGN,0.9995888,True
RUN_032,2026-10-03 21:03:21,BENIGN,BENIGN,0.9998408,True
RUN_032,2026-10-03 21:03:22,BENIGN,BENIGN,0.9992252,True
RUN_032,2026-10-03 21:03:23,BENIGN,BENIGN,0.99969316,True
RUN_032,2026-10-03 21:03:24,BENIGN,BENIGN,0.99925697,True
RUN_032,2026-10-03 21:03:25,BENIGN,BENIGN,0.9995192,True
RUN_032,2026-10-03 21:03:26,BENIGN,BENIGN,0.998311,True
RUN_032,2026-10-03 21:03:27,BENIGN,BENIGN,0.9992039,True
RUN_032,2026-10-03 21:03:28,BENIGN,BENIGN,0.9997229,True
RUN_032,2026-10-03 21:03:29,BENIGN,BENIGN,0.99984854,True
RUN_032,2026-10-03 21:03:30,BENIGN,BENIGN,0.99907815,True
RUN_032,2026-10-03 21:03:31,BENIGN,BENIGN,0.9999084,True
RUN_032,2026-10-03 21:03:32,BENIGN,BENIGN,0.9998237,True
RUN_032,2026-10-03 21:03:33,BENIGN,BENIGN,0.99960655,True
RUN_032,2026-10-03 21:03:34,BENIGN,BENIGN,0.9988276,True
RUN_032,2026-10-03 21:03:35,BENIGN,BENIGN,0.9984201,True
RUN_032,2026-10-03 21:03:36,BENIGN,BENIGN,0.998761,True
RUN_032,2026-10-03 21:03:37,BENIGN,BENIGN,0.99958014,True
RUN_032,2026-10-03 21:03:38,BENIGN,BENIGN,0.99968636,True
RUN_032,2026-10-03 21:03:39,BENIGN,BENIGN,0.9991535,True
RUN_032,2026-10-03 21:03:40,BENIGN,BENIGN,0.9996816,True
RUN_032,2026-10-03 21:03:41,BENIGN,BENIGN,0.99970114,True
RUN_032,2026-10-03 21:03:42,BENIGN,BENIGN,0.99959606,True
RUN_032,2026-10-03 21:03:43,BENIGN,BENIGN,0.99862295,True
RUN_032,2026-10-03 21:03:44,BENIGN,BENIGN,0.9972249,True
RUN_032,2026-10-03 21:03:45,BENIGN,BENIGN,0.9996751,True
RUN_032,2026-10-03 21:03:46,BENIGN,BENIGN,0.9975375,True
RUN_032,2026-10-03 21:03:47,BENIGN,BENIGN,0.99985045,True
RUN_032,2026-10-03 21:03:48,BENIGN,BENIGN,0.9987041,True
RUN_032,2026-10-03 21:03:49,BENIGN,BENIGN,0.99851257,True
RUN_032,2026-10-03 21:03:50,BENIGN,BENIGN,0.9988075,True
RUN_032,2026-10-03 21:03:51,BENIGN,BENIGN,0.9994544,True
RUN_032,2026-10-03 21:03:52,BENIGN,BENIGN,0.9999208,True
RUN_032,2026-10-03 21:03:53,BENIGN,BENIGN,0.99964607,True
RUN_032,2026-10-03 21:03:54,BENIGN,BENIGN,0.9999011,True
RUN_032,2026-10-03 21:03:55,BENIGN,BENIGN,0.9999397,True
RUN_032,2026-10-03 21:03:56,BENIGN,BENIGN,0.99990064,True
RUN_032,2026-10-03 21:03:57,BENIGN,BENIGN,0.99965507,True
RUN_032,2026-10-03 21:03:58,BENIGN,BENIGN,0.99990803,True
RUN_032,2026-10-03 21:03:59,BENIGN,BENIGN,0.999796,True
RUN_037,2026-10-03 21:12:00,UDP_FLOOD,UDP_FLOOD,0.99995846,True
RUN_037,2026-10-03 21:12:01,UDP_FLOOD,UDP_FLOOD,0.99991065,True
RUN_037,2026-10-03 21:12:02,UDP_FLOOD,UDP_FLOOD,0.9999275,True
RUN_037,2026-10-03 21:12:03,UDP_FLOOD,UDP_FLOOD,0.9999561,True
RUN_037,2026-10-03 21:12:04,UDP_FLOOD,UDP_FLOOD,0.9999864,True
RUN_037,2026-10-03 21:12:05,UDP_FLOOD,UDP_FLOOD,0.99998796,True
RUN_037,2026-10-03 21:12:06,UDP_FLOOD,UDP_FLOOD,0.9999881,True
RUN_037,2026-10-03 21:12:07,UDP_FLOOD,UDP_FLOOD,0.9999856,True
RUN_037,2026-10-03 21:12:08,UDP_FLOOD,UDP_FLOOD,0.99998844,True
RUN_037,2026-10-03 21:12:09,UDP_FLOOD,UDP_FLOOD,0.99998903,True
RUN_037,2026-10-03 21:12:10,UDP_FLOOD,UDP_FLOOD,0.9999856,True
RUN_037,2026-10-03 21:12:11,UDP_FLOOD,UDP_FLOOD,0.99998856,True
RUN_037,2026-10-03 21:12:12,UDP_FLOOD,UDP_FLOOD,0.9999888,True
RUN_037,2026-10-03 21:12:13,UDP_FLOOD,UDP_FLOOD,0.99998856,True
RUN_037,2026-10-03 21:12:14,UDP_FLOOD,UDP_FLOOD,0.9999883,True
RUN_037,2026-10-03 21:12:15,UDP_FLOOD,UDP_FLOOD,0.9999894,True
RUN_037,2026-10-03 21:12:16,UDP_FLOOD,UDP_FLOOD,0.9999901,True
RUN_037,2026-10-03 21:12:17,UDP_FLOOD,UDP_FLOOD,0.9999894,True
RUN_037,2026-10-03 21:12:18,UDP_FLOOD,UDP_FLOOD,0.9999912,True
RUN_037,2026-10-03 21:12:19,UDP_FLOOD,UDP_FLOOD,0.99998987,True
RUN_037,2026-10-03 21:12:20,UDP_FLOOD,UDP_FLOOD,0.99998534,True
RUN_037,2026-10-03 21:12:21,UDP_FLOOD,UDP_FLOOD,0.99998903,True
RUN_037,2026-10-03 21:12:22,UDP_FLOOD,UDP_FLOOD,0.99999094,True
RUN_037,2026-10-03 21:12:23,UDP_FLOOD,UDP_FLOOD,0.99997383,True
RUN_037,2026-10-03 21:12:24,UDP_FLOOD,UDP_FLOOD,0.99998903,True
RUN_037,2026-10-03 21:12:25,UDP_FLOOD,UDP_FLOOD,0.9999856,True
RUN_037,2026-10-03 21:12:26,UDP_FLOOD,UDP_FLOOD,0.9999736,True
RUN_037,2026-10-03 21:12:27,UDP_FLOOD,UDP_FLOOD,0.99998534,True
RUN_037,2026-10-03 21:12:28,UDP_FLOOD,UDP_FLOOD,0.99998015,True
RUN_037,2026-10-03 21:12:29,UDP_FLOOD,UDP_FLOOD,0.99998385,True
RUN_037,2026-10-03 21:12:30,UDP_FLOOD,UDP_FLOOD,0.99998313,True
RUN_037,2026-10-03 21:12:31,UDP_FLOOD,UDP_FLOOD,0.99997824,True
RUN_037,2026-10-03 21:12:32,UDP_FLOOD,UDP_FLOOD,0.9999876,True
RUN_037,2026-10-03 21:12:33,UDP_FLOOD,UDP_FLOOD,0.9999926,True
RUN_037,2026-10-03 21:12:34,UDP_FLOOD,UDP_FLOOD,0.9999944,True
RUN_037,2026-10-03 21:12:35,UDP_FLOOD,UDP_FLOOD,0.9999938,True
RUN_037,2026-10-03 21:12:36,UDP_FLOOD,UDP_FLOOD,0.99999225,True
RUN_037,2026-10-03 21:12:37,UDP_FLOOD,UDP_FLOOD,0.9999862,True
RUN_037,2026-10-03 21:12:38,UDP_FLOOD,UDP_FLOOD,0.9999906,True
RUN_037,2026-10-03 21:12:39,UDP_FLOOD,UDP_FLOOD,0.99999094,True
RUN_037,2026-10-03 21:12:40,UDP_FLOOD,UDP_FLOOD,0.9999912,True
RUN_037,2026-10-03 21:12:41,UDP_FLOOD,UDP_FLOOD,0.9999913,True
RUN_037,2026-10-03 21:12:42,UDP_FLOOD,UDP_FLOOD,0.99999046,True
RUN_037,2026-10-03 21:12:43,UDP_FLOOD,UDP_FLOOD,0.9999919,True
RUN_037,2026-10-03 21:12:44,UDP_FLOOD,UDP_FLOOD,0.99998987,True
RUN_037,2026-10-03 21:12:45,UDP_FLOOD,UDP_FLOOD,0.9999902,True
RUN_037,2026-10-03 21:12:46,UDP_FLOOD,UDP_FLOOD,0.99998844,True
RUN_037,2026-10-03 21:12:47,UDP_FLOOD,UDP_FLOOD,0.9999869,True
RUN_037,2026-10-03 21:12:48,UDP_FLOOD,UDP_FLOOD,0.99998397,True
RUN_037,2026-10-03 21:12:49,UDP_FLOOD,UDP_FLOOD,0.999978,True
RUN_037,2026-10-03 21:12:50,UDP_FLOOD,UDP_FLOOD,0.99997884,True
RUN_037,2026-10-03 21:12:51,UDP_FLOOD,UDP_FLOOD,0.99997896,True
RUN_037,2026-10-03 21:12:52,UDP_FLOOD,UDP_FLOOD,0.9999587,True
RUN_037,2026-10-03 21:12:53,UDP_FLOOD,UDP_FLOOD,0.99996465,True
RUN_037,2026-10-03 21:12:54,UDP_FLOOD,UDP_FLOOD,0.9999624,True
RUN_037,2026-10-03 21:12:55,UDP_FLOOD,UDP_FLOOD,0.9999772,True
RUN_037,2026-10-03 21:12:56,UDP_FLOOD,UDP_FLOOD,0.99997693,True
RUN_037,2026-10-03 21:12:57,UDP_FLOOD,UDP_FLOOD,0.999975,True
RUN_037,2026-10-03 21:12:58,UDP_FLOOD,UDP_FLOOD,0.9999096,True
RUN_037,2026-10-03 21:12:59,UDP_FLOOD,UDP_FLOOD,0.99993396,True
RUN_037,2026-10-03 21:13:00,UDP_FLOOD,UDP_FLOOD,0.9990841,True
RUN_037,2026-10-03 21:13:01,UDP_FLOOD,UDP_FLOOD,0.99978715,True
RUN_037,2026-10-03 21:13:02,UDP_FLOOD,UDP_FLOOD,0.9999367,True
RUN_037,2026-10-03 21:13:03,UDP_FLOOD,UDP_FLOOD,0.9999378,True
RUN_037,2026-10-03 21:13:04,UDP_FLOOD,UDP_FLOOD,0.9999028,True
RUN_037,2026-10-03 21:13:05,UDP_FLOOD,UDP_FLOOD,0.9998937,True
RUN_037,2026-10-03 21:13:06,UDP_FLOOD,UDP_FLOOD,0.9999443,True
RUN_037,2026-10-03 21:13:07,UDP_FLOOD,UDP_FLOOD,0.999957,True
RUN_037,2026-10-03 21:13:08,UDP_FLOOD,UDP_FLOOD,0.99997336,True
RUN_037,2026-10-03 21:13:09,UDP_FLOOD,UDP_FLOOD,0.9999657,True
RUN_037,2026-10-03 21:13:10,UDP_FLOOD,UDP_FLOOD,0.9999724,True
RUN_037,2026-10-03 21:13:11,UDP_FLOOD,UDP_FLOOD,0.99997884,True
RUN_037,2026-10-03 21:13:12,UDP_FLOOD,UDP_FLOOD,0.99997264,True
RUN_037,2026-10-03 21:13:13,UDP_FLOOD,UDP_FLOOD,0.9999601,True
RUN_037,2026-10-03 21:13:14,UDP_FLOOD,UDP_FLOOD,0.9999725,True
RUN_037,2026-10-03 21:13:15,UDP_FLOOD,UDP_FLOOD,0.9999766,True
RUN_037,2026-10-03 21:13:16,UDP_FLOOD,UDP_FLOOD,0.9999515,True
RUN_037,2026-10-03 21:13:17,UDP_FLOOD,UDP_FLOOD,0.99992704,True
RUN_037,2026-10-03 21:13:18,UDP_FLOOD,UDP_FLOOD,0.9999625,True
RUN_037,2026-10-03 21:13:19,UDP_FLOOD,UDP_FLOOD,0.99998146,True
RUN_037,2026-10-03 21:13:20,UDP_FLOOD,UDP_FLOOD,0.9999743,True
RUN_037,2026-10-03 21:13:21,UDP_FLOOD,UDP_FLOOD,0.9999823,True
RUN_037,2026-10-03 21:13:22,UDP_FLOOD,UDP_FLOOD,0.99996907,True
RUN_037,2026-10-03 21:13:23,UDP_FLOOD,UDP_FLOOD,0.99997836,True
RUN_037,2026-10-03 21:13:24,UDP_FLOOD,UDP_FLOOD,0.99997884,True
RUN_037,2026-10-03 21:13:25,UDP_FLOOD,UDP_FLOOD,0.9999774,True
RUN_037,2026-10-03 21:13:26,UDP_FLOOD,UDP_FLOOD,0.99998385,True
RUN_037,2026-10-03 21:13:27,UDP_FLOOD,UDP_FLOOD,0.99997455,True
RUN_037,2026-10-03 21:13:28,UDP_FLOOD,UDP_FLOOD,0.99994934,True
RUN_037,2026-10-03 21:13:29,UDP_FLOOD,UDP_FLOOD,0.99997085,True
RUN_037,2026-10-03 21:13:30,UDP_FLOOD,UDP_FLOOD,0.9999675,True
RUN_037,2026-10-03 21:13:31,UDP_FLOOD,UDP_FLOOD,0.9999772,True
RUN_037,2026-10-03 21:13:32,UDP_FLOOD,UDP_FLOOD,0.9999847,True
RUN_037,2026-10-03 21:13:33,UDP_FLOOD,UDP_FLOOD,0.9999841,True
RUN_037,2026-10-03 21:13:34,UDP_FLOOD,UDP_FLOOD,0.9999896,True
RUN_037,2026-10-03 21:13:35,UDP_FLOOD,UDP_FLOOD,0.99998665,True
RUN_037,2026-10-03 21:13:36,UDP_FLOOD,UDP_FLOOD,0.9999851,True
RUN_037,2026-10-03 21:13:37,UDP_FLOOD,UDP_FLOOD,0.99998605,True
RUN_037,2026-10-03 21:13:38,UDP_FLOOD,UDP_FLOOD,0.99998903,True
RUN_037,2026-10-03 21:13:39,UDP_FLOOD,UDP_FLOOD,0.9999893,True
RUN_037,2026-10-03 21:13:40,UDP_FLOOD,UDP_FLOOD,0.99999094,True
RUN_037,2026-10-03 21:13:41,UDP_FLOOD,UDP_FLOOD,0.99998975,True
RUN_037,2026-10-03 21:13:42,UDP_FLOOD,UDP_FLOOD,0.99999154,True
RUN_037,2026-10-03 21:13:43,UDP_FLOOD,UDP_FLOOD,0.9999856,True
RUN_037,2026-10-03 21:13:44,UDP_FLOOD,UDP_FLOOD,0.9999858,True
RUN_037,2026-10-03 21:13:45,UDP_FLOOD,UDP_FLOOD,0.99999034,True
RUN_037,2026-10-03 21:13:46,UDP_FLOOD,UDP_FLOOD,0.99998665,True
RUN_037,2026-10-03 21:13:47,UDP_FLOOD,UDP_FLOOD,0.9999893,True
RUN_037,2026-10-03 21:13:48,UDP_FLOOD,UDP_FLOOD,0.9999894,True
RUN_037,2026-10-03 21:13:49,UDP_FLOOD,UDP_FLOOD,0.99998134,True
RUN_037,2026-10-03 21:13:50,UDP_FLOOD,UDP_FLOOD,0.99999356,True
RUN_037,2026-10-03 21:13:51,UDP_FLOOD,UDP_FLOOD,0.9999938,True
RUN_037,2026-10-03 21:13:52,UDP_FLOOD,UDP_FLOOD,0.99999034,True
RUN_037,2026-10-03 21:13:53,UDP_FLOOD,UDP_FLOOD,0.99988675,True
RUN_037,2026-10-03 21:13:54,UDP_FLOOD,UDP_FLOOD,0.99998736,True
RUN_037,2026-10-03 21:13:55,UDP_FLOOD,UDP_FLOOD,0.9999876,True
RUN_037,2026-10-03 21:13:56,UDP_FLOOD,UDP_FLOOD,0.99963593,True
RUN_037,2026-10-03 21:13:57,UDP_FLOOD,UDP_FLOOD,0.9999883,True
RUN_037,2026-10-03 21:13:58,UDP_FLOOD,UDP_FLOOD,0.9999877,True
RUN_037,2026-10-03 21:13:59,UDP_FLOOD,UDP_FLOOD,0.9999828,True
RUN_046,2026-10-03 21:30:00,BENIGN,BENIGN,0.99179804,True
RUN_046,2026-10-03 21:30:01,BENIGN,BENIGN,0.9906176,True
RUN_046,2026-10-03 21:30:02,BENIGN,BENIGN,0.9994998,True
RUN_046,2026-10-03 21:30:03,BENIGN,BENIGN,0.99978346,True
RUN_046,2026-10-03 21:30:04,BENIGN,BENIGN,0.9990552,True
RUN_046,2026-10-03 21:30:05,BENIGN,BENIGN,0.9999177,True
RUN_046,2026-10-03 21:30:06,BENIGN,BENIGN,0.9999436,True
RUN_046,2026-10-03 21:30:07,BENIGN,BENIGN,0.99993265,True
RUN_046,2026-10-03 21:30:08,BENIGN,BENIGN,0.9999461,True
RUN_046,2026-10-03 21:30:09,BENIGN,BENIGN,0.9999569,True
RUN_046,2026-10-03 21:30:10,BENIGN,BENIGN,0.999965,True
RUN_046,2026-10-03 21:30:11,BENIGN,BENIGN,0.99996585,True
RUN_046,2026-10-03 21:30:12,BENIGN,BENIGN,0.9999636,True
RUN_046,2026-10-03 21:30:13,BENIGN,BENIGN,0.99998087,True
RUN_046,2026-10-03 21:30:14,BENIGN,BENIGN,0.9999712,True
RUN_046,2026-10-03 21:30:15,BENIGN,BENIGN,0.99996465,True
RUN_046,2026-10-03 21:30:16,BENIGN,BENIGN,0.9999686,True
RUN_046,2026-10-03 21:30:17,BENIGN,BENIGN,0.9999762,True
RUN_046,2026-10-03 21:30:18,BENIGN,BENIGN,0.9999368,True
RUN_046,2026-10-03 21:30:19,BENIGN,BENIGN,0.9999773,True
RUN_046,2026-10-03 21:30:20,BENIGN,BENIGN,0.9999424,True
RUN_046,2026-10-03 21:30:21,BENIGN,BENIGN,0.99995303,True
RUN_046,2026-10-03 21:30:22,BENIGN,BENIGN,0.99998665,True
RUN_046,2026-10-03 21:30:23,BENIGN,BENIGN,0.99932337,True
RUN_046,2026-10-03 21:30:24,BENIGN,BENIGN,0.99951947,True
RUN_046,2026-10-03 21:30:25,BENIGN,BENIGN,0.9999473,True
RUN_046,2026-10-03 21:30:26,BENIGN,BENIGN,0.99996585,True
RUN_046,2026-10-03 21:30:27,BENIGN,BENIGN,0.99995846,True
RUN_046,2026-10-03 21:30:28,BENIGN,BENIGN,0.99994993,True
RUN_046,2026-10-03 21:30:29,BENIGN,BENIGN,0.9997832,True
RUN_046,2026-10-03 21:30:30,BENIGN,BENIGN,0.99997884,True
RUN_046,2026-10-03 21:30:31,BENIGN,BENIGN,0.99999034,True
RUN_046,2026-10-03 21:30:32,BENIGN,BENIGN,0.9999931,True
RUN_046,2026-10-03 21:30:33,BENIGN,BENIGN,0.9999842,True
RUN_046,2026-10-03 21:30:34,BENIGN,BENIGN,0.9999869,True
RUN_046,2026-10-03 21:30:35,BENIGN,BENIGN,0.9999919,True
RUN_046,2026-10-03 21:30:36,BENIGN,BENIGN,0.99995136,True
RUN_046,2026-10-03 21:30:37,BENIGN,BENIGN,0.9999756,True
RUN_046,2026-10-03 21:30:38,BENIGN,BENIGN,0.9999805,True
RUN_046,2026-10-03 21:30:39,BENIGN,BENIGN,0.99998254,True
RUN_046,2026-10-03 21:30:40,BENIGN,BENIGN,0.9999896,True
RUN_046,2026-10-03 21:30:41,BENIGN,BENIGN,0.999992,True
RUN_046,2026-10-03 21:30:42,BENIGN,BENIGN,0.9999875,True
RUN_046,2026-10-03 21:30:43,BENIGN,BENIGN,0.99998784,True
RUN_046,2026-10-03 21:30:44,BENIGN,BENIGN,0.9999862,True
RUN_046,2026-10-03 21:30:45,BENIGN,BENIGN,0.99998474,True
RUN_046,2026-10-03 21:30:46,BENIGN,BENIGN,0.99997884,True
RUN_046,2026-10-03 21:30:47,BENIGN,BENIGN,0.9999852,True
RUN_046,2026-10-03 21:30:48,BENIGN,BENIGN,0.999987,True
RUN_046,2026-10-03 21:30:49,BENIGN,BENIGN,0.99998015,True
RUN_046,2026-10-03 21:30:50,BENIGN,BENIGN,0.9999816,True
RUN_046,2026-10-03 21:30:51,BENIGN,BENIGN,0.9999761,True
RUN_046,2026-10-03 21:30:52,BENIGN,BENIGN,0.99998015,True
RUN_046,2026-10-03 21:30:53,BENIGN,BENIGN,0.999963,True
RUN_046,2026-10-03 21:30:54,BENIGN,BENIGN,0.99997264,True
RUN_046,2026-10-03 21:30:55,BENIGN,BENIGN,0.99993825,True
RUN_046,2026-10-03 21:30:56,BENIGN,BENIGN,0.9999527,True
RUN_046,2026-10-03 21:30:57,BENIGN,BENIGN,0.99990505,True
RUN_046,2026-10-03 21:30:58,BENIGN,BENIGN,0.9999204,True
RUN_046,2026-10-03 21:30:59,BENIGN,BENIGN,0.9998826,True
RUN_046,2026-10-03 21:31:00,BENIGN,BENIGN,0.999817,True
RUN_046,2026-10-03 21:31:01,BENIGN,BENIGN,0.9998588,True
RUN_046,2026-10-03 21:31:02,BENIGN,BENIGN,0.99738586,True
RUN_046,2026-10-03 21:31:03,BENIGN,BENIGN,0.9982664,True
RUN_046,2026-10-03 21:31:04,BENIGN,BENIGN,0.9998188,True
RUN_046,2026-10-03 21:31:05,BENIGN,BENIGN,0.99986947,True
RUN_046,2026-10-03 21:31:06,BENIGN,BENIGN,0.9998703,True
RUN_046,2026-10-03 21:31:07,BENIGN,BENIGN,0.9998526,True
RUN_046,2026-10-03 21:31:08,BENIGN,BENIGN,0.9998531,True
RUN_046,2026-10-03 21:31:09,BENIGN,BENIGN,0.99987674,True
RUN_046,2026-10-03 21:31:10,BENIGN,BENIGN,0.9998546,True
RUN_046,2026-10-03 21:31:11,BENIGN,BENIGN,0.9999061,True
RUN_046,2026-10-03 21:31:12,BENIGN,BENIGN,0.9999159,True
RUN_046,2026-10-03 21:31:13,BENIGN,BENIGN,0.9999336,True
RUN_046,2026-10-03 21:31:14,BENIGN,BENIGN,0.9999528,True
RUN_046,2026-10-03 21:31:15,BENIGN,BENIGN,0.9999517,True
RUN_046,2026-10-03 21:31:16,BENIGN,BENIGN,0.9999434,True
RUN_046,2026-10-03 21:31:17,BENIGN,BENIGN,0.9999545,True
RUN_046,2026-10-03 21:31:18,BENIGN,BENIGN,0.9999428,True
RUN_046,2026-10-03 21:31:19,BENIGN,BENIGN,0.99994576,True
RUN_046,2026-10-03 21:31:20,BENIGN,BENIGN,0.9999104,True
RUN_046,2026-10-03 21:31:21,BENIGN,BENIGN,0.99992955,True
RUN_046,2026-10-03 21:31:22,BENIGN,BENIGN,0.999896,True
RUN_046,2026-10-03 21:31:23,BENIGN,BENIGN,0.9999097,True
RUN_046,2026-10-03 21:31:24,BENIGN,BENIGN,0.9999291,True
RUN_046,2026-10-03 21:31:25,BENIGN,BENIGN,0.9999249,True
RUN_046,2026-10-03 21:31:26,BENIGN,BENIGN,0.9999336,True
RUN_046,2026-10-03 21:31:27,BENIGN,BENIGN,0.9999428,True
RUN_046,2026-10-03 21:31:28,BENIGN,BENIGN,0.9999555,True
RUN_046,2026-10-03 21:31:29,BENIGN,BENIGN,0.99994516,True
RUN_046,2026-10-03 21:31:30,BENIGN,BENIGN,0.99993646,True
RUN_046,2026-10-03 21:31:31,BENIGN,BENIGN,0.9999564,True
RUN_046,2026-10-03 21:31:32,BENIGN,BENIGN,0.9999268,True
RUN_046,2026-10-03 21:31:33,BENIGN,BENIGN,0.99994326,True
RUN_046,2026-10-03 21:31:34,BENIGN,BENIGN,0.9999292,True
RUN_046,2026-10-03 21:31:35,BENIGN,BENIGN,0.9999617,True
RUN_046,2026-10-03 21:31:36,BENIGN,BENIGN,0.99995077,True
RUN_046,2026-10-03 21:31:37,BENIGN,BENIGN,0.9999605,True
RUN_046,2026-10-03 21:31:38,BENIGN,BENIGN,0.9999766,True
RUN_046,2026-10-03 21:31:39,BENIGN,BENIGN,0.9999761,True
RUN_046,2026-10-03 21:31:40,BENIGN,BENIGN,0.99997526,True
RUN_046,2026-10-03 21:31:41,BENIGN,BENIGN,0.99997956,True
RUN_046,2026-10-03 21:31:42,BENIGN,BENIGN,0.9999843,True
RUN_046,2026-10-03 21:31:43,BENIGN,BENIGN,0.99998844,True
RUN_046,2026-10-03 21:31:44,BENIGN,BENIGN,0.9999865,True
RUN_046,2026-10-03 21:31:45,BENIGN,BENIGN,0.99998736,True
RUN_046,2026-10-03 21:31:46,BENIGN,BENIGN,0.9999818,True
RUN_046,2026-10-03 21:31:47,BENIGN,BENIGN,0.9999836,True
RUN_046,2026-10-03 21:31:48,BENIGN,BENIGN,0.9999822,True
RUN_046,2026-10-03 21:31:49,BENIGN,BENIGN,0.99998915,True
RUN_046,2026-10-03 21:31:50,BENIGN,BENIGN,0.9999862,True
RUN_046,2026-10-03 21:31:51,BENIGN,BENIGN,0.999992,True
RUN_046,2026-10-03 21:31:52,BENIGN,BENIGN,0.9999881,True
RUN_046,2026-10-03 21:31:53,BENIGN,BENIGN,0.99998266,True
RUN_046,2026-10-03 21:31:54,BENIGN,BENIGN,0.99998534,True
RUN_046,2026-10-03 21:31:55,BENIGN,BENIGN,0.99998444,True
RUN_046,2026-10-03 21:31:56,BENIGN,BENIGN,0.9999893,True
RUN_046,2026-10-03 21:31:57,BENIGN,BENIGN,0.9999851,True
RUN_046,2026-10-03 21:31:58,BENIGN,BENIGN,0.9999887,True
RUN_046,2026-10-03 21:31:59,BENIGN,BENIGN,0.99998975,True
RUN_056,2026-10-03 21:50:00,BENIGN,BENIGN,0.91271096,True
RUN_056,2026-10-03 21:50:01,BENIGN,BENIGN,0.9977056,True
RUN_056,2026-10-03 21:50:02,BENIGN,BENIGN,0.9576825,True
RUN_056,2026-10-03 21:50:03,BENIGN,BENIGN,0.9925311,True
RUN_056,2026-10-03 21:50:04,BENIGN,BENIGN,0.97206223,True
RUN_056,2026-10-03 21:50:05,BENIGN,BENIGN,0.9950828,True
RUN_056,2026-10-03 21:50:06,BENIGN,BENIGN,0.99814826,True
RUN_056,2026-10-03 21:50:07,BENIGN,BENIGN,0.9161696,True
RUN_056,2026-10-03 21:50:08,BENIGN,BENIGN,0.99554783,True
RUN_056,2026-10-03 21:50:09,BENIGN,BENIGN,0.89746064,True
RUN_056,2026-10-03 21:50:10,BENIGN,BENIGN,0.9994671,True
RUN_056,2026-10-03 21:50:11,BENIGN,BENIGN,0.9922122,True
RUN_056,2026-10-03 21:50:12,BENIGN,BENIGN,0.98810977,True
RUN_056,2026-10-03 21:50:13,BENIGN,BENIGN,0.9967851,True
RUN_056,2026-10-03 21:50:14,BENIGN,BENIGN,0.9996043,True
RUN_056,2026-10-03 21:50:15,BENIGN,BENIGN,0.9432873,True
RUN_056,2026-10-03 21:50:16,BENIGN,BENIGN,0.9179936,True
RUN_056,2026-10-03 21:50:17,BENIGN,BENIGN,0.9991875,True
RUN_056,2026-10-03 21:50:18,BENIGN,BENIGN,0.99354255,True
RUN_056,2026-10-03 21:50:19,BENIGN,BENIGN,0.9889604,True
RUN_056,2026-10-03 21:50:20,BENIGN,BENIGN,0.99631953,True
RUN_056,2026-10-03 21:50:21,BENIGN,BENIGN,0.99984246,True
RUN_056,2026-10-03 21:50:22,BENIGN,BENIGN,0.9999066,True
RUN_056,2026-10-03 21:50:23,BENIGN,BENIGN,0.9997813,True
RUN_056,2026-10-03 21:50:24,BENIGN,BENIGN,0.9995712,True
RUN_056,2026-10-03 21:50:25,BENIGN,BENIGN,0.99966854,True
RUN_056,2026-10-03 21:50:26,BENIGN,BENIGN,0.9999191,True
RUN_056,2026-10-03 21:50:27,BENIGN,BENIGN,0.98750466,True
RUN_056,2026-10-03 21:50:28,BENIGN,BENIGN,0.829561,True
RUN_056,2026-10-03 21:50:29,BENIGN,BENIGN,0.99738085,True
RUN_056,2026-10-03 21:50:30,BENIGN,BENIGN,0.99836457,True
RUN_056,2026-10-03 21:50:31,BENIGN,BENIGN,0.9976882,True
RUN_056,2026-10-03 21:50:32,BENIGN,BENIGN,0.99462175,True
RUN_056,2026-10-03 21:50:33,BENIGN,BENIGN,0.99962234,True
RUN_056,2026-10-03 21:50:34,BENIGN,BENIGN,0.99983156,True
RUN_056,2026-10-03 21:50:35,BENIGN,BENIGN,0.99873126,True
RUN_056,2026-10-03 21:50:36,BENIGN,BENIGN,0.99953455,True
RUN_056,2026-10-03 21:50:37,BENIGN,BENIGN,0.9988006,True
RUN_056,2026-10-03 21:50:38,BENIGN,BENIGN,0.99956226,True
RUN_056,2026-10-03 21:50:39,BENIGN,BENIGN,0.9998618,True
RUN_056,2026-10-03 21:50:40,BENIGN,BENIGN,0.9991467,True
RUN_056,2026-10-03 21:50:41,BENIGN,BENIGN,0.9997016,True
RUN_056,2026-10-03 21:50:42,BENIGN,BENIGN,0.99892944,True
RUN_056,2026-10-03 21:50:43,BENIGN,BENIGN,0.9995128,True
RUN_056,2026-10-03 21:50:44,BENIGN,BENIGN,0.99973685,True
RUN_056,2026-10-03 21:50:45,BENIGN,BENIGN,0.9989435,True
RUN_056,2026-10-03 21:50:46,BENIGN,BENIGN,0.99891704,True
RUN_056,2026-10-03 21:50:47,BENIGN,BENIGN,0.99938834,True
RUN_056,2026-10-03 21:50:48,BENIGN,BENIGN,0.9998206,True
RUN_056,2026-10-03 21:50:49,BENIGN,BENIGN,0.9998421,True
RUN_056,2026-10-03 21:50:50,BENIGN,BENIGN,0.99986494,True
RUN_056,2026-10-03 21:50:51,BENIGN,BENIGN,0.9991186,True
RUN_056,2026-10-03 21:50:52,BENIGN,BENIGN,0.98939055,True
RUN_056,2026-10-03 21:50:53,BENIGN,BENIGN,0.9951804,True
RUN_056,2026-10-03 21:50:54,BENIGN,BENIGN,0.9985845,True
RUN_056,2026-10-03 21:50:55,BENIGN,BENIGN,0.9988044,True
RUN_056,2026-10-03 21:50:56,BENIGN,BENIGN,0.9978493,True
RUN_056,2026-10-03 21:50:57,BENIGN,BENIGN,0.99952644,True
RUN_056,2026-10-03 21:50:58,BENIGN,BENIGN,0.99990255,True
RUN_056,2026-10-03 21:50:59,BENIGN,BENIGN,0.9997911,True
RUN_056,2026-10-03 21:51:00,BENIGN,BENIGN,0.9999065,True
RUN_056,2026-10-03 21:51:01,BENIGN,BENIGN,0.9994998,True
RUN_056,2026-10-03 21:51:02,BENIGN,BENIGN,0.9998482,True
RUN_056,2026-10-03 21:51:03,BENIGN,BENIGN,0.9997179,True
RUN_056,2026-10-03 21:51:04,BENIGN,BENIGN,0.99987173,True
RUN_056,2026-10-03 21:51:05,BENIGN,BENIGN,0.97220135,True
RUN_056,2026-10-03 21:51:06,BENIGN,BENIGN,0.99970555,True
RUN_056,2026-10-03 21:51:07,BENIGN,BENIGN,0.997635,True
RUN_056,2026-10-03 21:51:08,BENIGN,BENIGN,0.93494105,True
RUN_056,2026-10-03 21:51:09,BENIGN,BENIGN,0.9989801,True
RUN_056,2026-10-03 21:51:10,BENIGN,BENIGN,0.99400425,True
RUN_056,2026-10-03 21:51:11,BENIGN,BENIGN,0.9862362,True
RUN_056,2026-10-03 21:51:12,BENIGN,BENIGN,0.983201,True
RUN_056,2026-10-03 21:51:13,BENIGN,BENIGN,0.98458,True
RUN_056,2026-10-03 21:51:14,BENIGN,BENIGN,0.99807966,True
RUN_056,2026-10-03 21:51:15,BENIGN,BENIGN,0.99867994,True
RUN_056,2026-10-03 21:51:16,BENIGN,BENIGN,0.9981117,True
RUN_056,2026-10-03 21:51:17,BENIGN,BENIGN,0.9864296,True
RUN_056,2026-10-03 21:51:18,BENIGN,BENIGN,0.99426067,True
RUN_056,2026-10-03 21:51:19,BENIGN,BENIGN,0.99971217,True
RUN_056,2026-10-03 21:51:20,BENIGN,BENIGN,0.9928564,True
RUN_056,2026-10-03 21:51:21,BENIGN,BENIGN,0.8705404,True
RUN_056,2026-10-03 21:51:22,BENIGN,BENIGN,0.9841431,True
RUN_056,2026-10-03 21:51:23,BENIGN,BENIGN,0.9997758,True
RUN_056,2026-10-03 21:51:24,BENIGN,BENIGN,0.9995355,True
RUN_056,2026-10-03 21:51:25,BENIGN,BENIGN,0.9987429,True
RUN_056,2026-10-03 21:51:26,BENIGN,SYN_FLOOD,0.83498544,False
RUN_056,2026-10-03 21:51:27,BENIGN,BENIGN,0.99366224,True
RUN_056,2026-10-03 21:51:28,BENIGN,BENIGN,0.9977397,True
RUN_056,2026-10-03 21:51:29,BENIGN,BENIGN,0.98921335,True
RUN_056,2026-10-03 21:51:30,BENIGN,BENIGN,0.9610179,True
RUN_056,2026-10-03 21:51:31,BENIGN,BENIGN,0.99454236,True
RUN_056,2026-10-03 21:51:32,BENIGN,BENIGN,0.9538994,True
RUN_056,2026-10-03 21:51:33,BENIGN,BENIGN,0.97441566,True
RUN_056,2026-10-03 21:51:34,BENIGN,BENIGN,0.8771067,True
RUN_056,2026-10-03 21:51:35,BENIGN,BENIGN,0.99971646,True
RUN_056,2026-10-03 21:51:36,BENIGN,BENIGN,0.9986389,True
RUN_056,2026-10-03 21:51:37,BENIGN,BENIGN,0.9835983,True
RUN_056,2026-10-03 21:51:38,BENIGN,BENIGN,0.9997649,True
RUN_056,2026-10-03 21:51:39,BENIGN,BENIGN,0.9996775,True
RUN_056,2026-10-03 21:51:40,BENIGN,BENIGN,0.98793834,True
RUN_056,2026-10-03 21:51:41,BENIGN,BENIGN,0.8638239,True
RUN_056,2026-10-03 21:51:42,BENIGN,BENIGN,0.92837024,True
RUN_056,2026-10-03 21:51:43,BENIGN,BENIGN,0.99986637,True
RUN_056,2026-10-03 21:51:44,BENIGN,BENIGN,0.99578273,True
RUN_056,2026-10-03 21:51:45,BENIGN,BENIGN,0.9685151,True
RUN_056,2026-10-03 21:51:46,BENIGN,BENIGN,0.9998953,True
RUN_056,2026-10-03 21:51:47,BENIGN,BENIGN,0.99968016,True
RUN_056,2026-10-03 21:51:48,BENIGN,BENIGN,0.9912491,True
RUN_056,2026-10-03 21:51:49,BENIGN,BENIGN,0.9994,True
RUN_056,2026-10-03 21:51:50,BENIGN,BENIGN,0.9998696,True
RUN_056,2026-10-03 21:51:51,BENIGN,BENIGN,0.9998502,True
RUN_056,2026-10-03 21:51:52,BENIGN,BENIGN,0.9995945,True
RUN_056,2026-10-03 21:51:53,BENIGN,BENIGN,0.9998121,True
RUN_056,2026-10-03 21:51:54,BENIGN,BENIGN,0.9995804,True
RUN_056,2026-10-03 21:51:55,BENIGN,SLOWLORIS,0.4558311,False
RUN_056,2026-10-03 21:51:56,BENIGN,BENIGN,0.95803463,True
RUN_056,2026-10-03 21:51:57,BENIGN,BENIGN,0.98423034,True
RUN_056,2026-10-03 21:51:58,BENIGN,BENIGN,0.9821506,True
RUN_056,2026-10-03 21:51:59,BENIGN,BENIGN,0.9864095,True
RUN_057,2026-10-03 21:52:00,BENIGN,SYN_FLOOD,0.5603766,False
RUN_057,2026-10-03 21:52:01,BENIGN,BENIGN,0.9973337,True
RUN_057,2026-10-03 21:52:02,BENIGN,BENIGN,0.9996614,True
RUN_057,2026-10-03 21:52:03,BENIGN,BENIGN,0.99966484,True
RUN_057,2026-10-03 21:52:04,BENIGN,BENIGN,0.99795425,True
RUN_057,2026-10-03 21:52:05,BENIGN,BENIGN,0.9990951,True
RUN_057,2026-10-03 21:52:06,BENIGN,BENIGN,0.9818784,True
RUN_057,2026-10-03 21:52:07,BENIGN,BENIGN,0.9998482,True
RUN_057,2026-10-03 21:52:08,BENIGN,BENIGN,0.9993999,True
RUN_057,2026-10-03 21:52:09,BENIGN,BENIGN,0.9996253,True
RUN_057,2026-10-03 21:52:10,BENIGN,BENIGN,0.9996752,True
RUN_057,2026-10-03 21:52:11,BENIGN,BENIGN,0.9989065,True
RUN_057,2026-10-03 21:52:12,BENIGN,BENIGN,0.99472064,True
RUN_057,2026-10-03 21:52:13,BENIGN,BENIGN,0.99784017,True
RUN_057,2026-10-03 21:52:14,BENIGN,BENIGN,0.99961644,True
RUN_057,2026-10-03 21:52:15,BENIGN,BENIGN,0.9851539,True
RUN_057,2026-10-03 21:52:16,BENIGN,BENIGN,0.9895549,True
RUN_057,2026-10-03 21:52:17,BENIGN,BENIGN,0.9851461,True
RUN_057,2026-10-03 21:52:18,BENIGN,BENIGN,0.9996414,True
RUN_057,2026-10-03 21:52:19,BENIGN,BENIGN,0.9992157,True
RUN_057,2026-10-03 21:52:20,BENIGN,BENIGN,0.99173075,True
RUN_057,2026-10-03 21:52:21,BENIGN,BENIGN,0.9965937,True
RUN_057,2026-10-03 21:52:22,BENIGN,BENIGN,0.9997887,True
RUN_057,2026-10-03 21:52:23,BENIGN,BENIGN,0.9994459,True
RUN_057,2026-10-03 21:52:24,BENIGN,BENIGN,0.9998301,True
RUN_057,2026-10-03 21:52:25,BENIGN,BENIGN,0.9995931,True
RUN_057,2026-10-03 21:52:26,BENIGN,BENIGN,0.9997987,True
RUN_057,2026-10-03 21:52:27,BENIGN,BENIGN,0.99743974,True
RUN_057,2026-10-03 21:52:28,BENIGN,BENIGN,0.99845356,True
RUN_057,2026-10-03 21:52:29,BENIGN,BENIGN,0.9998795,True
RUN_057,2026-10-03 21:52:30,BENIGN,BENIGN,0.9996584,True
RUN_057,2026-10-03 21:52:31,BENIGN,BENIGN,0.9900578,True
RUN_057,2026-10-03 21:52:32,BENIGN,BENIGN,0.9990847,True
RUN_057,2026-10-03 21:52:33,BENIGN,BENIGN,0.990104,True
RUN_057,2026-10-03 21:52:34,BENIGN,BENIGN,0.9767385,True
RUN_057,2026-10-03 21:52:35,BENIGN,BENIGN,0.9796512,True
RUN_057,2026-10-03 21:52:36,BENIGN,BENIGN,0.9847236,True
RUN_057,2026-10-03 21:52:37,BENIGN,BENIGN,0.99802256,True
RUN_057,2026-10-03 21:52:38,BENIGN,BENIGN,0.99592966,True
RUN_057,2026-10-03 21:52:39,BENIGN,BENIGN,0.98624885,True
RUN_057,2026-10-03 21:52:40,BENIGN,BENIGN,0.9868189,True
RUN_057,2026-10-03 21:52:41,BENIGN,BENIGN,0.9974231,True
RUN_057,2026-10-03 21:52:42,BENIGN,BENIGN,0.99816096,True
RUN_057,2026-10-03 21:52:43,BENIGN,BENIGN,0.99921,True
RUN_057,2026-10-03 21:52:44,BENIGN,BENIGN,0.9628349,True
RUN_057,2026-10-03 21:52:45,BENIGN,BENIGN,0.997772,True
RUN_057,2026-10-03 21:52:46,BENIGN,BENIGN,0.9887394,True
RUN_057,2026-10-03 21:52:47,BENIGN,BENIGN,0.99954945,True
RUN_057,2026-10-03 21:52:48,BENIGN,BENIGN,0.99576366,True
RUN_057,2026-10-03 21:52:49,BENIGN,BENIGN,0.9996622,True
RUN_057,2026-10-03 21:52:50,BENIGN,BENIGN,0.99970627,True
RUN_057,2026-10-03 21:52:51,BENIGN,BENIGN,0.99704957,True
RUN_057,2026-10-03 21:52:52,BENIGN,BENIGN,0.99967474,True
RUN_057,2026-10-03 21:52:53,BENIGN,BENIGN,0.9973602,True
RUN_057,2026-10-03 21:52:54,BENIGN,BENIGN,0.99158674,True
RUN_057,2026-10-03 21:52:55,BENIGN,BENIGN,0.9982915,True
RUN_057,2026-10-03 21:52:56,BENIGN,BENIGN,0.9992714,True
RUN_057,2026-10-03 21:52:57,BENIGN,BENIGN,0.9973693,True
RUN_057,2026-10-03 21:52:58,BENIGN,BENIGN,0.9998869,True
RUN_057,2026-10-03 21:52:59,BENIGN,BENIGN,0.999468,True
RUN_057,2026-10-03 21:53:00,BENIGN,BENIGN,0.99574375,True
RUN_057,2026-10-03 21:53:01,BENIGN,BENIGN,0.9990503,True
RUN_057,2026-10-03 21:53:02,BENIGN,BENIGN,0.99983,True
RUN_057,2026-10-03 21:53:03,BENIGN,BENIGN,0.9997218,True
RUN_057,2026-10-03 21:53:04,BENIGN,BENIGN,0.9997561,True
RUN_057,2026-10-03 21:53:05,BENIGN,BENIGN,0.9997731,True
RUN_057,2026-10-03 21:53:06,BENIGN,BENIGN,0.99956167,True
RUN_057,2026-10-03 21:53:07,BENIGN,BENIGN,0.9996834,True
RUN_057,2026-10-03 21:53:08,BENIGN,BENIGN,0.99985033,True
RUN_057,2026-10-03 21:53:09,BENIGN,BENIGN,0.99952364,True
RUN_057,2026-10-03 21:53:10,BENIGN,BENIGN,0.99357826,True
RUN_057,2026-10-03 21:53:11,BENIGN,BENIGN,0.98570013,True
RUN_057,2026-10-03 21:53:12,BENIGN,BENIGN,0.97804743,True
RUN_057,2026-10-03 21:53:13,BENIGN,BENIGN,0.99527514,True
RUN_057,2026-10-03 21:53:14,BENIGN,BENIGN,0.9943625,True
RUN_057,2026-10-03 21:53:15,BENIGN,BENIGN,0.99785876,True
RUN_057,2026-10-03 21:53:16,BENIGN,BENIGN,0.9759582,True
RUN_057,2026-10-03 21:53:17,BENIGN,BENIGN,0.9924145,True
RUN_057,2026-10-03 21:53:18,BENIGN,BENIGN,0.992138,True
RUN_057,2026-10-03 21:53:19,BENIGN,BENIGN,0.9997391,True
RUN_057,2026-10-03 21:53:20,BENIGN,BENIGN,0.9977497,True
RUN_057,2026-10-03 21:53:21,BENIGN,BENIGN,0.9840031,True
RUN_057,2026-10-03 21:53:22,BENIGN,BENIGN,0.9964174,True
RUN_057,2026-10-03 21:53:23,BENIGN,BENIGN,0.9929447,True
RUN_057,2026-10-03 21:53:24,BENIGN,BENIGN,0.9948089,True
RUN_057,2026-10-03 21:53:25,BENIGN,BENIGN,0.998466,True
RUN_057,2026-10-03 21:53:26,BENIGN,BENIGN,0.9998658,True
RUN_057,2026-10-03 21:53:27,BENIGN,BENIGN,0.9199877,True
RUN_057,2026-10-03 21:53:28,BENIGN,BENIGN,0.99689794,True
RUN_057,2026-10-03 21:53:29,BENIGN,BENIGN,0.99985033,True
RUN_057,2026-10-03 21:53:30,BENIGN,BENIGN,0.99899596,True
RUN_057,2026-10-03 21:53:31,BENIGN,BENIGN,0.9989868,True
RUN_057,2026-10-03 21:53:32,BENIGN,BENIGN,0.99962246,True
RUN_057,2026-10-03 21:53:33,BENIGN,BENIGN,0.9986086,True
RUN_057,2026-10-03 21:53:34,BENIGN,BENIGN,0.9993223,True
RUN_057,2026-10-03 21:53:35,BENIGN,BENIGN,0.9992935,True
RUN_057,2026-10-03 21:53:36,BENIGN,BENIGN,0.99994826,True
RUN_057,2026-10-03 21:53:37,BENIGN,BENIGN,0.99939334,True
RUN_057,2026-10-03 21:53:38,BENIGN,BENIGN,0.9746722,True
RUN_057,2026-10-03 21:53:39,BENIGN,BENIGN,0.99776804,True
RUN_057,2026-10-03 21:53:40,BENIGN,BENIGN,0.99960643,True
RUN_057,2026-10-03 21:53:41,BENIGN,BENIGN,0.9994446,True
RUN_057,2026-10-03 21:53:42,BENIGN,BENIGN,0.9972734,True
RUN_057,2026-10-03 21:53:43,BENIGN,BENIGN,0.99992126,True
RUN_057,2026-10-03 21:53:44,BENIGN,BENIGN,0.99940425,True
RUN_057,2026-10-03 21:53:45,BENIGN,BENIGN,0.9990029,True
RUN_057,2026-10-03 21:53:46,BENIGN,BENIGN,0.9973092,True
RUN_057,2026-10-03 21:53:47,BENIGN,BENIGN,0.9992753,True
RUN_057,2026-10-03 21:53:48,BENIGN,BENIGN,0.9987073,True
RUN_057,2026-10-03 21:53:49,BENIGN,BENIGN,0.99950624,True
RUN_057,2026-10-03 21:53:50,BENIGN,BENIGN,0.999836,True
RUN_057,2026-10-03 21:53:51,BENIGN,BENIGN,0.99845773,True
RUN_057,2026-10-03 21:53:52,BENIGN,BENIGN,0.9998496,True
RUN_057,2026-10-03 21:53:53,BENIGN,BENIGN,0.9995944,True
RUN_057,2026-10-03 21:53:54,BENIGN,BENIGN,0.99900913,True
RUN_057,2026-10-03 21:53:55,BENIGN,BENIGN,0.9996769,True
RUN_057,2026-10-03 21:53:56,BENIGN,BENIGN,0.99896,True
RUN_057,2026-10-03 21:53:57,BENIGN,BENIGN,0.99958915,True
RUN_057,2026-10-03 21:53:58,BENIGN,BENIGN,0.9988212,True
RUN_057,2026-10-03 21:53:59,BENIGN,BENIGN,0.9991695,True
RUN_065,2026-10-03 22:08:00,BENIGN,BENIGN,0.82899463,True
RUN_065,2026-10-03 22:08:01,BENIGN,BENIGN,0.99540466,True
RUN_065,2026-10-03 22:08:02,BENIGN,BENIGN,0.9944602,True
RUN_065,2026-10-03 22:08:03,BENIGN,BENIGN,0.9865098,True
RUN_065,2026-10-03 22:08:04,BENIGN,BENIGN,0.9838621,True
RUN_065,2026-10-03 22:08:05,BENIGN,BENIGN,0.9987885,True
RUN_065,2026-10-03 22:08:06,BENIGN,BENIGN,0.7944634,True
RUN_065,2026-10-03 22:08:07,BENIGN,BENIGN,0.9968764,True
RUN_065,2026-10-03 22:08:08,BENIGN,BENIGN,0.9856993,True
RUN_065,2026-10-03 22:08:09,BENIGN,BENIGN,0.99698603,True
RUN_065,2026-10-03 22:08:10,BENIGN,SYN_FLOOD,0.49319616,False
RUN_065,2026-10-03 22:08:11,BENIGN,BENIGN,0.9920836,True
RUN_065,2026-10-03 22:08:12,BENIGN,BENIGN,0.9674678,True
RUN_065,2026-10-03 22:08:13,BENIGN,BENIGN,0.987394,True
RUN_065,2026-10-03 22:08:14,BENIGN,BENIGN,0.9994845,True
RUN_065,2026-10-03 22:08:15,BENIGN,BENIGN,0.99848413,True
RUN_065,2026-10-03 22:08:16,BENIGN,BENIGN,0.9977349,True
RUN_065,2026-10-03 22:08:17,BENIGN,BENIGN,0.9991578,True
RUN_065,2026-10-03 22:08:18,BENIGN,BENIGN,0.9761559,True
RUN_065,2026-10-03 22:08:19,BENIGN,BENIGN,0.9036477,True
RUN_065,2026-10-03 22:08:20,BENIGN,BENIGN,0.99915326,True
RUN_065,2026-10-03 22:08:21,BENIGN,BENIGN,0.9979571,True
RUN_065,2026-10-03 22:08:22,BENIGN,BENIGN,0.9990721,True
RUN_065,2026-10-03 22:08:23,BENIGN,BENIGN,0.9858131,True
RUN_065,2026-10-03 22:08:24,BENIGN,BENIGN,0.9984815,True
RUN_065,2026-10-03 22:08:25,BENIGN,BENIGN,0.9648924,True
RUN_065,2026-10-03 22:08:26,BENIGN,BENIGN,0.9993895,True
RUN_065,2026-10-03 22:08:27,BENIGN,BENIGN,0.9994828,True
RUN_065,2026-10-03 22:08:28,BENIGN,BENIGN,0.993207,True
RUN_065,2026-10-03 22:08:29,BENIGN,BENIGN,0.8862504,True
RUN_065,2026-10-03 22:08:30,BENIGN,BENIGN,0.99365246,True
RUN_065,2026-10-03 22:08:31,BENIGN,BENIGN,0.99850327,True
RUN_065,2026-10-03 22:08:32,BENIGN,SLOWLORIS,0.4969924,False
RUN_065,2026-10-03 22:08:33,BENIGN,BENIGN,0.9932022,True
RUN_065,2026-10-03 22:08:34,BENIGN,BENIGN,0.99586993,True
RUN_065,2026-10-03 22:08:35,BENIGN,BENIGN,0.99899834,True
RUN_065,2026-10-03 22:08:36,BENIGN,BENIGN,0.6073007,True
RUN_065,2026-10-03 22:08:37,BENIGN,BENIGN,0.8573986,True
RUN_065,2026-10-03 22:08:38,BENIGN,BENIGN,0.9918574,True
RUN_065,2026-10-03 22:08:39,BENIGN,BENIGN,0.9961197,True
RUN_065,2026-10-03 22:08:40,BENIGN,BENIGN,0.99980974,True
RUN_065,2026-10-03 22:08:41,BENIGN,BENIGN,0.99681115,True
RUN_065,2026-10-03 22:08:42,BENIGN,BENIGN,0.9980129,True
RUN_065,2026-10-03 22:08:43,BENIGN,BENIGN,0.9678838,True
RUN_065,2026-10-03 22:08:44,BENIGN,BENIGN,0.99269545,True
RUN_065,2026-10-03 22:08:45,BENIGN,BENIGN,0.99951696,True
RUN_065,2026-10-03 22:08:46,BENIGN,BENIGN,0.9983694,True
RUN_065,2026-10-03 22:08:47,BENIGN,BENIGN,0.9869113,True
RUN_065,2026-10-03 22:08:48,BENIGN,BENIGN,0.9958472,True
RUN_065,2026-10-03 22:08:49,BENIGN,BENIGN,0.9971998,True
RUN_065,2026-10-03 22:08:50,BENIGN,BENIGN,0.99970007,True
RUN_065,2026-10-03 22:08:51,BENIGN,BENIGN,0.9994051,True
RUN_065,2026-10-03 22:08:52,BENIGN,BENIGN,0.9994702,True
RUN_065,2026-10-03 22:08:53,BENIGN,BENIGN,0.9939533,True
RUN_065,2026-10-03 22:08:54,BENIGN,BENIGN,0.99851567,True
RUN_065,2026-10-03 22:08:55,BENIGN,BENIGN,0.9996449,True
RUN_065,2026-10-03 22:08:56,BENIGN,BENIGN,0.9990766,True
RUN_065,2026-10-03 22:08:57,BENIGN,BENIGN,0.99975157,True
RUN_065,2026-10-03 22:08:58,BENIGN,BENIGN,0.9997904,True
RUN_065,2026-10-03 22:08:59,BENIGN,BENIGN,0.99965745,True
RUN_065,2026-10-03 22:09:00,BENIGN,BENIGN,0.9994702,True
RUN_065,2026-10-03 22:09:01,BENIGN,BENIGN,0.9993932,True
RUN_065,2026-10-03 22:09:02,BENIGN,BENIGN,0.999756,True
RUN_065,2026-10-03 22:09:03,BENIGN,BENIGN,0.9996577,True
RUN_065,2026-10-03 22:09:04,BENIGN,BENIGN,0.98853356,True
RUN_065,2026-10-03 22:09:05,BENIGN,BENIGN,0.999769,True
RUN_065,2026-10-03 22:09:06,BENIGN,BENIGN,0.9994318,True
RUN_065,2026-10-03 22:09:07,BENIGN,BENIGN,0.99995536,True
RUN_065,2026-10-03 22:09:08,BENIGN,BENIGN,0.99994385,True
RUN_065,2026-10-03 22:09:09,BENIGN,BENIGN,0.9999005,True
RUN_065,2026-10-03 22:09:10,BENIGN,BENIGN,0.9985243,True
RUN_065,2026-10-03 22:09:11,BENIGN,BENIGN,0.95982885,True
RUN_065,2026-10-03 22:09:12,BENIGN,BENIGN,0.99955326,True
RUN_065,2026-10-03 22:09:13,BENIGN,BENIGN,0.98789227,True
RUN_065,2026-10-03 22:09:14,BENIGN,BENIGN,0.97294414,True
RUN_065,2026-10-03 22:09:15,BENIGN,BENIGN,0.9794456,True
RUN_065,2026-10-03 22:09:16,BENIGN,BENIGN,0.99976456,True
RUN_065,2026-10-03 22:09:17,BENIGN,BENIGN,0.99899703,True
RUN_065,2026-10-03 22:09:18,BENIGN,BENIGN,0.9910895,True
RUN_065,2026-10-03 22:09:19,BENIGN,BENIGN,0.99930924,True
RUN_065,2026-10-03 22:09:20,BENIGN,BENIGN,0.995453,True
RUN_065,2026-10-03 22:09:21,BENIGN,BENIGN,0.9997818,True
RUN_065,2026-10-03 22:09:22,BENIGN,BENIGN,0.99858725,True
RUN_065,2026-10-03 22:09:23,BENIGN,BENIGN,0.99792135,True
RUN_065,2026-10-03 22:09:24,BENIGN,BENIGN,0.9983298,True
RUN_065,2026-10-03 22:09:25,BENIGN,BENIGN,0.98249096,True
RUN_065,2026-10-03 22:09:26,BENIGN,BENIGN,0.95992136,True
RUN_065,2026-10-03 22:09:27,BENIGN,BENIGN,0.99800104,True
RUN_065,2026-10-03 22:09:28,BENIGN,BENIGN,0.9960144,True
RUN_065,2026-10-03 22:09:29,BENIGN,BENIGN,0.99951863,True
RUN_065,2026-10-03 22:09:30,BENIGN,BENIGN,0.97463244,True
RUN_065,2026-10-03 22:09:31,BENIGN,BENIGN,0.99952185,True
RUN_065,2026-10-03 22:09:32,BENIGN,BENIGN,0.99928397,True
RUN_065,2026-10-03 22:09:33,BENIGN,BENIGN,0.99464077,True
RUN_065,2026-10-03 22:09:34,BENIGN,BENIGN,0.9907958,True
RUN_065,2026-10-03 22:09:35,BENIGN,BENIGN,0.99882734,True
RUN_065,2026-10-03 22:09:36,BENIGN,BENIGN,0.99969244,True
RUN_065,2026-10-03 22:09:37,BENIGN,BENIGN,0.9990938,True
RUN_065,2026-10-03 22:09:38,BENIGN,SLOWLORIS,0.9929338,False
RUN_065,2026-10-03 22:09:39,BENIGN,BENIGN,0.50706846,True
RUN_065,2026-10-03 22:09:40,BENIGN,BENIGN,0.99256283,True
RUN_065,2026-10-03 22:09:41,BENIGN,BENIGN,0.9997604,True
RUN_065,2026-10-03 22:09:42,BENIGN,BENIGN,0.9954633,True
RUN_065,2026-10-03 22:09:43,BENIGN,BENIGN,0.9961065,True
RUN_065,2026-10-03 22:09:44,BENIGN,BENIGN,0.9685678,True
RUN_065,2026-10-03 22:09:45,BENIGN,BENIGN,0.991718,True
RUN_065,2026-10-03 22:09:46,BENIGN,BENIGN,0.9957447,True
RUN_065,2026-10-03 22:09:47,BENIGN,BENIGN,0.9993014,True
RUN_065,2026-10-03 22:09:48,BENIGN,BENIGN,0.99919116,True
RUN_065,2026-10-03 22:09:49,BENIGN,BENIGN,0.9912327,True
RUN_065,2026-10-03 22:09:50,BENIGN,BENIGN,0.9980949,True
RUN_065,2026-10-03 22:09:51,BENIGN,BENIGN,0.99927473,True
RUN_065,2026-10-03 22:09:52,BENIGN,BENIGN,0.9989748,True
RUN_065,2026-10-03 22:09:53,BENIGN,BENIGN,0.976491,True
RUN_065,2026-10-03 22:09:54,BENIGN,BENIGN,0.99616635,True
RUN_065,2026-10-03 22:09:55,BENIGN,BENIGN,0.9414122,True
RUN_065,2026-10-03 22:09:56,BENIGN,BENIGN,0.96095073,True
RUN_065,2026-10-03 22:09:57,BENIGN,BENIGN,0.99967176,True
RUN_065,2026-10-03 22:09:58,BENIGN,BENIGN,0.9990013,True
RUN_065,2026-10-03 22:09:59,BENIGN,BENIGN,0.99635553,True
RUN_069,2026-10-03 22:16:00,SLOWLORIS,SLOWLORIS,0.8440208,True
RUN_069,2026-10-03 22:16:01,SLOWLORIS,SLOWLORIS,0.9061961,True
RUN_069,2026-10-03 22:16:02,SLOWLORIS,SLOWLORIS,0.9328197,True
RUN_069,2026-10-03 22:16:03,SLOWLORIS,SLOWLORIS,0.9682948,True
RUN_069,2026-10-03 22:16:04,SLOWLORIS,SLOWLORIS,0.9460165,True
RUN_069,2026-10-03 22:16:05,SLOWLORIS,SLOWLORIS,0.97560495,True
RUN_069,2026-10-03 22:16:06,SLOWLORIS,SLOWLORIS,0.98947567,True
RUN_069,2026-10-03 22:16:07,SLOWLORIS,SLOWLORIS,0.9978702,True
RUN_069,2026-10-03 22:16:08,SLOWLORIS,SLOWLORIS,0.99860334,True
RUN_069,2026-10-03 22:16:09,SLOWLORIS,SLOWLORIS,0.9996275,True
RUN_069,2026-10-03 22:16:10,SLOWLORIS,SLOWLORIS,0.99980086,True
RUN_069,2026-10-03 22:16:11,SLOWLORIS,SLOWLORIS,0.999804,True
RUN_069,2026-10-03 22:16:12,SLOWLORIS,SLOWLORIS,0.9999398,True
RUN_069,2026-10-03 22:16:13,SLOWLORIS,SLOWLORIS,0.99988675,True
RUN_069,2026-10-03 22:16:14,SLOWLORIS,SLOWLORIS,0.99977225,True
RUN_069,2026-10-03 22:16:15,SLOWLORIS,SLOWLORIS,0.999648,True
RUN_069,2026-10-03 22:16:16,SLOWLORIS,SLOWLORIS,0.9997523,True
RUN_069,2026-10-03 22:16:17,SLOWLORIS,SLOWLORIS,0.9999091,True
RUN_069,2026-10-03 22:16:18,SLOWLORIS,SLOWLORIS,0.99988604,True
RUN_069,2026-10-03 22:16:19,SLOWLORIS,SLOWLORIS,0.99982977,True
RUN_069,2026-10-03 22:16:20,SLOWLORIS,SLOWLORIS,0.99984044,True
RUN_069,2026-10-03 22:16:21,SLOWLORIS,SLOWLORIS,0.9998629,True
RUN_069,2026-10-03 22:16:22,SLOWLORIS,SLOWLORIS,0.999928,True
RUN_069,2026-10-03 22:16:23,SLOWLORIS,SLOWLORIS,0.9999152,True
RUN_069,2026-10-03 22:16:24,SLOWLORIS,SLOWLORIS,0.999948,True
RUN_069,2026-10-03 22:16:25,SLOWLORIS,SLOWLORIS,0.9999268,True
RUN_069,2026-10-03 22:16:26,SLOWLORIS,SLOWLORIS,0.9998785,True
RUN_069,2026-10-03 22:16:27,SLOWLORIS,SLOWLORIS,0.9998795,True
RUN_069,2026-10-03 22:16:28,SLOWLORIS,SLOWLORIS,0.9999164,True
RUN_069,2026-10-03 22:16:29,SLOWLORIS,SLOWLORIS,0.9999378,True
RUN_069,2026-10-03 22:16:30,SLOWLORIS,SLOWLORIS,0.9999435,True
RUN_069,2026-10-03 22:16:31,SLOWLORIS,SLOWLORIS,0.99993503,True
RUN_069,2026-10-03 22:16:32,SLOWLORIS,SLOWLORIS,0.9999085,True
RUN_069,2026-10-03 22:16:33,SLOWLORIS,SLOWLORIS,0.99995667,True
RUN_069,2026-10-03 22:16:34,SLOWLORIS,SLOWLORIS,0.9999455,True
RUN_069,2026-10-03 22:16:35,SLOWLORIS,SLOWLORIS,0.99994886,True
RUN_069,2026-10-03 22:16:36,SLOWLORIS,SLOWLORIS,0.99994624,True
RUN_069,2026-10-03 22:16:37,SLOWLORIS,SLOWLORIS,0.9999555,True
RUN_069,2026-10-03 22:16:38,SLOWLORIS,SLOWLORIS,0.99996203,True
RUN_069,2026-10-03 22:16:39,SLOWLORIS,SLOWLORIS,0.99996334,True
RUN_069,2026-10-03 22:16:40,SLOWLORIS,SLOWLORIS,0.9999688,True
RUN_069,2026-10-03 22:16:41,SLOWLORIS,SLOWLORIS,0.99996823,True
RUN_069,2026-10-03 22:16:42,SLOWLORIS,SLOWLORIS,0.99994147,True
RUN_069,2026-10-03 22:16:43,SLOWLORIS,SLOWLORIS,0.9999428,True
RUN_069,2026-10-03 22:16:44,SLOWLORIS,SLOWLORIS,0.9999545,True
RUN_069,2026-10-03 22:16:45,SLOWLORIS,SLOWLORIS,0.9999564,True
RUN_069,2026-10-03 22:16:46,SLOWLORIS,SLOWLORIS,0.99992824,True
RUN_069,2026-10-03 22:16:47,SLOWLORIS,SLOWLORIS,0.9999522,True
RUN_069,2026-10-03 22:16:48,SLOWLORIS,SLOWLORIS,0.9999536,True
RUN_069,2026-10-03 22:16:49,SLOWLORIS,SLOWLORIS,0.9999455,True
RUN_069,2026-10-03 22:16:50,SLOWLORIS,SLOWLORIS,0.99995196,True
RUN_069,2026-10-03 22:16:51,SLOWLORIS,SLOWLORIS,0.9999636,True
RUN_069,2026-10-03 22:16:52,SLOWLORIS,SLOWLORIS,0.99996024,True
RUN_069,2026-10-03 22:16:53,SLOWLORIS,SLOWLORIS,0.9999575,True
RUN_069,2026-10-03 22:16:54,SLOWLORIS,SLOWLORIS,0.9999473,True
RUN_069,2026-10-03 22:16:55,SLOWLORIS,SLOWLORIS,0.9999587,True
RUN_069,2026-10-03 22:16:56,SLOWLORIS,SLOWLORIS,0.9999632,True
RUN_069,2026-10-03 22:16:57,SLOWLORIS,SLOWLORIS,0.9999299,True
RUN_069,2026-10-03 22:16:58,SLOWLORIS,SLOWLORIS,0.9999612,True
RUN_069,2026-10-03 22:16:59,SLOWLORIS,SLOWLORIS,0.9999623,True
RUN_069,2026-10-03 22:17:00,SLOWLORIS,SLOWLORIS,0.99994147,True
RUN_069,2026-10-03 22:17:01,SLOWLORIS,SLOWLORIS,0.9999704,True
RUN_069,2026-10-03 22:17:02,SLOWLORIS,SLOWLORIS,0.99990183,True
RUN_069,2026-10-03 22:17:03,SLOWLORIS,SLOWLORIS,0.9999356,True
RUN_069,2026-10-03 22:17:04,SLOWLORIS,SLOWLORIS,0.9999605,True
RUN_069,2026-10-03 22:17:05,SLOWLORIS,SLOWLORIS,0.9999478,True
RUN_069,2026-10-03 22:17:06,SLOWLORIS,SLOWLORIS,0.9999662,True
RUN_069,2026-10-03 22:17:07,SLOWLORIS,SLOWLORIS,0.9999693,True
RUN_069,2026-10-03 22:17:08,SLOWLORIS,SLOWLORIS,0.99996895,True
RUN_069,2026-10-03 22:17:09,SLOWLORIS,SLOWLORIS,0.99995387,True
RUN_069,2026-10-03 22:17:10,SLOWLORIS,SLOWLORIS,0.99994946,True
RUN_069,2026-10-03 22:17:11,SLOWLORIS,SLOWLORIS,0.99995375,True
RUN_069,2026-10-03 22:17:12,SLOWLORIS,SLOWLORIS,0.99994993,True
RUN_069,2026-10-03 22:17:13,SLOWLORIS,SLOWLORIS,0.99997526,True
RUN_069,2026-10-03 22:17:14,SLOWLORIS,SLOWLORIS,0.99997085,True
RUN_069,2026-10-03 22:17:15,SLOWLORIS,SLOWLORIS,0.9999668,True
RUN_069,2026-10-03 22:17:16,SLOWLORIS,SLOWLORIS,0.9999717,True
RUN_069,2026-10-03 22:17:17,SLOWLORIS,SLOWLORIS,0.999971,True
RUN_069,2026-10-03 22:17:18,SLOWLORIS,SLOWLORIS,0.9999642,True
RUN_069,2026-10-03 22:17:19,SLOWLORIS,SLOWLORIS,0.9999497,True
RUN_069,2026-10-03 22:17:20,SLOWLORIS,SLOWLORIS,0.99996084,True
RUN_069,2026-10-03 22:17:21,SLOWLORIS,SLOWLORIS,0.9999551,True
RUN_069,2026-10-03 22:17:22,SLOWLORIS,SLOWLORIS,0.99994934,True
RUN_069,2026-10-03 22:17:23,SLOWLORIS,SLOWLORIS,0.99996406,True
RUN_069,2026-10-03 22:17:24,SLOWLORIS,SLOWLORIS,0.9999595,True
RUN_069,2026-10-03 22:17:25,SLOWLORIS,SLOWLORIS,0.9999467,True
RUN_069,2026-10-03 22:17:26,SLOWLORIS,SLOWLORIS,0.99996406,True
RUN_069,2026-10-03 22:17:27,SLOWLORIS,SLOWLORIS,0.9999599,True
RUN_069,2026-10-03 22:17:28,SLOWLORIS,SLOWLORIS,0.99980795,True
RUN_069,2026-10-03 22:17:29,SLOWLORIS,SLOWLORIS,0.99995476,True
RUN_069,2026-10-03 22:17:30,SLOWLORIS,SLOWLORIS,0.9999528,True
RUN_069,2026-10-03 22:17:31,SLOWLORIS,SLOWLORIS,0.99996215,True
RUN_069,2026-10-03 22:17:32,SLOWLORIS,SLOWLORIS,0.9999644,True
RUN_069,2026-10-03 22:17:33,SLOWLORIS,SLOWLORIS,0.99996907,True
RUN_069,2026-10-03 22:17:34,SLOWLORIS,SLOWLORIS,0.9999648,True
RUN_069,2026-10-03 22:17:35,SLOWLORIS,SLOWLORIS,0.999965,True
RUN_069,2026-10-03 22:17:36,SLOWLORIS,SLOWLORIS,0.99995774,True
RUN_069,2026-10-03 22:17:37,SLOWLORIS,SLOWLORIS,0.99996287,True
RUN_069,2026-10-03 22:17:38,SLOWLORIS,SLOWLORIS,0.999973,True
RUN_069,2026-10-03 22:17:39,SLOWLORIS,SLOWLORIS,0.9999581,True
RUN_069,2026-10-03 22:17:40,SLOWLORIS,SLOWLORIS,0.99996597,True
RUN_069,2026-10-03 22:17:41,SLOWLORIS,SLOWLORIS,0.99996275,True
RUN_069,2026-10-03 22:17:42,SLOWLORIS,SLOWLORIS,0.9999435,True
RUN_069,2026-10-03 22:17:43,SLOWLORIS,SLOWLORIS,0.99996454,True
RUN_069,2026-10-03 22:17:44,SLOWLORIS,SLOWLORIS,0.9999551,True
RUN_069,2026-10-03 22:17:45,SLOWLORIS,SLOWLORIS,0.9999592,True
RUN_069,2026-10-03 22:17:46,SLOWLORIS,SLOWLORIS,0.99995655,True
RUN_069,2026-10-03 22:17:47,SLOWLORIS,SLOWLORIS,0.999963,True
RUN_069,2026-10-03 22:17:48,SLOWLORIS,SLOWLORIS,0.99996334,True
RUN_069,2026-10-03 22:17:49,SLOWLORIS,SLOWLORIS,0.9999601,True
RUN_069,2026-10-03 22:17:50,SLOWLORIS,SLOWLORIS,0.9999674,True
RUN_069,2026-10-03 22:17:51,SLOWLORIS,SLOWLORIS,0.9999623,True
RUN_069,2026-10-03 22:17:52,SLOWLORIS,SLOWLORIS,0.9999642,True
RUN_069,2026-10-03 22:17:53,SLOWLORIS,SLOWLORIS,0.9999605,True
RUN_069,2026-10-03 22:17:54,SLOWLORIS,SLOWLORIS,0.9999515,True
RUN_069,2026-10-03 22:17:55,SLOWLORIS,SLOWLORIS,0.9999618,True
RUN_069,2026-10-03 22:17:56,SLOWLORIS,SLOWLORIS,0.9999568,True
RUN_069,2026-10-03 22:17:57,SLOWLORIS,SLOWLORIS,0.99994767,True
RUN_069,2026-10-03 22:17:58,SLOWLORIS,SLOWLORIS,0.999922,True
RUN_069,2026-10-03 22:17:59,SLOWLORIS,SLOWLORIS,0.99993825,True
RUN_070,2026-10-03 22:18:00,BENIGN,BENIGN,0.9881297,True
RUN_070,2026-10-03 22:18:01,BENIGN,BENIGN,0.9966302,True
RUN_070,2026-10-03 22:18:02,BENIGN,BENIGN,0.99913406,True
RUN_070,2026-10-03 22:18:03,BENIGN,BENIGN,0.9998704,True
RUN_070,2026-10-03 22:18:04,BENIGN,BENIGN,0.9999593,True
RUN_070,2026-10-03 22:18:05,BENIGN,BENIGN,0.99997395,True
RUN_070,2026-10-03 22:18:06,BENIGN,BENIGN,0.99991447,True
RUN_070,2026-10-03 22:18:07,BENIGN,BENIGN,0.99992657,True
RUN_070,2026-10-03 22:18:08,BENIGN,BENIGN,0.9999852,True
RUN_070,2026-10-03 22:18:09,BENIGN,BENIGN,0.9999551,True
RUN_070,2026-10-03 22:18:10,BENIGN,BENIGN,0.9999228,True
RUN_070,2026-10-03 22:18:11,BENIGN,BENIGN,0.9999434,True
RUN_070,2026-10-03 22:18:12,BENIGN,BENIGN,0.9999291,True
RUN_070,2026-10-03 22:18:13,BENIGN,BENIGN,0.9999762,True
RUN_070,2026-10-03 22:18:14,BENIGN,BENIGN,0.9999543,True
RUN_070,2026-10-03 22:18:15,BENIGN,BENIGN,0.9999823,True
RUN_070,2026-10-03 22:18:16,BENIGN,BENIGN,0.9999762,True
RUN_070,2026-10-03 22:18:17,BENIGN,BENIGN,0.9999741,True
RUN_070,2026-10-03 22:18:18,BENIGN,BENIGN,0.99990064,True
RUN_070,2026-10-03 22:18:19,BENIGN,BENIGN,0.9999718,True
RUN_070,2026-10-03 22:18:20,BENIGN,BENIGN,0.9999693,True
RUN_070,2026-10-03 22:18:21,BENIGN,BENIGN,0.99991673,True
RUN_070,2026-10-03 22:18:22,BENIGN,BENIGN,0.99888587,True
RUN_070,2026-10-03 22:18:23,BENIGN,BENIGN,0.9992002,True
RUN_070,2026-10-03 22:18:24,BENIGN,BENIGN,0.9989536,True
RUN_070,2026-10-03 22:18:25,BENIGN,BENIGN,0.9995907,True
RUN_070,2026-10-03 22:18:26,BENIGN,BENIGN,0.9998714,True
RUN_070,2026-10-03 22:18:27,BENIGN,BENIGN,0.9998269,True
RUN_070,2026-10-03 22:18:28,BENIGN,BENIGN,0.9999061,True
RUN_070,2026-10-03 22:18:29,BENIGN,BENIGN,0.9998601,True
RUN_070,2026-10-03 22:18:30,BENIGN,BENIGN,0.9999901,True
RUN_070,2026-10-03 22:18:31,BENIGN,BENIGN,0.9999865,True
RUN_070,2026-10-03 22:18:32,BENIGN,BENIGN,0.9999933,True
RUN_070,2026-10-03 22:18:33,BENIGN,BENIGN,0.99999034,True
RUN_070,2026-10-03 22:18:34,BENIGN,BENIGN,0.99999046,True
RUN_070,2026-10-03 22:18:35,BENIGN,BENIGN,0.9999857,True
RUN_070,2026-10-03 22:18:36,BENIGN,BENIGN,0.99998486,True
RUN_070,2026-10-03 22:18:37,BENIGN,BENIGN,0.99998194,True
RUN_070,2026-10-03 22:18:38,BENIGN,BENIGN,0.9999719,True
RUN_070,2026-10-03 22:18:39,BENIGN,BENIGN,0.9999875,True
RUN_070,2026-10-03 22:18:40,BENIGN,BENIGN,0.9999811,True
RUN_070,2026-10-03 22:18:41,BENIGN,BENIGN,0.9999837,True
RUN_070,2026-10-03 22:18:42,BENIGN,BENIGN,0.99998313,True
RUN_070,2026-10-03 22:18:43,BENIGN,BENIGN,0.9999834,True
RUN_070,2026-10-03 22:18:44,BENIGN,BENIGN,0.99996334,True
RUN_070,2026-10-03 22:18:45,BENIGN,BENIGN,0.99998313,True
RUN_070,2026-10-03 22:18:46,BENIGN,BENIGN,0.9999719,True
RUN_070,2026-10-03 22:18:47,BENIGN,BENIGN,0.99997944,True
RUN_070,2026-10-03 22:18:48,BENIGN,BENIGN,0.9999798,True
RUN_070,2026-10-03 22:18:49,BENIGN,BENIGN,0.999971,True
RUN_070,2026-10-03 22:18:50,BENIGN,BENIGN,0.99997264,True
RUN_070,2026-10-03 22:18:51,BENIGN,BENIGN,0.999981,True
RUN_070,2026-10-03 22:18:52,BENIGN,BENIGN,0.9999575,True
RUN_070,2026-10-03 22:18:53,BENIGN,BENIGN,0.99994636,True
RUN_070,2026-10-03 22:18:54,BENIGN,BENIGN,0.99991494,True
RUN_070,2026-10-03 22:18:55,BENIGN,BENIGN,0.99992234,True
RUN_070,2026-10-03 22:18:56,BENIGN,BENIGN,0.9998484,True
RUN_070,2026-10-03 22:18:57,BENIGN,BENIGN,0.999904,True
RUN_070,2026-10-03 22:18:58,BENIGN,BENIGN,0.9999028,True
RUN_070,2026-10-03 22:18:59,BENIGN,BENIGN,0.99987197,True
RUN_070,2026-10-03 22:19:00,BENIGN,BENIGN,0.9998174,True
RUN_070,2026-10-03 22:19:01,BENIGN,BENIGN,0.9998728,True
RUN_070,2026-10-03 22:19:02,BENIGN,BENIGN,0.99981904,True
RUN_070,2026-10-03 22:19:03,BENIGN,BENIGN,0.99981356,True
RUN_070,2026-10-03 22:19:04,BENIGN,BENIGN,0.99979395,True
RUN_070,2026-10-03 22:19:05,BENIGN,BENIGN,0.9998968,True
RUN_070,2026-10-03 22:19:06,BENIGN,BENIGN,0.9998051,True
RUN_070,2026-10-03 22:19:07,BENIGN,BENIGN,0.99983746,True
RUN_070,2026-10-03 22:19:08,BENIGN,BENIGN,0.99985784,True
RUN_070,2026-10-03 22:19:09,BENIGN,BENIGN,0.99991745,True
RUN_070,2026-10-03 22:19:10,BENIGN,BENIGN,0.99991685,True
RUN_070,2026-10-03 22:19:11,BENIGN,BENIGN,0.9999343,True
RUN_070,2026-10-03 22:19:12,BENIGN,BENIGN,0.9999619,True
RUN_070,2026-10-03 22:19:13,BENIGN,BENIGN,0.99996036,True
RUN_070,2026-10-03 22:19:14,BENIGN,BENIGN,0.99994254,True
RUN_070,2026-10-03 22:19:15,BENIGN,BENIGN,0.99989635,True
RUN_070,2026-10-03 22:19:16,BENIGN,BENIGN,0.99990577,True
RUN_070,2026-10-03 22:19:17,BENIGN,BENIGN,0.99980867,True
RUN_070,2026-10-03 22:19:18,BENIGN,BENIGN,0.9998919,True
RUN_070,2026-10-03 22:19:19,BENIGN,BENIGN,0.99989945,True
RUN_070,2026-10-03 22:19:20,BENIGN,BENIGN,0.9998728,True
RUN_070,2026-10-03 22:19:21,BENIGN,BENIGN,0.99987984,True
RUN_070,2026-10-03 22:19:22,BENIGN,BENIGN,0.99988973,True
RUN_070,2026-10-03 22:19:23,BENIGN,BENIGN,0.9999209,True
RUN_070,2026-10-03 22:19:24,BENIGN,BENIGN,0.99989396,True
RUN_070,2026-10-03 22:19:25,BENIGN,BENIGN,0.999884,True
RUN_070,2026-10-03 22:19:26,BENIGN,BENIGN,0.9998569,True
RUN_070,2026-10-03 22:19:27,BENIGN,BENIGN,0.9998966,True
RUN_070,2026-10-03 22:19:28,BENIGN,BENIGN,0.99986935,True
RUN_070,2026-10-03 22:19:29,BENIGN,BENIGN,0.9997968,True
RUN_070,2026-10-03 22:19:30,BENIGN,BENIGN,0.9997635,True
RUN_070,2026-10-03 22:19:31,BENIGN,BENIGN,0.9998046,True
RUN_070,2026-10-03 22:19:32,BENIGN,BENIGN,0.99971753,True
RUN_070,2026-10-03 22:19:33,BENIGN,BENIGN,0.9998926,True
RUN_070,2026-10-03 22:19:34,BENIGN,BENIGN,0.9998627,True
RUN_070,2026-10-03 22:19:35,BENIGN,BENIGN,0.99991995,True
RUN_070,2026-10-03 22:19:36,BENIGN,BENIGN,0.9999347,True
RUN_070,2026-10-03 22:19:37,BENIGN,BENIGN,0.9999361,True
RUN_070,2026-10-03 22:19:38,BENIGN,BENIGN,0.9999595,True
RUN_070,2026-10-03 22:19:39,BENIGN,BENIGN,0.99995536,True
RUN_070,2026-10-03 22:19:40,BENIGN,BENIGN,0.99994946,True
RUN_070,2026-10-03 22:19:41,BENIGN,BENIGN,0.9999662,True
RUN_070,2026-10-03 22:19:42,BENIGN,BENIGN,0.99995303,True
RUN_070,2026-10-03 22:19:43,BENIGN,BENIGN,0.9999536,True
RUN_070,2026-10-03 22:19:44,BENIGN,BENIGN,0.999965,True
RUN_070,2026-10-03 22:19:45,BENIGN,BENIGN,0.9999717,True
RUN_070,2026-10-03 22:19:46,BENIGN,BENIGN,0.99997014,True
RUN_070,2026-10-03 22:19:47,BENIGN,BENIGN,0.99997383,True
RUN_070,2026-10-03 22:19:48,BENIGN,BENIGN,0.9999756,True
RUN_070,2026-10-03 22:19:49,BENIGN,BENIGN,0.9999775,True
RUN_070,2026-10-03 22:19:50,BENIGN,BENIGN,0.9999754,True
RUN_070,2026-10-03 22:19:51,BENIGN,BENIGN,0.9999729,True
RUN_070,2026-10-03 22:19:52,BENIGN,BENIGN,0.9999779,True
RUN_070,2026-10-03 22:19:53,BENIGN,BENIGN,0.9999797,True
RUN_070,2026-10-03 22:19:54,BENIGN,BENIGN,0.9999843,True
RUN_070,2026-10-03 22:19:55,BENIGN,BENIGN,0.9999767,True
RUN_070,2026-10-03 22:19:56,BENIGN,BENIGN,0.99999106,True
RUN_070,2026-10-03 22:19:57,BENIGN,BENIGN,0.99999166,True
RUN_070,2026-10-03 22:19:58,BENIGN,BENIGN,0.999946,True
RUN_070,2026-10-03 22:19:59,BENIGN,BENIGN,0.9999688,True
RUN_074,2026-10-03 22:26:00,BENIGN,BENIGN,0.9217022,True
RUN_074,2026-10-03 22:26:01,BENIGN,BENIGN,0.99557096,True
RUN_074,2026-10-03 22:26:02,BENIGN,BENIGN,0.9950075,True
RUN_074,2026-10-03 22:26:03,BENIGN,BENIGN,0.9981364,True
RUN_074,2026-10-03 22:26:04,BENIGN,BENIGN,0.9998214,True
RUN_074,2026-10-03 22:26:05,BENIGN,BENIGN,0.96607006,True
RUN_074,2026-10-03 22:26:06,BENIGN,BENIGN,0.999832,True
RUN_074,2026-10-03 22:26:07,BENIGN,BENIGN,0.99890363,True
RUN_074,2026-10-03 22:26:08,BENIGN,BENIGN,0.99959344,True
RUN_074,2026-10-03 22:26:09,BENIGN,BENIGN,0.99921095,True
RUN_074,2026-10-03 22:26:10,BENIGN,BENIGN,0.9998752,True
RUN_074,2026-10-03 22:26:11,BENIGN,BENIGN,0.9997758,True
RUN_074,2026-10-03 22:26:12,BENIGN,BENIGN,0.99969625,True
RUN_074,2026-10-03 22:26:13,BENIGN,BENIGN,0.999926,True
RUN_074,2026-10-03 22:26:14,BENIGN,BENIGN,0.9994195,True
RUN_074,2026-10-03 22:26:15,BENIGN,BENIGN,0.9973675,True
RUN_074,2026-10-03 22:26:16,BENIGN,BENIGN,0.99930996,True
RUN_074,2026-10-03 22:26:17,BENIGN,BENIGN,0.99965185,True
RUN_074,2026-10-03 22:26:18,BENIGN,BENIGN,0.99928105,True
RUN_074,2026-10-03 22:26:19,BENIGN,BENIGN,0.99891776,True
RUN_074,2026-10-03 22:26:20,BENIGN,BENIGN,0.9919559,True
RUN_074,2026-10-03 22:26:21,BENIGN,BENIGN,0.99570405,True
RUN_074,2026-10-03 22:26:22,BENIGN,BENIGN,0.9972795,True
RUN_074,2026-10-03 22:26:23,BENIGN,BENIGN,0.99732196,True
RUN_074,2026-10-03 22:26:24,BENIGN,BENIGN,0.9998262,True
RUN_074,2026-10-03 22:26:25,BENIGN,BENIGN,0.9986707,True
RUN_074,2026-10-03 22:26:26,BENIGN,BENIGN,0.99976826,True
RUN_074,2026-10-03 22:26:27,BENIGN,BENIGN,0.99678004,True
RUN_074,2026-10-03 22:26:28,BENIGN,BENIGN,0.99898106,True
RUN_074,2026-10-03 22:26:29,BENIGN,BENIGN,0.99942774,True
RUN_074,2026-10-03 22:26:30,BENIGN,BENIGN,0.9986652,True
RUN_074,2026-10-03 22:26:31,BENIGN,BENIGN,0.9932271,True
RUN_074,2026-10-03 22:26:32,BENIGN,BENIGN,0.9172509,True
RUN_074,2026-10-03 22:26:33,BENIGN,BENIGN,0.98128015,True
RUN_074,2026-10-03 22:26:34,BENIGN,BENIGN,0.9993432,True
RUN_074,2026-10-03 22:26:35,BENIGN,BENIGN,0.9925697,True
RUN_074,2026-10-03 22:26:36,BENIGN,SLOWLORIS,0.71659154,False
RUN_074,2026-10-03 22:26:37,BENIGN,SLOWLORIS,0.50067574,False
RUN_074,2026-10-03 22:26:38,BENIGN,BENIGN,0.9976258,True
RUN_074,2026-10-03 22:26:39,BENIGN,BENIGN,0.9973997,True
RUN_074,2026-10-03 22:26:40,BENIGN,BENIGN,0.9998028,True
RUN_074,2026-10-03 22:26:41,BENIGN,BENIGN,0.998702,True
RUN_074,2026-10-03 22:26:42,BENIGN,BENIGN,0.9998521,True
RUN_074,2026-10-03 22:26:43,BENIGN,BENIGN,0.9941403,True
RUN_074,2026-10-03 22:26:44,BENIGN,BENIGN,0.9217991,True
RUN_074,2026-10-03 22:26:45,BENIGN,BENIGN,0.99614984,True
RUN_074,2026-10-03 22:26:46,BENIGN,BENIGN,0.99325895,True
RUN_074,2026-10-03 22:26:47,BENIGN,BENIGN,0.9988763,True
RUN_074,2026-10-03 22:26:48,BENIGN,BENIGN,0.9991246,True
RUN_074,2026-10-03 22:26:49,BENIGN,BENIGN,0.99989754,True
RUN_074,2026-10-03 22:26:50,BENIGN,BENIGN,0.999847,True
RUN_074,2026-10-03 22:26:51,BENIGN,BENIGN,0.9987693,True
RUN_074,2026-10-03 22:26:52,BENIGN,BENIGN,0.9992886,True
RUN_074,2026-10-03 22:26:53,BENIGN,BENIGN,0.99968183,True
RUN_074,2026-10-03 22:26:54,BENIGN,BENIGN,0.99980867,True
RUN_074,2026-10-03 22:26:55,BENIGN,BENIGN,0.9997986,True
RUN_074,2026-10-03 22:26:56,BENIGN,BENIGN,0.9998525,True
RUN_074,2026-10-03 22:26:57,BENIGN,BENIGN,0.99983615,True
RUN_074,2026-10-03 22:26:58,BENIGN,BENIGN,0.999823,True
RUN_074,2026-10-03 22:26:59,BENIGN,BENIGN,0.9998716,True
RUN_074,2026-10-03 22:27:00,BENIGN,BENIGN,0.9999443,True
RUN_074,2026-10-03 22:27:01,BENIGN,BENIGN,0.9998853,True
RUN_074,2026-10-03 22:27:02,BENIGN,BENIGN,0.99983615,True
RUN_074,2026-10-03 22:27:03,BENIGN,BENIGN,0.9996094,True
RUN_074,2026-10-03 22:27:04,BENIGN,BENIGN,0.99988425,True
RUN_074,2026-10-03 22:27:05,BENIGN,BENIGN,0.9998979,True
RUN_074,2026-10-03 22:27:06,BENIGN,BENIGN,0.9998428,True
RUN_074,2026-10-03 22:27:07,BENIGN,BENIGN,0.99974585,True
RUN_074,2026-10-03 22:27:08,BENIGN,BENIGN,0.99981797,True
RUN_074,2026-10-03 22:27:09,BENIGN,BENIGN,0.9987568,True
RUN_074,2026-10-03 22:27:10,BENIGN,BENIGN,0.99821097,True
RUN_074,2026-10-03 22:27:11,BENIGN,BENIGN,0.9995348,True
RUN_074,2026-10-03 22:27:12,BENIGN,BENIGN,0.9988714,True
RUN_074,2026-10-03 22:27:13,BENIGN,BENIGN,0.9994821,True
RUN_074,2026-10-03 22:27:14,BENIGN,BENIGN,0.9998446,True
RUN_074,2026-10-03 22:27:15,BENIGN,BENIGN,0.9998914,True
RUN_074,2026-10-03 22:27:16,BENIGN,BENIGN,0.9998287,True
RUN_074,2026-10-03 22:27:17,BENIGN,BENIGN,0.99924797,True
RUN_074,2026-10-03 22:27:18,BENIGN,BENIGN,0.99981284,True
RUN_074,2026-10-03 22:27:19,BENIGN,BENIGN,0.99983937,True
RUN_074,2026-10-03 22:27:20,BENIGN,BENIGN,0.9994076,True
RUN_074,2026-10-03 22:27:21,BENIGN,BENIGN,0.99951434,True
RUN_074,2026-10-03 22:27:22,BENIGN,BENIGN,0.99949044,True
RUN_074,2026-10-03 22:27:23,BENIGN,BENIGN,0.99313164,True
RUN_074,2026-10-03 22:27:24,BENIGN,BENIGN,0.9997041,True
RUN_074,2026-10-03 22:27:25,BENIGN,BENIGN,0.9990563,True
RUN_074,2026-10-03 22:27:26,BENIGN,BENIGN,0.9996105,True
RUN_074,2026-10-03 22:27:27,BENIGN,BENIGN,0.9996039,True
RUN_074,2026-10-03 22:27:28,BENIGN,BENIGN,0.9940533,True
RUN_074,2026-10-03 22:27:29,BENIGN,BENIGN,0.9992253,True
RUN_074,2026-10-03 22:27:30,BENIGN,BENIGN,0.9998038,True
RUN_074,2026-10-03 22:27:31,BENIGN,BENIGN,0.9997789,True
RUN_074,2026-10-03 22:27:32,BENIGN,BENIGN,0.9990621,True
RUN_074,2026-10-03 22:27:33,BENIGN,BENIGN,0.99993205,True
RUN_074,2026-10-03 22:27:34,BENIGN,BENIGN,0.9997794,True
RUN_074,2026-10-03 22:27:35,BENIGN,BENIGN,0.99830544,True
RUN_074,2026-10-03 22:27:36,BENIGN,BENIGN,0.9968108,True
RUN_074,2026-10-03 22:27:37,BENIGN,BENIGN,0.99950624,True
RUN_074,2026-10-03 22:27:38,BENIGN,BENIGN,0.9996123,True
RUN_074,2026-10-03 22:27:39,BENIGN,BENIGN,0.99968064,True
RUN_074,2026-10-03 22:27:40,BENIGN,BENIGN,0.99976254,True
RUN_074,2026-10-03 22:27:41,BENIGN,BENIGN,0.9998065,True
RUN_074,2026-10-03 22:27:42,BENIGN,BENIGN,0.99975514,True
RUN_074,2026-10-03 22:27:43,BENIGN,BENIGN,0.99950325,True
RUN_074,2026-10-03 22:27:44,BENIGN,BENIGN,0.9990741,True
RUN_074,2026-10-03 22:27:45,BENIGN,BENIGN,0.9993757,True
RUN_074,2026-10-03 22:27:46,BENIGN,BENIGN,0.9999202,True
RUN_074,2026-10-03 22:27:47,BENIGN,BENIGN,0.9994446,True
RUN_074,2026-10-03 22:27:48,BENIGN,BENIGN,0.9995988,True
RUN_074,2026-10-03 22:27:49,BENIGN,BENIGN,0.9998328,True
RUN_074,2026-10-03 22:27:50,BENIGN,BENIGN,0.9997818,True
RUN_074,2026-10-03 22:27:51,BENIGN,BENIGN,0.9997125,True
RUN_074,2026-10-03 22:27:52,BENIGN,BENIGN,0.9994465,True
RUN_074,2026-10-03 22:27:53,BENIGN,BENIGN,0.99983865,True
RUN_074,2026-10-03 22:27:54,BENIGN,BENIGN,0.99970376,True
RUN_074,2026-10-03 22:27:55,BENIGN,BENIGN,0.99962616,True
RUN_074,2026-10-03 22:27:56,BENIGN,BENIGN,0.99944246,True
RUN_074,2026-10-03 22:27:57,BENIGN,BENIGN,0.9998026,True
RUN_074,2026-10-03 22:27:58,BENIGN,BENIGN,0.9997352,True
RUN_074,2026-10-03 22:27:59,BENIGN,BENIGN,0.99944043,True
RUN_077,2026-10-03 22:32:00,UDP_FLOOD,UDP_FLOOD,0.99998486,True
RUN_077,2026-10-03 22:32:01,UDP_FLOOD,UDP_FLOOD,0.9999857,True
RUN_077,2026-10-03 22:32:02,UDP_FLOOD,UDP_FLOOD,0.9999841,True
RUN_077,2026-10-03 22:32:03,UDP_FLOOD,UDP_FLOOD,0.9999888,True
RUN_077,2026-10-03 22:32:04,UDP_FLOOD,UDP_FLOOD,0.9999636,True
RUN_077,2026-10-03 22:32:05,UDP_FLOOD,UDP_FLOOD,0.9999699,True
RUN_077,2026-10-03 22:32:06,UDP_FLOOD,UDP_FLOOD,0.99998087,True
RUN_077,2026-10-03 22:32:07,UDP_FLOOD,UDP_FLOOD,0.99998397,True
RUN_077,2026-10-03 22:32:08,UDP_FLOOD,UDP_FLOOD,0.99998736,True
RUN_077,2026-10-03 22:32:09,UDP_FLOOD,UDP_FLOOD,0.999987,True
RUN_077,2026-10-03 22:32:10,UDP_FLOOD,UDP_FLOOD,0.99999106,True
RUN_077,2026-10-03 22:32:11,UDP_FLOOD,UDP_FLOOD,0.9999881,True
RUN_077,2026-10-03 22:32:12,UDP_FLOOD,UDP_FLOOD,0.9999882,True
RUN_077,2026-10-03 22:32:13,UDP_FLOOD,UDP_FLOOD,0.99998313,True
RUN_077,2026-10-03 22:32:14,UDP_FLOOD,UDP_FLOOD,0.99998856,True
RUN_077,2026-10-03 22:32:15,UDP_FLOOD,UDP_FLOOD,0.9999888,True
RUN_077,2026-10-03 22:32:16,UDP_FLOOD,UDP_FLOOD,0.9999883,True
RUN_077,2026-10-03 22:32:17,UDP_FLOOD,UDP_FLOOD,0.9999882,True
RUN_077,2026-10-03 22:32:18,UDP_FLOOD,UDP_FLOOD,0.9999893,True
RUN_077,2026-10-03 22:32:19,UDP_FLOOD,UDP_FLOOD,0.9999876,True
RUN_077,2026-10-03 22:32:20,UDP_FLOOD,UDP_FLOOD,0.9999852,True
RUN_077,2026-10-03 22:32:21,UDP_FLOOD,UDP_FLOOD,0.9999882,True
RUN_077,2026-10-03 22:32:22,UDP_FLOOD,UDP_FLOOD,0.9999612,True
RUN_077,2026-10-03 22:32:23,UDP_FLOOD,UDP_FLOOD,0.99985546,True
RUN_077,2026-10-03 22:32:24,UDP_FLOOD,UDP_FLOOD,0.99996215,True
RUN_077,2026-10-03 22:32:25,UDP_FLOOD,UDP_FLOOD,0.99996966,True
RUN_077,2026-10-03 22:32:26,UDP_FLOOD,UDP_FLOOD,0.99998385,True
RUN_077,2026-10-03 22:32:27,UDP_FLOOD,UDP_FLOOD,0.9999804,True
RUN_077,2026-10-03 22:32:28,UDP_FLOOD,UDP_FLOOD,0.999978,True
RUN_077,2026-10-03 22:32:29,UDP_FLOOD,UDP_FLOOD,0.99996966,True
RUN_077,2026-10-03 22:32:30,UDP_FLOOD,UDP_FLOOD,0.9999787,True
RUN_077,2026-10-03 22:32:31,UDP_FLOOD,UDP_FLOOD,0.9999816,True
RUN_077,2026-10-03 22:32:32,UDP_FLOOD,UDP_FLOOD,0.99997693,True
RUN_077,2026-10-03 22:32:33,UDP_FLOOD,UDP_FLOOD,0.9999115,True
RUN_077,2026-10-03 22:32:34,UDP_FLOOD,UDP_FLOOD,0.9999285,True
RUN_077,2026-10-03 22:32:35,UDP_FLOOD,UDP_FLOOD,0.9999478,True
RUN_077,2026-10-03 22:32:36,UDP_FLOOD,UDP_FLOOD,0.9998696,True
RUN_077,2026-10-03 22:32:37,UDP_FLOOD,UDP_FLOOD,0.9999111,True
RUN_077,2026-10-03 22:32:38,UDP_FLOOD,UDP_FLOOD,0.9999607,True
RUN_077,2026-10-03 22:32:39,UDP_FLOOD,UDP_FLOOD,0.9999812,True
RUN_077,2026-10-03 22:32:40,UDP_FLOOD,UDP_FLOOD,0.9999864,True
RUN_077,2026-10-03 22:32:41,UDP_FLOOD,UDP_FLOOD,0.99998784,True
RUN_077,2026-10-03 22:32:42,UDP_FLOOD,UDP_FLOOD,0.99998856,True
RUN_077,2026-10-03 22:32:43,UDP_FLOOD,UDP_FLOOD,0.99998456,True
RUN_077,2026-10-03 22:32:44,UDP_FLOOD,UDP_FLOOD,0.99992573,True
RUN_077,2026-10-03 22:32:45,UDP_FLOOD,UDP_FLOOD,0.9999857,True
RUN_077,2026-10-03 22:32:46,UDP_FLOOD,UDP_FLOOD,0.9999851,True
RUN_077,2026-10-03 22:32:47,UDP_FLOOD,UDP_FLOOD,0.9999798,True
RUN_077,2026-10-03 22:32:48,UDP_FLOOD,UDP_FLOOD,0.9999812,True
RUN_077,2026-10-03 22:32:49,UDP_FLOOD,UDP_FLOOD,0.9999693,True
RUN_077,2026-10-03 22:32:50,UDP_FLOOD,UDP_FLOOD,0.99998087,True
RUN_077,2026-10-03 22:32:51,UDP_FLOOD,UDP_FLOOD,0.9999786,True
RUN_077,2026-10-03 22:32:52,UDP_FLOOD,UDP_FLOOD,0.9999791,True
RUN_077,2026-10-03 22:32:53,UDP_FLOOD,UDP_FLOOD,0.9999687,True
RUN_077,2026-10-03 22:32:54,UDP_FLOOD,UDP_FLOOD,0.9999673,True
RUN_077,2026-10-03 22:32:55,UDP_FLOOD,UDP_FLOOD,0.9999648,True
RUN_077,2026-10-03 22:32:56,UDP_FLOOD,UDP_FLOOD,0.99997145,True
RUN_077,2026-10-03 22:32:57,UDP_FLOOD,UDP_FLOOD,0.9999818,True
RUN_077,2026-10-03 22:32:58,UDP_FLOOD,UDP_FLOOD,0.99997514,True
RUN_077,2026-10-03 22:32:59,UDP_FLOOD,UDP_FLOOD,0.99996847,True
RUN_077,2026-10-03 22:33:00,UDP_FLOOD,UDP_FLOOD,0.99994874,True
RUN_077,2026-10-03 22:33:01,UDP_FLOOD,UDP_FLOOD,0.9999781,True
RUN_077,2026-10-03 22:33:02,UDP_FLOOD,UDP_FLOOD,0.9999673,True
RUN_077,2026-10-03 22:33:03,UDP_FLOOD,UDP_FLOOD,0.99993575,True
RUN_077,2026-10-03 22:33:04,UDP_FLOOD,UDP_FLOOD,0.9999679,True
RUN_077,2026-10-03 22:33:05,UDP_FLOOD,UDP_FLOOD,0.99995375,True
RUN_077,2026-10-03 22:33:06,UDP_FLOOD,UDP_FLOOD,0.99993134,True
RUN_077,2026-10-03 22:33:07,UDP_FLOOD,UDP_FLOOD,0.9999706,True
RUN_077,2026-10-03 22:33:08,UDP_FLOOD,UDP_FLOOD,0.99994814,True
RUN_077,2026-10-03 22:33:09,UDP_FLOOD,UDP_FLOOD,0.9999595,True
RUN_077,2026-10-03 22:33:10,UDP_FLOOD,UDP_FLOOD,0.9999742,True
RUN_077,2026-10-03 22:33:11,UDP_FLOOD,UDP_FLOOD,0.9999521,True
RUN_077,2026-10-03 22:33:12,UDP_FLOOD,UDP_FLOOD,0.99981236,True
RUN_077,2026-10-03 22:33:13,UDP_FLOOD,UDP_FLOOD,0.9999675,True
RUN_077,2026-10-03 22:33:14,UDP_FLOOD,UDP_FLOOD,0.9999793,True
RUN_077,2026-10-03 22:33:15,UDP_FLOOD,UDP_FLOOD,0.9999436,True
RUN_077,2026-10-03 22:33:16,UDP_FLOOD,UDP_FLOOD,0.99997586,True
RUN_077,2026-10-03 22:33:17,UDP_FLOOD,UDP_FLOOD,0.99996763,True
RUN_077,2026-10-03 22:33:18,UDP_FLOOD,UDP_FLOOD,0.9999718,True
RUN_077,2026-10-03 22:33:19,UDP_FLOOD,UDP_FLOOD,0.99995244,True
RUN_077,2026-10-03 22:33:20,UDP_FLOOD,UDP_FLOOD,0.99996597,True
RUN_077,2026-10-03 22:33:21,UDP_FLOOD,UDP_FLOOD,0.99991256,True
RUN_077,2026-10-03 22:33:22,UDP_FLOOD,UDP_FLOOD,0.99996024,True
RUN_077,2026-10-03 22:33:23,UDP_FLOOD,UDP_FLOOD,0.99996954,True
RUN_077,2026-10-03 22:33:24,UDP_FLOOD,UDP_FLOOD,0.9999214,True
RUN_077,2026-10-03 22:33:25,UDP_FLOOD,UDP_FLOOD,0.99997324,True
RUN_077,2026-10-03 22:33:26,UDP_FLOOD,UDP_FLOOD,0.9999655,True
RUN_077,2026-10-03 22:33:27,UDP_FLOOD,UDP_FLOOD,0.99996716,True
RUN_077,2026-10-03 22:33:28,UDP_FLOOD,UDP_FLOOD,0.9999399,True
RUN_077,2026-10-03 22:33:29,UDP_FLOOD,UDP_FLOOD,0.9999643,True
RUN_077,2026-10-03 22:33:30,UDP_FLOOD,UDP_FLOOD,0.9999744,True
RUN_077,2026-10-03 22:33:31,UDP_FLOOD,UDP_FLOOD,0.99998593,True
RUN_077,2026-10-03 22:33:32,UDP_FLOOD,UDP_FLOOD,0.99998385,True
RUN_077,2026-10-03 22:33:33,UDP_FLOOD,UDP_FLOOD,0.9999837,True
RUN_077,2026-10-03 22:33:34,UDP_FLOOD,UDP_FLOOD,0.99997276,True
RUN_077,2026-10-03 22:33:35,UDP_FLOOD,UDP_FLOOD,0.9999816,True
RUN_077,2026-10-03 22:33:36,UDP_FLOOD,UDP_FLOOD,0.9999785,True
RUN_077,2026-10-03 22:33:37,UDP_FLOOD,UDP_FLOOD,0.99998194,True
RUN_077,2026-10-03 22:33:38,UDP_FLOOD,UDP_FLOOD,0.9999657,True
RUN_077,2026-10-03 22:33:39,UDP_FLOOD,UDP_FLOOD,0.9999836,True
RUN_077,2026-10-03 22:33:40,UDP_FLOOD,UDP_FLOOD,0.9999835,True
RUN_077,2026-10-03 22:33:41,UDP_FLOOD,UDP_FLOOD,0.9999772,True
RUN_077,2026-10-03 22:33:42,UDP_FLOOD,UDP_FLOOD,0.9999871,True
RUN_077,2026-10-03 22:33:43,UDP_FLOOD,UDP_FLOOD,0.9999862,True
RUN_077,2026-10-03 22:33:44,UDP_FLOOD,UDP_FLOOD,0.9999927,True
RUN_077,2026-10-03 22:33:45,UDP_FLOOD,UDP_FLOOD,0.9999918,True
RUN_077,2026-10-03 22:33:46,UDP_FLOOD,UDP_FLOOD,0.99998987,True
RUN_077,2026-10-03 22:33:47,UDP_FLOOD,UDP_FLOOD,0.9999818,True
RUN_077,2026-10-03 22:33:48,UDP_FLOOD,UDP_FLOOD,0.99998266,True
RUN_077,2026-10-03 22:33:49,UDP_FLOOD,UDP_FLOOD,0.9999876,True
RUN_077,2026-10-03 22:33:50,UDP_FLOOD,UDP_FLOOD,0.9999862,True
RUN_077,2026-10-03 22:33:51,UDP_FLOOD,UDP_FLOOD,0.9999883,True
RUN_077,2026-10-03 22:33:52,UDP_FLOOD,UDP_FLOOD,0.9999824,True
RUN_077,2026-10-03 22:33:53,UDP_FLOOD,UDP_FLOOD,0.99987507,True
RUN_077,2026-10-03 22:33:54,UDP_FLOOD,UDP_FLOOD,0.9999828,True
RUN_077,2026-10-03 22:33:55,UDP_FLOOD,UDP_FLOOD,0.999955,True
RUN_077,2026-10-03 22:33:56,UDP_FLOOD,UDP_FLOOD,0.99998444,True
RUN_077,2026-10-03 22:33:57,UDP_FLOOD,UDP_FLOOD,0.9999828,True
RUN_077,2026-10-03 22:33:58,UDP_FLOOD,UDP_FLOOD,0.9999902,True
RUN_077,2026-10-03 22:33:59,UDP_FLOOD,UDP_FLOOD,0.9999924,True
RUN_079,2026-10-03 22:36:00,ICMP_FLOOD,ICMP_FLOOD,0.9884154,True
RUN_079,2026-10-03 22:36:01,ICMP_FLOOD,ICMP_FLOOD,0.9953248,True
RUN_079,2026-10-03 22:36:02,ICMP_FLOOD,ICMP_FLOOD,0.9975788,True
RUN_079,2026-10-03 22:36:03,ICMP_FLOOD,ICMP_FLOOD,0.9980627,True
RUN_079,2026-10-03 22:36:04,ICMP_FLOOD,ICMP_FLOOD,0.9965522,True
RUN_079,2026-10-03 22:36:05,ICMP_FLOOD,ICMP_FLOOD,0.9980252,True
RUN_079,2026-10-03 22:36:06,ICMP_FLOOD,ICMP_FLOOD,0.99256057,True
RUN_079,2026-10-03 22:36:07,ICMP_FLOOD,ICMP_FLOOD,0.9664388,True
RUN_079,2026-10-03 22:36:08,ICMP_FLOOD,ICMP_FLOOD,0.9927287,True
RUN_079,2026-10-03 22:36:09,ICMP_FLOOD,ICMP_FLOOD,0.9754696,True
RUN_079,2026-10-03 22:36:10,ICMP_FLOOD,ICMP_FLOOD,0.9900561,True
RUN_079,2026-10-03 22:36:11,ICMP_FLOOD,ICMP_FLOOD,0.91248417,True
RUN_079,2026-10-03 22:36:12,ICMP_FLOOD,ICMP_FLOOD,0.98664,True
RUN_079,2026-10-03 22:36:13,ICMP_FLOOD,ICMP_FLOOD,0.989888,True
RUN_079,2026-10-03 22:36:14,ICMP_FLOOD,ICMP_FLOOD,0.9971169,True
RUN_079,2026-10-03 22:36:15,ICMP_FLOOD,ICMP_FLOOD,0.99789536,True
RUN_079,2026-10-03 22:36:16,ICMP_FLOOD,ICMP_FLOOD,0.9900763,True
RUN_079,2026-10-03 22:36:17,ICMP_FLOOD,ICMP_FLOOD,0.85605127,True
RUN_079,2026-10-03 22:36:18,ICMP_FLOOD,BENIGN,0.61827064,False
RUN_079,2026-10-03 22:36:19,ICMP_FLOOD,ICMP_FLOOD,0.8626092,True
RUN_079,2026-10-03 22:36:20,ICMP_FLOOD,ICMP_FLOOD,0.99631846,True
RUN_079,2026-10-03 22:36:21,ICMP_FLOOD,ICMP_FLOOD,0.98450595,True
RUN_079,2026-10-03 22:36:22,ICMP_FLOOD,ICMP_FLOOD,0.9881605,True
RUN_079,2026-10-03 22:36:23,ICMP_FLOOD,ICMP_FLOOD,0.9906662,True
RUN_079,2026-10-03 22:36:24,ICMP_FLOOD,ICMP_FLOOD,0.9927772,True
RUN_079,2026-10-03 22:36:25,ICMP_FLOOD,ICMP_FLOOD,0.96474755,True
RUN_079,2026-10-03 22:36:26,ICMP_FLOOD,ICMP_FLOOD,0.98563194,True
RUN_079,2026-10-03 22:36:27,ICMP_FLOOD,ICMP_FLOOD,0.9944549,True
RUN_079,2026-10-03 22:36:28,ICMP_FLOOD,ICMP_FLOOD,0.9952814,True
RUN_079,2026-10-03 22:36:29,ICMP_FLOOD,ICMP_FLOOD,0.9968327,True
RUN_079,2026-10-03 22:36:30,ICMP_FLOOD,ICMP_FLOOD,0.9919992,True
RUN_079,2026-10-03 22:36:31,ICMP_FLOOD,ICMP_FLOOD,0.9582867,True
RUN_079,2026-10-03 22:36:32,ICMP_FLOOD,ICMP_FLOOD,0.9974506,True
RUN_079,2026-10-03 22:36:33,ICMP_FLOOD,ICMP_FLOOD,0.99859643,True
RUN_079,2026-10-03 22:36:34,ICMP_FLOOD,ICMP_FLOOD,0.9992433,True
RUN_079,2026-10-03 22:36:35,ICMP_FLOOD,ICMP_FLOOD,0.99873245,True
RUN_079,2026-10-03 22:36:36,ICMP_FLOOD,ICMP_FLOOD,0.99807596,True
RUN_079,2026-10-03 22:36:37,ICMP_FLOOD,ICMP_FLOOD,0.9971472,True
RUN_079,2026-10-03 22:36:38,ICMP_FLOOD,ICMP_FLOOD,0.99786806,True
RUN_079,2026-10-03 22:36:39,ICMP_FLOOD,ICMP_FLOOD,0.99900925,True
RUN_079,2026-10-03 22:36:40,ICMP_FLOOD,ICMP_FLOOD,0.99846125,True
RUN_079,2026-10-03 22:36:41,ICMP_FLOOD,ICMP_FLOOD,0.9988903,True
RUN_079,2026-10-03 22:36:42,ICMP_FLOOD,ICMP_FLOOD,0.998971,True
RUN_079,2026-10-03 22:36:43,ICMP_FLOOD,ICMP_FLOOD,0.99896646,True
RUN_079,2026-10-03 22:36:44,ICMP_FLOOD,ICMP_FLOOD,0.9989273,True
RUN_079,2026-10-03 22:36:45,ICMP_FLOOD,ICMP_FLOOD,0.9988815,True
RUN_079,2026-10-03 22:36:46,ICMP_FLOOD,ICMP_FLOOD,0.9989309,True
RUN_079,2026-10-03 22:36:47,ICMP_FLOOD,ICMP_FLOOD,0.9989247,True
RUN_079,2026-10-03 22:36:48,ICMP_FLOOD,ICMP_FLOOD,0.99887186,True
RUN_079,2026-10-03 22:36:49,ICMP_FLOOD,ICMP_FLOOD,0.9992056,True
RUN_079,2026-10-03 22:36:50,ICMP_FLOOD,ICMP_FLOOD,0.99904054,True
RUN_079,2026-10-03 22:36:51,ICMP_FLOOD,ICMP_FLOOD,0.99884784,True
RUN_079,2026-10-03 22:36:52,ICMP_FLOOD,ICMP_FLOOD,0.99894136,True
RUN_079,2026-10-03 22:36:53,ICMP_FLOOD,ICMP_FLOOD,0.9990797,True
RUN_079,2026-10-03 22:36:54,ICMP_FLOOD,ICMP_FLOOD,0.9984328,True
RUN_079,2026-10-03 22:36:55,ICMP_FLOOD,ICMP_FLOOD,0.9991712,True
RUN_079,2026-10-03 22:36:56,ICMP_FLOOD,ICMP_FLOOD,0.9992647,True
RUN_079,2026-10-03 22:36:57,ICMP_FLOOD,ICMP_FLOOD,0.9993035,True
RUN_079,2026-10-03 22:36:58,ICMP_FLOOD,ICMP_FLOOD,0.9992364,True
RUN_079,2026-10-03 22:36:59,ICMP_FLOOD,ICMP_FLOOD,0.99924546,True
RUN_079,2026-10-03 22:37:00,ICMP_FLOOD,ICMP_FLOOD,0.9991154,True
RUN_079,2026-10-03 22:37:01,ICMP_FLOOD,ICMP_FLOOD,0.9992001,True
RUN_079,2026-10-03 22:37:02,ICMP_FLOOD,ICMP_FLOOD,0.99924845,True
RUN_079,2026-10-03 22:37:03,ICMP_FLOOD,ICMP_FLOOD,0.9993599,True
RUN_079,2026-10-03 22:37:04,ICMP_FLOOD,ICMP_FLOOD,0.9994187,True
RUN_079,2026-10-03 22:37:05,ICMP_FLOOD,ICMP_FLOOD,0.9994157,True
RUN_079,2026-10-03 22:37:06,ICMP_FLOOD,ICMP_FLOOD,0.99948305,True
RUN_079,2026-10-03 22:37:07,ICMP_FLOOD,ICMP_FLOOD,0.99929744,True
RUN_079,2026-10-03 22:37:08,ICMP_FLOOD,ICMP_FLOOD,0.9991266,True
RUN_079,2026-10-03 22:37:09,ICMP_FLOOD,ICMP_FLOOD,0.99897563,True
RUN_079,2026-10-03 22:37:10,ICMP_FLOOD,ICMP_FLOOD,0.99938536,True
RUN_079,2026-10-03 22:37:11,ICMP_FLOOD,ICMP_FLOOD,0.99937195,True
RUN_079,2026-10-03 22:37:12,ICMP_FLOOD,ICMP_FLOOD,0.9993955,True
RUN_079,2026-10-03 22:37:13,ICMP_FLOOD,ICMP_FLOOD,0.9994803,True
RUN_079,2026-10-03 22:37:14,ICMP_FLOOD,ICMP_FLOOD,0.99937904,True
RUN_079,2026-10-03 22:37:15,ICMP_FLOOD,ICMP_FLOOD,0.99949574,True
RUN_079,2026-10-03 22:37:16,ICMP_FLOOD,ICMP_FLOOD,0.9994901,True
RUN_079,2026-10-03 22:37:17,ICMP_FLOOD,ICMP_FLOOD,0.9995293,True
RUN_079,2026-10-03 22:37:18,ICMP_FLOOD,ICMP_FLOOD,0.9995505,True
RUN_079,2026-10-03 22:37:19,ICMP_FLOOD,ICMP_FLOOD,0.99883914,True
RUN_079,2026-10-03 22:37:20,ICMP_FLOOD,ICMP_FLOOD,0.9993262,True
RUN_079,2026-10-03 22:37:21,ICMP_FLOOD,ICMP_FLOOD,0.9992819,True
RUN_079,2026-10-03 22:37:22,ICMP_FLOOD,ICMP_FLOOD,0.9993391,True
RUN_079,2026-10-03 22:37:23,ICMP_FLOOD,ICMP_FLOOD,0.9994673,True
RUN_079,2026-10-03 22:37:24,ICMP_FLOOD,ICMP_FLOOD,0.99947125,True
RUN_079,2026-10-03 22:37:25,ICMP_FLOOD,ICMP_FLOOD,0.9994922,True
RUN_079,2026-10-03 22:37:26,ICMP_FLOOD,ICMP_FLOOD,0.99937135,True
RUN_079,2026-10-03 22:37:27,ICMP_FLOOD,ICMP_FLOOD,0.99933064,True
RUN_079,2026-10-03 22:37:28,ICMP_FLOOD,ICMP_FLOOD,0.9992752,True
RUN_079,2026-10-03 22:37:29,ICMP_FLOOD,ICMP_FLOOD,0.9987982,True
RUN_079,2026-10-03 22:37:30,ICMP_FLOOD,ICMP_FLOOD,0.9989631,True
RUN_079,2026-10-03 22:37:31,ICMP_FLOOD,ICMP_FLOOD,0.99860764,True
RUN_079,2026-10-03 22:37:32,ICMP_FLOOD,ICMP_FLOOD,0.9986748,True
RUN_079,2026-10-03 22:37:33,ICMP_FLOOD,ICMP_FLOOD,0.9965303,True
RUN_079,2026-10-03 22:37:34,ICMP_FLOOD,ICMP_FLOOD,0.99910194,True
RUN_079,2026-10-03 22:37:35,ICMP_FLOOD,ICMP_FLOOD,0.9993404,True
RUN_079,2026-10-03 22:37:36,ICMP_FLOOD,ICMP_FLOOD,0.9994176,True
RUN_079,2026-10-03 22:37:37,ICMP_FLOOD,ICMP_FLOOD,0.9994231,True
RUN_079,2026-10-03 22:37:38,ICMP_FLOOD,ICMP_FLOOD,0.9994139,True
RUN_079,2026-10-03 22:37:39,ICMP_FLOOD,ICMP_FLOOD,0.9994324,True
RUN_079,2026-10-03 22:37:40,ICMP_FLOOD,ICMP_FLOOD,0.9994684,True
RUN_079,2026-10-03 22:37:41,ICMP_FLOOD,ICMP_FLOOD,0.99947053,True
RUN_079,2026-10-03 22:37:42,ICMP_FLOOD,ICMP_FLOOD,0.99931705,True
RUN_079,2026-10-03 22:37:43,ICMP_FLOOD,ICMP_FLOOD,0.999167,True
RUN_079,2026-10-03 22:37:44,ICMP_FLOOD,ICMP_FLOOD,0.99945414,True
RUN_079,2026-10-03 22:37:45,ICMP_FLOOD,ICMP_FLOOD,0.999494,True
RUN_079,2026-10-03 22:37:46,ICMP_FLOOD,ICMP_FLOOD,0.9994053,True
RUN_079,2026-10-03 22:37:47,ICMP_FLOOD,ICMP_FLOOD,0.99870443,True
RUN_079,2026-10-03 22:37:48,ICMP_FLOOD,ICMP_FLOOD,0.99722207,True
RUN_079,2026-10-03 22:37:49,ICMP_FLOOD,ICMP_FLOOD,0.9958879,True
RUN_079,2026-10-03 22:37:50,ICMP_FLOOD,ICMP_FLOOD,0.9386789,True
RUN_079,2026-10-03 22:37:51,ICMP_FLOOD,ICMP_FLOOD,0.8747886,True
RUN_079,2026-10-03 22:37:52,ICMP_FLOOD,ICMP_FLOOD,0.9869506,True
RUN_079,2026-10-03 22:37:53,ICMP_FLOOD,ICMP_FLOOD,0.8528711,True
RUN_079,2026-10-03 22:37:54,ICMP_FLOOD,ICMP_FLOOD,0.68308127,True
RUN_079,2026-10-03 22:37:55,ICMP_FLOOD,SYN_FLOOD,0.54588205,False
RUN_079,2026-10-03 22:37:56,ICMP_FLOOD,SYN_FLOOD,0.8597326,False
RUN_079,2026-10-03 22:37:57,ICMP_FLOOD,SYN_FLOOD,0.7270522,False
RUN_079,2026-10-03 22:37:58,ICMP_FLOOD,SYN_FLOOD,0.8518426,False
RUN_079,2026-10-03 22:37:59,ICMP_FLOOD,SYN_FLOOD,0.8903799,False
RUN_083,2026-10-03 22:44:00,SYN_FLOOD,ICMP_FLOOD,0.96949744,False
RUN_083,2026-10-03 22:44:01,SYN_FLOOD,ICMP_FLOOD,0.878741,False
RUN_083,2026-10-03 22:44:02,SYN_FLOOD,ICMP_FLOOD,0.6414243,False
RUN_083,2026-10-03 22:44:03,SYN_FLOOD,SYN_FLOOD,0.68442357,True
RUN_083,2026-10-03 22:44:04,SYN_FLOOD,SYN_FLOOD,0.8312275,True
RUN_083,2026-10-03 22:44:05,SYN_FLOOD,SYN_FLOOD,0.96935457,True
RUN_083,2026-10-03 22:44:06,SYN_FLOOD,ICMP_FLOOD,0.8498802,False
RUN_083,2026-10-03 22:44:07,SYN_FLOOD,ICMP_FLOOD,0.85377973,False
RUN_083,2026-10-03 22:44:08,SYN_FLOOD,ICMP_FLOOD,0.85501647,False
RUN_083,2026-10-03 22:44:09,SYN_FLOOD,SYN_FLOOD,0.73476267,True
RUN_083,2026-10-03 22:44:10,SYN_FLOOD,SYN_FLOOD,0.79881877,True
RUN_083,2026-10-03 22:44:11,SYN_FLOOD,SYN_FLOOD,0.97970897,True
RUN_083,2026-10-03 22:44:12,SYN_FLOOD,SYN_FLOOD,0.91523737,True
RUN_083,2026-10-03 22:44:13,SYN_FLOOD,SYN_FLOOD,0.9624663,True
RUN_083,2026-10-03 22:44:14,SYN_FLOOD,SYN_FLOOD,0.96767294,True
RUN_083,2026-10-03 22:44:15,SYN_FLOOD,SYN_FLOOD,0.9390749,True
RUN_083,2026-10-03 22:44:16,SYN_FLOOD,SYN_FLOOD,0.97766095,True
RUN_083,2026-10-03 22:44:17,SYN_FLOOD,SYN_FLOOD,0.9833707,True
RUN_083,2026-10-03 22:44:18,SYN_FLOOD,SYN_FLOOD,0.9708435,True
RUN_083,2026-10-03 22:44:19,SYN_FLOOD,SYN_FLOOD,0.98398226,True
RUN_083,2026-10-03 22:44:20,SYN_FLOOD,SYN_FLOOD,0.8322195,True
RUN_083,2026-10-03 22:44:21,SYN_FLOOD,ICMP_FLOOD,0.9827876,False
RUN_083,2026-10-03 22:44:22,SYN_FLOOD,SYN_FLOOD,0.7629515,True
RUN_083,2026-10-03 22:44:23,SYN_FLOOD,SYN_FLOOD,0.8738823,True
RUN_083,2026-10-03 22:44:24,SYN_FLOOD,SYN_FLOOD,0.98928803,True
RUN_083,2026-10-03 22:44:25,SYN_FLOOD,SYN_FLOOD,0.9863472,True
RUN_083,2026-10-03 22:44:26,SYN_FLOOD,SYN_FLOOD,0.9924832,True
RUN_083,2026-10-03 22:44:27,SYN_FLOOD,SYN_FLOOD,0.99477845,True
RUN_083,2026-10-03 22:44:28,SYN_FLOOD,SYN_FLOOD,0.996546,True
RUN_083,2026-10-03 22:44:29,SYN_FLOOD,SYN_FLOOD,0.99855715,True
RUN_083,2026-10-03 22:44:30,SYN_FLOOD,ICMP_FLOOD,0.9906204,False
RUN_083,2026-10-03 22:44:31,SYN_FLOOD,ICMP_FLOOD,0.9236543,False
RUN_083,2026-10-03 22:44:32,SYN_FLOOD,ICMP_FLOOD,0.95569414,False
RUN_083,2026-10-03 22:44:33,SYN_FLOOD,SYN_FLOOD,0.9798566,True
RUN_083,2026-10-03 22:44:34,SYN_FLOOD,SYN_FLOOD,0.98771584,True
RUN_083,2026-10-03 22:44:35,SYN_FLOOD,SYN_FLOOD,0.99226415,True
RUN_083,2026-10-03 22:44:36,SYN_FLOOD,SYN_FLOOD,0.99469006,True
RUN_083,2026-10-03 22:44:37,SYN_FLOOD,SYN_FLOOD,0.9943619,True
RUN_083,2026-10-03 22:44:38,SYN_FLOOD,SYN_FLOOD,0.9804253,True
RUN_083,2026-10-03 22:44:39,SYN_FLOOD,SYN_FLOOD,0.98941016,True
RUN_083,2026-10-03 22:44:40,SYN_FLOOD,SYN_FLOOD,0.995343,True
RUN_083,2026-10-03 22:44:41,SYN_FLOOD,SYN_FLOOD,0.9953362,True
RUN_083,2026-10-03 22:44:42,SYN_FLOOD,SYN_FLOOD,0.9948052,True
RUN_083,2026-10-03 22:44:43,SYN_FLOOD,SYN_FLOOD,0.99357754,True
RUN_083,2026-10-03 22:44:44,SYN_FLOOD,SYN_FLOOD,0.99404895,True
RUN_083,2026-10-03 22:44:45,SYN_FLOOD,SYN_FLOOD,0.98604804,True
RUN_083,2026-10-03 22:44:46,SYN_FLOOD,SYN_FLOOD,0.9926008,True
RUN_083,2026-10-03 22:44:47,SYN_FLOOD,SYN_FLOOD,0.99733204,True
RUN_083,2026-10-03 22:44:48,SYN_FLOOD,SYN_FLOOD,0.9971914,True
RUN_083,2026-10-03 22:44:49,SYN_FLOOD,SYN_FLOOD,0.99836624,True
RUN_083,2026-10-03 22:44:50,SYN_FLOOD,SYN_FLOOD,0.9978154,True
RUN_083,2026-10-03 22:44:51,SYN_FLOOD,SYN_FLOOD,0.99074966,True
RUN_083,2026-10-03 22:44:52,SYN_FLOOD,SYN_FLOOD,0.9917874,True
RUN_083,2026-10-03 22:44:53,SYN_FLOOD,SYN_FLOOD,0.99721646,True
RUN_083,2026-10-03 22:44:54,SYN_FLOOD,SYN_FLOOD,0.9966699,True
RUN_083,2026-10-03 22:44:55,SYN_FLOOD,SYN_FLOOD,0.9962008,True
RUN_083,2026-10-03 22:44:56,SYN_FLOOD,SYN_FLOOD,0.99831516,True
RUN_083,2026-10-03 22:44:57,SYN_FLOOD,SYN_FLOOD,0.9982731,True
RUN_083,2026-10-03 22:44:58,SYN_FLOOD,SYN_FLOOD,0.9983193,True
RUN_083,2026-10-03 22:44:59,SYN_FLOOD,SYN_FLOOD,0.9978365,True
RUN_083,2026-10-03 22:45:00,SYN_FLOOD,SYN_FLOOD,0.99508905,True
RUN_083,2026-10-03 22:45:01,SYN_FLOOD,SYN_FLOOD,0.9988696,True
RUN_083,2026-10-03 22:45:02,SYN_FLOOD,SYN_FLOOD,0.99719274,True
RUN_083,2026-10-03 22:45:03,SYN_FLOOD,SYN_FLOOD,0.998539,True
RUN_083,2026-10-03 22:45:04,SYN_FLOOD,SYN_FLOOD,0.9976809,True
RUN_083,2026-10-03 22:45:05,SYN_FLOOD,SYN_FLOOD,0.99870896,True
RUN_083,2026-10-03 22:45:06,SYN_FLOOD,SYN_FLOOD,0.9968407,True
RUN_083,2026-10-03 22:45:07,SYN_FLOOD,SYN_FLOOD,0.995499,True
RUN_083,2026-10-03 22:45:08,SYN_FLOOD,SYN_FLOOD,0.93979,True
RUN_083,2026-10-03 22:45:09,SYN_FLOOD,SYN_FLOOD,0.9976039,True
RUN_083,2026-10-03 22:45:10,SYN_FLOOD,SYN_FLOOD,0.99669677,True
RUN_083,2026-10-03 22:45:11,SYN_FLOOD,SYN_FLOOD,0.9987285,True
RUN_083,2026-10-03 22:45:12,SYN_FLOOD,SYN_FLOOD,0.9986144,True
RUN_083,2026-10-03 22:45:13,SYN_FLOOD,SYN_FLOOD,0.99846125,True
RUN_083,2026-10-03 22:45:14,SYN_FLOOD,SYN_FLOOD,0.9960795,True
RUN_083,2026-10-03 22:45:15,SYN_FLOOD,SYN_FLOOD,0.99839526,True
RUN_083,2026-10-03 22:45:16,SYN_FLOOD,SYN_FLOOD,0.9977851,True
RUN_083,2026-10-03 22:45:17,SYN_FLOOD,SYN_FLOOD,0.99877894,True
RUN_083,2026-10-03 22:45:18,SYN_FLOOD,SYN_FLOOD,0.9984489,True
RUN_083,2026-10-03 22:45:19,SYN_FLOOD,SYN_FLOOD,0.9984766,True
RUN_083,2026-10-03 22:45:20,SYN_FLOOD,SYN_FLOOD,0.99683356,True
RUN_083,2026-10-03 22:45:21,SYN_FLOOD,SYN_FLOOD,0.9981364,True
RUN_083,2026-10-03 22:45:22,SYN_FLOOD,SYN_FLOOD,0.9979061,True
RUN_083,2026-10-03 22:45:23,SYN_FLOOD,SYN_FLOOD,0.99813986,True
RUN_083,2026-10-03 22:45:24,SYN_FLOOD,SYN_FLOOD,0.9971994,True
RUN_083,2026-10-03 22:45:25,SYN_FLOOD,SYN_FLOOD,0.9987021,True
RUN_083,2026-10-03 22:45:26,SYN_FLOOD,SYN_FLOOD,0.99868995,True
RUN_083,2026-10-03 22:45:27,SYN_FLOOD,SYN_FLOOD,0.99889946,True
RUN_083,2026-10-03 22:45:28,SYN_FLOOD,SYN_FLOOD,0.9984602,True
RUN_083,2026-10-03 22:45:29,SYN_FLOOD,SYN_FLOOD,0.9985944,True
RUN_083,2026-10-03 22:45:30,SYN_FLOOD,SYN_FLOOD,0.9988139,True
RUN_083,2026-10-03 22:45:31,SYN_FLOOD,SYN_FLOOD,0.9984438,True
RUN_083,2026-10-03 22:45:32,SYN_FLOOD,SYN_FLOOD,0.9973489,True
RUN_083,2026-10-03 22:45:33,SYN_FLOOD,SYN_FLOOD,0.9982119,True
RUN_083,2026-10-03 22:45:34,SYN_FLOOD,SYN_FLOOD,0.998541,True
RUN_083,2026-10-03 22:45:35,SYN_FLOOD,SYN_FLOOD,0.9980798,True
RUN_083,2026-10-03 22:45:36,SYN_FLOOD,SYN_FLOOD,0.9978565,True
RUN_083,2026-10-03 22:45:37,SYN_FLOOD,SYN_FLOOD,0.99721175,True
RUN_083,2026-10-03 22:45:38,SYN_FLOOD,SYN_FLOOD,0.99795306,True
RUN_083,2026-10-03 22:45:39,SYN_FLOOD,SYN_FLOOD,0.99656916,True
RUN_083,2026-10-03 22:45:40,SYN_FLOOD,SYN_FLOOD,0.9943658,True
RUN_083,2026-10-03 22:45:41,SYN_FLOOD,SYN_FLOOD,0.9972856,True
RUN_083,2026-10-03 22:45:42,SYN_FLOOD,SYN_FLOOD,0.997245,True
RUN_083,2026-10-03 22:45:43,SYN_FLOOD,SYN_FLOOD,0.9971484,True
RUN_083,2026-10-03 22:45:44,SYN_FLOOD,SYN_FLOOD,0.99742454,True
RUN_083,2026-10-03 22:45:45,SYN_FLOOD,SYN_FLOOD,0.99647224,True
RUN_083,2026-10-03 22:45:46,SYN_FLOOD,SYN_FLOOD,0.99204296,True
RUN_083,2026-10-03 22:45:47,SYN_FLOOD,SYN_FLOOD,0.99227256,True
RUN_083,2026-10-03 22:45:48,SYN_FLOOD,SYN_FLOOD,0.98988366,True
RUN_083,2026-10-03 22:45:49,SYN_FLOOD,SYN_FLOOD,0.9486256,True
RUN_083,2026-10-03 22:45:50,SYN_FLOOD,ICMP_FLOOD,0.99026966,False
RUN_083,2026-10-03 22:45:51,SYN_FLOOD,ICMP_FLOOD,0.9867709,False
RUN_083,2026-10-03 22:45:52,SYN_FLOOD,ICMP_FLOOD,0.98876566,False
RUN_083,2026-10-03 22:45:53,SYN_FLOOD,ICMP_FLOOD,0.9851517,False
RUN_083,2026-10-03 22:45:54,SYN_FLOOD,ICMP_FLOOD,0.96110153,False
RUN_083,2026-10-03 22:45:55,SYN_FLOOD,SYN_FLOOD,0.8382097,True
RUN_083,2026-10-03 22:45:56,SYN_FLOOD,ICMP_FLOOD,0.9441065,False
RUN_083,2026-10-03 22:45:57,SYN_FLOOD,ICMP_FLOOD,0.9780819,False
RUN_083,2026-10-03 22:45:58,SYN_FLOOD,ICMP_FLOOD,0.9598547,False
RUN_083,2026-10-03 22:45:59,SYN_FLOOD,ICMP_FLOOD,0.9660653,False
RUN_105,2026-10-03 23:28:00,SYN_FLOOD,BENIGN,0.69690734,False
RUN_105,2026-10-03 23:28:01,SYN_FLOOD,BENIGN,0.76653665,False
RUN_105,2026-10-03 23:28:02,SYN_FLOOD,BENIGN,0.8006664,False
RUN_105,2026-10-03 23:28:03,SYN_FLOOD,BENIGN,0.5894801,False
RUN_105,2026-10-03 23:28:04,SYN_FLOOD,BENIGN,0.9710115,False
RUN_105,2026-10-03 23:28:05,SYN_FLOOD,BENIGN,0.9872795,False
RUN_105,2026-10-03 23:28:06,SYN_FLOOD,BENIGN,0.9729529,False
RUN_105,2026-10-03 23:28:07,SYN_FLOOD,BENIGN,0.99650455,False
RUN_105,2026-10-03 23:28:08,SYN_FLOOD,BENIGN,0.99685276,False
RUN_105,2026-10-03 23:28:09,SYN_FLOOD,BENIGN,0.99032027,False
RUN_105,2026-10-03 23:28:10,SYN_FLOOD,BENIGN,0.9594652,False
RUN_105,2026-10-03 23:28:11,SYN_FLOOD,SYN_FLOOD,0.5123349,True
RUN_105,2026-10-03 23:28:12,SYN_FLOOD,BENIGN,0.99041533,False
RUN_105,2026-10-03 23:28:13,SYN_FLOOD,SYN_FLOOD,0.64046854,True
RUN_105,2026-10-03 23:28:14,SYN_FLOOD,BENIGN,0.8382847,False
RUN_105,2026-10-03 23:28:15,SYN_FLOOD,BENIGN,0.8029445,False
RUN_105,2026-10-03 23:28:16,SYN_FLOOD,SYN_FLOOD,0.91790056,True
RUN_105,2026-10-03 23:28:17,SYN_FLOOD,SYN_FLOOD,0.9093537,True
RUN_105,2026-10-03 23:28:18,SYN_FLOOD,SYN_FLOOD,0.505165,True
RUN_105,2026-10-03 23:28:19,SYN_FLOOD,SYN_FLOOD,0.9463241,True
RUN_105,2026-10-03 23:28:20,SYN_FLOOD,SYN_FLOOD,0.5643118,True
RUN_105,2026-10-03 23:28:21,SYN_FLOOD,SYN_FLOOD,0.5207793,True
RUN_105,2026-10-03 23:28:22,SYN_FLOOD,SYN_FLOOD,0.89875335,True
RUN_105,2026-10-03 23:28:23,SYN_FLOOD,SYN_FLOOD,0.6266151,True
RUN_105,2026-10-03 23:28:24,SYN_FLOOD,SYN_FLOOD,0.7291834,True
RUN_105,2026-10-03 23:28:25,SYN_FLOOD,SYN_FLOOD,0.5779443,True
RUN_105,2026-10-03 23:28:26,SYN_FLOOD,ICMP_FLOOD,0.96399915,False
RUN_105,2026-10-03 23:28:27,SYN_FLOOD,SYN_FLOOD,0.9554554,True
RUN_105,2026-10-03 23:28:28,SYN_FLOOD,ICMP_FLOOD,0.5150909,False
RUN_105,2026-10-03 23:28:29,SYN_FLOOD,ICMP_FLOOD,0.98972344,False
RUN_105,2026-10-03 23:28:30,SYN_FLOOD,SYN_FLOOD,0.76893914,True
RUN_105,2026-10-03 23:28:31,SYN_FLOOD,SYN_FLOOD,0.80309266,True
RUN_105,2026-10-03 23:28:32,SYN_FLOOD,ICMP_FLOOD,0.6330676,False
RUN_105,2026-10-03 23:28:33,SYN_FLOOD,SYN_FLOOD,0.5149979,True
RUN_105,2026-10-03 23:28:34,SYN_FLOOD,SYN_FLOOD,0.7567675,True
RUN_105,2026-10-03 23:28:35,SYN_FLOOD,SYN_FLOOD,0.79286516,True
RUN_105,2026-10-03 23:28:36,SYN_FLOOD,ICMP_FLOOD,0.5267593,False
RUN_105,2026-10-03 23:28:37,SYN_FLOOD,ICMP_FLOOD,0.8035767,False
RUN_105,2026-10-03 23:28:38,SYN_FLOOD,ICMP_FLOOD,0.6040903,False
RUN_105,2026-10-03 23:28:39,SYN_FLOOD,SYN_FLOOD,0.7804625,True
RUN_105,2026-10-03 23:28:40,SYN_FLOOD,SYN_FLOOD,0.92476535,True
RUN_105,2026-10-03 23:28:41,SYN_FLOOD,ICMP_FLOOD,0.6201949,False
RUN_105,2026-10-03 23:28:42,SYN_FLOOD,SYN_FLOOD,0.75995004,True
RUN_105,2026-10-03 23:28:43,SYN_FLOOD,SYN_FLOOD,0.8193672,True
RUN_105,2026-10-03 23:28:44,SYN_FLOOD,SYN_FLOOD,0.8068913,True
RUN_105,2026-10-03 23:28:45,SYN_FLOOD,SYN_FLOOD,0.635081,True
RUN_105,2026-10-03 23:28:46,SYN_FLOOD,SYN_FLOOD,0.5369292,True
RUN_105,2026-10-03 23:28:47,SYN_FLOOD,SYN_FLOOD,0.63620734,True
RUN_105,2026-10-03 23:28:48,SYN_FLOOD,SYN_FLOOD,0.7846171,True
RUN_105,2026-10-03 23:28:49,SYN_FLOOD,ICMP_FLOOD,0.9864583,False
RUN_105,2026-10-03 23:28:50,SYN_FLOOD,SYN_FLOOD,0.74991584,True
RUN_105,2026-10-03 23:28:51,SYN_FLOOD,SYN_FLOOD,0.64744955,True
RUN_105,2026-10-03 23:28:52,SYN_FLOOD,SYN_FLOOD,0.98815024,True
RUN_105,2026-10-03 23:28:53,SYN_FLOOD,SYN_FLOOD,0.8270194,True
RUN_105,2026-10-03 23:28:54,SYN_FLOOD,SYN_FLOOD,0.96380067,True
RUN_105,2026-10-03 23:28:55,SYN_FLOOD,SYN_FLOOD,0.99250555,True
RUN_105,2026-10-03 23:28:56,SYN_FLOOD,SYN_FLOOD,0.9848681,True
RUN_105,2026-10-03 23:28:57,SYN_FLOOD,SYN_FLOOD,0.6451538,True
RUN_105,2026-10-03 23:28:58,SYN_FLOOD,SYN_FLOOD,0.6768201,True
RUN_105,2026-10-03 23:28:59,SYN_FLOOD,SYN_FLOOD,0.6090791,True
RUN_105,2026-10-03 23:29:00,SYN_FLOOD,SYN_FLOOD,0.9959492,True
RUN_105,2026-10-03 23:29:01,SYN_FLOOD,SYN_FLOOD,0.9961648,True
RUN_105,2026-10-03 23:29:02,SYN_FLOOD,SYN_FLOOD,0.9944272,True
RUN_105,2026-10-03 23:29:03,SYN_FLOOD,SYN_FLOOD,0.9961848,True
RUN_105,2026-10-03 23:29:04,SYN_FLOOD,SYN_FLOOD,0.9652056,True
RUN_105,2026-10-03 23:29:05,SYN_FLOOD,SYN_FLOOD,0.9934908,True
RUN_105,2026-10-03 23:29:06,SYN_FLOOD,SYN_FLOOD,0.9943204,True
RUN_105,2026-10-03 23:29:07,SYN_FLOOD,SYN_FLOOD,0.78916776,True
RUN_105,2026-10-03 23:29:08,SYN_FLOOD,SYN_FLOOD,0.9966071,True
RUN_105,2026-10-03 23:29:09,SYN_FLOOD,SYN_FLOOD,0.99145204,True
RUN_105,2026-10-03 23:29:10,SYN_FLOOD,SYN_FLOOD,0.9943331,True
RUN_105,2026-10-03 23:29:11,SYN_FLOOD,SYN_FLOOD,0.9969376,True
RUN_105,2026-10-03 23:29:12,SYN_FLOOD,SYN_FLOOD,0.99594426,True
RUN_105,2026-10-03 23:29:13,SYN_FLOOD,SYN_FLOOD,0.7895678,True
RUN_105,2026-10-03 23:29:14,SYN_FLOOD,SYN_FLOOD,0.99277663,True
RUN_105,2026-10-03 23:29:15,SYN_FLOOD,SYN_FLOOD,0.97839636,True
RUN_105,2026-10-03 23:29:16,SYN_FLOOD,SYN_FLOOD,0.98214793,True
RUN_105,2026-10-03 23:29:17,SYN_FLOOD,SYN_FLOOD,0.99411523,True
RUN_105,2026-10-03 23:29:18,SYN_FLOOD,SYN_FLOOD,0.99761426,True
RUN_105,2026-10-03 23:29:19,SYN_FLOOD,SYN_FLOOD,0.9700883,True
RUN_105,2026-10-03 23:29:20,SYN_FLOOD,SYN_FLOOD,0.87152785,True
RUN_105,2026-10-03 23:29:21,SYN_FLOOD,SYN_FLOOD,0.9581914,True
RUN_105,2026-10-03 23:29:22,SYN_FLOOD,SYN_FLOOD,0.971907,True
RUN_105,2026-10-03 23:29:23,SYN_FLOOD,SYN_FLOOD,0.9945848,True
RUN_105,2026-10-03 23:29:24,SYN_FLOOD,SYN_FLOOD,0.9955328,True
RUN_105,2026-10-03 23:29:25,SYN_FLOOD,SYN_FLOOD,0.99584126,True
RUN_105,2026-10-03 23:29:26,SYN_FLOOD,SYN_FLOOD,0.9969299,True
RUN_105,2026-10-03 23:29:27,SYN_FLOOD,SYN_FLOOD,0.99584496,True
RUN_105,2026-10-03 23:29:28,SYN_FLOOD,SYN_FLOOD,0.982448,True
RUN_105,2026-10-03 23:29:29,SYN_FLOOD,SYN_FLOOD,0.98540705,True
RUN_105,2026-10-03 23:29:30,SYN_FLOOD,SYN_FLOOD,0.99070764,True
RUN_105,2026-10-03 23:29:31,SYN_FLOOD,SYN_FLOOD,0.9960687,True
RUN_105,2026-10-03 23:29:32,SYN_FLOOD,SYN_FLOOD,0.97711253,True
RUN_105,2026-10-03 23:29:33,SYN_FLOOD,SYN_FLOOD,0.9772336,True
RUN_105,2026-10-03 23:29:34,SYN_FLOOD,SYN_FLOOD,0.7561414,True
RUN_105,2026-10-03 23:29:35,SYN_FLOOD,SYN_FLOOD,0.81031203,True
RUN_105,2026-10-03 23:29:36,SYN_FLOOD,SYN_FLOOD,0.99013174,True
RUN_105,2026-10-03 23:29:37,SYN_FLOOD,SYN_FLOOD,0.98912495,True
RUN_105,2026-10-03 23:29:38,SYN_FLOOD,SYN_FLOOD,0.99471754,True
RUN_105,2026-10-03 23:29:39,SYN_FLOOD,SYN_FLOOD,0.9859759,True
RUN_105,2026-10-03 23:29:40,SYN_FLOOD,SYN_FLOOD,0.6628102,True
RUN_105,2026-10-03 23:29:41,SYN_FLOOD,SYN_FLOOD,0.95586354,True
RUN_105,2026-10-03 23:29:42,SYN_FLOOD,ICMP_FLOOD,0.8997069,False
RUN_105,2026-10-03 23:29:43,SYN_FLOOD,SYN_FLOOD,0.95309234,True
RUN_105,2026-10-03 23:29:44,SYN_FLOOD,SYN_FLOOD,0.9802482,True
RUN_105,2026-10-03 23:29:45,SYN_FLOOD,SYN_FLOOD,0.97484756,True
RUN_105,2026-10-03 23:29:46,SYN_FLOOD,SYN_FLOOD,0.8674257,True
RUN_105,2026-10-03 23:29:47,SYN_FLOOD,SYN_FLOOD,0.75052905,True
RUN_105,2026-10-03 23:29:48,SYN_FLOOD,SYN_FLOOD,0.7182521,True
RUN_105,2026-10-03 23:29:49,SYN_FLOOD,SYN_FLOOD,0.66386217,True
RUN_105,2026-10-03 23:29:50,SYN_FLOOD,ICMP_FLOOD,0.79755545,False
RUN_105,2026-10-03 23:29:51,SYN_FLOOD,SYN_FLOOD,0.890647,True
RUN_105,2026-10-03 23:29:52,SYN_FLOOD,SYN_FLOOD,0.9247599,True
RUN_105,2026-10-03 23:29:53,SYN_FLOOD,SYN_FLOOD,0.8998382,True
RUN_105,2026-10-03 23:29:54,SYN_FLOOD,SYN_FLOOD,0.857331,True
RUN_105,2026-10-03 23:29:55,SYN_FLOOD,SYN_FLOOD,0.8585236,True
RUN_105,2026-10-03 23:29:56,SYN_FLOOD,SYN_FLOOD,0.8932072,True
RUN_105,2026-10-03 23:29:57,SYN_FLOOD,SYN_FLOOD,0.6556781,True
RUN_105,2026-10-03 23:29:58,SYN_FLOOD,SYN_FLOOD,0.60607725,True
RUN_105,2026-10-03 23:29:59,SYN_FLOOD,SYN_FLOOD,0.82089865,True
RUN_109,2026-10-03 23:36:00,BENIGN,BENIGN,0.9779337,True
RUN_109,2026-10-03 23:36:01,BENIGN,BENIGN,0.99959654,True
RUN_109,2026-10-03 23:36:02,BENIGN,BENIGN,0.99806017,True
RUN_109,2026-10-03 23:36:03,BENIGN,BENIGN,0.9998968,True
RUN_109,2026-10-03 23:36:04,BENIGN,BENIGN,0.9992942,True
RUN_109,2026-10-03 23:36:05,BENIGN,BENIGN,0.99844927,True
RUN_109,2026-10-03 23:36:06,BENIGN,BENIGN,0.9989675,True
RUN_109,2026-10-03 23:36:07,BENIGN,BENIGN,0.9998069,True
RUN_109,2026-10-03 23:36:08,BENIGN,BENIGN,0.99475026,True
RUN_109,2026-10-03 23:36:09,BENIGN,BENIGN,0.9999055,True
RUN_109,2026-10-03 23:36:10,BENIGN,BENIGN,0.9999399,True
RUN_109,2026-10-03 23:36:11,BENIGN,BENIGN,0.99994385,True
RUN_109,2026-10-03 23:36:12,BENIGN,BENIGN,0.9998894,True
RUN_109,2026-10-03 23:36:13,BENIGN,BENIGN,0.99987483,True
RUN_109,2026-10-03 23:36:14,BENIGN,BENIGN,0.99983495,True
RUN_109,2026-10-03 23:36:15,BENIGN,BENIGN,0.9999637,True
RUN_109,2026-10-03 23:36:16,BENIGN,BENIGN,0.9999116,True
RUN_109,2026-10-03 23:36:17,BENIGN,BENIGN,0.99997896,True
RUN_109,2026-10-03 23:36:18,BENIGN,BENIGN,0.99986756,True
RUN_109,2026-10-03 23:36:19,BENIGN,BENIGN,0.99994695,True
RUN_109,2026-10-03 23:36:20,BENIGN,BENIGN,0.99995303,True
RUN_109,2026-10-03 23:36:21,BENIGN,BENIGN,0.9999336,True
RUN_109,2026-10-03 23:36:22,BENIGN,BENIGN,0.9989857,True
RUN_109,2026-10-03 23:36:23,BENIGN,BENIGN,0.99987614,True
RUN_109,2026-10-03 23:36:24,BENIGN,BENIGN,0.99931234,True
RUN_109,2026-10-03 23:36:25,BENIGN,BENIGN,0.9993975,True
RUN_109,2026-10-03 23:36:26,BENIGN,BENIGN,0.99993086,True
RUN_109,2026-10-03 23:36:27,BENIGN,BENIGN,0.9998464,True
RUN_109,2026-10-03 23:36:28,BENIGN,BENIGN,0.99988043,True
RUN_109,2026-10-03 23:36:29,BENIGN,BENIGN,0.99984163,True
RUN_109,2026-10-03 23:36:30,BENIGN,BENIGN,0.99998456,True
RUN_109,2026-10-03 23:36:31,BENIGN,BENIGN,0.9999893,True
RUN_109,2026-10-03 23:36:32,BENIGN,BENIGN,0.9999914,True
RUN_109,2026-10-03 23:36:33,BENIGN,BENIGN,0.9999843,True
RUN_109,2026-10-03 23:36:34,BENIGN,BENIGN,0.99998546,True
RUN_109,2026-10-03 23:36:35,BENIGN,BENIGN,0.9999762,True
RUN_109,2026-10-03 23:36:36,BENIGN,BENIGN,0.9999618,True
RUN_109,2026-10-03 23:36:37,BENIGN,BENIGN,0.9999875,True
RUN_109,2026-10-03 23:36:38,BENIGN,BENIGN,0.99998736,True
RUN_109,2026-10-03 23:36:39,BENIGN,BENIGN,0.9999817,True
RUN_109,2026-10-03 23:36:40,BENIGN,BENIGN,0.9999864,True
RUN_109,2026-10-03 23:36:41,BENIGN,BENIGN,0.99998784,True
RUN_109,2026-10-03 23:36:42,BENIGN,BENIGN,0.9999496,True
RUN_109,2026-10-03 23:36:43,BENIGN,BENIGN,0.9999786,True
RUN_109,2026-10-03 23:36:44,BENIGN,BENIGN,0.9999816,True
RUN_109,2026-10-03 23:36:45,BENIGN,BENIGN,0.9999803,True
RUN_109,2026-10-03 23:36:46,BENIGN,BENIGN,0.9999823,True
RUN_109,2026-10-03 23:36:47,BENIGN,BENIGN,0.9999816,True
RUN_109,2026-10-03 23:36:48,BENIGN,BENIGN,0.9999786,True
RUN_109,2026-10-03 23:36:49,BENIGN,BENIGN,0.9999792,True
RUN_109,2026-10-03 23:36:50,BENIGN,BENIGN,0.9999817,True
RUN_109,2026-10-03 23:36:51,BENIGN,BENIGN,0.99998313,True
RUN_109,2026-10-03 23:36:52,BENIGN,BENIGN,0.99997705,True
RUN_109,2026-10-03 23:36:53,BENIGN,BENIGN,0.9999811,True
RUN_109,2026-10-03 23:36:54,BENIGN,BENIGN,0.9999775,True
RUN_109,2026-10-03 23:36:55,BENIGN,BENIGN,0.99994326,True
RUN_109,2026-10-03 23:36:56,BENIGN,BENIGN,0.999936,True
RUN_109,2026-10-03 23:36:57,BENIGN,BENIGN,0.9999448,True
RUN_109,2026-10-03 23:36:58,BENIGN,BENIGN,0.9999312,True
RUN_109,2026-10-03 23:36:59,BENIGN,BENIGN,0.9999034,True
RUN_109,2026-10-03 23:37:00,BENIGN,BENIGN,0.99993396,True
RUN_109,2026-10-03 23:37:01,BENIGN,BENIGN,0.99992955,True
RUN_109,2026-10-03 23:37:02,BENIGN,BENIGN,0.9999356,True
RUN_109,2026-10-03 23:37:03,BENIGN,BENIGN,0.99987733,True
RUN_109,2026-10-03 23:37:04,BENIGN,BENIGN,0.9998908,True
RUN_109,2026-10-03 23:37:05,BENIGN,BENIGN,0.9998556,True
RUN_109,2026-10-03 23:37:06,BENIGN,BENIGN,0.9999623,True
RUN_109,2026-10-03 23:37:07,BENIGN,BENIGN,0.999751,True
RUN_109,2026-10-03 23:37:08,BENIGN,BENIGN,0.99986225,True
RUN_109,2026-10-03 23:37:09,BENIGN,BENIGN,0.99990994,True
RUN_109,2026-10-03 23:37:10,BENIGN,BENIGN,0.9999078,True
RUN_109,2026-10-03 23:37:11,BENIGN,BENIGN,0.999901,True
RUN_109,2026-10-03 23:37:12,BENIGN,BENIGN,0.99991864,True
RUN_109,2026-10-03 23:37:13,BENIGN,BENIGN,0.9999023,True
RUN_109,2026-10-03 23:37:14,BENIGN,BENIGN,0.9998827,True
RUN_109,2026-10-03 23:37:15,BENIGN,BENIGN,0.9998673,True
RUN_109,2026-10-03 23:37:16,BENIGN,BENIGN,0.99988604,True
RUN_109,2026-10-03 23:37:17,BENIGN,BENIGN,0.9999236,True
RUN_109,2026-10-03 23:37:18,BENIGN,BENIGN,0.9999236,True
RUN_109,2026-10-03 23:37:19,BENIGN,BENIGN,0.9999255,True
RUN_109,2026-10-03 23:37:20,BENIGN,BENIGN,0.9999214,True
RUN_109,2026-10-03 23:37:21,BENIGN,BENIGN,0.9999227,True
RUN_109,2026-10-03 23:37:22,BENIGN,BENIGN,0.99991757,True
RUN_109,2026-10-03 23:37:23,BENIGN,BENIGN,0.99994385,True
RUN_109,2026-10-03 23:37:24,BENIGN,BENIGN,0.9999773,True
RUN_109,2026-10-03 23:37:25,BENIGN,BENIGN,0.9999797,True
RUN_109,2026-10-03 23:37:26,BENIGN,BENIGN,0.99997884,True
RUN_109,2026-10-03 23:37:27,BENIGN,BENIGN,0.9999606,True
RUN_109,2026-10-03 23:37:28,BENIGN,BENIGN,0.99993765,True
RUN_109,2026-10-03 23:37:29,BENIGN,BENIGN,0.9999226,True
RUN_109,2026-10-03 23:37:30,BENIGN,BENIGN,0.9999587,True
RUN_109,2026-10-03 23:37:31,BENIGN,BENIGN,0.99994516,True
RUN_109,2026-10-03 23:37:32,BENIGN,BENIGN,0.99992394,True
RUN_109,2026-10-03 23:37:33,BENIGN,BENIGN,0.9999428,True
RUN_109,2026-10-03 23:37:34,BENIGN,BENIGN,0.9999528,True
RUN_109,2026-10-03 23:37:35,BENIGN,BENIGN,0.99995303,True
RUN_109,2026-10-03 23:37:36,BENIGN,BENIGN,0.9999422,True
RUN_109,2026-10-03 23:37:37,BENIGN,BENIGN,0.9999785,True
RUN_109,2026-10-03 23:37:38,BENIGN,BENIGN,0.9999804,True
RUN_109,2026-10-03 23:37:39,BENIGN,BENIGN,0.9999817,True
RUN_109,2026-10-03 23:37:40,BENIGN,BENIGN,0.9999906,True
RUN_109,2026-10-03 23:37:41,BENIGN,BENIGN,0.999992,True
RUN_109,2026-10-03 23:37:42,BENIGN,BENIGN,0.99999166,True
RUN_109,2026-10-03 23:37:43,BENIGN,BENIGN,0.9999857,True
RUN_109,2026-10-03 23:37:44,BENIGN,BENIGN,0.99999154,True
RUN_109,2026-10-03 23:37:45,BENIGN,BENIGN,0.9999918,True
RUN_109,2026-10-03 23:37:46,BENIGN,BENIGN,0.9999871,True
RUN_109,2026-10-03 23:37:47,BENIGN,BENIGN,0.99998385,True
RUN_109,2026-10-03 23:37:48,BENIGN,BENIGN,0.9999852,True
RUN_109,2026-10-03 23:37:49,BENIGN,BENIGN,0.9999875,True
RUN_109,2026-10-03 23:37:50,BENIGN,BENIGN,0.9999888,True
RUN_109,2026-10-03 23:37:51,BENIGN,BENIGN,0.9999864,True
RUN_109,2026-10-03 23:37:52,BENIGN,BENIGN,0.9999906,True
RUN_109,2026-10-03 23:37:53,BENIGN,BENIGN,0.9999835,True
RUN_109,2026-10-03 23:37:54,BENIGN,BENIGN,0.999987,True
RUN_109,2026-10-03 23:37:55,BENIGN,BENIGN,0.9999834,True
RUN_109,2026-10-03 23:37:56,BENIGN,BENIGN,0.99999046,True
RUN_109,2026-10-03 23:37:57,BENIGN,BENIGN,0.9999792,True
RUN_109,2026-10-03 23:37:58,BENIGN,BENIGN,0.99995893,True
RUN_109,2026-10-03 23:37:59,BENIGN,BENIGN,0.9999907,True
RUN_111,2026-10-03 23:40:00,SLOWLORIS,SLOWLORIS,0.99532574,True
RUN_111,2026-10-03 23:40:01,SLOWLORIS,SLOWLORIS,0.9988977,True
RUN_111,2026-10-03 23:40:02,SLOWLORIS,SLOWLORIS,0.9977099,True
RUN_111,2026-10-03 23:40:03,SLOWLORIS,SLOWLORIS,0.9984525,True
RUN_111,2026-10-03 23:40:04,SLOWLORIS,SLOWLORIS,0.99965936,True
RUN_111,2026-10-03 23:40:05,SLOWLORIS,SLOWLORIS,0.9994528,True
RUN_111,2026-10-03 23:40:06,SLOWLORIS,SLOWLORIS,0.99966234,True
RUN_111,2026-10-03 23:40:07,SLOWLORIS,SLOWLORIS,0.9996553,True
RUN_111,2026-10-03 23:40:08,SLOWLORIS,SLOWLORIS,0.99973863,True
RUN_111,2026-10-03 23:40:09,SLOWLORIS,SLOWLORIS,0.99982226,True
RUN_111,2026-10-03 23:40:10,SLOWLORIS,SLOWLORIS,0.99990076,True
RUN_111,2026-10-03 23:40:11,SLOWLORIS,SLOWLORIS,0.9998863,True
RUN_111,2026-10-03 23:40:12,SLOWLORIS,SLOWLORIS,0.99993825,True
RUN_111,2026-10-03 23:40:13,SLOWLORIS,SLOWLORIS,0.9999238,True
RUN_111,2026-10-03 23:40:14,SLOWLORIS,SLOWLORIS,0.9999268,True
RUN_111,2026-10-03 23:40:15,SLOWLORIS,SLOWLORIS,0.99990743,True
RUN_111,2026-10-03 23:40:16,SLOWLORIS,SLOWLORIS,0.9998545,True
RUN_111,2026-10-03 23:40:17,SLOWLORIS,SLOWLORIS,0.99994147,True
RUN_111,2026-10-03 23:40:18,SLOWLORIS,SLOWLORIS,0.9999436,True
RUN_111,2026-10-03 23:40:19,SLOWLORIS,SLOWLORIS,0.9999429,True
RUN_111,2026-10-03 23:40:20,SLOWLORIS,SLOWLORIS,0.9999129,True
RUN_111,2026-10-03 23:40:21,SLOWLORIS,SLOWLORIS,0.9999263,True
RUN_111,2026-10-03 23:40:22,SLOWLORIS,SLOWLORIS,0.99993837,True
RUN_111,2026-10-03 23:40:23,SLOWLORIS,SLOWLORIS,0.999957,True
RUN_111,2026-10-03 23:40:24,SLOWLORIS,SLOWLORIS,0.99994946,True
RUN_111,2026-10-03 23:40:25,SLOWLORIS,SLOWLORIS,0.9999215,True
RUN_111,2026-10-03 23:40:26,SLOWLORIS,SLOWLORIS,0.99994993,True
RUN_111,2026-10-03 23:40:27,SLOWLORIS,SLOWLORIS,0.9999318,True
RUN_111,2026-10-03 23:40:28,SLOWLORIS,SLOWLORIS,0.99995464,True
RUN_111,2026-10-03 23:40:29,SLOWLORIS,SLOWLORIS,0.9999561,True
RUN_111,2026-10-03 23:40:30,SLOWLORIS,SLOWLORIS,0.9999544,True
RUN_111,2026-10-03 23:40:31,SLOWLORIS,SLOWLORIS,0.99994755,True
RUN_111,2026-10-03 23:40:32,SLOWLORIS,SLOWLORIS,0.9999588,True
RUN_111,2026-10-03 23:40:33,SLOWLORIS,SLOWLORIS,0.99995303,True
RUN_111,2026-10-03 23:40:34,SLOWLORIS,SLOWLORIS,0.9999178,True
RUN_111,2026-10-03 23:40:35,SLOWLORIS,SLOWLORIS,0.99996203,True
RUN_111,2026-10-03 23:40:36,SLOWLORIS,SLOWLORIS,0.9999435,True
RUN_111,2026-10-03 23:40:37,SLOWLORIS,SLOWLORIS,0.9999543,True
RUN_111,2026-10-03 23:40:38,SLOWLORIS,SLOWLORIS,0.9999674,True
RUN_111,2026-10-03 23:40:39,SLOWLORIS,SLOWLORIS,0.99996656,True
RUN_111,2026-10-03 23:40:40,SLOWLORIS,SLOWLORIS,0.9999523,True
RUN_111,2026-10-03 23:40:41,SLOWLORIS,SLOWLORIS,0.99988973,True
RUN_111,2026-10-03 23:40:42,SLOWLORIS,SLOWLORIS,0.999938,True
RUN_111,2026-10-03 23:40:43,SLOWLORIS,SLOWLORIS,0.9999484,True
RUN_111,2026-10-03 23:40:44,SLOWLORIS,SLOWLORIS,0.99995893,True
RUN_111,2026-10-03 23:40:45,SLOWLORIS,SLOWLORIS,0.9999009,True
RUN_111,2026-10-03 23:40:46,SLOWLORIS,SLOWLORIS,0.9999255,True
RUN_111,2026-10-03 23:40:47,SLOWLORIS,SLOWLORIS,0.99994004,True
RUN_111,2026-10-03 23:40:48,SLOWLORIS,SLOWLORIS,0.99996406,True
RUN_111,2026-10-03 23:40:49,SLOWLORIS,SLOWLORIS,0.99993825,True
RUN_111,2026-10-03 23:40:50,SLOWLORIS,SLOWLORIS,0.9999674,True
RUN_111,2026-10-03 23:40:51,SLOWLORIS,SLOWLORIS,0.9999228,True
RUN_111,2026-10-03 23:40:52,SLOWLORIS,SLOWLORIS,0.99994206,True
RUN_111,2026-10-03 23:40:53,SLOWLORIS,SLOWLORIS,0.99994814,True
RUN_111,2026-10-03 23:40:54,SLOWLORIS,SLOWLORIS,0.9999461,True
RUN_111,2026-10-03 23:40:55,SLOWLORIS,SLOWLORIS,0.9999471,True
RUN_111,2026-10-03 23:40:56,SLOWLORIS,SLOWLORIS,0.9998685,True
RUN_111,2026-10-03 23:40:57,SLOWLORIS,SLOWLORIS,0.99996203,True
RUN_111,2026-10-03 23:40:58,SLOWLORIS,SLOWLORIS,0.9999443,True
RUN_111,2026-10-03 23:40:59,SLOWLORIS,SLOWLORIS,0.99995655,True
RUN_111,2026-10-03 23:41:00,SLOWLORIS,SLOWLORIS,0.99990493,True
RUN_111,2026-10-03 23:41:01,SLOWLORIS,SLOWLORIS,0.99986947,True
RUN_111,2026-10-03 23:41:02,SLOWLORIS,SLOWLORIS,0.99993634,True
RUN_111,2026-10-03 23:41:03,SLOWLORIS,SLOWLORIS,0.9999599,True
RUN_111,2026-10-03 23:41:04,SLOWLORIS,SLOWLORIS,0.99997026,True
RUN_111,2026-10-03 23:41:05,SLOWLORIS,SLOWLORIS,0.9999555,True
RUN_111,2026-10-03 23:41:06,SLOWLORIS,SLOWLORIS,0.9999534,True
RUN_111,2026-10-03 23:41:07,SLOWLORIS,SLOWLORIS,0.9999459,True
RUN_111,2026-10-03 23:41:08,SLOWLORIS,SLOWLORIS,0.9999557,True
RUN_111,2026-10-03 23:41:09,SLOWLORIS,SLOWLORIS,0.99994695,True
RUN_111,2026-10-03 23:41:10,SLOWLORIS,SLOWLORIS,0.9999644,True
RUN_111,2026-10-03 23:41:11,SLOWLORIS,SLOWLORIS,0.9999551,True
RUN_111,2026-10-03 23:41:12,SLOWLORIS,SLOWLORIS,0.99996704,True
RUN_111,2026-10-03 23:41:13,SLOWLORIS,SLOWLORIS,0.9999693,True
RUN_111,2026-10-03 23:41:14,SLOWLORIS,SLOWLORIS,0.9999632,True
RUN_111,2026-10-03 23:41:15,SLOWLORIS,SLOWLORIS,0.99996287,True
RUN_111,2026-10-03 23:41:16,SLOWLORIS,SLOWLORIS,0.9999612,True
RUN_111,2026-10-03 23:41:17,SLOWLORIS,SLOWLORIS,0.9999643,True
RUN_111,2026-10-03 23:41:18,SLOWLORIS,SLOWLORIS,0.99996144,True
RUN_111,2026-10-03 23:41:19,SLOWLORIS,SLOWLORIS,0.99996966,True
RUN_111,2026-10-03 23:41:20,SLOWLORIS,SLOWLORIS,0.9999593,True
RUN_111,2026-10-03 23:41:21,SLOWLORIS,SLOWLORIS,0.99994004,True
RUN_111,2026-10-03 23:41:22,SLOWLORIS,SLOWLORIS,0.99996537,True
RUN_111,2026-10-03 23:41:23,SLOWLORIS,SLOWLORIS,0.9999004,True
RUN_111,2026-10-03 23:41:24,SLOWLORIS,SLOWLORIS,0.9999362,True
RUN_111,2026-10-03 23:41:25,SLOWLORIS,SLOWLORIS,0.99996716,True
RUN_111,2026-10-03 23:41:26,SLOWLORIS,SLOWLORIS,0.9999673,True
RUN_111,2026-10-03 23:41:27,SLOWLORIS,SLOWLORIS,0.9999687,True
RUN_111,2026-10-03 23:41:28,SLOWLORIS,SLOWLORIS,0.99996966,True
RUN_111,2026-10-03 23:41:29,SLOWLORIS,SLOWLORIS,0.99996406,True
RUN_111,2026-10-03 23:41:30,SLOWLORIS,SLOWLORIS,0.99996525,True
RUN_111,2026-10-03 23:41:31,SLOWLORIS,SLOWLORIS,0.9999594,True
RUN_111,2026-10-03 23:41:32,SLOWLORIS,SLOWLORIS,0.9999632,True
RUN_111,2026-10-03 23:41:33,SLOWLORIS,SLOWLORIS,0.9999593,True
RUN_111,2026-10-03 23:41:34,SLOWLORIS,SLOWLORIS,0.99995124,True
RUN_111,2026-10-03 23:41:35,SLOWLORIS,SLOWLORIS,0.9999681,True
RUN_111,2026-10-03 23:41:36,SLOWLORIS,SLOWLORIS,0.9999593,True
RUN_111,2026-10-03 23:41:37,SLOWLORIS,SLOWLORIS,0.9999648,True
RUN_111,2026-10-03 23:41:38,SLOWLORIS,SLOWLORIS,0.99996775,True
RUN_111,2026-10-03 23:41:39,SLOWLORIS,SLOWLORIS,0.9999534,True
RUN_111,2026-10-03 23:41:40,SLOWLORIS,SLOWLORIS,0.99996597,True
RUN_111,2026-10-03 23:41:41,SLOWLORIS,SLOWLORIS,0.9999643,True
RUN_111,2026-10-03 23:41:42,SLOWLORIS,SLOWLORIS,0.99995905,True
RUN_111,2026-10-03 23:41:43,SLOWLORIS,SLOWLORIS,0.9999618,True
RUN_111,2026-10-03 23:41:44,SLOWLORIS,SLOWLORIS,0.9999317,True
RUN_111,2026-10-03 23:41:45,SLOWLORIS,SLOWLORIS,0.9999607,True
RUN_111,2026-10-03 23:41:46,SLOWLORIS,SLOWLORIS,0.9998666,True
RUN_111,2026-10-03 23:41:47,SLOWLORIS,SLOWLORIS,0.9999638,True
RUN_111,2026-10-03 23:41:48,SLOWLORIS,SLOWLORIS,0.99996144,True
RUN_111,2026-10-03 23:41:49,SLOWLORIS,SLOWLORIS,0.9999631,True
RUN_111,2026-10-03 23:41:50,SLOWLORIS,SLOWLORIS,0.999955,True
RUN_111,2026-10-03 23:41:51,SLOWLORIS,SLOWLORIS,0.9999528,True
RUN_111,2026-10-03 23:41:52,SLOWLORIS,SLOWLORIS,0.99996275,True
RUN_111,2026-10-03 23:41:53,SLOWLORIS,SLOWLORIS,0.9999625,True
RUN_111,2026-10-03 23:41:54,SLOWLORIS,SLOWLORIS,0.9999497,True
RUN_111,2026-10-03 23:41:55,SLOWLORIS,SLOWLORIS,0.99994206,True
RUN_111,2026-10-03 23:41:56,SLOWLORIS,SLOWLORIS,0.9998992,True
RUN_111,2026-10-03 23:41:57,SLOWLORIS,SLOWLORIS,0.9999059,True
RUN_111,2026-10-03 23:41:58,SLOWLORIS,SLOWLORIS,0.9998986,True
RUN_111,2026-10-03 23:41:59,SLOWLORIS,SLOWLORIS,0.99984056,True
RUN_119,2026-10-03 23:56:00,BENIGN,BENIGN,0.9298819,True
RUN_119,2026-10-03 23:56:01,BENIGN,BENIGN,0.99809647,True
RUN_119,2026-10-03 23:56:02,BENIGN,BENIGN,0.9994005,True
RUN_119,2026-10-03 23:56:03,BENIGN,BENIGN,0.9971596,True
RUN_119,2026-10-03 23:56:04,BENIGN,BENIGN,0.92052335,True
RUN_119,2026-10-03 23:56:05,BENIGN,BENIGN,0.9979472,True
RUN_119,2026-10-03 23:56:06,BENIGN,BENIGN,0.99677277,True
RUN_119,2026-10-03 23:56:07,BENIGN,BENIGN,0.9999466,True
RUN_119,2026-10-03 23:56:08,BENIGN,BENIGN,0.9999086,True
RUN_119,2026-10-03 23:56:09,BENIGN,BENIGN,0.99897975,True
RUN_119,2026-10-03 23:56:10,BENIGN,BENIGN,0.9999424,True
RUN_119,2026-10-03 23:56:11,BENIGN,BENIGN,0.9999263,True
RUN_119,2026-10-03 23:56:12,BENIGN,BENIGN,0.9998801,True
RUN_119,2026-10-03 23:56:13,BENIGN,BENIGN,0.99837893,True
RUN_119,2026-10-03 23:56:14,BENIGN,BENIGN,0.9999203,True
RUN_119,2026-10-03 23:56:15,BENIGN,BENIGN,0.99989444,True
RUN_119,2026-10-03 23:56:16,BENIGN,BENIGN,0.9998846,True
RUN_119,2026-10-03 23:56:17,BENIGN,BENIGN,0.9998507,True
RUN_119,2026-10-03 23:56:18,BENIGN,BENIGN,0.99995905,True
RUN_119,2026-10-03 23:56:19,BENIGN,BENIGN,0.9996425,True
RUN_119,2026-10-03 23:56:20,BENIGN,BENIGN,0.98314905,True
RUN_119,2026-10-03 23:56:21,BENIGN,BENIGN,0.9939172,True
RUN_119,2026-10-03 23:56:22,BENIGN,BENIGN,0.99987996,True
RUN_119,2026-10-03 23:56:23,BENIGN,BENIGN,0.9995872,True
RUN_119,2026-10-03 23:56:24,BENIGN,BENIGN,0.99832124,True
RUN_119,2026-10-03 23:56:25,BENIGN,BENIGN,0.9992332,True
RUN_119,2026-10-03 23:56:26,BENIGN,BENIGN,0.99833065,True
RUN_119,2026-10-03 23:56:27,BENIGN,BENIGN,0.99766976,True
RUN_119,2026-10-03 23:56:28,BENIGN,BENIGN,0.9995848,True
RUN_119,2026-10-03 23:56:29,BENIGN,BENIGN,0.9945535,True
RUN_119,2026-10-03 23:56:30,BENIGN,BENIGN,0.9996714,True
RUN_119,2026-10-03 23:56:31,BENIGN,BENIGN,0.9998346,True
RUN_119,2026-10-03 23:56:32,BENIGN,BENIGN,0.9967091,True
RUN_119,2026-10-03 23:56:33,BENIGN,BENIGN,0.99927425,True
RUN_119,2026-10-03 23:56:34,BENIGN,BENIGN,0.99262255,True
RUN_119,2026-10-03 23:56:35,BENIGN,BENIGN,0.9097692,True
RUN_119,2026-10-03 23:56:36,BENIGN,BENIGN,0.99914885,True
RUN_119,2026-10-03 23:56:37,BENIGN,BENIGN,0.99693793,True
RUN_119,2026-10-03 23:56:38,BENIGN,BENIGN,0.9990947,True
RUN_119,2026-10-03 23:56:39,BENIGN,BENIGN,0.8671878,True
RUN_119,2026-10-03 23:56:40,BENIGN,BENIGN,0.9975047,True
RUN_119,2026-10-03 23:56:41,BENIGN,BENIGN,0.9970529,True
RUN_119,2026-10-03 23:56:42,BENIGN,BENIGN,0.99911803,True
RUN_119,2026-10-03 23:56:43,BENIGN,BENIGN,0.99976027,True
RUN_119,2026-10-03 23:56:44,BENIGN,BENIGN,0.99586356,True
RUN_119,2026-10-03 23:56:45,BENIGN,BENIGN,0.9996143,True
RUN_119,2026-10-03 23:56:46,BENIGN,BENIGN,0.6782696,True
RUN_119,2026-10-03 23:56:47,BENIGN,BENIGN,0.9748824,True
RUN_119,2026-10-03 23:56:48,BENIGN,BENIGN,0.995912,True
RUN_119,2026-10-03 23:56:49,BENIGN,BENIGN,0.9257669,True
RUN_119,2026-10-03 23:56:50,BENIGN,BENIGN,0.9997224,True
RUN_119,2026-10-03 23:56:51,BENIGN,BENIGN,0.9987813,True
RUN_119,2026-10-03 23:56:52,BENIGN,BENIGN,0.9992744,True
RUN_119,2026-10-03 23:56:53,BENIGN,BENIGN,0.9996834,True
RUN_119,2026-10-03 23:56:54,BENIGN,BENIGN,0.9982153,True
RUN_119,2026-10-03 23:56:55,BENIGN,BENIGN,0.9994269,True
RUN_119,2026-10-03 23:56:56,BENIGN,BENIGN,0.9288686,True
RUN_119,2026-10-03 23:56:57,BENIGN,BENIGN,0.9904039,True
RUN_119,2026-10-03 23:56:58,BENIGN,BENIGN,0.99980617,True
RUN_119,2026-10-03 23:56:59,BENIGN,BENIGN,0.99637544,True
RUN_119,2026-10-03 23:57:00,BENIGN,BENIGN,0.9624319,True
RUN_119,2026-10-03 23:57:01,BENIGN,BENIGN,0.994262,True
RUN_119,2026-10-03 23:57:02,BENIGN,BENIGN,0.9998978,True
RUN_119,2026-10-03 23:57:03,BENIGN,BENIGN,0.9985735,True
RUN_119,2026-10-03 23:57:04,BENIGN,BENIGN,0.99992955,True
RUN_119,2026-10-03 23:57:05,BENIGN,BENIGN,0.9983968,True
RUN_119,2026-10-03 23:57:06,BENIGN,BENIGN,0.99604785,True
RUN_119,2026-10-03 23:57:07,BENIGN,BENIGN,0.9997605,True
RUN_119,2026-10-03 23:57:08,BENIGN,BENIGN,0.9979723,True
RUN_119,2026-10-03 23:57:09,BENIGN,BENIGN,0.9999071,True
RUN_119,2026-10-03 23:57:10,BENIGN,BENIGN,0.9977554,True
RUN_119,2026-10-03 23:57:11,BENIGN,BENIGN,0.9998753,True
RUN_119,2026-10-03 23:57:12,BENIGN,BENIGN,0.99950016,True
RUN_119,2026-10-03 23:57:13,BENIGN,BENIGN,0.99986935,True
RUN_119,2026-10-03 23:57:14,BENIGN,BENIGN,0.9994903,True
RUN_119,2026-10-03 23:57:15,BENIGN,BENIGN,0.9998752,True
RUN_119,2026-10-03 23:57:16,BENIGN,BENIGN,0.9989398,True
RUN_119,2026-10-03 23:57:17,BENIGN,BENIGN,0.999879,True
RUN_119,2026-10-03 23:57:18,BENIGN,BENIGN,0.999946,True
RUN_119,2026-10-03 23:57:19,BENIGN,BENIGN,0.99951434,True
RUN_119,2026-10-03 23:57:20,BENIGN,BENIGN,0.99994504,True
RUN_119,2026-10-03 23:57:21,BENIGN,BENIGN,0.99967784,True
RUN_119,2026-10-03 23:57:22,BENIGN,BENIGN,0.99927044,True
RUN_119,2026-10-03 23:57:23,BENIGN,BENIGN,0.99982154,True
RUN_119,2026-10-03 23:57:24,BENIGN,BENIGN,0.99977523,True
RUN_119,2026-10-03 23:57:25,BENIGN,BENIGN,0.999675,True
RUN_119,2026-10-03 23:57:26,BENIGN,BENIGN,0.99993145,True
RUN_119,2026-10-03 23:57:27,BENIGN,BENIGN,0.9986301,True
RUN_119,2026-10-03 23:57:28,BENIGN,BENIGN,0.9996201,True
RUN_119,2026-10-03 23:57:29,BENIGN,BENIGN,0.9999122,True
RUN_119,2026-10-03 23:57:30,BENIGN,BENIGN,0.9996585,True
RUN_119,2026-10-03 23:57:31,BENIGN,BENIGN,0.99970186,True
RUN_119,2026-10-03 23:57:32,BENIGN,BENIGN,0.9998475,True
RUN_119,2026-10-03 23:57:33,BENIGN,BENIGN,0.9991037,True
RUN_119,2026-10-03 23:57:34,BENIGN,BENIGN,0.9972496,True
RUN_119,2026-10-03 23:57:35,BENIGN,BENIGN,0.99906343,True
RUN_119,2026-10-03 23:57:36,BENIGN,BENIGN,0.9998471,True
RUN_119,2026-10-03 23:57:37,BENIGN,BENIGN,0.99935263,True
RUN_119,2026-10-03 23:57:38,BENIGN,BENIGN,0.99982476,True
RUN_119,2026-10-03 23:57:39,BENIGN,BENIGN,0.9999305,True
RUN_119,2026-10-03 23:57:40,BENIGN,BENIGN,0.99978834,True
RUN_119,2026-10-03 23:57:41,BENIGN,BENIGN,0.99964863,True
RUN_119,2026-10-03 23:57:42,BENIGN,BENIGN,0.9998391,True
RUN_119,2026-10-03 23:57:43,BENIGN,BENIGN,0.99985033,True
RUN_119,2026-10-03 23:57:44,BENIGN,BENIGN,0.99980986,True
RUN_119,2026-10-03 23:57:45,BENIGN,BENIGN,0.9999111,True
RUN_119,2026-10-03 23:57:46,BENIGN,BENIGN,0.99930197,True
RUN_119,2026-10-03 23:57:47,BENIGN,BENIGN,0.99953943,True
RUN_119,2026-10-03 23:57:48,BENIGN,BENIGN,0.99983144,True
RUN_119,2026-10-03 23:57:49,BENIGN,BENIGN,0.99939764,True
RUN_119,2026-10-03 23:57:50,BENIGN,BENIGN,0.9997776,True
RUN_119,2026-10-03 23:57:51,BENIGN,BENIGN,0.99895036,True
RUN_119,2026-10-03 23:57:52,BENIGN,BENIGN,0.995125,True
RUN_119,2026-10-03 23:57:53,BENIGN,BENIGN,0.9936435,True
RUN_119,2026-10-03 23:57:54,BENIGN,BENIGN,0.99715734,True
RUN_119,2026-10-03 23:57:55,BENIGN,BENIGN,0.99944174,True
RUN_119,2026-10-03 23:57:56,BENIGN,BENIGN,0.99573946,True
RUN_119,2026-10-03 23:57:57,BENIGN,BENIGN,0.97485524,True
RUN_119,2026-10-03 23:57:58,BENIGN,BENIGN,0.997596,True
RUN_119,2026-10-03 23:57:59,BENIGN,BENIGN,0.99953014,True
RUN_128,2026-10-04 00:14:00,BENIGN,BENIGN,0.9903156,True
RUN_128,2026-10-04 00:14:01,BENIGN,BENIGN,0.99665153,True
RUN_128,2026-10-04 00:14:02,BENIGN,BENIGN,0.94086725,True
RUN_128,2026-10-04 00:14:03,BENIGN,BENIGN,0.9995282,True
RUN_128,2026-10-04 00:14:04,BENIGN,BENIGN,0.987142,True
RUN_128,2026-10-04 00:14:05,BENIGN,BENIGN,0.99502635,True
RUN_128,2026-10-04 00:14:06,BENIGN,BENIGN,0.9993892,True
RUN_128,2026-10-04 00:14:07,BENIGN,BENIGN,0.9922757,True
RUN_128,2026-10-04 00:14:08,BENIGN,BENIGN,0.99961394,True
RUN_128,2026-10-04 00:14:09,BENIGN,BENIGN,0.9991682,True
RUN_128,2026-10-04 00:14:10,BENIGN,BENIGN,0.9963954,True
RUN_128,2026-10-04 00:14:11,BENIGN,BENIGN,0.9958165,True
RUN_128,2026-10-04 00:14:12,BENIGN,BENIGN,0.99490476,True
RUN_128,2026-10-04 00:14:13,BENIGN,BENIGN,0.997015,True
RUN_128,2026-10-04 00:14:14,BENIGN,BENIGN,0.99861,True
RUN_128,2026-10-04 00:14:15,BENIGN,BENIGN,0.9997359,True
RUN_128,2026-10-04 00:14:16,BENIGN,BENIGN,0.9996338,True
RUN_128,2026-10-04 00:14:17,BENIGN,BENIGN,0.99953383,True
RUN_128,2026-10-04 00:14:18,BENIGN,BENIGN,0.9999059,True
RUN_128,2026-10-04 00:14:19,BENIGN,BENIGN,0.99982095,True
RUN_128,2026-10-04 00:14:20,BENIGN,BENIGN,0.99989563,True
RUN_128,2026-10-04 00:14:21,BENIGN,BENIGN,0.9999203,True
RUN_128,2026-10-04 00:14:22,BENIGN,BENIGN,0.9999022,True
RUN_128,2026-10-04 00:14:23,BENIGN,BENIGN,0.99993896,True
RUN_128,2026-10-04 00:14:24,BENIGN,BENIGN,0.9999059,True
RUN_128,2026-10-04 00:14:25,BENIGN,BENIGN,0.9999159,True
RUN_128,2026-10-04 00:14:26,BENIGN,BENIGN,0.9999129,True
RUN_128,2026-10-04 00:14:27,BENIGN,BENIGN,0.9999179,True
RUN_128,2026-10-04 00:14:28,BENIGN,BENIGN,0.99972767,True
RUN_128,2026-10-04 00:14:29,BENIGN,BENIGN,0.999289,True
RUN_128,2026-10-04 00:14:30,BENIGN,BENIGN,0.99679506,True
RUN_128,2026-10-04 00:14:31,BENIGN,BENIGN,0.9904976,True
RUN_128,2026-10-04 00:14:32,BENIGN,BENIGN,0.9998714,True
RUN_128,2026-10-04 00:14:33,BENIGN,BENIGN,0.99887437,True
RUN_128,2026-10-04 00:14:34,BENIGN,BENIGN,0.9996989,True
RUN_128,2026-10-04 00:14:35,BENIGN,BENIGN,0.9999016,True
RUN_128,2026-10-04 00:14:36,BENIGN,BENIGN,0.8961517,True
RUN_128,2026-10-04 00:14:37,BENIGN,BENIGN,0.9955169,True
RUN_128,2026-10-04 00:14:38,BENIGN,BENIGN,0.6801758,True
RUN_128,2026-10-04 00:14:39,BENIGN,BENIGN,0.9626443,True
RUN_128,2026-10-04 00:14:40,BENIGN,BENIGN,0.98666126,True
RUN_128,2026-10-04 00:14:41,BENIGN,ICMP_FLOOD,0.4470807,False
RUN_128,2026-10-04 00:14:42,BENIGN,BENIGN,0.9932967,True
RUN_128,2026-10-04 00:14:43,BENIGN,BENIGN,0.9336326,True
RUN_128,2026-10-04 00:14:44,BENIGN,BENIGN,0.999864,True
RUN_128,2026-10-04 00:14:45,BENIGN,BENIGN,0.9997622,True
RUN_128,2026-10-04 00:14:46,BENIGN,BENIGN,0.9991963,True
RUN_128,2026-10-04 00:14:47,BENIGN,BENIGN,0.99942786,True
RUN_128,2026-10-04 00:14:48,BENIGN,BENIGN,0.99842596,True
RUN_128,2026-10-04 00:14:49,BENIGN,BENIGN,0.97402644,True
RUN_128,2026-10-04 00:14:50,BENIGN,BENIGN,0.9995547,True
RUN_128,2026-10-04 00:14:51,BENIGN,BENIGN,0.99322355,True
RUN_128,2026-10-04 00:14:52,BENIGN,BENIGN,0.59446895,True
RUN_128,2026-10-04 00:14:53,BENIGN,BENIGN,0.9910887,True
RUN_128,2026-10-04 00:14:54,BENIGN,BENIGN,0.9937241,True
RUN_128,2026-10-04 00:14:55,BENIGN,BENIGN,0.9996959,True
RUN_128,2026-10-04 00:14:56,BENIGN,BENIGN,0.997038,True
RUN_128,2026-10-04 00:14:57,BENIGN,BENIGN,0.9873713,True
RUN_128,2026-10-04 00:14:58,BENIGN,BENIGN,0.9997254,True
RUN_128,2026-10-04 00:14:59,BENIGN,BENIGN,0.99897987,True
RUN_128,2026-10-04 00:15:00,BENIGN,BENIGN,0.9957849,True
RUN_128,2026-10-04 00:15:01,BENIGN,BENIGN,0.9997437,True
RUN_128,2026-10-04 00:15:02,BENIGN,BENIGN,0.98876226,True
RUN_128,2026-10-04 00:15:03,BENIGN,BENIGN,0.9998138,True
RUN_128,2026-10-04 00:15:04,BENIGN,BENIGN,0.9999354,True
RUN_128,2026-10-04 00:15:05,BENIGN,BENIGN,0.99984616,True
RUN_128,2026-10-04 00:15:06,BENIGN,BENIGN,0.99981666,True
RUN_128,2026-10-04 00:15:07,BENIGN,BENIGN,0.9998931,True
RUN_128,2026-10-04 00:15:08,BENIGN,BENIGN,0.9972267,True
RUN_128,2026-10-04 00:15:09,BENIGN,BENIGN,0.99184877,True
RUN_128,2026-10-04 00:15:10,BENIGN,BENIGN,0.99482125,True
RUN_128,2026-10-04 00:15:11,BENIGN,BENIGN,0.9988707,True
RUN_128,2026-10-04 00:15:12,BENIGN,BENIGN,0.9998322,True
RUN_128,2026-10-04 00:15:13,BENIGN,BENIGN,0.85536236,True
RUN_128,2026-10-04 00:15:14,BENIGN,BENIGN,0.9892526,True
RUN_128,2026-10-04 00:15:15,BENIGN,BENIGN,0.9980578,True
RUN_128,2026-10-04 00:15:16,BENIGN,BENIGN,0.7540131,True
RUN_128,2026-10-04 00:15:17,BENIGN,BENIGN,0.99465626,True
RUN_128,2026-10-04 00:15:18,BENIGN,BENIGN,0.99812514,True
RUN_128,2026-10-04 00:15:19,BENIGN,BENIGN,0.9934411,True
RUN_128,2026-10-04 00:15:20,BENIGN,BENIGN,0.9996244,True
RUN_128,2026-10-04 00:15:21,BENIGN,BENIGN,0.99986994,True
RUN_128,2026-10-04 00:15:22,BENIGN,BENIGN,0.9989833,True
RUN_128,2026-10-04 00:15:23,BENIGN,BENIGN,0.9998139,True
RUN_128,2026-10-04 00:15:24,BENIGN,BENIGN,0.99978703,True
RUN_128,2026-10-04 00:15:25,BENIGN,BENIGN,0.99984485,True
RUN_128,2026-10-04 00:15:26,BENIGN,BENIGN,0.99919236,True
RUN_128,2026-10-04 00:15:27,BENIGN,BENIGN,0.9986802,True
RUN_128,2026-10-04 00:15:28,BENIGN,BENIGN,0.9998169,True
RUN_128,2026-10-04 00:15:29,BENIGN,BENIGN,0.9999054,True
RUN_128,2026-10-04 00:15:30,BENIGN,BENIGN,0.9998514,True
RUN_128,2026-10-04 00:15:31,BENIGN,BENIGN,0.99981415,True
RUN_128,2026-10-04 00:15:32,BENIGN,BENIGN,0.9997986,True
RUN_128,2026-10-04 00:15:33,BENIGN,BENIGN,0.9999249,True
RUN_128,2026-10-04 00:15:34,BENIGN,BENIGN,0.9998507,True
RUN_128,2026-10-04 00:15:35,BENIGN,BENIGN,0.99993956,True
RUN_128,2026-10-04 00:15:36,BENIGN,BENIGN,0.9983494,True
RUN_128,2026-10-04 00:15:37,BENIGN,BENIGN,0.99286383,True
RUN_128,2026-10-04 00:15:38,BENIGN,BENIGN,0.9998641,True
RUN_128,2026-10-04 00:15:39,BENIGN,BENIGN,0.9982406,True
RUN_128,2026-10-04 00:15:40,BENIGN,BENIGN,0.9983572,True
RUN_128,2026-10-04 00:15:41,BENIGN,BENIGN,0.99968743,True
RUN_128,2026-10-04 00:15:42,BENIGN,BENIGN,0.99977225,True
RUN_128,2026-10-04 00:15:43,BENIGN,BENIGN,0.95007044,True
RUN_128,2026-10-04 00:15:44,BENIGN,BENIGN,0.9934411,True
RUN_128,2026-10-04 00:15:45,BENIGN,BENIGN,0.9958367,True
RUN_128,2026-10-04 00:15:46,BENIGN,BENIGN,0.9934066,True
RUN_128,2026-10-04 00:15:47,BENIGN,BENIGN,0.99843377,True
RUN_128,2026-10-04 00:15:48,BENIGN,BENIGN,0.9995074,True
RUN_128,2026-10-04 00:15:49,BENIGN,BENIGN,0.9998501,True
RUN_128,2026-10-04 00:15:50,BENIGN,BENIGN,0.99931383,True
RUN_128,2026-10-04 00:15:51,BENIGN,BENIGN,0.9814086,True
RUN_128,2026-10-04 00:15:52,BENIGN,BENIGN,0.9608379,True
RUN_128,2026-10-04 00:15:53,BENIGN,BENIGN,0.9966303,True
RUN_128,2026-10-04 00:15:54,BENIGN,BENIGN,0.97988355,True
RUN_128,2026-10-04 00:15:55,BENIGN,BENIGN,0.9980895,True
RUN_128,2026-10-04 00:15:56,BENIGN,BENIGN,0.996438,True
RUN_128,2026-10-04 00:15:57,BENIGN,BENIGN,0.9628321,True
RUN_128,2026-10-04 00:15:58,BENIGN,BENIGN,0.99340975,True
RUN_128,2026-10-04 00:15:59,BENIGN,BENIGN,0.999884,True
RUN_129,2026-10-04 00:16:00,BENIGN,BENIGN,0.99679685,True
RUN_129,2026-10-04 00:16:01,BENIGN,BENIGN,0.99914634,True
RUN_129,2026-10-04 00:16:02,BENIGN,BENIGN,0.9923201,True
RUN_129,2026-10-04 00:16:03,BENIGN,BENIGN,0.98462105,True
RUN_129,2026-10-04 00:16:04,BENIGN,BENIGN,0.9988571,True
RUN_129,2026-10-04 00:16:05,BENIGN,BENIGN,0.99960154,True
RUN_129,2026-10-04 00:16:06,BENIGN,BENIGN,0.9968648,True
RUN_129,2026-10-04 00:16:07,BENIGN,BENIGN,0.99965614,True
RUN_129,2026-10-04 00:16:08,BENIGN,BENIGN,0.99990517,True
RUN_129,2026-10-04 00:16:09,BENIGN,BENIGN,0.99995005,True
RUN_129,2026-10-04 00:16:10,BENIGN,BENIGN,0.9992517,True
RUN_129,2026-10-04 00:16:11,BENIGN,BENIGN,0.999815,True
RUN_129,2026-10-04 00:16:12,BENIGN,BENIGN,0.99911255,True
RUN_129,2026-10-04 00:16:13,BENIGN,BENIGN,0.9984212,True
RUN_129,2026-10-04 00:16:14,BENIGN,BENIGN,0.9990839,True
RUN_129,2026-10-04 00:16:15,BENIGN,BENIGN,0.982945,True
RUN_129,2026-10-04 00:16:16,BENIGN,BENIGN,0.98536426,True
RUN_129,2026-10-04 00:16:17,BENIGN,BENIGN,0.9960238,True
RUN_129,2026-10-04 00:16:18,BENIGN,BENIGN,0.9955156,True
RUN_129,2026-10-04 00:16:19,BENIGN,BENIGN,0.99282897,True
RUN_129,2026-10-04 00:16:20,BENIGN,BENIGN,0.9587347,True
RUN_129,2026-10-04 00:16:21,BENIGN,BENIGN,0.9988107,True
RUN_129,2026-10-04 00:16:22,BENIGN,BENIGN,0.99899095,True
RUN_129,2026-10-04 00:16:23,BENIGN,BENIGN,0.9981674,True
RUN_129,2026-10-04 00:16:24,BENIGN,BENIGN,0.9997567,True
RUN_129,2026-10-04 00:16:25,BENIGN,BENIGN,0.9982419,True
RUN_129,2026-10-04 00:16:26,BENIGN,BENIGN,0.98092926,True
RUN_129,2026-10-04 00:16:27,BENIGN,BENIGN,0.9995441,True
RUN_129,2026-10-04 00:16:28,BENIGN,BENIGN,0.99651283,True
RUN_129,2026-10-04 00:16:29,BENIGN,BENIGN,0.9867299,True
RUN_129,2026-10-04 00:16:30,BENIGN,BENIGN,0.9991235,True
RUN_129,2026-10-04 00:16:31,BENIGN,BENIGN,0.99559844,True
RUN_129,2026-10-04 00:16:32,BENIGN,BENIGN,0.99222225,True
RUN_129,2026-10-04 00:16:33,BENIGN,BENIGN,0.9997057,True
RUN_129,2026-10-04 00:16:34,BENIGN,BENIGN,0.9943267,True
RUN_129,2026-10-04 00:16:35,BENIGN,BENIGN,0.99406976,True
RUN_129,2026-10-04 00:16:36,BENIGN,BENIGN,0.9960829,True
RUN_129,2026-10-04 00:16:37,BENIGN,BENIGN,0.9903135,True
RUN_129,2026-10-04 00:16:38,BENIGN,BENIGN,0.94484115,True
RUN_129,2026-10-04 00:16:39,BENIGN,BENIGN,0.9777806,True
RUN_129,2026-10-04 00:16:40,BENIGN,BENIGN,0.99105835,True
RUN_129,2026-10-04 00:16:41,BENIGN,BENIGN,0.98919487,True
RUN_129,2026-10-04 00:16:42,BENIGN,BENIGN,0.87039864,True
RUN_129,2026-10-04 00:16:43,BENIGN,BENIGN,0.8826369,True
RUN_129,2026-10-04 00:16:44,BENIGN,SYN_FLOOD,0.52098966,False
RUN_129,2026-10-04 00:16:45,BENIGN,BENIGN,0.9993813,True
RUN_129,2026-10-04 00:16:46,BENIGN,BENIGN,0.99709195,True
RUN_129,2026-10-04 00:16:47,BENIGN,BENIGN,0.99944305,True
RUN_129,2026-10-04 00:16:48,BENIGN,BENIGN,0.9996626,True
RUN_129,2026-10-04 00:16:49,BENIGN,BENIGN,0.99865067,True
RUN_129,2026-10-04 00:16:50,BENIGN,BENIGN,0.98491293,True
RUN_129,2026-10-04 00:16:51,BENIGN,BENIGN,0.99951696,True
RUN_129,2026-10-04 00:16:52,BENIGN,BENIGN,0.99954945,True
RUN_129,2026-10-04 00:16:53,BENIGN,BENIGN,0.9995631,True
RUN_129,2026-10-04 00:16:54,BENIGN,BENIGN,0.9924381,True
RUN_129,2026-10-04 00:16:55,BENIGN,BENIGN,0.9960277,True
RUN_129,2026-10-04 00:16:56,BENIGN,BENIGN,0.933489,True
RUN_129,2026-10-04 00:16:57,BENIGN,BENIGN,0.9998618,True
RUN_129,2026-10-04 00:16:58,BENIGN,BENIGN,0.99993527,True
RUN_129,2026-10-04 00:16:59,BENIGN,BENIGN,0.99988747,True
RUN_129,2026-10-04 00:17:00,BENIGN,BENIGN,0.99990624,True
RUN_129,2026-10-04 00:17:01,BENIGN,BENIGN,0.9998607,True
RUN_129,2026-10-04 00:17:02,BENIGN,BENIGN,0.999603,True
RUN_129,2026-10-04 00:17:03,BENIGN,BENIGN,0.99941343,True
RUN_129,2026-10-04 00:17:04,BENIGN,BENIGN,0.9996657,True
RUN_129,2026-10-04 00:17:05,BENIGN,BENIGN,0.99989444,True
RUN_129,2026-10-04 00:17:06,BENIGN,BENIGN,0.999933,True
RUN_129,2026-10-04 00:17:07,BENIGN,BENIGN,0.9999649,True
RUN_129,2026-10-04 00:17:08,BENIGN,BENIGN,0.9998696,True
RUN_129,2026-10-04 00:17:09,BENIGN,BENIGN,0.9998927,True
RUN_129,2026-10-04 00:17:10,BENIGN,BENIGN,0.99974585,True
RUN_129,2026-10-04 00:17:11,BENIGN,BENIGN,0.99984545,True
RUN_129,2026-10-04 00:17:12,BENIGN,BENIGN,0.99977463,True
RUN_129,2026-10-04 00:17:13,BENIGN,BENIGN,0.9999374,True
RUN_129,2026-10-04 00:17:14,BENIGN,BENIGN,0.99967533,True
RUN_129,2026-10-04 00:17:15,BENIGN,BENIGN,0.9997836,True
RUN_129,2026-10-04 00:17:16,BENIGN,BENIGN,0.9997473,True
RUN_129,2026-10-04 00:17:17,BENIGN,BENIGN,0.99909747,True
RUN_129,2026-10-04 00:17:18,BENIGN,BENIGN,0.999864,True
RUN_129,2026-10-04 00:17:19,BENIGN,BENIGN,0.9998307,True
RUN_129,2026-10-04 00:17:20,BENIGN,BENIGN,0.99984366,True
RUN_129,2026-10-04 00:17:21,BENIGN,BENIGN,0.99961877,True
RUN_129,2026-10-04 00:17:22,BENIGN,BENIGN,0.9844537,True
RUN_129,2026-10-04 00:17:23,BENIGN,BENIGN,0.99863666,True
RUN_129,2026-10-04 00:17:24,BENIGN,BENIGN,0.9951973,True
RUN_129,2026-10-04 00:17:25,BENIGN,BENIGN,0.9958998,True
RUN_129,2026-10-04 00:17:26,BENIGN,BENIGN,0.9998754,True
RUN_129,2026-10-04 00:17:27,BENIGN,BENIGN,0.99982536,True
RUN_129,2026-10-04 00:17:28,BENIGN,BENIGN,0.99958795,True
RUN_129,2026-10-04 00:17:29,BENIGN,SLOWLORIS,0.75422555,False
RUN_129,2026-10-04 00:17:30,BENIGN,BENIGN,0.9794416,True
RUN_129,2026-10-04 00:17:31,BENIGN,BENIGN,0.9566695,True
RUN_129,2026-10-04 00:17:32,BENIGN,BENIGN,0.99914634,True
RUN_129,2026-10-04 00:17:33,BENIGN,BENIGN,0.99834037,True
RUN_129,2026-10-04 00:17:34,BENIGN,BENIGN,0.9998642,True
RUN_129,2026-10-04 00:17:35,BENIGN,BENIGN,0.99983436,True
RUN_129,2026-10-04 00:17:36,BENIGN,BENIGN,0.99615246,True
RUN_129,2026-10-04 00:17:37,BENIGN,BENIGN,0.99064213,True
RUN_129,2026-10-04 00:17:38,BENIGN,BENIGN,0.99177784,True
RUN_129,2026-10-04 00:17:39,BENIGN,BENIGN,0.99690634,True
RUN_129,2026-10-04 00:17:40,BENIGN,BENIGN,0.8650985,True
RUN_129,2026-10-04 00:17:41,BENIGN,BENIGN,0.9981324,True
RUN_129,2026-10-04 00:17:42,BENIGN,BENIGN,0.9791755,True
RUN_129,2026-10-04 00:17:43,BENIGN,BENIGN,0.8797553,True
RUN_129,2026-10-04 00:17:44,BENIGN,BENIGN,0.97806764,True
RUN_129,2026-10-04 00:17:45,BENIGN,BENIGN,0.99940145,True
RUN_129,2026-10-04 00:17:46,BENIGN,BENIGN,0.9997714,True
RUN_129,2026-10-04 00:17:47,BENIGN,BENIGN,0.9957596,True
RUN_129,2026-10-04 00:17:48,BENIGN,BENIGN,0.99972636,True
RUN_129,2026-10-04 00:17:49,BENIGN,BENIGN,0.997331,True
RUN_129,2026-10-04 00:17:50,BENIGN,BENIGN,0.9977846,True
RUN_129,2026-10-04 00:17:51,BENIGN,BENIGN,0.99974906,True
RUN_129,2026-10-04 00:17:52,BENIGN,BENIGN,0.9990602,True
RUN_129,2026-10-04 00:17:53,BENIGN,BENIGN,0.9971846,True
RUN_129,2026-10-04 00:17:54,BENIGN,BENIGN,0.99979943,True
RUN_129,2026-10-04 00:17:55,BENIGN,BENIGN,0.9981858,True
RUN_129,2026-10-04 00:17:56,BENIGN,BENIGN,0.99973804,True
RUN_129,2026-10-04 00:17:57,BENIGN,BENIGN,0.9940731,True
RUN_129,2026-10-04 00:17:58,BENIGN,BENIGN,0.9993372,True
RUN_129,2026-10-04 00:17:59,BENIGN,BENIGN,0.99563706,True
RUN_132,2026-10-04 00:22:00,UDP_FLOOD,UDP_FLOOD,0.99997514,True
RUN_132,2026-10-04 00:22:01,UDP_FLOOD,UDP_FLOOD,0.99991864,True
RUN_132,2026-10-04 00:22:02,UDP_FLOOD,UDP_FLOOD,0.9999674,True
RUN_132,2026-10-04 00:22:03,UDP_FLOOD,UDP_FLOOD,0.9999882,True
RUN_132,2026-10-04 00:22:04,UDP_FLOOD,UDP_FLOOD,0.9999875,True
RUN_132,2026-10-04 00:22:05,UDP_FLOOD,UDP_FLOOD,0.99998593,True
RUN_132,2026-10-04 00:22:06,UDP_FLOOD,UDP_FLOOD,0.9999824,True
RUN_132,2026-10-04 00:22:07,UDP_FLOOD,UDP_FLOOD,0.9999822,True
RUN_132,2026-10-04 00:22:08,UDP_FLOOD,UDP_FLOOD,0.9999858,True
RUN_132,2026-10-04 00:22:09,UDP_FLOOD,UDP_FLOOD,0.9999875,True
RUN_132,2026-10-04 00:22:10,UDP_FLOOD,UDP_FLOOD,0.99998736,True
RUN_132,2026-10-04 00:22:11,UDP_FLOOD,UDP_FLOOD,0.9999908,True
RUN_132,2026-10-04 00:22:12,UDP_FLOOD,UDP_FLOOD,0.9999912,True
RUN_132,2026-10-04 00:22:13,UDP_FLOOD,UDP_FLOOD,0.9999895,True
RUN_132,2026-10-04 00:22:14,UDP_FLOOD,UDP_FLOOD,0.99998987,True
RUN_132,2026-10-04 00:22:15,UDP_FLOOD,UDP_FLOOD,0.99998975,True
RUN_132,2026-10-04 00:22:16,UDP_FLOOD,UDP_FLOOD,0.9999908,True
RUN_132,2026-10-04 00:22:17,UDP_FLOOD,UDP_FLOOD,0.99998987,True
RUN_132,2026-10-04 00:22:18,UDP_FLOOD,UDP_FLOOD,0.9999896,True
RUN_132,2026-10-04 00:22:19,UDP_FLOOD,UDP_FLOOD,0.99998534,True
RUN_132,2026-10-04 00:22:20,UDP_FLOOD,UDP_FLOOD,0.9999881,True
RUN_132,2026-10-04 00:22:21,UDP_FLOOD,UDP_FLOOD,0.999987,True
RUN_132,2026-10-04 00:22:22,UDP_FLOOD,UDP_FLOOD,0.9999735,True
RUN_132,2026-10-04 00:22:23,UDP_FLOOD,UDP_FLOOD,0.99997956,True
RUN_132,2026-10-04 00:22:24,UDP_FLOOD,UDP_FLOOD,0.99993336,True
RUN_132,2026-10-04 00:22:25,UDP_FLOOD,UDP_FLOOD,0.99997383,True
RUN_132,2026-10-04 00:22:26,UDP_FLOOD,UDP_FLOOD,0.9999805,True
RUN_132,2026-10-04 00:22:27,UDP_FLOOD,UDP_FLOOD,0.9999632,True
RUN_132,2026-10-04 00:22:28,UDP_FLOOD,UDP_FLOOD,0.99996644,True
RUN_132,2026-10-04 00:22:29,UDP_FLOOD,UDP_FLOOD,0.9999749,True
RUN_132,2026-10-04 00:22:30,UDP_FLOOD,UDP_FLOOD,0.999973,True
RUN_132,2026-10-04 00:22:31,UDP_FLOOD,UDP_FLOOD,0.99999,True
RUN_132,2026-10-04 00:22:32,UDP_FLOOD,UDP_FLOOD,0.99996275,True
RUN_132,2026-10-04 00:22:33,UDP_FLOOD,UDP_FLOOD,0.99992454,True
RUN_132,2026-10-04 00:22:34,UDP_FLOOD,UDP_FLOOD,0.9999785,True
RUN_132,2026-10-04 00:22:35,UDP_FLOOD,UDP_FLOOD,0.9999856,True
RUN_132,2026-10-04 00:22:36,UDP_FLOOD,UDP_FLOOD,0.999987,True
RUN_132,2026-10-04 00:22:37,UDP_FLOOD,UDP_FLOOD,0.99998313,True
RUN_132,2026-10-04 00:22:38,UDP_FLOOD,UDP_FLOOD,0.9999881,True
RUN_132,2026-10-04 00:22:39,UDP_FLOOD,UDP_FLOOD,0.99998665,True
RUN_132,2026-10-04 00:22:40,UDP_FLOOD,UDP_FLOOD,0.99998915,True
RUN_132,2026-10-04 00:22:41,UDP_FLOOD,UDP_FLOOD,0.9999862,True
RUN_132,2026-10-04 00:22:42,UDP_FLOOD,UDP_FLOOD,0.9999834,True
RUN_132,2026-10-04 00:22:43,UDP_FLOOD,UDP_FLOOD,0.99998015,True
RUN_132,2026-10-04 00:22:44,UDP_FLOOD,UDP_FLOOD,0.9999786,True
RUN_132,2026-10-04 00:22:45,UDP_FLOOD,UDP_FLOOD,0.9999749,True
RUN_132,2026-10-04 00:22:46,UDP_FLOOD,UDP_FLOOD,0.99996465,True
RUN_132,2026-10-04 00:22:47,UDP_FLOOD,UDP_FLOOD,0.999958,True
RUN_132,2026-10-04 00:22:48,UDP_FLOOD,UDP_FLOOD,0.99991673,True
RUN_132,2026-10-04 00:22:49,UDP_FLOOD,UDP_FLOOD,0.99997514,True
RUN_132,2026-10-04 00:22:50,UDP_FLOOD,UDP_FLOOD,0.99996704,True
RUN_132,2026-10-04 00:22:51,UDP_FLOOD,UDP_FLOOD,0.9999612,True
RUN_132,2026-10-04 00:22:52,UDP_FLOOD,UDP_FLOOD,0.99996907,True
RUN_132,2026-10-04 00:22:53,UDP_FLOOD,UDP_FLOOD,0.9999474,True
RUN_132,2026-10-04 00:22:54,UDP_FLOOD,UDP_FLOOD,0.99996656,True
RUN_132,2026-10-04 00:22:55,UDP_FLOOD,UDP_FLOOD,0.9999443,True
RUN_132,2026-10-04 00:22:56,UDP_FLOOD,UDP_FLOOD,0.99995977,True
RUN_132,2026-10-04 00:22:57,UDP_FLOOD,UDP_FLOOD,0.999916,True
RUN_132,2026-10-04 00:22:58,UDP_FLOOD,UDP_FLOOD,0.99991924,True
RUN_132,2026-10-04 00:22:59,UDP_FLOOD,UDP_FLOOD,0.9999511,True
RUN_132,2026-10-04 00:23:00,UDP_FLOOD,UDP_FLOOD,0.99995714,True
RUN_132,2026-10-04 00:23:01,UDP_FLOOD,UDP_FLOOD,0.9998618,True
RUN_132,2026-10-04 00:23:02,UDP_FLOOD,UDP_FLOOD,0.9999447,True
RUN_132,2026-10-04 00:23:03,UDP_FLOOD,UDP_FLOOD,0.99995077,True
RUN_132,2026-10-04 00:23:04,UDP_FLOOD,UDP_FLOOD,0.9999502,True
RUN_132,2026-10-04 00:23:05,UDP_FLOOD,UDP_FLOOD,0.9999509,True
RUN_132,2026-10-04 00:23:06,UDP_FLOOD,UDP_FLOOD,0.99996036,True
RUN_132,2026-10-04 00:23:07,UDP_FLOOD,UDP_FLOOD,0.99994457,True
RUN_132,2026-10-04 00:23:08,UDP_FLOOD,UDP_FLOOD,0.9999393,True
RUN_132,2026-10-04 00:23:09,UDP_FLOOD,UDP_FLOOD,0.9999454,True
RUN_132,2026-10-04 00:23:10,UDP_FLOOD,UDP_FLOOD,0.999917,True
RUN_132,2026-10-04 00:23:11,UDP_FLOOD,UDP_FLOOD,0.9999312,True
RUN_132,2026-10-04 00:23:12,UDP_FLOOD,UDP_FLOOD,0.99958855,True
RUN_132,2026-10-04 00:23:13,UDP_FLOOD,UDP_FLOOD,0.9998345,True
RUN_132,2026-10-04 00:23:14,UDP_FLOOD,UDP_FLOOD,0.99962676,True
RUN_132,2026-10-04 00:23:15,UDP_FLOOD,UDP_FLOOD,0.9998426,True
RUN_132,2026-10-04 00:23:16,UDP_FLOOD,UDP_FLOOD,0.99986875,True
RUN_132,2026-10-04 00:23:17,UDP_FLOOD,UDP_FLOOD,0.99965745,True
RUN_132,2026-10-04 00:23:18,UDP_FLOOD,UDP_FLOOD,0.9998852,True
RUN_132,2026-10-04 00:23:19,UDP_FLOOD,UDP_FLOOD,0.9998754,True
RUN_132,2026-10-04 00:23:20,UDP_FLOOD,UDP_FLOOD,0.9999613,True
RUN_132,2026-10-04 00:23:21,UDP_FLOOD,UDP_FLOOD,0.99996156,True
RUN_132,2026-10-04 00:23:22,UDP_FLOOD,UDP_FLOOD,0.99996823,True
RUN_132,2026-10-04 00:23:23,UDP_FLOOD,UDP_FLOOD,0.9999724,True
RUN_132,2026-10-04 00:23:24,UDP_FLOOD,UDP_FLOOD,0.9999636,True
RUN_132,2026-10-04 00:23:25,UDP_FLOOD,UDP_FLOOD,0.999948,True
RUN_132,2026-10-04 00:23:26,UDP_FLOOD,UDP_FLOOD,0.99991614,True
RUN_132,2026-10-04 00:23:27,UDP_FLOOD,UDP_FLOOD,0.9999474,True
RUN_132,2026-10-04 00:23:28,UDP_FLOOD,UDP_FLOOD,0.99989444,True
RUN_132,2026-10-04 00:23:29,UDP_FLOOD,UDP_FLOOD,0.9998863,True
RUN_132,2026-10-04 00:23:30,UDP_FLOOD,UDP_FLOOD,0.99990565,True
RUN_132,2026-10-04 00:23:31,UDP_FLOOD,UDP_FLOOD,0.9999173,True
RUN_132,2026-10-04 00:23:32,UDP_FLOOD,UDP_FLOOD,0.9998469,True
RUN_132,2026-10-04 00:23:33,UDP_FLOOD,UDP_FLOOD,0.99996716,True
RUN_132,2026-10-04 00:23:34,UDP_FLOOD,UDP_FLOOD,0.9999366,True
RUN_132,2026-10-04 00:23:35,UDP_FLOOD,UDP_FLOOD,0.99986315,True
RUN_132,2026-10-04 00:23:36,UDP_FLOOD,UDP_FLOOD,0.9999287,True
RUN_132,2026-10-04 00:23:37,UDP_FLOOD,UDP_FLOOD,0.9998959,True
RUN_132,2026-10-04 00:23:38,UDP_FLOOD,UDP_FLOOD,0.99983376,True
RUN_132,2026-10-04 00:23:39,UDP_FLOOD,UDP_FLOOD,0.99967104,True
RUN_132,2026-10-04 00:23:40,UDP_FLOOD,UDP_FLOOD,0.9999269,True
RUN_132,2026-10-04 00:23:41,UDP_FLOOD,UDP_FLOOD,0.9999111,True
RUN_132,2026-10-04 00:23:42,UDP_FLOOD,UDP_FLOOD,0.998254,True
RUN_132,2026-10-04 00:23:43,UDP_FLOOD,UDP_FLOOD,0.96750516,True
RUN_132,2026-10-04 00:23:44,UDP_FLOOD,UDP_FLOOD,0.9014487,True
RUN_132,2026-10-04 00:23:45,UDP_FLOOD,UDP_FLOOD,0.99998486,True
RUN_132,2026-10-04 00:23:46,UDP_FLOOD,UDP_FLOOD,0.99994624,True
RUN_132,2026-10-04 00:23:47,UDP_FLOOD,UDP_FLOOD,0.9999881,True
RUN_132,2026-10-04 00:23:48,UDP_FLOOD,UDP_FLOOD,0.9999927,True
RUN_132,2026-10-04 00:23:49,UDP_FLOOD,UDP_FLOOD,0.999985,True
RUN_132,2026-10-04 00:23:50,UDP_FLOOD,UDP_FLOOD,0.9999925,True
RUN_132,2026-10-04 00:23:51,UDP_FLOOD,UDP_FLOOD,0.9999924,True
RUN_132,2026-10-04 00:23:52,UDP_FLOOD,UDP_FLOOD,0.99998987,True
RUN_132,2026-10-04 00:23:53,UDP_FLOOD,UDP_FLOOD,0.9999887,True
RUN_132,2026-10-04 00:23:54,UDP_FLOOD,UDP_FLOOD,0.9999858,True
RUN_132,2026-10-04 00:23:55,UDP_FLOOD,UDP_FLOOD,0.9999863,True
RUN_132,2026-10-04 00:23:56,UDP_FLOOD,UDP_FLOOD,0.9999906,True
RUN_132,2026-10-04 00:23:57,UDP_FLOOD,UDP_FLOOD,0.9999857,True
RUN_132,2026-10-04 00:23:58,UDP_FLOOD,UDP_FLOOD,0.999543,True
RUN_132,2026-10-04 00:23:59,UDP_FLOOD,UDP_FLOOD,0.9999273,True
RUN_133,2026-10-04 00:24:00,BENIGN,BENIGN,0.9882294,True
RUN_133,2026-10-04 00:24:01,BENIGN,BENIGN,0.96006143,True
RUN_133,2026-10-04 00:24:02,BENIGN,BENIGN,0.98839116,True
RUN_133,2026-10-04 00:24:03,BENIGN,BENIGN,0.8889012,True
RUN_133,2026-10-04 00:24:04,BENIGN,BENIGN,0.9987617,True
RUN_133,2026-10-04 00:24:05,BENIGN,BENIGN,0.998249,True
RUN_133,2026-10-04 00:24:06,BENIGN,BENIGN,0.99970603,True
RUN_133,2026-10-04 00:24:07,BENIGN,BENIGN,0.9996207,True
RUN_133,2026-10-04 00:24:08,BENIGN,BENIGN,0.9995932,True
RUN_133,2026-10-04 00:24:09,BENIGN,BENIGN,0.9998151,True
RUN_133,2026-10-04 00:24:10,BENIGN,BENIGN,0.99818665,True
RUN_133,2026-10-04 00:24:11,BENIGN,BENIGN,0.9995656,True
RUN_133,2026-10-04 00:24:12,BENIGN,BENIGN,0.9987849,True
RUN_133,2026-10-04 00:24:13,BENIGN,BENIGN,0.9986109,True
RUN_133,2026-10-04 00:24:14,BENIGN,BENIGN,0.99985534,True
RUN_133,2026-10-04 00:24:15,BENIGN,BENIGN,0.9943246,True
RUN_133,2026-10-04 00:24:16,BENIGN,BENIGN,0.999212,True
RUN_133,2026-10-04 00:24:17,BENIGN,BENIGN,0.9998646,True
RUN_133,2026-10-04 00:24:18,BENIGN,BENIGN,0.9994692,True
RUN_133,2026-10-04 00:24:19,BENIGN,BENIGN,0.9999128,True
RUN_133,2026-10-04 00:24:20,BENIGN,BENIGN,0.9994717,True
RUN_133,2026-10-04 00:24:21,BENIGN,BENIGN,0.9997612,True
RUN_133,2026-10-04 00:24:22,BENIGN,BENIGN,0.99976254,True
RUN_133,2026-10-04 00:24:23,BENIGN,BENIGN,0.99986506,True
RUN_133,2026-10-04 00:24:24,BENIGN,BENIGN,0.9999203,True
RUN_133,2026-10-04 00:24:25,BENIGN,BENIGN,0.9897856,True
RUN_133,2026-10-04 00:24:26,BENIGN,BENIGN,0.99781924,True
RUN_133,2026-10-04 00:24:27,BENIGN,BENIGN,0.9997425,True
RUN_133,2026-10-04 00:24:28,BENIGN,BENIGN,0.99770296,True
RUN_133,2026-10-04 00:24:29,BENIGN,BENIGN,0.9996541,True
RUN_133,2026-10-04 00:24:30,BENIGN,BENIGN,0.99921393,True
RUN_133,2026-10-04 00:24:31,BENIGN,BENIGN,0.999363,True
RUN_133,2026-10-04 00:24:32,BENIGN,BENIGN,0.99993527,True
RUN_133,2026-10-04 00:24:33,BENIGN,BENIGN,0.9995011,True
RUN_133,2026-10-04 00:24:34,BENIGN,BENIGN,0.9993065,True
RUN_133,2026-10-04 00:24:35,BENIGN,BENIGN,0.993021,True
RUN_133,2026-10-04 00:24:36,BENIGN,BENIGN,0.97495013,True
RUN_133,2026-10-04 00:24:37,BENIGN,BENIGN,0.9480808,True
RUN_133,2026-10-04 00:24:38,BENIGN,BENIGN,0.9915258,True
RUN_133,2026-10-04 00:24:39,BENIGN,BENIGN,0.97516674,True
RUN_133,2026-10-04 00:24:40,BENIGN,BENIGN,0.99950254,True
RUN_133,2026-10-04 00:24:41,BENIGN,BENIGN,0.99791634,True
RUN_133,2026-10-04 00:24:42,BENIGN,BENIGN,0.909048,True
RUN_133,2026-10-04 00:24:43,BENIGN,BENIGN,0.99598074,True
RUN_133,2026-10-04 00:24:44,BENIGN,BENIGN,0.9953292,True
RUN_133,2026-10-04 00:24:45,BENIGN,BENIGN,0.99957466,True
RUN_133,2026-10-04 00:24:46,BENIGN,BENIGN,0.99424404,True
RUN_133,2026-10-04 00:24:47,BENIGN,BENIGN,0.9999293,True
RUN_133,2026-10-04 00:24:48,BENIGN,BENIGN,0.9998601,True
RUN_133,2026-10-04 00:24:49,BENIGN,BENIGN,0.9995993,True
RUN_133,2026-10-04 00:24:50,BENIGN,BENIGN,0.99980474,True
RUN_133,2026-10-04 00:24:51,BENIGN,BENIGN,0.9999391,True
RUN_133,2026-10-04 00:24:52,BENIGN,BENIGN,0.9998396,True
RUN_133,2026-10-04 00:24:53,BENIGN,BENIGN,0.9999372,True
RUN_133,2026-10-04 00:24:54,BENIGN,BENIGN,0.9999484,True
RUN_133,2026-10-04 00:24:55,BENIGN,BENIGN,0.99992305,True
RUN_133,2026-10-04 00:24:56,BENIGN,BENIGN,0.9998992,True
RUN_133,2026-10-04 00:24:57,BENIGN,BENIGN,0.9989781,True
RUN_133,2026-10-04 00:24:58,BENIGN,BENIGN,0.9997837,True
RUN_133,2026-10-04 00:24:59,BENIGN,BENIGN,0.99989575,True
RUN_133,2026-10-04 00:25:00,BENIGN,BENIGN,0.99989516,True
RUN_133,2026-10-04 00:25:01,BENIGN,BENIGN,0.99970496,True
RUN_133,2026-10-04 00:25:02,BENIGN,BENIGN,0.9988007,True
RUN_133,2026-10-04 00:25:03,BENIGN,BENIGN,0.9995287,True
RUN_133,2026-10-04 00:25:04,BENIGN,BENIGN,0.9998936,True
RUN_133,2026-10-04 00:25:05,BENIGN,BENIGN,0.9999281,True
RUN_133,2026-10-04 00:25:06,BENIGN,BENIGN,0.99938726,True
RUN_133,2026-10-04 00:25:07,BENIGN,BENIGN,0.99941653,True
RUN_133,2026-10-04 00:25:08,BENIGN,BENIGN,0.9992923,True
RUN_133,2026-10-04 00:25:09,BENIGN,BENIGN,0.99951196,True
RUN_133,2026-10-04 00:25:10,BENIGN,BENIGN,0.99849135,True
RUN_133,2026-10-04 00:25:11,BENIGN,BENIGN,0.9979929,True
RUN_133,2026-10-04 00:25:12,BENIGN,BENIGN,0.9991632,True
RUN_133,2026-10-04 00:25:13,BENIGN,BENIGN,0.9999222,True
RUN_133,2026-10-04 00:25:14,BENIGN,BENIGN,0.99986756,True
RUN_133,2026-10-04 00:25:15,BENIGN,BENIGN,0.9982233,True
RUN_133,2026-10-04 00:25:16,BENIGN,BENIGN,0.9998608,True
RUN_133,2026-10-04 00:25:17,BENIGN,BENIGN,0.9997209,True
RUN_133,2026-10-04 00:25:18,BENIGN,BENIGN,0.99985045,True
RUN_133,2026-10-04 00:25:19,BENIGN,BENIGN,0.99937004,True
RUN_133,2026-10-04 00:25:20,BENIGN,BENIGN,0.9986891,True
RUN_133,2026-10-04 00:25:21,BENIGN,BENIGN,0.9999306,True
RUN_133,2026-10-04 00:25:22,BENIGN,BENIGN,0.9997975,True
RUN_133,2026-10-04 00:25:23,BENIGN,BENIGN,0.9999535,True
RUN_133,2026-10-04 00:25:24,BENIGN,BENIGN,0.99416906,True
RUN_133,2026-10-04 00:25:25,BENIGN,BENIGN,0.99974763,True
RUN_133,2026-10-04 00:25:26,BENIGN,BENIGN,0.9578427,True
RUN_133,2026-10-04 00:25:27,BENIGN,BENIGN,0.9727637,True
RUN_133,2026-10-04 00:25:28,BENIGN,BENIGN,0.9990195,True
RUN_133,2026-10-04 00:25:29,BENIGN,BENIGN,0.9654085,True
RUN_133,2026-10-04 00:25:30,BENIGN,BENIGN,0.99189246,True
RUN_133,2026-10-04 00:25:31,BENIGN,BENIGN,0.9992232,True
RUN_133,2026-10-04 00:25:32,BENIGN,BENIGN,0.9998317,True
RUN_133,2026-10-04 00:25:33,BENIGN,BENIGN,0.9995588,True
RUN_133,2026-10-04 00:25:34,BENIGN,BENIGN,0.99968886,True
RUN_133,2026-10-04 00:25:35,BENIGN,BENIGN,0.9994928,True
RUN_133,2026-10-04 00:25:36,BENIGN,BENIGN,0.99842525,True
RUN_133,2026-10-04 00:25:37,BENIGN,BENIGN,0.9989718,True
RUN_133,2026-10-04 00:25:38,BENIGN,BENIGN,0.99901164,True
RUN_133,2026-10-04 00:25:39,BENIGN,BENIGN,0.99986386,True
RUN_133,2026-10-04 00:25:40,BENIGN,BENIGN,0.99994457,True
RUN_133,2026-10-04 00:25:41,BENIGN,BENIGN,0.99978405,True
RUN_133,2026-10-04 00:25:42,BENIGN,BENIGN,0.99961936,True
RUN_133,2026-10-04 00:25:43,BENIGN,BENIGN,0.9990331,True
RUN_133,2026-10-04 00:25:44,BENIGN,BENIGN,0.999684,True
RUN_133,2026-10-04 00:25:45,BENIGN,BENIGN,0.99975014,True
RUN_133,2026-10-04 00:25:46,BENIGN,BENIGN,0.998541,True
RUN_133,2026-10-04 00:25:47,BENIGN,BENIGN,0.99664354,True
RUN_133,2026-10-04 00:25:48,BENIGN,BENIGN,0.9945188,True
RUN_133,2026-10-04 00:25:49,BENIGN,BENIGN,0.9936395,True
RUN_133,2026-10-04 00:25:50,BENIGN,BENIGN,0.9996616,True
RUN_133,2026-10-04 00:25:51,BENIGN,BENIGN,0.9953039,True
RUN_133,2026-10-04 00:25:52,BENIGN,BENIGN,0.9996997,True
RUN_133,2026-10-04 00:25:53,BENIGN,BENIGN,0.97584206,True
RUN_133,2026-10-04 00:25:54,BENIGN,BENIGN,0.9898851,True
RUN_133,2026-10-04 00:25:55,BENIGN,BENIGN,0.995178,True
RUN_133,2026-10-04 00:25:56,BENIGN,BENIGN,0.9938668,True
RUN_133,2026-10-04 00:25:57,BENIGN,BENIGN,0.9170476,True
RUN_133,2026-10-04 00:25:58,BENIGN,BENIGN,0.99922353,True
RUN_133,2026-10-04 00:25:59,BENIGN,BENIGN,0.9996657,True
RUN_142,2026-10-04 00:42:00,BENIGN,ICMP_FLOOD,0.5066147,False
RUN_142,2026-10-04 00:42:01,BENIGN,BENIGN,0.9946584,True
RUN_142,2026-10-04 00:42:02,BENIGN,BENIGN,0.99846065,True
RUN_142,2026-10-04 00:42:03,BENIGN,BENIGN,0.99903595,True
RUN_142,2026-10-04 00:42:04,BENIGN,BENIGN,0.9923404,True
RUN_142,2026-10-04 00:42:05,BENIGN,BENIGN,0.9987543,True
RUN_142,2026-10-04 00:42:06,BENIGN,BENIGN,0.99876964,True
RUN_142,2026-10-04 00:42:07,BENIGN,BENIGN,0.99986756,True
RUN_142,2026-10-04 00:42:08,BENIGN,BENIGN,0.9997033,True
RUN_142,2026-10-04 00:42:09,BENIGN,BENIGN,0.9927676,True
RUN_142,2026-10-04 00:42:10,BENIGN,BENIGN,0.9996683,True
RUN_142,2026-10-04 00:42:11,BENIGN,BENIGN,0.9985486,True
RUN_142,2026-10-04 00:42:12,BENIGN,BENIGN,0.99963796,True
RUN_142,2026-10-04 00:42:13,BENIGN,BENIGN,0.9920286,True
RUN_142,2026-10-04 00:42:14,BENIGN,BENIGN,0.9749986,True
RUN_142,2026-10-04 00:42:15,BENIGN,BENIGN,0.9967619,True
RUN_142,2026-10-04 00:42:16,BENIGN,BENIGN,0.99932885,True
RUN_142,2026-10-04 00:42:17,BENIGN,BENIGN,0.9997027,True
RUN_142,2026-10-04 00:42:18,BENIGN,BENIGN,0.9985399,True
RUN_142,2026-10-04 00:42:19,BENIGN,BENIGN,0.9995951,True
RUN_142,2026-10-04 00:42:20,BENIGN,BENIGN,0.9998365,True
RUN_142,2026-10-04 00:42:21,BENIGN,BENIGN,0.9998137,True
RUN_142,2026-10-04 00:42:22,BENIGN,BENIGN,0.9998901,True
RUN_142,2026-10-04 00:42:23,BENIGN,BENIGN,0.9998571,True
RUN_142,2026-10-04 00:42:24,BENIGN,BENIGN,0.9998878,True
RUN_142,2026-10-04 00:42:25,BENIGN,BENIGN,0.9997499,True
RUN_142,2026-10-04 00:42:26,BENIGN,BENIGN,0.99992126,True
RUN_142,2026-10-04 00:42:27,BENIGN,BENIGN,0.9996647,True
RUN_142,2026-10-04 00:42:28,BENIGN,BENIGN,0.99966747,True
RUN_142,2026-10-04 00:42:29,BENIGN,BENIGN,0.9999172,True
RUN_142,2026-10-04 00:42:30,BENIGN,BENIGN,0.99940604,True
RUN_142,2026-10-04 00:42:31,BENIGN,BENIGN,0.9997366,True
RUN_142,2026-10-04 00:42:32,BENIGN,BENIGN,0.9974605,True
RUN_142,2026-10-04 00:42:33,BENIGN,BENIGN,0.99924916,True
RUN_142,2026-10-04 00:42:34,BENIGN,BENIGN,0.9993156,True
RUN_142,2026-10-04 00:42:35,BENIGN,BENIGN,0.93702745,True
RUN_142,2026-10-04 00:42:36,BENIGN,BENIGN,0.99959546,True
RUN_142,2026-10-04 00:42:37,BENIGN,BENIGN,0.9977931,True
RUN_142,2026-10-04 00:42:38,BENIGN,BENIGN,0.9996676,True
RUN_142,2026-10-04 00:42:39,BENIGN,BENIGN,0.999941,True
RUN_142,2026-10-04 00:42:40,BENIGN,BENIGN,0.99983746,True
RUN_142,2026-10-04 00:42:41,BENIGN,BENIGN,0.99994624,True
RUN_142,2026-10-04 00:42:42,BENIGN,BENIGN,0.9999243,True
RUN_142,2026-10-04 00:42:43,BENIGN,BENIGN,0.9998679,True
RUN_142,2026-10-04 00:42:44,BENIGN,BENIGN,0.99993,True
RUN_142,2026-10-04 00:42:45,BENIGN,BENIGN,0.9996175,True
RUN_142,2026-10-04 00:42:46,BENIGN,BENIGN,0.99984366,True
RUN_142,2026-10-04 00:42:47,BENIGN,BENIGN,0.9996547,True
RUN_142,2026-10-04 00:42:48,BENIGN,BENIGN,0.99828124,True
RUN_142,2026-10-04 00:42:49,BENIGN,BENIGN,0.999202,True
RUN_142,2026-10-04 00:42:50,BENIGN,BENIGN,0.9997899,True
RUN_142,2026-10-04 00:42:51,BENIGN,BENIGN,0.99941784,True
RUN_142,2026-10-04 00:42:52,BENIGN,BENIGN,0.98954445,True
RUN_142,2026-10-04 00:42:53,BENIGN,BENIGN,0.9710109,True
RUN_142,2026-10-04 00:42:54,BENIGN,BENIGN,0.9996897,True
RUN_142,2026-10-04 00:42:55,BENIGN,BENIGN,0.99986696,True
RUN_142,2026-10-04 00:42:56,BENIGN,BENIGN,0.996892,True
RUN_142,2026-10-04 00:42:57,BENIGN,BENIGN,0.99983025,True
RUN_142,2026-10-04 00:42:58,BENIGN,BENIGN,0.99940664,True
RUN_142,2026-10-04 00:42:59,BENIGN,BENIGN,0.9978007,True
RUN_142,2026-10-04 00:43:00,BENIGN,BENIGN,0.9648619,True
RUN_142,2026-10-04 00:43:01,BENIGN,BENIGN,0.90882736,True
RUN_142,2026-10-04 00:43:02,BENIGN,BENIGN,0.99957645,True
RUN_142,2026-10-04 00:43:03,BENIGN,BENIGN,0.991973,True
RUN_142,2026-10-04 00:43:04,BENIGN,BENIGN,0.9999311,True
RUN_142,2026-10-04 00:43:05,BENIGN,BENIGN,0.999704,True
RUN_142,2026-10-04 00:43:06,BENIGN,BENIGN,0.9998661,True
RUN_142,2026-10-04 00:43:07,BENIGN,BENIGN,0.9998941,True
RUN_142,2026-10-04 00:43:08,BENIGN,BENIGN,0.99985546,True
RUN_142,2026-10-04 00:43:09,BENIGN,BENIGN,0.99987566,True
RUN_142,2026-10-04 00:43:10,BENIGN,BENIGN,0.9998224,True
RUN_142,2026-10-04 00:43:11,BENIGN,BENIGN,0.9982934,True
RUN_142,2026-10-04 00:43:12,BENIGN,BENIGN,0.9972168,True
RUN_142,2026-10-04 00:43:13,BENIGN,BENIGN,0.99908984,True
RUN_142,2026-10-04 00:43:14,BENIGN,BENIGN,0.99393785,True
RUN_142,2026-10-04 00:43:15,BENIGN,BENIGN,0.93028474,True
RUN_142,2026-10-04 00:43:16,BENIGN,BENIGN,0.99477476,True
RUN_142,2026-10-04 00:43:17,BENIGN,BENIGN,0.9996776,True
RUN_142,2026-10-04 00:43:18,BENIGN,BENIGN,0.9977987,True
RUN_142,2026-10-04 00:43:19,BENIGN,BENIGN,0.9974488,True
RUN_142,2026-10-04 00:43:20,BENIGN,BENIGN,0.99211746,True
RUN_142,2026-10-04 00:43:21,BENIGN,BENIGN,0.99969137,True
RUN_142,2026-10-04 00:43:22,BENIGN,BENIGN,0.99990743,True
RUN_142,2026-10-04 00:43:23,BENIGN,BENIGN,0.99968636,True
RUN_142,2026-10-04 00:43:24,BENIGN,BENIGN,0.9998108,True
RUN_142,2026-10-04 00:43:25,BENIGN,BENIGN,0.9972062,True
RUN_142,2026-10-04 00:43:26,BENIGN,BENIGN,0.9998439,True
RUN_142,2026-10-04 00:43:27,BENIGN,BENIGN,0.99961025,True
RUN_142,2026-10-04 00:43:28,BENIGN,BENIGN,0.99957263,True
RUN_142,2026-10-04 00:43:29,BENIGN,SYN_FLOOD,0.60422814,False
RUN_142,2026-10-04 00:43:30,BENIGN,BENIGN,0.93116534,True
RUN_142,2026-10-04 00:43:31,BENIGN,BENIGN,0.99666363,True
RUN_142,2026-10-04 00:43:32,BENIGN,BENIGN,0.99936587,True
RUN_142,2026-10-04 00:43:33,BENIGN,BENIGN,0.99879205,True
RUN_142,2026-10-04 00:43:34,BENIGN,BENIGN,0.9978297,True
RUN_142,2026-10-04 00:43:35,BENIGN,BENIGN,0.9946967,True
RUN_142,2026-10-04 00:43:36,BENIGN,BENIGN,0.99438393,True
RUN_142,2026-10-04 00:43:37,BENIGN,BENIGN,0.9996933,True
RUN_142,2026-10-04 00:43:38,BENIGN,BENIGN,0.9941675,True
RUN_142,2026-10-04 00:43:39,BENIGN,BENIGN,0.9970581,True
RUN_142,2026-10-04 00:43:40,BENIGN,BENIGN,0.9979411,True
RUN_142,2026-10-04 00:43:41,BENIGN,BENIGN,0.99908924,True
RUN_142,2026-10-04 00:43:42,BENIGN,BENIGN,0.999597,True
RUN_142,2026-10-04 00:43:43,BENIGN,BENIGN,0.98794824,True
RUN_142,2026-10-04 00:43:44,BENIGN,BENIGN,0.9720201,True
RUN_142,2026-10-04 00:43:45,BENIGN,BENIGN,0.99982655,True
RUN_142,2026-10-04 00:43:46,BENIGN,BENIGN,0.9996984,True
RUN_142,2026-10-04 00:43:47,BENIGN,BENIGN,0.98013514,True
RUN_142,2026-10-04 00:43:48,BENIGN,BENIGN,0.9989121,True
RUN_142,2026-10-04 00:43:49,BENIGN,BENIGN,0.9992068,True
RUN_142,2026-10-04 00:43:50,BENIGN,BENIGN,0.99938583,True
RUN_142,2026-10-04 00:43:51,BENIGN,BENIGN,0.9992922,True
RUN_142,2026-10-04 00:43:52,BENIGN,BENIGN,0.9997284,True
RUN_142,2026-10-04 00:43:53,BENIGN,BENIGN,0.9947545,True
RUN_142,2026-10-04 00:43:54,BENIGN,BENIGN,0.99876726,True
RUN_142,2026-10-04 00:43:55,BENIGN,BENIGN,0.9998746,True
RUN_142,2026-10-04 00:43:56,BENIGN,BENIGN,0.9999115,True
RUN_142,2026-10-04 00:43:57,BENIGN,BENIGN,0.9933412,True
RUN_142,2026-10-04 00:43:58,BENIGN,BENIGN,0.9998119,True
RUN_142,2026-10-04 00:43:59,BENIGN,BENIGN,0.9998039,True
RUN_144,2026-10-04 00:46:00,BENIGN,BENIGN,0.98476964,True
RUN_144,2026-10-04 00:46:01,BENIGN,BENIGN,0.99400383,True
RUN_144,2026-10-04 00:46:02,BENIGN,BENIGN,0.992424,True
RUN_144,2026-10-04 00:46:03,BENIGN,BENIGN,0.9989181,True
RUN_144,2026-10-04 00:46:04,BENIGN,BENIGN,0.9997155,True
RUN_144,2026-10-04 00:46:05,BENIGN,BENIGN,0.9928205,True
RUN_144,2026-10-04 00:46:06,BENIGN,BENIGN,0.9910228,True
RUN_144,2026-10-04 00:46:07,BENIGN,BENIGN,0.95253295,True
RUN_144,2026-10-04 00:46:08,BENIGN,BENIGN,0.99954444,True
RUN_144,2026-10-04 00:46:09,BENIGN,BENIGN,0.99902713,True
RUN_144,2026-10-04 00:46:10,BENIGN,BENIGN,0.9995028,True
RUN_144,2026-10-04 00:46:11,BENIGN,BENIGN,0.9997572,True
RUN_144,2026-10-04 00:46:12,BENIGN,BENIGN,0.998958,True
RUN_144,2026-10-04 00:46:13,BENIGN,BENIGN,0.9997536,True
RUN_144,2026-10-04 00:46:14,BENIGN,BENIGN,0.99983424,True
RUN_144,2026-10-04 00:46:15,BENIGN,BENIGN,0.999718,True
RUN_144,2026-10-04 00:46:16,BENIGN,BENIGN,0.99973005,True
RUN_144,2026-10-04 00:46:17,BENIGN,BENIGN,0.99787855,True
RUN_144,2026-10-04 00:46:18,BENIGN,BENIGN,0.99986255,True
RUN_144,2026-10-04 00:46:19,BENIGN,BENIGN,0.9906897,True
RUN_144,2026-10-04 00:46:20,BENIGN,BENIGN,0.99993753,True
RUN_144,2026-10-04 00:46:21,BENIGN,BENIGN,0.99907136,True
RUN_144,2026-10-04 00:46:22,BENIGN,BENIGN,0.99971443,True
RUN_144,2026-10-04 00:46:23,BENIGN,BENIGN,0.9988544,True
RUN_144,2026-10-04 00:46:24,BENIGN,BENIGN,0.9996578,True
RUN_144,2026-10-04 00:46:25,BENIGN,BENIGN,0.99974394,True
RUN_144,2026-10-04 00:46:26,BENIGN,BENIGN,0.9992941,True
RUN_144,2026-10-04 00:46:27,BENIGN,BENIGN,0.8509019,True
RUN_144,2026-10-04 00:46:28,BENIGN,BENIGN,0.99835503,True
RUN_144,2026-10-04 00:46:29,BENIGN,BENIGN,0.9995029,True
RUN_144,2026-10-04 00:46:30,BENIGN,BENIGN,0.99968004,True
RUN_144,2026-10-04 00:46:31,BENIGN,BENIGN,0.9997587,True
RUN_144,2026-10-04 00:46:32,BENIGN,BENIGN,0.99935716,True
RUN_144,2026-10-04 00:46:33,BENIGN,BENIGN,0.9994928,True
RUN_144,2026-10-04 00:46:34,BENIGN,BENIGN,0.996851,True
RUN_144,2026-10-04 00:46:35,BENIGN,BENIGN,0.99102443,True
RUN_144,2026-10-04 00:46:36,BENIGN,BENIGN,0.9460004,True
RUN_144,2026-10-04 00:46:37,BENIGN,BENIGN,0.9965722,True
RUN_144,2026-10-04 00:46:38,BENIGN,BENIGN,0.9975996,True
RUN_144,2026-10-04 00:46:39,BENIGN,BENIGN,0.99953014,True
RUN_144,2026-10-04 00:46:40,BENIGN,BENIGN,0.9997118,True
RUN_144,2026-10-04 00:46:41,BENIGN,BENIGN,0.9997787,True
RUN_144,2026-10-04 00:46:42,BENIGN,BENIGN,0.99978083,True
RUN_144,2026-10-04 00:46:43,BENIGN,BENIGN,0.99979526,True
RUN_144,2026-10-04 00:46:44,BENIGN,BENIGN,0.9998716,True
RUN_144,2026-10-04 00:46:45,BENIGN,BENIGN,0.99970293,True
RUN_144,2026-10-04 00:46:46,BENIGN,BENIGN,0.9998684,True
RUN_144,2026-10-04 00:46:47,BENIGN,BENIGN,0.9982333,True
RUN_144,2026-10-04 00:46:48,BENIGN,BENIGN,0.9987904,True
RUN_144,2026-10-04 00:46:49,BENIGN,BENIGN,0.9997768,True
RUN_144,2026-10-04 00:46:50,BENIGN,BENIGN,0.99955124,True
RUN_144,2026-10-04 00:46:51,BENIGN,BENIGN,0.999704,True
RUN_144,2026-10-04 00:46:52,BENIGN,BENIGN,0.999627,True
RUN_144,2026-10-04 00:46:53,BENIGN,BENIGN,0.9981184,True
RUN_144,2026-10-04 00:46:54,BENIGN,BENIGN,0.99635303,True
RUN_144,2026-10-04 00:46:55,BENIGN,BENIGN,0.9992615,True
RUN_144,2026-10-04 00:46:56,BENIGN,BENIGN,0.99976194,True
RUN_144,2026-10-04 00:46:57,BENIGN,BENIGN,0.9251925,True
RUN_144,2026-10-04 00:46:58,BENIGN,BENIGN,0.999664,True
RUN_144,2026-10-04 00:46:59,BENIGN,BENIGN,0.9981516,True
RUN_144,2026-10-04 00:47:00,BENIGN,BENIGN,0.9996848,True
RUN_144,2026-10-04 00:47:01,BENIGN,BENIGN,0.998741,True
RUN_144,2026-10-04 00:47:02,BENIGN,BENIGN,0.9997406,True
RUN_144,2026-10-04 00:47:03,BENIGN,BENIGN,0.9956508,True
RUN_144,2026-10-04 00:47:04,BENIGN,BENIGN,0.9620609,True
RUN_144,2026-10-04 00:47:05,BENIGN,BENIGN,0.999165,True
RUN_144,2026-10-04 00:47:06,BENIGN,BENIGN,0.9999158,True
RUN_144,2026-10-04 00:47:07,BENIGN,BENIGN,0.99979657,True
RUN_144,2026-10-04 00:47:08,BENIGN,BENIGN,0.9998251,True
RUN_144,2026-10-04 00:47:09,BENIGN,BENIGN,0.99995077,True
RUN_144,2026-10-04 00:47:10,BENIGN,BENIGN,0.99990577,True
RUN_144,2026-10-04 00:47:11,BENIGN,BENIGN,0.9998914,True
RUN_144,2026-10-04 00:47:12,BENIGN,BENIGN,0.9999103,True
RUN_144,2026-10-04 00:47:13,BENIGN,BENIGN,0.9997843,True
RUN_144,2026-10-04 00:47:14,BENIGN,BENIGN,0.9995203,True
RUN_144,2026-10-04 00:47:15,BENIGN,BENIGN,0.9984131,True
RUN_144,2026-10-04 00:47:16,BENIGN,BENIGN,0.9996522,True
RUN_144,2026-10-04 00:47:17,BENIGN,BENIGN,0.9997893,True
RUN_144,2026-10-04 00:47:18,BENIGN,BENIGN,0.99238575,True
RUN_144,2026-10-04 00:47:19,BENIGN,BENIGN,0.9995202,True
RUN_144,2026-10-04 00:47:20,BENIGN,BENIGN,0.99861294,True
RUN_144,2026-10-04 00:47:21,BENIGN,BENIGN,0.99807006,True
RUN_144,2026-10-04 00:47:22,BENIGN,BENIGN,0.9986428,True
RUN_144,2026-10-04 00:47:23,BENIGN,BENIGN,0.99915755,True
RUN_144,2026-10-04 00:47:24,BENIGN,BENIGN,0.99938786,True
RUN_144,2026-10-04 00:47:25,BENIGN,BENIGN,0.9988629,True
RUN_144,2026-10-04 00:47:26,BENIGN,BENIGN,0.9932431,True
RUN_144,2026-10-04 00:47:27,BENIGN,BENIGN,0.99924916,True
RUN_144,2026-10-04 00:47:28,BENIGN,BENIGN,0.99656117,True
RUN_144,2026-10-04 00:47:29,BENIGN,BENIGN,0.8758666,True
RUN_144,2026-10-04 00:47:30,BENIGN,BENIGN,0.98860115,True
RUN_144,2026-10-04 00:47:31,BENIGN,BENIGN,0.9990441,True
RUN_144,2026-10-04 00:47:32,BENIGN,BENIGN,0.9997185,True
RUN_144,2026-10-04 00:47:33,BENIGN,BENIGN,0.9979988,True
RUN_144,2026-10-04 00:47:34,BENIGN,BENIGN,0.98560536,True
RUN_144,2026-10-04 00:47:35,BENIGN,BENIGN,0.9960227,True
RUN_144,2026-10-04 00:47:36,BENIGN,BENIGN,0.8236531,True
RUN_144,2026-10-04 00:47:37,BENIGN,BENIGN,0.9951751,True
RUN_144,2026-10-04 00:47:38,BENIGN,BENIGN,0.99668694,True
RUN_144,2026-10-04 00:47:39,BENIGN,BENIGN,0.9934768,True
RUN_144,2026-10-04 00:47:40,BENIGN,BENIGN,0.9989459,True
RUN_144,2026-10-04 00:47:41,BENIGN,BENIGN,0.99969995,True
RUN_144,2026-10-04 00:47:42,BENIGN,BENIGN,0.9882342,True
RUN_144,2026-10-04 00:47:43,BENIGN,BENIGN,0.99830437,True
RUN_144,2026-10-04 00:47:44,BENIGN,BENIGN,0.99977857,True
RUN_144,2026-10-04 00:47:45,BENIGN,BENIGN,0.9996677,True
RUN_144,2026-10-04 00:47:46,BENIGN,BENIGN,0.99990934,True
RUN_144,2026-10-04 00:47:47,BENIGN,BENIGN,0.9999595,True
RUN_144,2026-10-04 00:47:48,BENIGN,BENIGN,0.9998659,True
RUN_144,2026-10-04 00:47:49,BENIGN,BENIGN,0.99979895,True
RUN_144,2026-10-04 00:47:50,BENIGN,BENIGN,0.99983245,True
RUN_144,2026-10-04 00:47:51,BENIGN,BENIGN,0.9993594,True
RUN_144,2026-10-04 00:47:52,BENIGN,BENIGN,0.98909223,True
RUN_144,2026-10-04 00:47:53,BENIGN,BENIGN,0.9941229,True
RUN_144,2026-10-04 00:47:54,BENIGN,BENIGN,0.9990055,True
RUN_144,2026-10-04 00:47:55,BENIGN,BENIGN,0.9994556,True
RUN_144,2026-10-04 00:47:56,BENIGN,BENIGN,0.99985045,True
RUN_144,2026-10-04 00:47:57,BENIGN,BENIGN,0.99948317,True
RUN_144,2026-10-04 00:47:58,BENIGN,BENIGN,0.9988854,True
RUN_144,2026-10-04 00:47:59,BENIGN,BENIGN,0.99813473,True
RUN_146,2026-10-04 00:50:00,BENIGN,BENIGN,0.9942525,True
RUN_146,2026-10-04 00:50:01,BENIGN,BENIGN,0.9980743,True
RUN_146,2026-10-04 00:50:02,BENIGN,BENIGN,0.99942833,True
RUN_146,2026-10-04 00:50:03,BENIGN,BENIGN,0.9977885,True
RUN_146,2026-10-04 00:50:04,BENIGN,BENIGN,0.9962326,True
RUN_146,2026-10-04 00:50:05,BENIGN,BENIGN,0.9734839,True
RUN_146,2026-10-04 00:50:06,BENIGN,BENIGN,0.9974456,True
RUN_146,2026-10-04 00:50:07,BENIGN,BENIGN,0.99833435,True
RUN_146,2026-10-04 00:50:08,BENIGN,BENIGN,0.9993686,True
RUN_146,2026-10-04 00:50:09,BENIGN,BENIGN,0.9941545,True
RUN_146,2026-10-04 00:50:10,BENIGN,BENIGN,0.9680846,True
RUN_146,2026-10-04 00:50:11,BENIGN,BENIGN,0.9918475,True
RUN_146,2026-10-04 00:50:12,BENIGN,BENIGN,0.9987775,True
RUN_146,2026-10-04 00:50:13,BENIGN,BENIGN,0.9160192,True
RUN_146,2026-10-04 00:50:14,BENIGN,BENIGN,0.98875487,True
RUN_146,2026-10-04 00:50:15,BENIGN,BENIGN,0.99787533,True
RUN_146,2026-10-04 00:50:16,BENIGN,BENIGN,0.99903536,True
RUN_146,2026-10-04 00:50:17,BENIGN,BENIGN,0.970889,True
RUN_146,2026-10-04 00:50:18,BENIGN,BENIGN,0.993526,True
RUN_146,2026-10-04 00:50:19,BENIGN,BENIGN,0.9993047,True
RUN_146,2026-10-04 00:50:20,BENIGN,BENIGN,0.99877167,True
RUN_146,2026-10-04 00:50:21,BENIGN,BENIGN,0.98913795,True
RUN_146,2026-10-04 00:50:22,BENIGN,BENIGN,0.9965454,True
RUN_146,2026-10-04 00:50:23,BENIGN,BENIGN,0.9955603,True
RUN_146,2026-10-04 00:50:24,BENIGN,BENIGN,0.99453205,True
RUN_146,2026-10-04 00:50:25,BENIGN,BENIGN,0.9997648,True
RUN_146,2026-10-04 00:50:26,BENIGN,BENIGN,0.9728896,True
RUN_146,2026-10-04 00:50:27,BENIGN,BENIGN,0.9968162,True
RUN_146,2026-10-04 00:50:28,BENIGN,BENIGN,0.9958747,True
RUN_146,2026-10-04 00:50:29,BENIGN,BENIGN,0.99922496,True
RUN_146,2026-10-04 00:50:30,BENIGN,BENIGN,0.9811716,True
RUN_146,2026-10-04 00:50:31,BENIGN,BENIGN,0.98271453,True
RUN_146,2026-10-04 00:50:32,BENIGN,BENIGN,0.993699,True
RUN_146,2026-10-04 00:50:33,BENIGN,BENIGN,0.9448776,True
RUN_146,2026-10-04 00:50:34,BENIGN,BENIGN,0.9782767,True
RUN_146,2026-10-04 00:50:35,BENIGN,BENIGN,0.98399866,True
RUN_146,2026-10-04 00:50:36,BENIGN,BENIGN,0.9763454,True
RUN_146,2026-10-04 00:50:37,BENIGN,BENIGN,0.99676645,True
RUN_146,2026-10-04 00:50:38,BENIGN,BENIGN,0.9894522,True
RUN_146,2026-10-04 00:50:39,BENIGN,BENIGN,0.97746134,True
RUN_146,2026-10-04 00:50:40,BENIGN,BENIGN,0.9985078,True
RUN_146,2026-10-04 00:50:41,BENIGN,BENIGN,0.9985178,True
RUN_146,2026-10-04 00:50:42,BENIGN,BENIGN,0.9860358,True
RUN_146,2026-10-04 00:50:43,BENIGN,BENIGN,0.9785276,True
RUN_146,2026-10-04 00:50:44,BENIGN,BENIGN,0.92326343,True
RUN_146,2026-10-04 00:50:45,BENIGN,BENIGN,0.99565166,True
RUN_146,2026-10-04 00:50:46,BENIGN,BENIGN,0.9974768,True
RUN_146,2026-10-04 00:50:47,BENIGN,BENIGN,0.99813783,True
RUN_146,2026-10-04 00:50:48,BENIGN,BENIGN,0.9942825,True
RUN_146,2026-10-04 00:50:49,BENIGN,BENIGN,0.9966039,True
RUN_146,2026-10-04 00:50:50,BENIGN,BENIGN,0.9708474,True
RUN_146,2026-10-04 00:50:51,BENIGN,BENIGN,0.99519396,True
RUN_146,2026-10-04 00:50:52,BENIGN,BENIGN,0.99886173,True
RUN_146,2026-10-04 00:50:53,BENIGN,BENIGN,0.982535,True
RUN_146,2026-10-04 00:50:54,BENIGN,BENIGN,0.9997371,True
RUN_146,2026-10-04 00:50:55,BENIGN,BENIGN,0.9990675,True
RUN_146,2026-10-04 00:50:56,BENIGN,BENIGN,0.9734516,True
RUN_146,2026-10-04 00:50:57,BENIGN,BENIGN,0.9989343,True
RUN_146,2026-10-04 00:50:58,BENIGN,BENIGN,0.9761981,True
RUN_146,2026-10-04 00:50:59,BENIGN,BENIGN,0.9984403,True
RUN_146,2026-10-04 00:51:00,BENIGN,BENIGN,0.75429505,True
RUN_146,2026-10-04 00:51:01,BENIGN,BENIGN,0.88783014,True
RUN_146,2026-10-04 00:51:02,BENIGN,BENIGN,0.99865913,True
RUN_146,2026-10-04 00:51:03,BENIGN,BENIGN,0.9958594,True
RUN_146,2026-10-04 00:51:04,BENIGN,BENIGN,0.9189061,True
RUN_146,2026-10-04 00:51:05,BENIGN,BENIGN,0.99960965,True
RUN_146,2026-10-04 00:51:06,BENIGN,BENIGN,0.99910444,True
RUN_146,2026-10-04 00:51:07,BENIGN,BENIGN,0.9996295,True
RUN_146,2026-10-04 00:51:08,BENIGN,BENIGN,0.98553467,True
RUN_146,2026-10-04 00:51:09,BENIGN,SYN_FLOOD,0.6326734,False
RUN_146,2026-10-04 00:51:10,BENIGN,BENIGN,0.9288343,True
RUN_146,2026-10-04 00:51:11,BENIGN,BENIGN,0.99917525,True
RUN_146,2026-10-04 00:51:12,BENIGN,BENIGN,0.9999054,True
RUN_146,2026-10-04 00:51:13,BENIGN,BENIGN,0.9998815,True
RUN_146,2026-10-04 00:51:14,BENIGN,BENIGN,0.99973613,True
RUN_146,2026-10-04 00:51:15,BENIGN,BENIGN,0.9999023,True
RUN_146,2026-10-04 00:51:16,BENIGN,BENIGN,0.99993396,True
RUN_146,2026-10-04 00:51:17,BENIGN,BENIGN,0.9999185,True
RUN_146,2026-10-04 00:51:18,BENIGN,BENIGN,0.99993813,True
RUN_146,2026-10-04 00:51:19,BENIGN,BENIGN,0.9997974,True
RUN_146,2026-10-04 00:51:20,BENIGN,BENIGN,0.9998075,True
RUN_146,2026-10-04 00:51:21,BENIGN,BENIGN,0.99967426,True
RUN_146,2026-10-04 00:51:22,BENIGN,BENIGN,0.9996872,True
RUN_146,2026-10-04 00:51:23,BENIGN,BENIGN,0.9974236,True
RUN_146,2026-10-04 00:51:24,BENIGN,BENIGN,0.9999159,True
RUN_146,2026-10-04 00:51:25,BENIGN,BENIGN,0.99929804,True
RUN_146,2026-10-04 00:51:26,BENIGN,BENIGN,0.9998814,True
RUN_146,2026-10-04 00:51:27,BENIGN,BENIGN,0.9989519,True
RUN_146,2026-10-04 00:51:28,BENIGN,BENIGN,0.9776574,True
RUN_146,2026-10-04 00:51:29,BENIGN,BENIGN,0.99972636,True
RUN_146,2026-10-04 00:51:30,BENIGN,BENIGN,0.999917,True
RUN_146,2026-10-04 00:51:31,BENIGN,BENIGN,0.999044,True
RUN_146,2026-10-04 00:51:32,BENIGN,BENIGN,0.9986079,True
RUN_146,2026-10-04 00:51:33,BENIGN,BENIGN,0.9988099,True
RUN_146,2026-10-04 00:51:34,BENIGN,BENIGN,0.9984539,True
RUN_146,2026-10-04 00:51:35,BENIGN,BENIGN,0.72865003,True
RUN_146,2026-10-04 00:51:36,BENIGN,BENIGN,0.9901036,True
RUN_146,2026-10-04 00:51:37,BENIGN,BENIGN,0.9951353,True
RUN_146,2026-10-04 00:51:38,BENIGN,BENIGN,0.99825805,True
RUN_146,2026-10-04 00:51:39,BENIGN,BENIGN,0.9994559,True
RUN_146,2026-10-04 00:51:40,BENIGN,BENIGN,0.9975126,True
RUN_146,2026-10-04 00:51:41,BENIGN,BENIGN,0.9978161,True
RUN_146,2026-10-04 00:51:42,BENIGN,BENIGN,0.99443096,True
RUN_146,2026-10-04 00:51:43,BENIGN,BENIGN,0.9953803,True
RUN_146,2026-10-04 00:51:44,BENIGN,BENIGN,0.9900842,True
RUN_146,2026-10-04 00:51:45,BENIGN,BENIGN,0.7841032,True
RUN_146,2026-10-04 00:51:46,BENIGN,BENIGN,0.9752264,True
RUN_146,2026-10-04 00:51:47,BENIGN,SYN_FLOOD,0.54108816,False
RUN_146,2026-10-04 00:51:48,BENIGN,BENIGN,0.994031,True
RUN_146,2026-10-04 00:51:49,BENIGN,BENIGN,0.9960794,True
RUN_146,2026-10-04 00:51:50,BENIGN,BENIGN,0.99992764,True
RUN_146,2026-10-04 00:51:51,BENIGN,BENIGN,0.9955434,True
RUN_146,2026-10-04 00:51:52,BENIGN,BENIGN,0.99913955,True
RUN_146,2026-10-04 00:51:53,BENIGN,BENIGN,0.99903935,True
RUN_146,2026-10-04 00:51:54,BENIGN,BENIGN,0.9996958,True
RUN_146,2026-10-04 00:51:55,BENIGN,BENIGN,0.9669761,True
RUN_146,2026-10-04 00:51:56,BENIGN,BENIGN,0.9924815,True
RUN_146,2026-10-04 00:51:57,BENIGN,BENIGN,0.9994189,True
RUN_146,2026-10-04 00:51:58,BENIGN,BENIGN,0.9966614,True
RUN_146,2026-10-04 00:51:59,BENIGN,BENIGN,0.9979192,True
