run_id,sequence_start,sequence_end,final_timestamp,scenario,phase,true_label,predicted_label_id,confidence,correct,predicted_label
RUN_010,2026-10-03 20:18:00,2026-10-03 20:18:09,2026-10-03 20:18:09,NORMAL,NORMAL,BENIGN,0,0.999998,True,BENIGN
RUN_010,2026-10-03 20:18:01,2026-10-03 20:18:10,2026-10-03 20:18:10,NORMAL,NORMAL,BENIGN,0,0.99999833,True,BENIGN
RUN_010,2026-10-03 20:18:02,2026-10-03 20:18:11,2026-10-03 20:18:11,NORMAL,NORMAL,BENIGN,0,0.99999833,True,BENIGN
RUN_010,2026-10-03 20:18:03,2026-10-03 20:18:12,2026-10-03 20:18:12,NORMAL,NORMAL,BENIGN,0,0.999998,True,BENIGN
RUN_010,2026-10-03 20:18:04,2026-10-03 20:18:13,2026-10-03 20:18:13,NORMAL,NORMAL,BENIGN,0,0.99999666,True,BENIGN
RUN_010,2026-10-03 20:18:05,2026-10-03 20:18:14,2026-10-03 20:18:14,NORMAL,NORMAL,BENIGN,0,0.999998,True,BENIGN
RUN_010,2026-10-03 20:18:06,2026-10-03 20:18:15,2026-10-03 20:18:15,NORMAL,NORMAL,BENIGN,0,0.9999969,True,BENIGN
RUN_010,2026-10-03 20:18:07,2026-10-03 20:18:16,2026-10-03 20:18:16,NORMAL,NORMAL,BENIGN,0,0.9999974,True,BENIGN
RUN_010,2026-10-03 20:18:08,2026-10-03 20:18:17,2026-10-03 20:18:17,NORMAL,NORMAL,BENIGN,0,0.999997,True,BENIGN
RUN_010,2026-10-03 20:18:09,2026-10-03 20:18:18,2026-10-03 20:18:18,NORMAL,NORMAL,BENIGN,0,0.99999726,True,BENIGN
RUN_010,2026-10-03 20:18:10,2026-10-03 20:18:19,2026-10-03 20:18:19,NORMAL,NORMAL,BENIGN,0,0.9999976,True,BENIGN
RUN_010,2026-10-03 20:18:11,2026-10-03 20:18:20,2026-10-03 20:18:20,NORMAL,EARLY_CHANGE,BENIGN,0,0.99999785,True,BENIGN
RUN_010,2026-10-03 20:18:12,2026-10-03 20:18:21,2026-10-03 20:18:21,NORMAL,EARLY_CHANGE,BENIGN,0,0.99999785,True,BENIGN
RUN_010,2026-10-03 20:18:13,2026-10-03 20:18:22,2026-10-03 20:18:22,NORMAL,EARLY_CHANGE,BENIGN,0,0.99999833,True,BENIGN
RUN_010,2026-10-03 20:18:14,2026-10-03 20:18:23,2026-10-03 20:18:23,NORMAL,EARLY_CHANGE,BENIGN,0,0.99999833,True,BENIGN
RUN_010,2026-10-03 20:18:15,2026-10-03 20:18:24,2026-10-03 20:18:24,NORMAL,EARLY_CHANGE,BENIGN,0,0.9999982,True,BENIGN
RUN_010,2026-10-03 20:18:16,2026-10-03 20:18:25,2026-10-03 20:18:25,NORMAL,EARLY_CHANGE,BENIGN,0,0.99999833,True,BENIGN
RUN_010,2026-10-03 20:18:17,2026-10-03 20:18:26,2026-10-03 20:18:26,NORMAL,EARLY_CHANGE,BENIGN,0,0.99999785,True,BENIGN
RUN_010,2026-10-03 20:18:18,2026-10-03 20:18:27,2026-10-03 20:18:27,NORMAL,EARLY_CHANGE,BENIGN,0,0.99999774,True,BENIGN
RUN_010,2026-10-03 20:18:19,2026-10-03 20:18:28,2026-10-03 20:18:28,NORMAL,EARLY_CHANGE,BENIGN,0,0.9999981,True,BENIGN
RUN_010,2026-10-03 20:18:20,2026-10-03 20:18:29,2026-10-03 20:18:29,NORMAL,EARLY_CHANGE,BENIGN,0,0.99999595,True,BENIGN
RUN_010,2026-10-03 20:18:21,2026-10-03 20:18:30,2026-10-03 20:18:30,NORMAL,ESCALATION,BENIGN,0,0.9999943,True,BENIGN
RUN_010,2026-10-03 20:18:22,2026-10-03 20:18:31,2026-10-03 20:18:31,NORMAL,ESCALATION,BENIGN,0,0.9999944,True,BENIGN
RUN_010,2026-10-03 20:18:23,2026-10-03 20:18:32,2026-10-03 20:18:32,NORMAL,ESCALATION,BENIGN,0,0.99999726,True,BENIGN
RUN_010,2026-10-03 20:18:24,2026-10-03 20:18:33,2026-10-03 20:18:33,NORMAL,ESCALATION,BENIGN,0,0.99999774,True,BENIGN
RUN_010,2026-10-03 20:18:25,2026-10-03 20:18:34,2026-10-03 20:18:34,NORMAL,ESCALATION,BENIGN,0,0.99999785,True,BENIGN
RUN_010,2026-10-03 20:18:26,2026-10-03 20:18:35,2026-10-03 20:18:35,NORMAL,ESCALATION,BENIGN,0,0.99999726,True,BENIGN
RUN_010,2026-10-03 20:18:27,2026-10-03 20:18:36,2026-10-03 20:18:36,NORMAL,ESCALATION,BENIGN,0,0.9999981,True,BENIGN
RUN_010,2026-10-03 20:18:28,2026-10-03 20:18:37,2026-10-03 20:18:37,NORMAL,ESCALATION,BENIGN,0,0.999998,True,BENIGN
RUN_010,2026-10-03 20:18:29,2026-10-03 20:18:38,2026-10-03 20:18:38,NORMAL,ESCALATION,BENIGN,0,0.9999981,True,BENIGN
RUN_010,2026-10-03 20:18:30,2026-10-03 20:18:39,2026-10-03 20:18:39,NORMAL,ESCALATION,BENIGN,0,0.99999833,True,BENIGN
RUN_010,2026-10-03 20:18:31,2026-10-03 20:18:40,2026-10-03 20:18:40,NORMAL,ESCALATION,BENIGN,0,0.99999857,True,BENIGN
RUN_010,2026-10-03 20:18:32,2026-10-03 20:18:41,2026-10-03 20:18:41,NORMAL,ESCALATION,BENIGN,0,0.99999833,True,BENIGN
RUN_010,2026-10-03 20:18:33,2026-10-03 20:18:42,2026-10-03 20:18:42,NORMAL,ESCALATION,BENIGN,0,0.9999976,True,BENIGN
RUN_010,2026-10-03 20:18:34,2026-10-03 20:18:43,2026-10-03 20:18:43,NORMAL,ESCALATION,BENIGN,0,0.9999969,True,BENIGN
RUN_010,2026-10-03 20:18:35,2026-10-03 20:18:44,2026-10-03 20:18:44,NORMAL,ESCALATION,BENIGN,0,0.999998,True,BENIGN
RUN_010,2026-10-03 20:18:36,2026-10-03 20:18:45,2026-10-03 20:18:45,NORMAL,ESCALATION,BENIGN,0,0.9999982,True,BENIGN
RUN_010,2026-10-03 20:18:37,2026-10-03 20:18:46,2026-10-03 20:18:46,NORMAL,ESCALATION,BENIGN,0,0.99999654,True,BENIGN
RUN_010,2026-10-03 20:18:38,2026-10-03 20:18:47,2026-10-03 20:18:47,NORMAL,ESCALATION,BENIGN,0,0.99999464,True,BENIGN
RUN_010,2026-10-03 20:18:39,2026-10-03 20:18:48,2026-10-03 20:18:48,NORMAL,ESCALATION,BENIGN,0,0.99999344,True,BENIGN
RUN_010,2026-10-03 20:18:40,2026-10-03 20:18:49,2026-10-03 20:18:49,NORMAL,ESCALATION,BENIGN,0,0.99999547,True,BENIGN
RUN_010,2026-10-03 20:18:41,2026-10-03 20:18:50,2026-10-03 20:18:50,NORMAL,ESCALATION,BENIGN,0,0.99998724,True,BENIGN
RUN_010,2026-10-03 20:18:42,2026-10-03 20:18:51,2026-10-03 20:18:51,NORMAL,ESCALATION,BENIGN,0,0.9999837,True,BENIGN
RUN_010,2026-10-03 20:18:43,2026-10-03 20:18:52,2026-10-03 20:18:52,NORMAL,ESCALATION,BENIGN,0,0.9999927,True,BENIGN
RUN_010,2026-10-03 20:18:44,2026-10-03 20:18:53,2026-10-03 20:18:53,NORMAL,ESCALATION,BENIGN,0,0.99999654,True,BENIGN
RUN_010,2026-10-03 20:18:45,2026-10-03 20:18:54,2026-10-03 20:18:54,NORMAL,ESCALATION,BENIGN,0,0.9999912,True,BENIGN
RUN_010,2026-10-03 20:18:46,2026-10-03 20:18:55,2026-10-03 20:18:55,NORMAL,ESCALATION,BENIGN,0,0.99999356,True,BENIGN
RUN_010,2026-10-03 20:18:47,2026-10-03 20:18:56,2026-10-03 20:18:56,NORMAL,ESCALATION,BENIGN,0,0.9999974,True,BENIGN
RUN_010,2026-10-03 20:18:48,2026-10-03 20:18:57,2026-10-03 20:18:57,NORMAL,ESCALATION,BENIGN,0,0.9999982,True,BENIGN
RUN_010,2026-10-03 20:18:49,2026-10-03 20:18:58,2026-10-03 20:18:58,NORMAL,ESCALATION,BENIGN,0,0.999998,True,BENIGN
RUN_010,2026-10-03 20:18:50,2026-10-03 20:18:59,2026-10-03 20:18:59,NORMAL,ESCALATION,BENIGN,0,0.99999785,True,BENIGN
RUN_010,2026-10-03 20:18:51,2026-10-03 20:19:00,2026-10-03 20:19:00,NORMAL,SUSTAINED,BENIGN,0,0.99999833,True,BENIGN
RUN_010,2026-10-03 20:18:52,2026-10-03 20:19:01,2026-10-03 20:19:01,NORMAL,SUSTAINED,BENIGN,0,0.99999833,True,BENIGN
RUN_010,2026-10-03 20:18:53,2026-10-03 20:19:02,2026-10-03 20:19:02,NORMAL,SUSTAINED,BENIGN,0,0.999998,True,BENIGN
RUN_010,2026-10-03 20:18:54,2026-10-03 20:19:03,2026-10-03 20:19:03,NORMAL,SUSTAINED,BENIGN,0,0.9999981,True,BENIGN
RUN_010,2026-10-03 20:18:55,2026-10-03 20:19:04,2026-10-03 20:19:04,NORMAL,SUSTAINED,BENIGN,0,0.9999981,True,BENIGN
RUN_010,2026-10-03 20:18:56,2026-10-03 20:19:05,2026-10-03 20:19:05,NORMAL,SUSTAINED,BENIGN,0,0.999998,True,BENIGN
RUN_010,2026-10-03 20:18:57,2026-10-03 20:19:06,2026-10-03 20:19:06,NORMAL,SUSTAINED,BENIGN,0,0.9999981,True,BENIGN
RUN_010,2026-10-03 20:18:58,2026-10-03 20:19:07,2026-10-03 20:19:07,NORMAL,SUSTAINED,BENIGN,0,0.9999981,True,BENIGN
RUN_010,2026-10-03 20:18:59,2026-10-03 20:19:08,2026-10-03 20:19:08,NORMAL,SUSTAINED,BENIGN,0,0.99999833,True,BENIGN
RUN_010,2026-10-03 20:19:00,2026-10-03 20:19:09,2026-10-03 20:19:09,NORMAL,SUSTAINED,BENIGN,0,0.99999845,True,BENIGN
RUN_010,2026-10-03 20:19:01,2026-10-03 20:19:10,2026-10-03 20:19:10,NORMAL,SUSTAINED,BENIGN,0,0.99999845,True,BENIGN
RUN_010,2026-10-03 20:19:02,2026-10-03 20:19:11,2026-10-03 20:19:11,NORMAL,SUSTAINED,BENIGN,0,0.99999857,True,BENIGN
RUN_010,2026-10-03 20:19:03,2026-10-03 20:19:12,2026-10-03 20:19:12,NORMAL,SUSTAINED,BENIGN,0,0.9999987,True,BENIGN
RUN_010,2026-10-03 20:19:04,2026-10-03 20:19:13,2026-10-03 20:19:13,NORMAL,SUSTAINED,BENIGN,0,0.99999857,True,BENIGN
RUN_010,2026-10-03 20:19:05,2026-10-03 20:19:14,2026-10-03 20:19:14,NORMAL,SUSTAINED,BENIGN,0,0.99999857,True,BENIGN
RUN_010,2026-10-03 20:19:06,2026-10-03 20:19:15,2026-10-03 20:19:15,NORMAL,SUSTAINED,BENIGN,0,0.9999976,True,BENIGN
RUN_010,2026-10-03 20:19:07,2026-10-03 20:19:16,2026-10-03 20:19:16,NORMAL,SUSTAINED,BENIGN,0,0.9999974,True,BENIGN
RUN_010,2026-10-03 20:19:08,2026-10-03 20:19:17,2026-10-03 20:19:17,NORMAL,SUSTAINED,BENIGN,0,0.9999968,True,BENIGN
RUN_010,2026-10-03 20:19:09,2026-10-03 20:19:18,2026-10-03 20:19:18,NORMAL,SUSTAINED,BENIGN,0,0.99999094,True,BENIGN
RUN_010,2026-10-03 20:19:10,2026-10-03 20:19:19,2026-10-03 20:19:19,NORMAL,SUSTAINED,BENIGN,0,0.9999938,True,BENIGN
RUN_010,2026-10-03 20:19:11,2026-10-03 20:19:20,2026-10-03 20:19:20,NORMAL,SUSTAINED,BENIGN,0,0.99999475,True,BENIGN
RUN_010,2026-10-03 20:19:12,2026-10-03 20:19:21,2026-10-03 20:19:21,NORMAL,SUSTAINED,BENIGN,0,0.99999475,True,BENIGN
RUN_010,2026-10-03 20:19:13,2026-10-03 20:19:22,2026-10-03 20:19:22,NORMAL,SUSTAINED,BENIGN,0,0.9999805,True,BENIGN
RUN_010,2026-10-03 20:19:14,2026-10-03 20:19:23,2026-10-03 20:19:23,NORMAL,SUSTAINED,BENIGN,0,0.9999969,True,BENIGN
RUN_010,2026-10-03 20:19:15,2026-10-03 20:19:24,2026-10-03 20:19:24,NORMAL,SUSTAINED,BENIGN,0,0.99999547,True,BENIGN
RUN_010,2026-10-03 20:19:16,2026-10-03 20:19:25,2026-10-03 20:19:25,NORMAL,SUSTAINED,BENIGN,0,0.9999976,True,BENIGN
RUN_010,2026-10-03 20:19:17,2026-10-03 20:19:26,2026-10-03 20:19:26,NORMAL,SUSTAINED,BENIGN,0,0.99999785,True,BENIGN
RUN_010,2026-10-03 20:19:18,2026-10-03 20:19:27,2026-10-03 20:19:27,NORMAL,SUSTAINED,BENIGN,0,0.9999976,True,BENIGN
RUN_010,2026-10-03 20:19:19,2026-10-03 20:19:28,2026-10-03 20:19:28,NORMAL,SUSTAINED,BENIGN,0,0.999998,True,BENIGN
RUN_010,2026-10-03 20:19:20,2026-10-03 20:19:29,2026-10-03 20:19:29,NORMAL,SUSTAINED,BENIGN,0,0.9999975,True,BENIGN
RUN_010,2026-10-03 20:19:21,2026-10-03 20:19:30,2026-10-03 20:19:30,NORMAL,DECAY,BENIGN,0,0.999998,True,BENIGN
RUN_010,2026-10-03 20:19:22,2026-10-03 20:19:31,2026-10-03 20:19:31,NORMAL,DECAY,BENIGN,0,0.9999981,True,BENIGN
RUN_010,2026-10-03 20:19:23,2026-10-03 20:19:32,2026-10-03 20:19:32,NORMAL,DECAY,BENIGN,0,0.99999833,True,BENIGN
RUN_010,2026-10-03 20:19:24,2026-10-03 20:19:33,2026-10-03 20:19:33,NORMAL,DECAY,BENIGN,0,0.9999981,True,BENIGN
RUN_010,2026-10-03 20:19:25,2026-10-03 20:19:34,2026-10-03 20:19:34,NORMAL,DECAY,BENIGN,0,0.999998,True,BENIGN
RUN_010,2026-10-03 20:19:26,2026-10-03 20:19:35,2026-10-03 20:19:35,NORMAL,DECAY,BENIGN,0,0.99999785,True,BENIGN
RUN_010,2026-10-03 20:19:27,2026-10-03 20:19:36,2026-10-03 20:19:36,NORMAL,DECAY,BENIGN,0,0.99999774,True,BENIGN
RUN_010,2026-10-03 20:19:28,2026-10-03 20:19:37,2026-10-03 20:19:37,NORMAL,DECAY,BENIGN,0,0.999998,True,BENIGN
RUN_010,2026-10-03 20:19:29,2026-10-03 20:19:38,2026-10-03 20:19:38,NORMAL,DECAY,BENIGN,0,0.999998,True,BENIGN
RUN_010,2026-10-03 20:19:30,2026-10-03 20:19:39,2026-10-03 20:19:39,NORMAL,DECAY,BENIGN,0,0.99999785,True,BENIGN
RUN_010,2026-10-03 20:19:31,2026-10-03 20:19:40,2026-10-03 20:19:40,NORMAL,DECAY,BENIGN,0,0.999998,True,BENIGN
RUN_010,2026-10-03 20:19:32,2026-10-03 20:19:41,2026-10-03 20:19:41,NORMAL,DECAY,BENIGN,0,0.999997,True,BENIGN
RUN_010,2026-10-03 20:19:33,2026-10-03 20:19:42,2026-10-03 20:19:42,NORMAL,DECAY,BENIGN,0,0.999997,True,BENIGN
RUN_010,2026-10-03 20:19:34,2026-10-03 20:19:43,2026-10-03 20:19:43,NORMAL,DECAY,BENIGN,0,0.9999944,True,BENIGN
RUN_010,2026-10-03 20:19:35,2026-10-03 20:19:44,2026-10-03 20:19:44,NORMAL,DECAY,BENIGN,0,0.9999968,True,BENIGN
RUN_010,2026-10-03 20:19:36,2026-10-03 20:19:45,2026-10-03 20:19:45,NORMAL,DECAY,BENIGN,0,0.9999907,True,BENIGN
RUN_010,2026-10-03 20:19:37,2026-10-03 20:19:46,2026-10-03 20:19:46,NORMAL,DECAY,BENIGN,0,0.99999595,True,BENIGN
RUN_010,2026-10-03 20:19:38,2026-10-03 20:19:47,2026-10-03 20:19:47,NORMAL,DECAY,BENIGN,0,0.99999046,True,BENIGN
RUN_010,2026-10-03 20:19:39,2026-10-03 20:19:48,2026-10-03 20:19:48,NORMAL,DECAY,BENIGN,0,0.99999464,True,BENIGN
RUN_010,2026-10-03 20:19:40,2026-10-03 20:19:49,2026-10-03 20:19:49,NORMAL,DECAY,BENIGN,0,0.99999225,True,BENIGN
RUN_010,2026-10-03 20:19:41,2026-10-03 20:19:50,2026-10-03 20:19:50,NORMAL,RECOVERY,BENIGN,0,0.99999535,True,BENIGN
RUN_010,2026-10-03 20:19:42,2026-10-03 20:19:51,2026-10-03 20:19:51,NORMAL,RECOVERY,BENIGN,0,0.99999595,True,BENIGN
RUN_010,2026-10-03 20:19:43,2026-10-03 20:19:52,2026-10-03 20:19:52,NORMAL,RECOVERY,BENIGN,0,0.99999714,True,BENIGN
RUN_010,2026-10-03 20:19:44,2026-10-03 20:19:53,2026-10-03 20:19:53,NORMAL,RECOVERY,BENIGN,0,0.999997,True,BENIGN
RUN_010,2026-10-03 20:19:45,2026-10-03 20:19:54,2026-10-03 20:19:54,NORMAL,RECOVERY,BENIGN,0,0.9999969,True,BENIGN
RUN_010,2026-10-03 20:19:46,2026-10-03 20:19:55,2026-10-03 20:19:55,NORMAL,RECOVERY,BENIGN,0,0.99999785,True,BENIGN
RUN_010,2026-10-03 20:19:47,2026-10-03 20:19:56,2026-10-03 20:19:56,NORMAL,RECOVERY,BENIGN,0,0.99999833,True,BENIGN
RUN_010,2026-10-03 20:19:48,2026-10-03 20:19:57,2026-10-03 20:19:57,NORMAL,RECOVERY,BENIGN,0,0.99999833,True,BENIGN
RUN_010,2026-10-03 20:19:49,2026-10-03 20:19:58,2026-10-03 20:19:58,NORMAL,RECOVERY,BENIGN,0,0.9999982,True,BENIGN
RUN_010,2026-10-03 20:19:50,2026-10-03 20:19:59,2026-10-03 20:19:59,NORMAL,RECOVERY,BENIGN,0,0.99999857,True,BENIGN
RUN_013,2026-10-03 20:24:00,2026-10-03 20:24:09,2026-10-03 20:24:09,NORMAL,NORMAL,BENIGN,0,0.9999975,True,BENIGN
RUN_013,2026-10-03 20:24:01,2026-10-03 20:24:10,2026-10-03 20:24:10,NORMAL,NORMAL,BENIGN,0,0.999998,True,BENIGN
RUN_013,2026-10-03 20:24:02,2026-10-03 20:24:11,2026-10-03 20:24:11,NORMAL,NORMAL,BENIGN,0,0.999998,True,BENIGN
RUN_013,2026-10-03 20:24:03,2026-10-03 20:24:12,2026-10-03 20:24:12,NORMAL,NORMAL,BENIGN,0,0.99999833,True,BENIGN
RUN_013,2026-10-03 20:24:04,2026-10-03 20:24:13,2026-10-03 20:24:13,NORMAL,NORMAL,BENIGN,0,0.999998,True,BENIGN
RUN_013,2026-10-03 20:24:05,2026-10-03 20:24:14,2026-10-03 20:24:14,NORMAL,NORMAL,BENIGN,0,0.9999976,True,BENIGN
RUN_013,2026-10-03 20:24:06,2026-10-03 20:24:15,2026-10-03 20:24:15,NORMAL,NORMAL,BENIGN,0,0.9999974,True,BENIGN
RUN_013,2026-10-03 20:24:07,2026-10-03 20:24:16,2026-10-03 20:24:16,NORMAL,NORMAL,BENIGN,0,0.9999975,True,BENIGN
RUN_013,2026-10-03 20:24:08,2026-10-03 20:24:17,2026-10-03 20:24:17,NORMAL,NORMAL,BENIGN,0,0.99999654,True,BENIGN
RUN_013,2026-10-03 20:24:09,2026-10-03 20:24:18,2026-10-03 20:24:18,NORMAL,NORMAL,BENIGN,0,0.99999344,True,BENIGN
RUN_013,2026-10-03 20:24:10,2026-10-03 20:24:19,2026-10-03 20:24:19,NORMAL,NORMAL,BENIGN,0,0.99999726,True,BENIGN
RUN_013,2026-10-03 20:24:11,2026-10-03 20:24:20,2026-10-03 20:24:20,NORMAL,EARLY_CHANGE,BENIGN,0,0.99999785,True,BENIGN
RUN_013,2026-10-03 20:24:12,2026-10-03 20:24:21,2026-10-03 20:24:21,NORMAL,EARLY_CHANGE,BENIGN,0,0.99999774,True,BENIGN
RUN_013,2026-10-03 20:24:13,2026-10-03 20:24:22,2026-10-03 20:24:22,NORMAL,EARLY_CHANGE,BENIGN,0,0.9999982,True,BENIGN
RUN_013,2026-10-03 20:24:14,2026-10-03 20:24:23,2026-10-03 20:24:23,NORMAL,EARLY_CHANGE,BENIGN,0,0.9999982,True,BENIGN
RUN_013,2026-10-03 20:24:15,2026-10-03 20:24:24,2026-10-03 20:24:24,NORMAL,EARLY_CHANGE,BENIGN,0,0.9999981,True,BENIGN
RUN_013,2026-10-03 20:24:16,2026-10-03 20:24:25,2026-10-03 20:24:25,NORMAL,EARLY_CHANGE,BENIGN,0,0.9999981,True,BENIGN
RUN_013,2026-10-03 20:24:17,2026-10-03 20:24:26,2026-10-03 20:24:26,NORMAL,EARLY_CHANGE,BENIGN,0,0.9999982,True,BENIGN
RUN_013,2026-10-03 20:24:18,2026-10-03 20:24:27,2026-10-03 20:24:27,NORMAL,EARLY_CHANGE,BENIGN,0,0.99999833,True,BENIGN
RUN_013,2026-10-03 20:24:19,2026-10-03 20:24:28,2026-10-03 20:24:28,NORMAL,EARLY_CHANGE,BENIGN,0,0.99999845,True,BENIGN
RUN_013,2026-10-03 20:24:20,2026-10-03 20:24:29,2026-10-03 20:24:29,NORMAL,EARLY_CHANGE,BENIGN,0,0.9999982,True,BENIGN
RUN_013,2026-10-03 20:24:21,2026-10-03 20:24:30,2026-10-03 20:24:30,NORMAL,ESCALATION,BENIGN,0,0.99999857,True,BENIGN
RUN_013,2026-10-03 20:24:22,2026-10-03 20:24:31,2026-10-03 20:24:31,NORMAL,ESCALATION,BENIGN,0,0.99999857,True,BENIGN
RUN_013,2026-10-03 20:24:23,2026-10-03 20:24:32,2026-10-03 20:24:32,NORMAL,ESCALATION,BENIGN,0,0.99999857,True,BENIGN
RUN_013,2026-10-03 20:24:24,2026-10-03 20:24:33,2026-10-03 20:24:33,NORMAL,ESCALATION,BENIGN,0,0.99999857,True,BENIGN
RUN_013,2026-10-03 20:24:25,2026-10-03 20:24:34,2026-10-03 20:24:34,NORMAL,ESCALATION,BENIGN,0,0.99999857,True,BENIGN
RUN_013,2026-10-03 20:24:26,2026-10-03 20:24:35,2026-10-03 20:24:35,NORMAL,ESCALATION,BENIGN,0,0.99999857,True,BENIGN
RUN_013,2026-10-03 20:24:27,2026-10-03 20:24:36,2026-10-03 20:24:36,NORMAL,ESCALATION,BENIGN,0,0.99999857,True,BENIGN
RUN_013,2026-10-03 20:24:28,2026-10-03 20:24:37,2026-10-03 20:24:37,NORMAL,ESCALATION,BENIGN,0,0.99999857,True,BENIGN
RUN_013,2026-10-03 20:24:29,2026-10-03 20:24:38,2026-10-03 20:24:38,NORMAL,ESCALATION,BENIGN,0,0.99999857,True,BENIGN
RUN_013,2026-10-03 20:24:30,2026-10-03 20:24:39,2026-10-03 20:24:39,NORMAL,ESCALATION,BENIGN,0,0.99999833,True,BENIGN
RUN_013,2026-10-03 20:24:31,2026-10-03 20:24:40,2026-10-03 20:24:40,NORMAL,ESCALATION,BENIGN,0,0.9999982,True,BENIGN
RUN_013,2026-10-03 20:24:32,2026-10-03 20:24:41,2026-10-03 20:24:41,NORMAL,ESCALATION,BENIGN,0,0.99999833,True,BENIGN
RUN_013,2026-10-03 20:24:33,2026-10-03 20:24:42,2026-10-03 20:24:42,NORMAL,ESCALATION,BENIGN,0,0.999998,True,BENIGN
RUN_013,2026-10-03 20:24:34,2026-10-03 20:24:43,2026-10-03 20:24:43,NORMAL,ESCALATION,BENIGN,0,0.99999833,True,BENIGN
RUN_013,2026-10-03 20:24:35,2026-10-03 20:24:44,2026-10-03 20:24:44,NORMAL,ESCALATION,BENIGN,0,0.99999845,True,BENIGN
RUN_013,2026-10-03 20:24:36,2026-10-03 20:24:45,2026-10-03 20:24:45,NORMAL,ESCALATION,BENIGN,0,0.99999857,True,BENIGN
RUN_013,2026-10-03 20:24:37,2026-10-03 20:24:46,2026-10-03 20:24:46,NORMAL,ESCALATION,BENIGN,0,0.99999857,True,BENIGN
RUN_013,2026-10-03 20:24:38,2026-10-03 20:24:47,2026-10-03 20:24:47,NORMAL,ESCALATION,BENIGN,0,0.99999857,True,BENIGN
RUN_013,2026-10-03 20:24:39,2026-10-03 20:24:48,2026-10-03 20:24:48,NORMAL,ESCALATION,BENIGN,0,0.99999833,True,BENIGN
RUN_013,2026-10-03 20:24:40,2026-10-03 20:24:49,2026-10-03 20:24:49,NORMAL,ESCALATION,BENIGN,0,0.99999845,True,BENIGN
RUN_013,2026-10-03 20:24:41,2026-10-03 20:24:50,2026-10-03 20:24:50,NORMAL,ESCALATION,BENIGN,0,0.99999857,True,BENIGN
RUN_013,2026-10-03 20:24:42,2026-10-03 20:24:51,2026-10-03 20:24:51,NORMAL,ESCALATION,BENIGN,0,0.99999833,True,BENIGN
RUN_013,2026-10-03 20:24:43,2026-10-03 20:24:52,2026-10-03 20:24:52,NORMAL,ESCALATION,BENIGN,0,0.99999857,True,BENIGN
RUN_013,2026-10-03 20:24:44,2026-10-03 20:24:53,2026-10-03 20:24:53,NORMAL,ESCALATION,BENIGN,0,0.9999981,True,BENIGN
RUN_013,2026-10-03 20:24:45,2026-10-03 20:24:54,2026-10-03 20:24:54,NORMAL,ESCALATION,BENIGN,0,0.9999982,True,BENIGN
RUN_013,2026-10-03 20:24:46,2026-10-03 20:24:55,2026-10-03 20:24:55,NORMAL,ESCALATION,BENIGN,0,0.9999982,True,BENIGN
RUN_013,2026-10-03 20:24:47,2026-10-03 20:24:56,2026-10-03 20:24:56,NORMAL,ESCALATION,BENIGN,0,0.99999857,True,BENIGN
RUN_013,2026-10-03 20:24:48,2026-10-03 20:24:57,2026-10-03 20:24:57,NORMAL,ESCALATION,BENIGN,0,0.99999857,True,BENIGN
RUN_013,2026-10-03 20:24:49,2026-10-03 20:24:58,2026-10-03 20:24:58,NORMAL,ESCALATION,BENIGN,0,0.9999987,True,BENIGN
RUN_013,2026-10-03 20:24:50,2026-10-03 20:24:59,2026-10-03 20:24:59,NORMAL,ESCALATION,BENIGN,0,0.99999857,True,BENIGN
RUN_013,2026-10-03 20:24:51,2026-10-03 20:25:00,2026-10-03 20:25:00,NORMAL,SUSTAINED,BENIGN,0,0.9999987,True,BENIGN
RUN_013,2026-10-03 20:24:52,2026-10-03 20:25:01,2026-10-03 20:25:01,NORMAL,SUSTAINED,BENIGN,0,0.99999857,True,BENIGN
RUN_013,2026-10-03 20:24:53,2026-10-03 20:25:02,2026-10-03 20:25:02,NORMAL,SUSTAINED,BENIGN,0,0.99999857,True,BENIGN
RUN_013,2026-10-03 20:24:54,2026-10-03 20:25:03,2026-10-03 20:25:03,NORMAL,SUSTAINED,BENIGN,0,0.99999857,True,BENIGN
RUN_013,2026-10-03 20:24:55,2026-10-03 20:25:04,2026-10-03 20:25:04,NORMAL,SUSTAINED,BENIGN,0,0.99999845,True,BENIGN
RUN_013,2026-10-03 20:24:56,2026-10-03 20:25:05,2026-10-03 20:25:05,NORMAL,SUSTAINED,BENIGN,0,0.99999845,True,BENIGN
RUN_013,2026-10-03 20:24:57,2026-10-03 20:25:06,2026-10-03 20:25:06,NORMAL,SUSTAINED,BENIGN,0,0.99999845,True,BENIGN
RUN_013,2026-10-03 20:24:58,2026-10-03 20:25:07,2026-10-03 20:25:07,NORMAL,SUSTAINED,BENIGN,0,0.99999857,True,BENIGN
RUN_013,2026-10-03 20:24:59,2026-10-03 20:25:08,2026-10-03 20:25:08,NORMAL,SUSTAINED,BENIGN,0,0.9999982,True,BENIGN
RUN_013,2026-10-03 20:25:00,2026-10-03 20:25:09,2026-10-03 20:25:09,NORMAL,SUSTAINED,BENIGN,0,0.9999988,True,BENIGN
RUN_013,2026-10-03 20:25:01,2026-10-03 20:25:10,2026-10-03 20:25:10,NORMAL,SUSTAINED,BENIGN,0,0.9999987,True,BENIGN
RUN_013,2026-10-03 20:25:02,2026-10-03 20:25:11,2026-10-03 20:25:11,NORMAL,SUSTAINED,BENIGN,0,0.9999988,True,BENIGN
RUN_013,2026-10-03 20:25:03,2026-10-03 20:25:12,2026-10-03 20:25:12,NORMAL,SUSTAINED,BENIGN,0,0.9999989,True,BENIGN
RUN_013,2026-10-03 20:25:04,2026-10-03 20:25:13,2026-10-03 20:25:13,NORMAL,SUSTAINED,BENIGN,0,0.9999989,True,BENIGN
RUN_013,2026-10-03 20:25:05,2026-10-03 20:25:14,2026-10-03 20:25:14,NORMAL,SUSTAINED,BENIGN,0,0.9999987,True,BENIGN
RUN_013,2026-10-03 20:25:06,2026-10-03 20:25:15,2026-10-03 20:25:15,NORMAL,SUSTAINED,BENIGN,0,0.9999988,True,BENIGN
RUN_013,2026-10-03 20:25:07,2026-10-03 20:25:16,2026-10-03 20:25:16,NORMAL,SUSTAINED,BENIGN,0,0.99999857,True,BENIGN
RUN_013,2026-10-03 20:25:08,2026-10-03 20:25:17,2026-10-03 20:25:17,NORMAL,SUSTAINED,BENIGN,0,0.99999845,True,BENIGN
RUN_013,2026-10-03 20:25:09,2026-10-03 20:25:18,2026-10-03 20:25:18,NORMAL,SUSTAINED,BENIGN,0,0.99999857,True,BENIGN
RUN_013,2026-10-03 20:25:10,2026-10-03 20:25:19,2026-10-03 20:25:19,NORMAL,SUSTAINED,BENIGN,0,0.99999857,True,BENIGN
RUN_013,2026-10-03 20:25:11,2026-10-03 20:25:20,2026-10-03 20:25:20,NORMAL,SUSTAINED,BENIGN,0,0.99999857,True,BENIGN
RUN_013,2026-10-03 20:25:12,2026-10-03 20:25:21,2026-10-03 20:25:21,NORMAL,SUSTAINED,BENIGN,0,0.99999833,True,BENIGN
RUN_013,2026-10-03 20:25:13,2026-10-03 20:25:22,2026-10-03 20:25:22,NORMAL,SUSTAINED,BENIGN,0,0.9999982,True,BENIGN
RUN_013,2026-10-03 20:25:14,2026-10-03 20:25:23,2026-10-03 20:25:23,NORMAL,SUSTAINED,BENIGN,0,0.999998,True,BENIGN
RUN_013,2026-10-03 20:25:15,2026-10-03 20:25:24,2026-10-03 20:25:24,NORMAL,SUSTAINED,BENIGN,0,0.99999845,True,BENIGN
RUN_013,2026-10-03 20:25:16,2026-10-03 20:25:25,2026-10-03 20:25:25,NORMAL,SUSTAINED,BENIGN,0,0.99999785,True,BENIGN
RUN_013,2026-10-03 20:25:17,2026-10-03 20:25:26,2026-10-03 20:25:26,NORMAL,SUSTAINED,BENIGN,0,0.9999982,True,BENIGN
RUN_013,2026-10-03 20:25:18,2026-10-03 20:25:27,2026-10-03 20:25:27,NORMAL,SUSTAINED,BENIGN,0,0.99999774,True,BENIGN
RUN_013,2026-10-03 20:25:19,2026-10-03 20:25:28,2026-10-03 20:25:28,NORMAL,SUSTAINED,BENIGN,0,0.9999975,True,BENIGN
RUN_013,2026-10-03 20:25:20,2026-10-03 20:25:29,2026-10-03 20:25:29,NORMAL,SUSTAINED,BENIGN,0,0.99999726,True,BENIGN
RUN_013,2026-10-03 20:25:21,2026-10-03 20:25:30,2026-10-03 20:25:30,NORMAL,DECAY,BENIGN,0,0.999998,True,BENIGN
RUN_013,2026-10-03 20:25:22,2026-10-03 20:25:31,2026-10-03 20:25:31,NORMAL,DECAY,BENIGN,0,0.999997,True,BENIGN
RUN_013,2026-10-03 20:25:23,2026-10-03 20:25:32,2026-10-03 20:25:32,NORMAL,DECAY,BENIGN,0,0.999997,True,BENIGN
RUN_013,2026-10-03 20:25:24,2026-10-03 20:25:33,2026-10-03 20:25:33,NORMAL,DECAY,BENIGN,0,0.99999464,True,BENIGN
RUN_013,2026-10-03 20:25:25,2026-10-03 20:25:34,2026-10-03 20:25:34,NORMAL,DECAY,BENIGN,0,0.99999094,True,BENIGN
RUN_013,2026-10-03 20:25:26,2026-10-03 20:25:35,2026-10-03 20:25:35,NORMAL,DECAY,BENIGN,0,0.9999958,True,BENIGN
RUN_013,2026-10-03 20:25:27,2026-10-03 20:25:36,2026-10-03 20:25:36,NORMAL,DECAY,BENIGN,0,0.999998,True,BENIGN
RUN_013,2026-10-03 20:25:28,2026-10-03 20:25:37,2026-10-03 20:25:37,NORMAL,DECAY,BENIGN,0,0.9999981,True,BENIGN
RUN_013,2026-10-03 20:25:29,2026-10-03 20:25:38,2026-10-03 20:25:38,NORMAL,DECAY,BENIGN,0,0.9999981,True,BENIGN
RUN_013,2026-10-03 20:25:30,2026-10-03 20:25:39,2026-10-03 20:25:39,NORMAL,DECAY,BENIGN,0,0.99999774,True,BENIGN
RUN_013,2026-10-03 20:25:31,2026-10-03 20:25:40,2026-10-03 20:25:40,NORMAL,DECAY,BENIGN,0,0.999998,True,BENIGN
RUN_013,2026-10-03 20:25:32,2026-10-03 20:25:41,2026-10-03 20:25:41,NORMAL,DECAY,BENIGN,0,0.9999969,True,BENIGN
RUN_013,2026-10-03 20:25:33,2026-10-03 20:25:42,2026-10-03 20:25:42,NORMAL,DECAY,BENIGN,0,0.9999982,True,BENIGN
RUN_013,2026-10-03 20:25:34,2026-10-03 20:25:43,2026-10-03 20:25:43,NORMAL,DECAY,BENIGN,0,0.9999976,True,BENIGN
RUN_013,2026-10-03 20:25:35,2026-10-03 20:25:44,2026-10-03 20:25:44,NORMAL,DECAY,BENIGN,0,0.9999982,True,BENIGN
RUN_013,2026-10-03 20:25:36,2026-10-03 20:25:45,2026-10-03 20:25:45,NORMAL,DECAY,BENIGN,0,0.99999654,True,BENIGN
RUN_013,2026-10-03 20:25:37,2026-10-03 20:25:46,2026-10-03 20:25:46,NORMAL,DECAY,BENIGN,0,0.99999714,True,BENIGN
RUN_013,2026-10-03 20:25:38,2026-10-03 20:25:47,2026-10-03 20:25:47,NORMAL,DECAY,BENIGN,0,0.99999404,True,BENIGN
RUN_013,2026-10-03 20:25:39,2026-10-03 20:25:48,2026-10-03 20:25:48,NORMAL,DECAY,BENIGN,0,0.9999933,True,BENIGN
RUN_013,2026-10-03 20:25:40,2026-10-03 20:25:49,2026-10-03 20:25:49,NORMAL,DECAY,BENIGN,0,0.9999926,True,BENIGN
RUN_013,2026-10-03 20:25:41,2026-10-03 20:25:50,2026-10-03 20:25:50,NORMAL,RECOVERY,BENIGN,0,0.99999607,True,BENIGN
RUN_013,2026-10-03 20:25:42,2026-10-03 20:25:51,2026-10-03 20:25:51,NORMAL,RECOVERY,BENIGN,0,0.99999774,True,BENIGN
RUN_013,2026-10-03 20:25:43,2026-10-03 20:25:52,2026-10-03 20:25:52,NORMAL,RECOVERY,BENIGN,0,0.999998,True,BENIGN
RUN_013,2026-10-03 20:25:44,2026-10-03 20:25:53,2026-10-03 20:25:53,NORMAL,RECOVERY,BENIGN,0,0.99999774,True,BENIGN
RUN_013,2026-10-03 20:25:45,2026-10-03 20:25:54,2026-10-03 20:25:54,NORMAL,RECOVERY,BENIGN,0,0.999998,True,BENIGN
RUN_013,2026-10-03 20:25:46,2026-10-03 20:25:55,2026-10-03 20:25:55,NORMAL,RECOVERY,BENIGN,0,0.9999982,True,BENIGN
RUN_013,2026-10-03 20:25:47,2026-10-03 20:25:56,2026-10-03 20:25:56,NORMAL,RECOVERY,BENIGN,0,0.99999833,True,BENIGN
RUN_013,2026-10-03 20:25:48,2026-10-03 20:25:57,2026-10-03 20:25:57,NORMAL,RECOVERY,BENIGN,0,0.99999845,True,BENIGN
RUN_013,2026-10-03 20:25:49,2026-10-03 20:25:58,2026-10-03 20:25:58,NORMAL,RECOVERY,BENIGN,0,0.99999857,True,BENIGN
RUN_013,2026-10-03 20:25:50,2026-10-03 20:25:59,2026-10-03 20:25:59,NORMAL,RECOVERY,BENIGN,0,0.99999833,True,BENIGN
RUN_019,2026-10-03 20:36:00,2026-10-03 20:36:09,2026-10-03 20:36:09,FLASH_CROWD,NORMAL,BENIGN,0,0.99999857,True,BENIGN
RUN_019,2026-10-03 20:36:01,2026-10-03 20:36:10,2026-10-03 20:36:10,FLASH_CROWD,NORMAL,BENIGN,0,0.99999857,True,BENIGN
RUN_019,2026-10-03 20:36:02,2026-10-03 20:36:11,2026-10-03 20:36:11,FLASH_CROWD,NORMAL,BENIGN,0,0.99999833,True,BENIGN
RUN_019,2026-10-03 20:36:03,2026-10-03 20:36:12,2026-10-03 20:36:12,FLASH_CROWD,NORMAL,BENIGN,0,0.9999982,True,BENIGN
RUN_019,2026-10-03 20:36:04,2026-10-03 20:36:13,2026-10-03 20:36:13,FLASH_CROWD,NORMAL,BENIGN,0,0.99999857,True,BENIGN
RUN_019,2026-10-03 20:36:05,2026-10-03 20:36:14,2026-10-03 20:36:14,FLASH_CROWD,NORMAL,BENIGN,0,0.9999987,True,BENIGN
RUN_019,2026-10-03 20:36:06,2026-10-03 20:36:15,2026-10-03 20:36:15,FLASH_CROWD,NORMAL,BENIGN,0,0.99999857,True,BENIGN
RUN_019,2026-10-03 20:36:07,2026-10-03 20:36:16,2026-10-03 20:36:16,FLASH_CROWD,NORMAL,BENIGN,0,0.99999833,True,BENIGN
RUN_019,2026-10-03 20:36:08,2026-10-03 20:36:17,2026-10-03 20:36:17,FLASH_CROWD,NORMAL,BENIGN,0,0.99999833,True,BENIGN
RUN_019,2026-10-03 20:36:09,2026-10-03 20:36:18,2026-10-03 20:36:18,FLASH_CROWD,NORMAL,BENIGN,0,0.99999857,True,BENIGN
RUN_019,2026-10-03 20:36:10,2026-10-03 20:36:19,2026-10-03 20:36:19,FLASH_CROWD,NORMAL,BENIGN,0,0.99999857,True,BENIGN
RUN_019,2026-10-03 20:36:11,2026-10-03 20:36:20,2026-10-03 20:36:20,FLASH_CROWD,EARLY_CHANGE,BENIGN,0,0.9999987,True,BENIGN
RUN_019,2026-10-03 20:36:12,2026-10-03 20:36:21,2026-10-03 20:36:21,FLASH_CROWD,EARLY_CHANGE,BENIGN,0,0.9999987,True,BENIGN
RUN_019,2026-10-03 20:36:13,2026-10-03 20:36:22,2026-10-03 20:36:22,FLASH_CROWD,EARLY_CHANGE,BENIGN,0,0.9999987,True,BENIGN
RUN_019,2026-10-03 20:36:14,2026-10-03 20:36:23,2026-10-03 20:36:23,FLASH_CROWD,EARLY_CHANGE,BENIGN,0,0.99999857,True,BENIGN
RUN_019,2026-10-03 20:36:15,2026-10-03 20:36:24,2026-10-03 20:36:24,FLASH_CROWD,EARLY_CHANGE,BENIGN,0,0.99999833,True,BENIGN
RUN_019,2026-10-03 20:36:16,2026-10-03 20:36:25,2026-10-03 20:36:25,FLASH_CROWD,EARLY_CHANGE,BENIGN,0,0.99999845,True,BENIGN
RUN_019,2026-10-03 20:36:17,2026-10-03 20:36:26,2026-10-03 20:36:26,FLASH_CROWD,EARLY_CHANGE,BENIGN,0,0.9999982,True,BENIGN
RUN_019,2026-10-03 20:36:18,2026-10-03 20:36:27,2026-10-03 20:36:27,FLASH_CROWD,EARLY_CHANGE,BENIGN,0,0.9999981,True,BENIGN
RUN_019,2026-10-03 20:36:19,2026-10-03 20:36:28,2026-10-03 20:36:28,FLASH_CROWD,EARLY_CHANGE,BENIGN,0,0.99999774,True,BENIGN
RUN_019,2026-10-03 20:36:20,2026-10-03 20:36:29,2026-10-03 20:36:29,FLASH_CROWD,EARLY_CHANGE,BENIGN,0,0.9999974,True,BENIGN
RUN_019,2026-10-03 20:36:21,2026-10-03 20:36:30,2026-10-03 20:36:30,FLASH_CROWD,ESCALATION,BENIGN,0,0.9999975,True,BENIGN
RUN_019,2026-10-03 20:36:22,2026-10-03 20:36:31,2026-10-03 20:36:31,FLASH_CROWD,ESCALATION,BENIGN,0,0.9999981,True,BENIGN
RUN_019,2026-10-03 20:36:23,2026-10-03 20:36:32,2026-10-03 20:36:32,FLASH_CROWD,ESCALATION,BENIGN,0,0.999998,True,BENIGN
RUN_019,2026-10-03 20:36:24,2026-10-03 20:36:33,2026-10-03 20:36:33,FLASH_CROWD,ESCALATION,BENIGN,0,0.99999833,True,BENIGN
RUN_019,2026-10-03 20:36:25,2026-10-03 20:36:34,2026-10-03 20:36:34,FLASH_CROWD,ESCALATION,BENIGN,0,0.9999975,True,BENIGN
RUN_019,2026-10-03 20:36:26,2026-10-03 20:36:35,2026-10-03 20:36:35,FLASH_CROWD,ESCALATION,BENIGN,0,0.999998,True,BENIGN
RUN_019,2026-10-03 20:36:27,2026-10-03 20:36:36,2026-10-03 20:36:36,FLASH_CROWD,ESCALATION,BENIGN,0,0.999998,True,BENIGN
RUN_019,2026-10-03 20:36:28,2026-10-03 20:36:37,2026-10-03 20:36:37,FLASH_CROWD,ESCALATION,BENIGN,0,0.999998,True,BENIGN
RUN_019,2026-10-03 20:36:29,2026-10-03 20:36:38,2026-10-03 20:36:38,FLASH_CROWD,ESCALATION,BENIGN,0,0.9999982,True,BENIGN
RUN_019,2026-10-03 20:36:30,2026-10-03 20:36:39,2026-10-03 20:36:39,FLASH_CROWD,ESCALATION,BENIGN,0,0.99999774,True,BENIGN
RUN_019,2026-10-03 20:36:31,2026-10-03 20:36:40,2026-10-03 20:36:40,FLASH_CROWD,ESCALATION,BENIGN,0,0.99999774,True,BENIGN
RUN_019,2026-10-03 20:36:32,2026-10-03 20:36:41,2026-10-03 20:36:41,FLASH_CROWD,ESCALATION,BENIGN,0,0.999998,True,BENIGN
RUN_019,2026-10-03 20:36:33,2026-10-03 20:36:42,2026-10-03 20:36:42,FLASH_CROWD,ESCALATION,BENIGN,0,0.9999975,True,BENIGN
RUN_019,2026-10-03 20:36:34,2026-10-03 20:36:43,2026-10-03 20:36:43,FLASH_CROWD,ESCALATION,BENIGN,0,0.9999975,True,BENIGN
RUN_019,2026-10-03 20:36:35,2026-10-03 20:36:44,2026-10-03 20:36:44,FLASH_CROWD,ESCALATION,BENIGN,0,0.9999968,True,BENIGN
RUN_019,2026-10-03 20:36:36,2026-10-03 20:36:45,2026-10-03 20:36:45,FLASH_CROWD,ESCALATION,BENIGN,0,0.99999607,True,BENIGN
RUN_019,2026-10-03 20:36:37,2026-10-03 20:36:46,2026-10-03 20:36:46,FLASH_CROWD,ESCALATION,BENIGN,0,0.99999547,True,BENIGN
RUN_019,2026-10-03 20:36:38,2026-10-03 20:36:47,2026-10-03 20:36:47,FLASH_CROWD,ESCALATION,BENIGN,0,0.99999595,True,BENIGN
RUN_019,2026-10-03 20:36:39,2026-10-03 20:36:48,2026-10-03 20:36:48,FLASH_CROWD,ESCALATION,BENIGN,0,0.99999404,True,BENIGN
RUN_019,2026-10-03 20:36:40,2026-10-03 20:36:49,2026-10-03 20:36:49,FLASH_CROWD,ESCALATION,BENIGN,0,0.99999654,True,BENIGN
RUN_019,2026-10-03 20:36:41,2026-10-03 20:36:50,2026-10-03 20:36:50,FLASH_CROWD,ESCALATION,BENIGN,0,0.99999666,True,BENIGN
RUN_019,2026-10-03 20:36:42,2026-10-03 20:36:51,2026-10-03 20:36:51,FLASH_CROWD,ESCALATION,BENIGN,0,0.99999714,True,BENIGN
RUN_019,2026-10-03 20:36:43,2026-10-03 20:36:52,2026-10-03 20:36:52,FLASH_CROWD,ESCALATION,BENIGN,0,0.99999726,True,BENIGN
RUN_019,2026-10-03 20:36:44,2026-10-03 20:36:53,2026-10-03 20:36:53,FLASH_CROWD,ESCALATION,BENIGN,0,0.9999969,True,BENIGN
RUN_019,2026-10-03 20:36:45,2026-10-03 20:36:54,2026-10-03 20:36:54,FLASH_CROWD,ESCALATION,BENIGN,0,0.9999964,True,BENIGN
RUN_019,2026-10-03 20:36:46,2026-10-03 20:36:55,2026-10-03 20:36:55,FLASH_CROWD,ESCALATION,BENIGN,0,0.9999964,True,BENIGN
RUN_019,2026-10-03 20:36:47,2026-10-03 20:36:56,2026-10-03 20:36:56,FLASH_CROWD,ESCALATION,BENIGN,0,0.9999969,True,BENIGN
RUN_019,2026-10-03 20:36:48,2026-10-03 20:36:57,2026-10-03 20:36:57,FLASH_CROWD,ESCALATION,BENIGN,0,0.9999964,True,BENIGN
RUN_019,2026-10-03 20:36:49,2026-10-03 20:36:58,2026-10-03 20:36:58,FLASH_CROWD,ESCALATION,BENIGN,0,0.99999666,True,BENIGN
RUN_019,2026-10-03 20:36:50,2026-10-03 20:36:59,2026-10-03 20:36:59,FLASH_CROWD,ESCALATION,BENIGN,0,0.99999654,True,BENIGN
RUN_019,2026-10-03 20:36:51,2026-10-03 20:37:00,2026-10-03 20:37:00,FLASH_CROWD,SUSTAINED,BENIGN,0,0.99999654,True,BENIGN
RUN_019,2026-10-03 20:36:52,2026-10-03 20:37:01,2026-10-03 20:37:01,FLASH_CROWD,SUSTAINED,BENIGN,0,0.9999968,True,BENIGN
RUN_019,2026-10-03 20:36:53,2026-10-03 20:37:02,2026-10-03 20:37:02,FLASH_CROWD,SUSTAINED,BENIGN,0,0.999997,True,BENIGN
RUN_019,2026-10-03 20:36:54,2026-10-03 20:37:03,2026-10-03 20:37:03,FLASH_CROWD,SUSTAINED,BENIGN,0,0.9999975,True,BENIGN
RUN_019,2026-10-03 20:36:55,2026-10-03 20:37:04,2026-10-03 20:37:04,FLASH_CROWD,SUSTAINED,BENIGN,0,0.9999976,True,BENIGN
RUN_019,2026-10-03 20:36:56,2026-10-03 20:37:05,2026-10-03 20:37:05,FLASH_CROWD,SUSTAINED,BENIGN,0,0.9999974,True,BENIGN
RUN_019,2026-10-03 20:36:57,2026-10-03 20:37:06,2026-10-03 20:37:06,FLASH_CROWD,SUSTAINED,BENIGN,0,0.9999976,True,BENIGN
RUN_019,2026-10-03 20:36:58,2026-10-03 20:37:07,2026-10-03 20:37:07,FLASH_CROWD,SUSTAINED,BENIGN,0,0.99999774,True,BENIGN
RUN_019,2026-10-03 20:36:59,2026-10-03 20:37:08,2026-10-03 20:37:08,FLASH_CROWD,SUSTAINED,BENIGN,0,0.99999774,True,BENIGN
RUN_019,2026-10-03 20:37:00,2026-10-03 20:37:09,2026-10-03 20:37:09,FLASH_CROWD,SUSTAINED,BENIGN,0,0.999998,True,BENIGN
RUN_019,2026-10-03 20:37:01,2026-10-03 20:37:10,2026-10-03 20:37:10,FLASH_CROWD,SUSTAINED,BENIGN,0,0.9999982,True,BENIGN
RUN_019,2026-10-03 20:37:02,2026-10-03 20:37:11,2026-10-03 20:37:11,FLASH_CROWD,SUSTAINED,BENIGN,0,0.999998,True,BENIGN
RUN_019,2026-10-03 20:37:03,2026-10-03 20:37:12,2026-10-03 20:37:12,FLASH_CROWD,SUSTAINED,BENIGN,0,0.999998,True,BENIGN
RUN_019,2026-10-03 20:37:04,2026-10-03 20:37:13,2026-10-03 20:37:13,FLASH_CROWD,SUSTAINED,BENIGN,0,0.99999774,True,BENIGN
RUN_019,2026-10-03 20:37:05,2026-10-03 20:37:14,2026-10-03 20:37:14,FLASH_CROWD,SUSTAINED,BENIGN,0,0.9999975,True,BENIGN
RUN_019,2026-10-03 20:37:06,2026-10-03 20:37:15,2026-10-03 20:37:15,FLASH_CROWD,SUSTAINED,BENIGN,0,0.99999726,True,BENIGN
RUN_019,2026-10-03 20:37:07,2026-10-03 20:37:16,2026-10-03 20:37:16,FLASH_CROWD,SUSTAINED,BENIGN,0,0.9999974,True,BENIGN
RUN_019,2026-10-03 20:37:08,2026-10-03 20:37:17,2026-10-03 20:37:17,FLASH_CROWD,SUSTAINED,BENIGN,0,0.99999726,True,BENIGN
RUN_019,2026-10-03 20:37:09,2026-10-03 20:37:18,2026-10-03 20:37:18,FLASH_CROWD,SUSTAINED,BENIGN,0,0.999998,True,BENIGN
RUN_019,2026-10-03 20:37:10,2026-10-03 20:37:19,2026-10-03 20:37:19,FLASH_CROWD,SUSTAINED,BENIGN,0,0.99999774,True,BENIGN
RUN_019,2026-10-03 20:37:11,2026-10-03 20:37:20,2026-10-03 20:37:20,FLASH_CROWD,SUSTAINED,BENIGN,0,0.9999976,True,BENIGN
RUN_019,2026-10-03 20:37:12,2026-10-03 20:37:21,2026-10-03 20:37:21,FLASH_CROWD,SUSTAINED,BENIGN,0,0.9999982,True,BENIGN
RUN_019,2026-10-03 20:37:13,2026-10-03 20:37:22,2026-10-03 20:37:22,FLASH_CROWD,SUSTAINED,BENIGN,0,0.9999981,True,BENIGN
RUN_019,2026-10-03 20:37:14,2026-10-03 20:37:23,2026-10-03 20:37:23,FLASH_CROWD,SUSTAINED,BENIGN,0,0.99999785,True,BENIGN
RUN_019,2026-10-03 20:37:15,2026-10-03 20:37:24,2026-10-03 20:37:24,FLASH_CROWD,SUSTAINED,BENIGN,0,0.9999976,True,BENIGN
RUN_019,2026-10-03 20:37:16,2026-10-03 20:37:25,2026-10-03 20:37:25,FLASH_CROWD,SUSTAINED,BENIGN,0,0.99999774,True,BENIGN
RUN_019,2026-10-03 20:37:17,2026-10-03 20:37:26,2026-10-03 20:37:26,FLASH_CROWD,SUSTAINED,BENIGN,0,0.99999774,True,BENIGN
RUN_019,2026-10-03 20:37:18,2026-10-03 20:37:27,2026-10-03 20:37:27,FLASH_CROWD,SUSTAINED,BENIGN,0,0.9999976,True,BENIGN
RUN_019,2026-10-03 20:37:19,2026-10-03 20:37:28,2026-10-03 20:37:28,FLASH_CROWD,SUSTAINED,BENIGN,0,0.99999714,True,BENIGN
RUN_019,2026-10-03 20:37:20,2026-10-03 20:37:29,2026-10-03 20:37:29,FLASH_CROWD,SUSTAINED,BENIGN,0,0.99999726,True,BENIGN
RUN_019,2026-10-03 20:37:21,2026-10-03 20:37:30,2026-10-03 20:37:30,FLASH_CROWD,DECAY,BENIGN,0,0.99999726,True,BENIGN
RUN_019,2026-10-03 20:37:22,2026-10-03 20:37:31,2026-10-03 20:37:31,FLASH_CROWD,DECAY,BENIGN,0,0.999997,True,BENIGN
RUN_019,2026-10-03 20:37:23,2026-10-03 20:37:32,2026-10-03 20:37:32,FLASH_CROWD,DECAY,BENIGN,0,0.999997,True,BENIGN
RUN_019,2026-10-03 20:37:24,2026-10-03 20:37:33,2026-10-03 20:37:33,FLASH_CROWD,DECAY,BENIGN,0,0.9999975,True,BENIGN
RUN_019,2026-10-03 20:37:25,2026-10-03 20:37:34,2026-10-03 20:37:34,FLASH_CROWD,DECAY,BENIGN,0,0.9999975,True,BENIGN
RUN_019,2026-10-03 20:37:26,2026-10-03 20:37:35,2026-10-03 20:37:35,FLASH_CROWD,DECAY,BENIGN,0,0.9999976,True,BENIGN
RUN_019,2026-10-03 20:37:27,2026-10-03 20:37:36,2026-10-03 20:37:36,FLASH_CROWD,DECAY,BENIGN,0,0.999998,True,BENIGN
RUN_019,2026-10-03 20:37:28,2026-10-03 20:37:37,2026-10-03 20:37:37,FLASH_CROWD,DECAY,BENIGN,0,0.99999774,True,BENIGN
RUN_019,2026-10-03 20:37:29,2026-10-03 20:37:38,2026-10-03 20:37:38,FLASH_CROWD,DECAY,BENIGN,0,0.999998,True,BENIGN
RUN_019,2026-10-03 20:37:30,2026-10-03 20:37:39,2026-10-03 20:37:39,FLASH_CROWD,DECAY,BENIGN,0,0.9999982,True,BENIGN
RUN_019,2026-10-03 20:37:31,2026-10-03 20:37:40,2026-10-03 20:37:40,FLASH_CROWD,DECAY,BENIGN,0,0.9999981,True,BENIGN
RUN_019,2026-10-03 20:37:32,2026-10-03 20:37:41,2026-10-03 20:37:41,FLASH_CROWD,DECAY,BENIGN,0,0.99999774,True,BENIGN
RUN_019,2026-10-03 20:37:33,2026-10-03 20:37:42,2026-10-03 20:37:42,FLASH_CROWD,DECAY,BENIGN,0,0.999998,True,BENIGN
RUN_019,2026-10-03 20:37:34,2026-10-03 20:37:43,2026-10-03 20:37:43,FLASH_CROWD,DECAY,BENIGN,0,0.99999774,True,BENIGN
RUN_019,2026-10-03 20:37:35,2026-10-03 20:37:44,2026-10-03 20:37:44,FLASH_CROWD,DECAY,BENIGN,0,0.9999976,True,BENIGN
RUN_019,2026-10-03 20:37:36,2026-10-03 20:37:45,2026-10-03 20:37:45,FLASH_CROWD,DECAY,BENIGN,0,0.9999974,True,BENIGN
RUN_019,2026-10-03 20:37:37,2026-10-03 20:37:46,2026-10-03 20:37:46,FLASH_CROWD,DECAY,BENIGN,0,0.9999969,True,BENIGN
RUN_019,2026-10-03 20:37:38,2026-10-03 20:37:47,2026-10-03 20:37:47,FLASH_CROWD,DECAY,BENIGN,0,0.9999969,True,BENIGN
RUN_019,2026-10-03 20:37:39,2026-10-03 20:37:48,2026-10-03 20:37:48,FLASH_CROWD,DECAY,BENIGN,0,0.999997,True,BENIGN
RUN_019,2026-10-03 20:37:40,2026-10-03 20:37:49,2026-10-03 20:37:49,FLASH_CROWD,DECAY,BENIGN,0,0.9999969,True,BENIGN
RUN_019,2026-10-03 20:37:41,2026-10-03 20:37:50,2026-10-03 20:37:50,FLASH_CROWD,RECOVERY,BENIGN,0,0.9999969,True,BENIGN
RUN_019,2026-10-03 20:37:42,2026-10-03 20:37:51,2026-10-03 20:37:51,FLASH_CROWD,RECOVERY,BENIGN,0,0.9999963,True,BENIGN
RUN_019,2026-10-03 20:37:43,2026-10-03 20:37:52,2026-10-03 20:37:52,FLASH_CROWD,RECOVERY,BENIGN,0,0.99999666,True,BENIGN
RUN_019,2026-10-03 20:37:44,2026-10-03 20:37:53,2026-10-03 20:37:53,FLASH_CROWD,RECOVERY,BENIGN,0,0.9999964,True,BENIGN
RUN_019,2026-10-03 20:37:45,2026-10-03 20:37:54,2026-10-03 20:37:54,FLASH_CROWD,RECOVERY,BENIGN,0,0.999997,True,BENIGN
RUN_019,2026-10-03 20:37:46,2026-10-03 20:37:55,2026-10-03 20:37:55,FLASH_CROWD,RECOVERY,BENIGN,0,0.99999726,True,BENIGN
RUN_019,2026-10-03 20:37:47,2026-10-03 20:37:56,2026-10-03 20:37:56,FLASH_CROWD,RECOVERY,BENIGN,0,0.9999974,True,BENIGN
RUN_019,2026-10-03 20:37:48,2026-10-03 20:37:57,2026-10-03 20:37:57,FLASH_CROWD,RECOVERY,BENIGN,0,0.99999726,True,BENIGN
RUN_019,2026-10-03 20:37:49,2026-10-03 20:37:58,2026-10-03 20:37:58,FLASH_CROWD,RECOVERY,BENIGN,0,0.99999714,True,BENIGN
RUN_019,2026-10-03 20:37:50,2026-10-03 20:37:59,2026-10-03 20:37:59,FLASH_CROWD,RECOVERY,BENIGN,0,0.9999975,True,BENIGN
RUN_020,2026-10-03 20:38:00,2026-10-03 20:38:09,2026-10-03 20:38:09,NORMAL,NORMAL,BENIGN,0,0.999997,True,BENIGN
RUN_020,2026-10-03 20:38:01,2026-10-03 20:38:10,2026-10-03 20:38:10,NORMAL,NORMAL,BENIGN,0,0.99999774,True,BENIGN
RUN_020,2026-10-03 20:38:02,2026-10-03 20:38:11,2026-10-03 20:38:11,NORMAL,NORMAL,BENIGN,0,0.9999981,True,BENIGN
RUN_020,2026-10-03 20:38:03,2026-10-03 20:38:12,2026-10-03 20:38:12,NORMAL,NORMAL,BENIGN,0,0.9999982,True,BENIGN
RUN_020,2026-10-03 20:38:04,2026-10-03 20:38:13,2026-10-03 20:38:13,NORMAL,NORMAL,BENIGN,0,0.99999857,True,BENIGN
RUN_020,2026-10-03 20:38:05,2026-10-03 20:38:14,2026-10-03 20:38:14,NORMAL,NORMAL,BENIGN,0,0.99999857,True,BENIGN
RUN_020,2026-10-03 20:38:06,2026-10-03 20:38:15,2026-10-03 20:38:15,NORMAL,NORMAL,BENIGN,0,0.99999857,True,BENIGN
RUN_020,2026-10-03 20:38:07,2026-10-03 20:38:16,2026-10-03 20:38:16,NORMAL,NORMAL,BENIGN,0,0.9999987,True,BENIGN
RUN_020,2026-10-03 20:38:08,2026-10-03 20:38:17,2026-10-03 20:38:17,NORMAL,NORMAL,BENIGN,0,0.9999987,True,BENIGN
RUN_020,2026-10-03 20:38:09,2026-10-03 20:38:18,2026-10-03 20:38:18,NORMAL,NORMAL,BENIGN,0,0.99999845,True,BENIGN
RUN_020,2026-10-03 20:38:10,2026-10-03 20:38:19,2026-10-03 20:38:19,NORMAL,NORMAL,BENIGN,0,0.99999857,True,BENIGN
RUN_020,2026-10-03 20:38:11,2026-10-03 20:38:20,2026-10-03 20:38:20,NORMAL,EARLY_CHANGE,BENIGN,0,0.9999987,True,BENIGN
RUN_020,2026-10-03 20:38:12,2026-10-03 20:38:21,2026-10-03 20:38:21,NORMAL,EARLY_CHANGE,BENIGN,0,0.9999987,True,BENIGN
RUN_020,2026-10-03 20:38:13,2026-10-03 20:38:22,2026-10-03 20:38:22,NORMAL,EARLY_CHANGE,BENIGN,0,0.99999857,True,BENIGN
RUN_020,2026-10-03 20:38:14,2026-10-03 20:38:23,2026-10-03 20:38:23,NORMAL,EARLY_CHANGE,BENIGN,0,0.9999968,True,BENIGN
RUN_020,2026-10-03 20:38:15,2026-10-03 20:38:24,2026-10-03 20:38:24,NORMAL,EARLY_CHANGE,BENIGN,0,0.99999833,True,BENIGN
RUN_020,2026-10-03 20:38:16,2026-10-03 20:38:25,2026-10-03 20:38:25,NORMAL,EARLY_CHANGE,BENIGN,0,0.99999833,True,BENIGN
RUN_020,2026-10-03 20:38:17,2026-10-03 20:38:26,2026-10-03 20:38:26,NORMAL,EARLY_CHANGE,BENIGN,0,0.999998,True,BENIGN
RUN_020,2026-10-03 20:38:18,2026-10-03 20:38:27,2026-10-03 20:38:27,NORMAL,EARLY_CHANGE,BENIGN,0,0.9999975,True,BENIGN
RUN_020,2026-10-03 20:38:19,2026-10-03 20:38:28,2026-10-03 20:38:28,NORMAL,EARLY_CHANGE,BENIGN,0,0.999997,True,BENIGN
RUN_020,2026-10-03 20:38:20,2026-10-03 20:38:29,2026-10-03 20:38:29,NORMAL,EARLY_CHANGE,BENIGN,0,0.9999963,True,BENIGN
RUN_020,2026-10-03 20:38:21,2026-10-03 20:38:30,2026-10-03 20:38:30,NORMAL,ESCALATION,BENIGN,0,0.999997,True,BENIGN
RUN_020,2026-10-03 20:38:22,2026-10-03 20:38:31,2026-10-03 20:38:31,NORMAL,ESCALATION,BENIGN,0,0.99999595,True,BENIGN
RUN_020,2026-10-03 20:38:23,2026-10-03 20:38:32,2026-10-03 20:38:32,NORMAL,ESCALATION,BENIGN,0,0.9999982,True,BENIGN
RUN_020,2026-10-03 20:38:24,2026-10-03 20:38:33,2026-10-03 20:38:33,NORMAL,ESCALATION,BENIGN,0,0.99999857,True,BENIGN
RUN_020,2026-10-03 20:38:25,2026-10-03 20:38:34,2026-10-03 20:38:34,NORMAL,ESCALATION,BENIGN,0,0.99999857,True,BENIGN
RUN_020,2026-10-03 20:38:26,2026-10-03 20:38:35,2026-10-03 20:38:35,NORMAL,ESCALATION,BENIGN,0,0.99999857,True,BENIGN
RUN_020,2026-10-03 20:38:27,2026-10-03 20:38:36,2026-10-03 20:38:36,NORMAL,ESCALATION,BENIGN,0,0.99999857,True,BENIGN
RUN_020,2026-10-03 20:38:28,2026-10-03 20:38:37,2026-10-03 20:38:37,NORMAL,ESCALATION,BENIGN,0,0.99999845,True,BENIGN
RUN_020,2026-10-03 20:38:29,2026-10-03 20:38:38,2026-10-03 20:38:38,NORMAL,ESCALATION,BENIGN,0,0.9999988,True,BENIGN
RUN_020,2026-10-03 20:38:30,2026-10-03 20:38:39,2026-10-03 20:38:39,NORMAL,ESCALATION,BENIGN,0,0.9999989,True,BENIGN
RUN_020,2026-10-03 20:38:31,2026-10-03 20:38:40,2026-10-03 20:38:40,NORMAL,ESCALATION,BENIGN,0,0.9999989,True,BENIGN
RUN_020,2026-10-03 20:38:32,2026-10-03 20:38:41,2026-10-03 20:38:41,NORMAL,ESCALATION,BENIGN,0,0.9999987,True,BENIGN
RUN_020,2026-10-03 20:38:33,2026-10-03 20:38:42,2026-10-03 20:38:42,NORMAL,ESCALATION,BENIGN,0,0.99999845,True,BENIGN
RUN_020,2026-10-03 20:38:34,2026-10-03 20:38:43,2026-10-03 20:38:43,NORMAL,ESCALATION,BENIGN,0,0.99999774,True,BENIGN
RUN_020,2026-10-03 20:38:35,2026-10-03 20:38:44,2026-10-03 20:38:44,NORMAL,ESCALATION,BENIGN,0,0.99999833,True,BENIGN
RUN_020,2026-10-03 20:38:36,2026-10-03 20:38:45,2026-10-03 20:38:45,NORMAL,ESCALATION,BENIGN,0,0.9999982,True,BENIGN
RUN_020,2026-10-03 20:38:37,2026-10-03 20:38:46,2026-10-03 20:38:46,NORMAL,ESCALATION,BENIGN,0,0.99999845,True,BENIGN
RUN_020,2026-10-03 20:38:38,2026-10-03 20:38:47,2026-10-03 20:38:47,NORMAL,ESCALATION,BENIGN,0,0.99999857,True,BENIGN
RUN_020,2026-10-03 20:38:39,2026-10-03 20:38:48,2026-10-03 20:38:48,NORMAL,ESCALATION,BENIGN,0,0.99999857,True,BENIGN
RUN_020,2026-10-03 20:38:40,2026-10-03 20:38:49,2026-10-03 20:38:49,NORMAL,ESCALATION,BENIGN,0,0.99999857,True,BENIGN
RUN_020,2026-10-03 20:38:41,2026-10-03 20:38:50,2026-10-03 20:38:50,NORMAL,ESCALATION,BENIGN,0,0.99999857,True,BENIGN
RUN_020,2026-10-03 20:38:42,2026-10-03 20:38:51,2026-10-03 20:38:51,NORMAL,ESCALATION,BENIGN,0,0.99999857,True,BENIGN
RUN_020,2026-10-03 20:38:43,2026-10-03 20:38:52,2026-10-03 20:38:52,NORMAL,ESCALATION,BENIGN,0,0.9999987,True,BENIGN
RUN_020,2026-10-03 20:38:44,2026-10-03 20:38:53,2026-10-03 20:38:53,NORMAL,ESCALATION,BENIGN,0,0.99999857,True,BENIGN
RUN_020,2026-10-03 20:38:45,2026-10-03 20:38:54,2026-10-03 20:38:54,NORMAL,ESCALATION,BENIGN,0,0.99999857,True,BENIGN
RUN_020,2026-10-03 20:38:46,2026-10-03 20:38:55,2026-10-03 20:38:55,NORMAL,ESCALATION,BENIGN,0,0.9999987,True,BENIGN
RUN_020,2026-10-03 20:38:47,2026-10-03 20:38:56,2026-10-03 20:38:56,NORMAL,ESCALATION,BENIGN,0,0.9999987,True,BENIGN
RUN_020,2026-10-03 20:38:48,2026-10-03 20:38:57,2026-10-03 20:38:57,NORMAL,ESCALATION,BENIGN,0,0.9999988,True,BENIGN
RUN_020,2026-10-03 20:38:49,2026-10-03 20:38:58,2026-10-03 20:38:58,NORMAL,ESCALATION,BENIGN,0,0.9999988,True,BENIGN
RUN_020,2026-10-03 20:38:50,2026-10-03 20:38:59,2026-10-03 20:38:59,NORMAL,ESCALATION,BENIGN,0,0.99999857,True,BENIGN
RUN_020,2026-10-03 20:38:51,2026-10-03 20:39:00,2026-10-03 20:39:00,NORMAL,SUSTAINED,BENIGN,0,0.9999988,True,BENIGN
RUN_020,2026-10-03 20:38:52,2026-10-03 20:39:01,2026-10-03 20:39:01,NORMAL,SUSTAINED,BENIGN,0,0.9999987,True,BENIGN
RUN_020,2026-10-03 20:38:53,2026-10-03 20:39:02,2026-10-03 20:39:02,NORMAL,SUSTAINED,BENIGN,0,0.99999857,True,BENIGN
RUN_020,2026-10-03 20:38:54,2026-10-03 20:39:03,2026-10-03 20:39:03,NORMAL,SUSTAINED,BENIGN,0,0.9999988,True,BENIGN
RUN_020,2026-10-03 20:38:55,2026-10-03 20:39:04,2026-10-03 20:39:04,NORMAL,SUSTAINED,BENIGN,0,0.9999989,True,BENIGN
RUN_020,2026-10-03 20:38:56,2026-10-03 20:39:05,2026-10-03 20:39:05,NORMAL,SUSTAINED,BENIGN,0,0.9999988,True,BENIGN
RUN_020,2026-10-03 20:38:57,2026-10-03 20:39:06,2026-10-03 20:39:06,NORMAL,SUSTAINED,BENIGN,0,0.9999989,True,BENIGN
RUN_020,2026-10-03 20:38:58,2026-10-03 20:39:07,2026-10-03 20:39:07,NORMAL,SUSTAINED,BENIGN,0,0.99999905,True,BENIGN
RUN_020,2026-10-03 20:38:59,2026-10-03 20:39:08,2026-10-03 20:39:08,NORMAL,SUSTAINED,BENIGN,0,0.9999989,True,BENIGN
RUN_020,2026-10-03 20:39:00,2026-10-03 20:39:09,2026-10-03 20:39:09,NORMAL,SUSTAINED,BENIGN,0,0.9999988,True,BENIGN
RUN_020,2026-10-03 20:39:01,2026-10-03 20:39:10,2026-10-03 20:39:10,NORMAL,SUSTAINED,BENIGN,0,0.9999988,True,BENIGN
RUN_020,2026-10-03 20:39:02,2026-10-03 20:39:11,2026-10-03 20:39:11,NORMAL,SUSTAINED,BENIGN,0,0.99999845,True,BENIGN
RUN_020,2026-10-03 20:39:03,2026-10-03 20:39:12,2026-10-03 20:39:12,NORMAL,SUSTAINED,BENIGN,0,0.99999857,True,BENIGN
RUN_020,2026-10-03 20:39:04,2026-10-03 20:39:13,2026-10-03 20:39:13,NORMAL,SUSTAINED,BENIGN,0,0.9999981,True,BENIGN
RUN_020,2026-10-03 20:39:05,2026-10-03 20:39:14,2026-10-03 20:39:14,NORMAL,SUSTAINED,BENIGN,0,0.99999785,True,BENIGN
RUN_020,2026-10-03 20:39:06,2026-10-03 20:39:15,2026-10-03 20:39:15,NORMAL,SUSTAINED,BENIGN,0,0.99999714,True,BENIGN
RUN_020,2026-10-03 20:39:07,2026-10-03 20:39:16,2026-10-03 20:39:16,NORMAL,SUSTAINED,BENIGN,0,0.99999523,True,BENIGN
RUN_020,2026-10-03 20:39:08,2026-10-03 20:39:17,2026-10-03 20:39:17,NORMAL,SUSTAINED,BENIGN,0,0.99999225,True,BENIGN
RUN_020,2026-10-03 20:39:09,2026-10-03 20:39:18,2026-10-03 20:39:18,NORMAL,SUSTAINED,BENIGN,0,0.99999535,True,BENIGN
RUN_020,2026-10-03 20:39:10,2026-10-03 20:39:19,2026-10-03 20:39:19,NORMAL,SUSTAINED,BENIGN,0,0.9999937,True,BENIGN
RUN_020,2026-10-03 20:39:11,2026-10-03 20:39:20,2026-10-03 20:39:20,NORMAL,SUSTAINED,BENIGN,0,0.9999943,True,BENIGN
RUN_020,2026-10-03 20:39:12,2026-10-03 20:39:21,2026-10-03 20:39:21,NORMAL,SUSTAINED,BENIGN,0,0.9999958,True,BENIGN
RUN_020,2026-10-03 20:39:13,2026-10-03 20:39:22,2026-10-03 20:39:22,NORMAL,SUSTAINED,BENIGN,0,0.9999964,True,BENIGN
RUN_020,2026-10-03 20:39:14,2026-10-03 20:39:23,2026-10-03 20:39:23,NORMAL,SUSTAINED,BENIGN,0,0.9999968,True,BENIGN
RUN_020,2026-10-03 20:39:15,2026-10-03 20:39:24,2026-10-03 20:39:24,NORMAL,SUSTAINED,BENIGN,0,0.9999969,True,BENIGN
RUN_020,2026-10-03 20:39:16,2026-10-03 20:39:25,2026-10-03 20:39:25,NORMAL,SUSTAINED,BENIGN,0,0.99999774,True,BENIGN
RUN_020,2026-10-03 20:39:17,2026-10-03 20:39:26,2026-10-03 20:39:26,NORMAL,SUSTAINED,BENIGN,0,0.999998,True,BENIGN
RUN_020,2026-10-03 20:39:18,2026-10-03 20:39:27,2026-10-03 20:39:27,NORMAL,SUSTAINED,BENIGN,0,0.99999833,True,BENIGN
RUN_020,2026-10-03 20:39:19,2026-10-03 20:39:28,2026-10-03 20:39:28,NORMAL,SUSTAINED,BENIGN,0,0.999998,True,BENIGN
RUN_020,2026-10-03 20:39:20,2026-10-03 20:39:29,2026-10-03 20:39:29,NORMAL,SUSTAINED,BENIGN,0,0.99999845,True,BENIGN
RUN_020,2026-10-03 20:39:21,2026-10-03 20:39:30,2026-10-03 20:39:30,NORMAL,DECAY,BENIGN,0,0.99999833,True,BENIGN
RUN_020,2026-10-03 20:39:22,2026-10-03 20:39:31,2026-10-03 20:39:31,NORMAL,DECAY,BENIGN,0,0.99999833,True,BENIGN
RUN_020,2026-10-03 20:39:23,2026-10-03 20:39:32,2026-10-03 20:39:32,NORMAL,DECAY,BENIGN,0,0.99999833,True,BENIGN
RUN_020,2026-10-03 20:39:24,2026-10-03 20:39:33,2026-10-03 20:39:33,NORMAL,DECAY,BENIGN,0,0.9999968,True,BENIGN
RUN_020,2026-10-03 20:39:25,2026-10-03 20:39:34,2026-10-03 20:39:34,NORMAL,DECAY,BENIGN,0,0.999997,True,BENIGN
RUN_020,2026-10-03 20:39:26,2026-10-03 20:39:35,2026-10-03 20:39:35,NORMAL,DECAY,BENIGN,0,0.99999654,True,BENIGN
RUN_020,2026-10-03 20:39:27,2026-10-03 20:39:36,2026-10-03 20:39:36,NORMAL,DECAY,BENIGN,0,0.9999974,True,BENIGN
RUN_020,2026-10-03 20:39:28,2026-10-03 20:39:37,2026-10-03 20:39:37,NORMAL,DECAY,BENIGN,0,0.9999974,True,BENIGN
RUN_020,2026-10-03 20:39:29,2026-10-03 20:39:38,2026-10-03 20:39:38,NORMAL,DECAY,BENIGN,0,0.999997,True,BENIGN
RUN_020,2026-10-03 20:39:30,2026-10-03 20:39:39,2026-10-03 20:39:39,NORMAL,DECAY,BENIGN,0,0.9999957,True,BENIGN
RUN_020,2026-10-03 20:39:31,2026-10-03 20:39:40,2026-10-03 20:39:40,NORMAL,DECAY,BENIGN,0,0.99999726,True,BENIGN
RUN_020,2026-10-03 20:39:32,2026-10-03 20:39:41,2026-10-03 20:39:41,NORMAL,DECAY,BENIGN,0,0.99999714,True,BENIGN
RUN_020,2026-10-03 20:39:33,2026-10-03 20:39:42,2026-10-03 20:39:42,NORMAL,DECAY,BENIGN,0,0.9999963,True,BENIGN
RUN_020,2026-10-03 20:39:34,2026-10-03 20:39:43,2026-10-03 20:39:43,NORMAL,DECAY,BENIGN,0,0.99999726,True,BENIGN
RUN_020,2026-10-03 20:39:35,2026-10-03 20:39:44,2026-10-03 20:39:44,NORMAL,DECAY,BENIGN,0,0.9999949,True,BENIGN
RUN_020,2026-10-03 20:39:36,2026-10-03 20:39:45,2026-10-03 20:39:45,NORMAL,DECAY,BENIGN,0,0.9999749,True,BENIGN
RUN_020,2026-10-03 20:39:37,2026-10-03 20:39:46,2026-10-03 20:39:46,NORMAL,DECAY,BENIGN,0,0.99989706,True,BENIGN
RUN_020,2026-10-03 20:39:38,2026-10-03 20:39:47,2026-10-03 20:39:47,NORMAL,DECAY,BENIGN,0,0.9997506,True,BENIGN
RUN_020,2026-10-03 20:39:39,2026-10-03 20:39:48,2026-10-03 20:39:48,NORMAL,DECAY,BENIGN,0,0.9979526,True,BENIGN
RUN_020,2026-10-03 20:39:40,2026-10-03 20:39:49,2026-10-03 20:39:49,NORMAL,DECAY,BENIGN,0,0.94477826,True,BENIGN
RUN_020,2026-10-03 20:39:41,2026-10-03 20:39:50,2026-10-03 20:39:50,NORMAL,RECOVERY,BENIGN,0,0.9481872,True,BENIGN
RUN_020,2026-10-03 20:39:42,2026-10-03 20:39:51,2026-10-03 20:39:51,NORMAL,RECOVERY,BENIGN,0,0.999304,True,BENIGN
RUN_020,2026-10-03 20:39:43,2026-10-03 20:39:52,2026-10-03 20:39:52,NORMAL,RECOVERY,BENIGN,0,0.9804751,True,BENIGN
RUN_020,2026-10-03 20:39:44,2026-10-03 20:39:53,2026-10-03 20:39:53,NORMAL,RECOVERY,BENIGN,0,0.9999687,True,BENIGN
RUN_020,2026-10-03 20:39:45,2026-10-03 20:39:54,2026-10-03 20:39:54,NORMAL,RECOVERY,BENIGN,0,0.99999,True,BENIGN
RUN_020,2026-10-03 20:39:46,2026-10-03 20:39:55,2026-10-03 20:39:55,NORMAL,RECOVERY,BENIGN,0,0.9999962,True,BENIGN
RUN_020,2026-10-03 20:39:47,2026-10-03 20:39:56,2026-10-03 20:39:56,NORMAL,RECOVERY,BENIGN,0,0.9999951,True,BENIGN
RUN_020,2026-10-03 20:39:48,2026-10-03 20:39:57,2026-10-03 20:39:57,NORMAL,RECOVERY,BENIGN,0,0.9999943,True,BENIGN
RUN_020,2026-10-03 20:39:49,2026-10-03 20:39:58,2026-10-03 20:39:58,NORMAL,RECOVERY,BENIGN,0,0.99999654,True,BENIGN
RUN_020,2026-10-03 20:39:50,2026-10-03 20:39:59,2026-10-03 20:39:59,NORMAL,RECOVERY,BENIGN,0,0.999998,True,BENIGN
RUN_027,2026-10-03 20:52:00,2026-10-03 20:52:09,2026-10-03 20:52:09,NORMAL,NORMAL,BENIGN,0,0.9999958,True,BENIGN
RUN_027,2026-10-03 20:52:01,2026-10-03 20:52:10,2026-10-03 20:52:10,NORMAL,NORMAL,BENIGN,0,0.99999726,True,BENIGN
RUN_027,2026-10-03 20:52:02,2026-10-03 20:52:11,2026-10-03 20:52:11,NORMAL,NORMAL,BENIGN,0,0.9999981,True,BENIGN
RUN_027,2026-10-03 20:52:03,2026-10-03 20:52:12,2026-10-03 20:52:12,NORMAL,NORMAL,BENIGN,0,0.9999982,True,BENIGN
RUN_027,2026-10-03 20:52:04,2026-10-03 20:52:13,2026-10-03 20:52:13,NORMAL,NORMAL,BENIGN,0,0.99999845,True,BENIGN
RUN_027,2026-10-03 20:52:05,2026-10-03 20:52:14,2026-10-03 20:52:14,NORMAL,NORMAL,BENIGN,0,0.99999785,True,BENIGN
RUN_027,2026-10-03 20:52:06,2026-10-03 20:52:15,2026-10-03 20:52:15,NORMAL,NORMAL,BENIGN,0,0.99999774,True,BENIGN
RUN_027,2026-10-03 20:52:07,2026-10-03 20:52:16,2026-10-03 20:52:16,NORMAL,NORMAL,BENIGN,0,0.9999958,True,BENIGN
RUN_027,2026-10-03 20:52:08,2026-10-03 20:52:17,2026-10-03 20:52:17,NORMAL,NORMAL,BENIGN,0,0.9999974,True,BENIGN
RUN_027,2026-10-03 20:52:09,2026-10-03 20:52:18,2026-10-03 20:52:18,NORMAL,NORMAL,BENIGN,0,0.9999975,True,BENIGN
RUN_027,2026-10-03 20:52:10,2026-10-03 20:52:19,2026-10-03 20:52:19,NORMAL,NORMAL,BENIGN,0,0.9999969,True,BENIGN
RUN_027,2026-10-03 20:52:11,2026-10-03 20:52:20,2026-10-03 20:52:20,NORMAL,EARLY_CHANGE,BENIGN,0,0.9999958,True,BENIGN
RUN_027,2026-10-03 20:52:12,2026-10-03 20:52:21,2026-10-03 20:52:21,NORMAL,EARLY_CHANGE,BENIGN,0,0.9999937,True,BENIGN
RUN_027,2026-10-03 20:52:13,2026-10-03 20:52:22,2026-10-03 20:52:22,NORMAL,EARLY_CHANGE,BENIGN,0,0.9999927,True,BENIGN
RUN_027,2026-10-03 20:52:14,2026-10-03 20:52:23,2026-10-03 20:52:23,NORMAL,EARLY_CHANGE,BENIGN,0,0.99999475,True,BENIGN
RUN_027,2026-10-03 20:52:15,2026-10-03 20:52:24,2026-10-03 20:52:24,NORMAL,EARLY_CHANGE,BENIGN,0,0.99999595,True,BENIGN
RUN_027,2026-10-03 20:52:16,2026-10-03 20:52:25,2026-10-03 20:52:25,NORMAL,EARLY_CHANGE,BENIGN,0,0.9999976,True,BENIGN
RUN_027,2026-10-03 20:52:17,2026-10-03 20:52:26,2026-10-03 20:52:26,NORMAL,EARLY_CHANGE,BENIGN,0,0.9999981,True,BENIGN
RUN_027,2026-10-03 20:52:18,2026-10-03 20:52:27,2026-10-03 20:52:27,NORMAL,EARLY_CHANGE,BENIGN,0,0.99999833,True,BENIGN
RUN_027,2026-10-03 20:52:19,2026-10-03 20:52:28,2026-10-03 20:52:28,NORMAL,EARLY_CHANGE,BENIGN,0,0.99999857,True,BENIGN
RUN_027,2026-10-03 20:52:20,2026-10-03 20:52:29,2026-10-03 20:52:29,NORMAL,EARLY_CHANGE,BENIGN,0,0.9999987,True,BENIGN
RUN_027,2026-10-03 20:52:21,2026-10-03 20:52:30,2026-10-03 20:52:30,NORMAL,ESCALATION,BENIGN,0,0.9999987,True,BENIGN
RUN_027,2026-10-03 20:52:22,2026-10-03 20:52:31,2026-10-03 20:52:31,NORMAL,ESCALATION,BENIGN,0,0.9999987,True,BENIGN
RUN_027,2026-10-03 20:52:23,2026-10-03 20:52:32,2026-10-03 20:52:32,NORMAL,ESCALATION,BENIGN,0,0.9999987,True,BENIGN
RUN_027,2026-10-03 20:52:24,2026-10-03 20:52:33,2026-10-03 20:52:33,NORMAL,ESCALATION,BENIGN,0,0.99999845,True,BENIGN
RUN_027,2026-10-03 20:52:25,2026-10-03 20:52:34,2026-10-03 20:52:34,NORMAL,ESCALATION,BENIGN,0,0.99999833,True,BENIGN
RUN_027,2026-10-03 20:52:26,2026-10-03 20:52:35,2026-10-03 20:52:35,NORMAL,ESCALATION,BENIGN,0,0.99999857,True,BENIGN
RUN_027,2026-10-03 20:52:27,2026-10-03 20:52:36,2026-10-03 20:52:36,NORMAL,ESCALATION,BENIGN,0,0.99999833,True,BENIGN
RUN_027,2026-10-03 20:52:28,2026-10-03 20:52:37,2026-10-03 20:52:37,NORMAL,ESCALATION,BENIGN,0,0.99999833,True,BENIGN
RUN_027,2026-10-03 20:52:29,2026-10-03 20:52:38,2026-10-03 20:52:38,NORMAL,ESCALATION,BENIGN,0,0.999997,True,BENIGN
RUN_027,2026-10-03 20:52:30,2026-10-03 20:52:39,2026-10-03 20:52:39,NORMAL,ESCALATION,BENIGN,0,0.9999956,True,BENIGN
RUN_027,2026-10-03 20:52:31,2026-10-03 20:52:40,2026-10-03 20:52:40,NORMAL,ESCALATION,BENIGN,0,0.999997,True,BENIGN
RUN_027,2026-10-03 20:52:32,2026-10-03 20:52:41,2026-10-03 20:52:41,NORMAL,ESCALATION,BENIGN,0,0.9999975,True,BENIGN
RUN_027,2026-10-03 20:52:33,2026-10-03 20:52:42,2026-10-03 20:52:42,NORMAL,ESCALATION,BENIGN,0,0.99999666,True,BENIGN
RUN_027,2026-10-03 20:52:34,2026-10-03 20:52:43,2026-10-03 20:52:43,NORMAL,ESCALATION,BENIGN,0,0.999997,True,BENIGN
RUN_027,2026-10-03 20:52:35,2026-10-03 20:52:44,2026-10-03 20:52:44,NORMAL,ESCALATION,BENIGN,0,0.9999981,True,BENIGN
RUN_027,2026-10-03 20:52:36,2026-10-03 20:52:45,2026-10-03 20:52:45,NORMAL,ESCALATION,BENIGN,0,0.99999785,True,BENIGN
RUN_027,2026-10-03 20:52:37,2026-10-03 20:52:46,2026-10-03 20:52:46,NORMAL,ESCALATION,BENIGN,0,0.9999974,True,BENIGN
RUN_027,2026-10-03 20:52:38,2026-10-03 20:52:47,2026-10-03 20:52:47,NORMAL,ESCALATION,BENIGN,0,0.99999404,True,BENIGN
RUN_027,2026-10-03 20:52:39,2026-10-03 20:52:48,2026-10-03 20:52:48,NORMAL,ESCALATION,BENIGN,0,0.99998605,True,BENIGN
RUN_027,2026-10-03 20:52:40,2026-10-03 20:52:49,2026-10-03 20:52:49,NORMAL,ESCALATION,BENIGN,0,0.9999036,True,BENIGN
RUN_027,2026-10-03 20:52:41,2026-10-03 20:52:50,2026-10-03 20:52:50,NORMAL,ESCALATION,BENIGN,0,0.99999285,True,BENIGN
RUN_027,2026-10-03 20:52:42,2026-10-03 20:52:51,2026-10-03 20:52:51,NORMAL,ESCALATION,BENIGN,0,0.99998486,True,BENIGN
RUN_027,2026-10-03 20:52:43,2026-10-03 20:52:52,2026-10-03 20:52:52,NORMAL,ESCALATION,BENIGN,0,0.999997,True,BENIGN
RUN_027,2026-10-03 20:52:44,2026-10-03 20:52:53,2026-10-03 20:52:53,NORMAL,ESCALATION,BENIGN,0,0.99999833,True,BENIGN
RUN_027,2026-10-03 20:52:45,2026-10-03 20:52:54,2026-10-03 20:52:54,NORMAL,ESCALATION,BENIGN,0,0.9999981,True,BENIGN
RUN_027,2026-10-03 20:52:46,2026-10-03 20:52:55,2026-10-03 20:52:55,NORMAL,ESCALATION,BENIGN,0,0.99999833,True,BENIGN
RUN_027,2026-10-03 20:52:47,2026-10-03 20:52:56,2026-10-03 20:52:56,NORMAL,ESCALATION,BENIGN,0,0.99999857,True,BENIGN
RUN_027,2026-10-03 20:52:48,2026-10-03 20:52:57,2026-10-03 20:52:57,NORMAL,ESCALATION,BENIGN,0,0.99999857,True,BENIGN
RUN_027,2026-10-03 20:52:49,2026-10-03 20:52:58,2026-10-03 20:52:58,NORMAL,ESCALATION,BENIGN,0,0.99999857,True,BENIGN
RUN_027,2026-10-03 20:52:50,2026-10-03 20:52:59,2026-10-03 20:52:59,NORMAL,ESCALATION,BENIGN,0,0.99999857,True,BENIGN
RUN_027,2026-10-03 20:52:51,2026-10-03 20:53:00,2026-10-03 20:53:00,NORMAL,SUSTAINED,BENIGN,0,0.9999974,True,BENIGN
RUN_027,2026-10-03 20:52:52,2026-10-03 20:53:01,2026-10-03 20:53:01,NORMAL,SUSTAINED,BENIGN,0,0.9999887,True,BENIGN
RUN_027,2026-10-03 20:52:53,2026-10-03 20:53:02,2026-10-03 20:53:02,NORMAL,SUSTAINED,BENIGN,0,0.99995327,True,BENIGN
RUN_027,2026-10-03 20:52:54,2026-10-03 20:53:03,2026-10-03 20:53:03,NORMAL,SUSTAINED,BENIGN,0,0.9993475,True,BENIGN
RUN_027,2026-10-03 20:52:55,2026-10-03 20:53:04,2026-10-03 20:53:04,NORMAL,SUSTAINED,BENIGN,0,0.9759306,True,BENIGN
RUN_027,2026-10-03 20:52:56,2026-10-03 20:53:05,2026-10-03 20:53:05,NORMAL,SUSTAINED,BENIGN,0,0.6358956,True,BENIGN
RUN_027,2026-10-03 20:52:57,2026-10-03 20:53:06,2026-10-03 20:53:06,NORMAL,SUSTAINED,BENIGN,0,0.39449722,True,BENIGN
RUN_027,2026-10-03 20:52:58,2026-10-03 20:53:07,2026-10-03 20:53:07,NORMAL,SUSTAINED,BENIGN,3,0.49011558,False,SYN_FLOOD
RUN_027,2026-10-03 20:52:59,2026-10-03 20:53:08,2026-10-03 20:53:08,NORMAL,SUSTAINED,BENIGN,0,0.7591906,True,BENIGN
RUN_027,2026-10-03 20:53:00,2026-10-03 20:53:09,2026-10-03 20:53:09,NORMAL,SUSTAINED,BENIGN,1,0.64026076,False,ICMP_FLOOD
RUN_027,2026-10-03 20:53:01,2026-10-03 20:53:10,2026-10-03 20:53:10,NORMAL,SUSTAINED,BENIGN,0,0.9993212,True,BENIGN
RUN_027,2026-10-03 20:53:02,2026-10-03 20:53:11,2026-10-03 20:53:11,NORMAL,SUSTAINED,BENIGN,0,0.99967355,True,BENIGN
RUN_027,2026-10-03 20:53:03,2026-10-03 20:53:12,2026-10-03 20:53:12,NORMAL,SUSTAINED,BENIGN,0,0.99997383,True,BENIGN
RUN_027,2026-10-03 20:53:04,2026-10-03 20:53:13,2026-10-03 20:53:13,NORMAL,SUSTAINED,BENIGN,0,0.9999919,True,BENIGN
RUN_027,2026-10-03 20:53:05,2026-10-03 20:53:14,2026-10-03 20:53:14,NORMAL,SUSTAINED,BENIGN,0,0.99999654,True,BENIGN
RUN_027,2026-10-03 20:53:06,2026-10-03 20:53:15,2026-10-03 20:53:15,NORMAL,SUSTAINED,BENIGN,0,0.99999774,True,BENIGN
RUN_027,2026-10-03 20:53:07,2026-10-03 20:53:16,2026-10-03 20:53:16,NORMAL,SUSTAINED,BENIGN,0,0.999998,True,BENIGN
RUN_027,2026-10-03 20:53:08,2026-10-03 20:53:17,2026-10-03 20:53:17,NORMAL,SUSTAINED,BENIGN,0,0.9999981,True,BENIGN
RUN_027,2026-10-03 20:53:09,2026-10-03 20:53:18,2026-10-03 20:53:18,NORMAL,SUSTAINED,BENIGN,0,0.99999785,True,BENIGN
RUN_027,2026-10-03 20:53:10,2026-10-03 20:53:19,2026-10-03 20:53:19,NORMAL,SUSTAINED,BENIGN,0,0.9999976,True,BENIGN
RUN_027,2026-10-03 20:53:11,2026-10-03 20:53:20,2026-10-03 20:53:20,NORMAL,SUSTAINED,BENIGN,0,0.99999535,True,BENIGN
RUN_027,2026-10-03 20:53:12,2026-10-03 20:53:21,2026-10-03 20:53:21,NORMAL,SUSTAINED,BENIGN,0,0.9999933,True,BENIGN
RUN_027,2026-10-03 20:53:13,2026-10-03 20:53:22,2026-10-03 20:53:22,NORMAL,SUSTAINED,BENIGN,0,0.99999213,True,BENIGN
RUN_027,2026-10-03 20:53:14,2026-10-03 20:53:23,2026-10-03 20:53:23,NORMAL,SUSTAINED,BENIGN,0,0.999995,True,BENIGN
RUN_027,2026-10-03 20:53:15,2026-10-03 20:53:24,2026-10-03 20:53:24,NORMAL,SUSTAINED,BENIGN,0,0.9999962,True,BENIGN
RUN_027,2026-10-03 20:53:16,2026-10-03 20:53:25,2026-10-03 20:53:25,NORMAL,SUSTAINED,BENIGN,0,0.999997,True,BENIGN
RUN_027,2026-10-03 20:53:17,2026-10-03 20:53:26,2026-10-03 20:53:26,NORMAL,SUSTAINED,BENIGN,0,0.9999975,True,BENIGN
RUN_027,2026-10-03 20:53:18,2026-10-03 20:53:27,2026-10-03 20:53:27,NORMAL,SUSTAINED,BENIGN,0,0.9999982,True,BENIGN
RUN_027,2026-10-03 20:53:19,2026-10-03 20:53:28,2026-10-03 20:53:28,NORMAL,SUSTAINED,BENIGN,0,0.99999857,True,BENIGN
RUN_027,2026-10-03 20:53:20,2026-10-03 20:53:29,2026-10-03 20:53:29,NORMAL,SUSTAINED,BENIGN,0,0.99999857,True,BENIGN
RUN_027,2026-10-03 20:53:21,2026-10-03 20:53:30,2026-10-03 20:53:30,NORMAL,DECAY,BENIGN,0,0.9999987,True,BENIGN
RUN_027,2026-10-03 20:53:22,2026-10-03 20:53:31,2026-10-03 20:53:31,NORMAL,DECAY,BENIGN,0,0.99999857,True,BENIGN
RUN_027,2026-10-03 20:53:23,2026-10-03 20:53:32,2026-10-03 20:53:32,NORMAL,DECAY,BENIGN,0,0.9999982,True,BENIGN
RUN_027,2026-10-03 20:53:24,2026-10-03 20:53:33,2026-10-03 20:53:33,NORMAL,DECAY,BENIGN,0,0.9999982,True,BENIGN
RUN_027,2026-10-03 20:53:25,2026-10-03 20:53:34,2026-10-03 20:53:34,NORMAL,DECAY,BENIGN,0,0.9999975,True,BENIGN
RUN_027,2026-10-03 20:53:26,2026-10-03 20:53:35,2026-10-03 20:53:35,NORMAL,DECAY,BENIGN,0,0.99999774,True,BENIGN
RUN_027,2026-10-03 20:53:27,2026-10-03 20:53:36,2026-10-03 20:53:36,NORMAL,DECAY,BENIGN,0,0.999998,True,BENIGN
RUN_027,2026-10-03 20:53:28,2026-10-03 20:53:37,2026-10-03 20:53:37,NORMAL,DECAY,BENIGN,0,0.999998,True,BENIGN
RUN_027,2026-10-03 20:53:29,2026-10-03 20:53:38,2026-10-03 20:53:38,NORMAL,DECAY,BENIGN,0,0.9999981,True,BENIGN
RUN_027,2026-10-03 20:53:30,2026-10-03 20:53:39,2026-10-03 20:53:39,NORMAL,DECAY,BENIGN,0,0.99999845,True,BENIGN
RUN_027,2026-10-03 20:53:31,2026-10-03 20:53:40,2026-10-03 20:53:40,NORMAL,DECAY,BENIGN,0,0.99999845,True,BENIGN
RUN_027,2026-10-03 20:53:32,2026-10-03 20:53:41,2026-10-03 20:53:41,NORMAL,DECAY,BENIGN,0,0.9999987,True,BENIGN
RUN_027,2026-10-03 20:53:33,2026-10-03 20:53:42,2026-10-03 20:53:42,NORMAL,DECAY,BENIGN,0,0.99999857,True,BENIGN
RUN_027,2026-10-03 20:53:34,2026-10-03 20:53:43,2026-10-03 20:53:43,NORMAL,DECAY,BENIGN,0,0.99999857,True,BENIGN
RUN_027,2026-10-03 20:53:35,2026-10-03 20:53:44,2026-10-03 20:53:44,NORMAL,DECAY,BENIGN,0,0.9999987,True,BENIGN
RUN_027,2026-10-03 20:53:36,2026-10-03 20:53:45,2026-10-03 20:53:45,NORMAL,DECAY,BENIGN,0,0.99999845,True,BENIGN
RUN_027,2026-10-03 20:53:37,2026-10-03 20:53:46,2026-10-03 20:53:46,NORMAL,DECAY,BENIGN,0,0.9999982,True,BENIGN
RUN_027,2026-10-03 20:53:38,2026-10-03 20:53:47,2026-10-03 20:53:47,NORMAL,DECAY,BENIGN,0,0.9999981,True,BENIGN
RUN_027,2026-10-03 20:53:39,2026-10-03 20:53:48,2026-10-03 20:53:48,NORMAL,DECAY,BENIGN,0,0.999997,True,BENIGN
RUN_027,2026-10-03 20:53:40,2026-10-03 20:53:49,2026-10-03 20:53:49,NORMAL,DECAY,BENIGN,0,0.9999943,True,BENIGN
RUN_027,2026-10-03 20:53:41,2026-10-03 20:53:50,2026-10-03 20:53:50,NORMAL,RECOVERY,BENIGN,0,0.999997,True,BENIGN
RUN_027,2026-10-03 20:53:42,2026-10-03 20:53:51,2026-10-03 20:53:51,NORMAL,RECOVERY,BENIGN,0,0.99999547,True,BENIGN
RUN_027,2026-10-03 20:53:43,2026-10-03 20:53:52,2026-10-03 20:53:52,NORMAL,RECOVERY,BENIGN,0,0.9999974,True,BENIGN
RUN_027,2026-10-03 20:53:44,2026-10-03 20:53:53,2026-10-03 20:53:53,NORMAL,RECOVERY,BENIGN,0,0.99999774,True,BENIGN
RUN_027,2026-10-03 20:53:45,2026-10-03 20:53:54,2026-10-03 20:53:54,NORMAL,RECOVERY,BENIGN,0,0.999998,True,BENIGN
RUN_027,2026-10-03 20:53:46,2026-10-03 20:53:55,2026-10-03 20:53:55,NORMAL,RECOVERY,BENIGN,0,0.99999833,True,BENIGN
RUN_027,2026-10-03 20:53:47,2026-10-03 20:53:56,2026-10-03 20:53:56,NORMAL,RECOVERY,BENIGN,0,0.9999982,True,BENIGN
RUN_027,2026-10-03 20:53:48,2026-10-03 20:53:57,2026-10-03 20:53:57,NORMAL,RECOVERY,BENIGN,0,0.99999845,True,BENIGN
RUN_027,2026-10-03 20:53:49,2026-10-03 20:53:58,2026-10-03 20:53:58,NORMAL,RECOVERY,BENIGN,0,0.9999987,True,BENIGN
RUN_027,2026-10-03 20:53:50,2026-10-03 20:53:59,2026-10-03 20:53:59,NORMAL,RECOVERY,BENIGN,0,0.9999987,True,BENIGN
RUN_030,2026-10-03 20:58:00,2026-10-03 20:58:09,2026-10-03 20:58:09,SYN_FLOOD,NORMAL,BENIGN,3,0.993376,True,SYN_FLOOD
RUN_030,2026-10-03 20:58:01,2026-10-03 20:58:10,2026-10-03 20:58:10,SYN_FLOOD,NORMAL,SYN_FLOOD,3,0.996484,True,SYN_FLOOD
RUN_030,2026-10-03 20:58:02,2026-10-03 20:58:11,2026-10-03 20:58:11,SYN_FLOOD,NORMAL,SYN_FLOOD,3,0.9985806,True,SYN_FLOOD
RUN_030,2026-10-03 20:58:03,2026-10-03 20:58:12,2026-10-03 20:58:12,SYN_FLOOD,NORMAL,BENIGN,3,0.99917525,True,SYN_FLOOD
RUN_030,2026-10-03 20:58:04,2026-10-03 20:58:13,2026-10-03 20:58:13,SYN_FLOOD,NORMAL,BENIGN,3,0.99931407,True,SYN_FLOOD
RUN_030,2026-10-03 20:58:05,2026-10-03 20:58:14,2026-10-03 20:58:14,SYN_FLOOD,NORMAL,BENIGN,3,0.99924165,True,SYN_FLOOD
RUN_030,2026-10-03 20:58:06,2026-10-03 20:58:15,2026-10-03 20:58:15,SYN_FLOOD,NORMAL,BENIGN,3,0.99924463,True,SYN_FLOOD
RUN_030,2026-10-03 20:58:07,2026-10-03 20:58:16,2026-10-03 20:58:16,SYN_FLOOD,NORMAL,BENIGN,3,0.999185,True,SYN_FLOOD
RUN_030,2026-10-03 20:58:08,2026-10-03 20:58:17,2026-10-03 20:58:17,SYN_FLOOD,NORMAL,BENIGN,3,0.9991435,True,SYN_FLOOD
RUN_030,2026-10-03 20:58:09,2026-10-03 20:58:18,2026-10-03 20:58:18,SYN_FLOOD,NORMAL,BENIGN,3,0.9991381,True,SYN_FLOOD
RUN_030,2026-10-03 20:58:10,2026-10-03 20:58:19,2026-10-03 20:58:19,SYN_FLOOD,NORMAL,BENIGN,3,0.99914145,True,SYN_FLOOD
RUN_030,2026-10-03 20:58:11,2026-10-03 20:58:20,2026-10-03 20:58:20,SYN_FLOOD,EARLY_CHANGE,SYN_FLOOD,3,0.9991585,True,SYN_FLOOD
RUN_030,2026-10-03 20:58:12,2026-10-03 20:58:21,2026-10-03 20:58:21,SYN_FLOOD,EARLY_CHANGE,SYN_FLOOD,3,0.9987776,True,SYN_FLOOD
RUN_030,2026-10-03 20:58:13,2026-10-03 20:58:22,2026-10-03 20:58:22,SYN_FLOOD,EARLY_CHANGE,BENIGN,3,0.9968458,True,SYN_FLOOD
RUN_030,2026-10-03 20:58:14,2026-10-03 20:58:23,2026-10-03 20:58:23,SYN_FLOOD,EARLY_CHANGE,BENIGN,3,0.995122,True,SYN_FLOOD
RUN_030,2026-10-03 20:58:15,2026-10-03 20:58:24,2026-10-03 20:58:24,SYN_FLOOD,EARLY_CHANGE,BENIGN,3,0.9981725,True,SYN_FLOOD
RUN_030,2026-10-03 20:58:16,2026-10-03 20:58:25,2026-10-03 20:58:25,SYN_FLOOD,EARLY_CHANGE,BENIGN,3,0.998624,True,SYN_FLOOD
RUN_030,2026-10-03 20:58:17,2026-10-03 20:58:26,2026-10-03 20:58:26,SYN_FLOOD,EARLY_CHANGE,BENIGN,3,0.99949694,True,SYN_FLOOD
RUN_030,2026-10-03 20:58:18,2026-10-03 20:58:27,2026-10-03 20:58:27,SYN_FLOOD,EARLY_CHANGE,BENIGN,3,0.99966127,True,SYN_FLOOD
RUN_030,2026-10-03 20:58:19,2026-10-03 20:58:28,2026-10-03 20:58:28,SYN_FLOOD,EARLY_CHANGE,BENIGN,3,0.9997861,True,SYN_FLOOD
RUN_030,2026-10-03 20:58:20,2026-10-03 20:58:29,2026-10-03 20:58:29,SYN_FLOOD,EARLY_CHANGE,BENIGN,3,0.99981606,True,SYN_FLOOD
RUN_030,2026-10-03 20:58:21,2026-10-03 20:58:30,2026-10-03 20:58:30,SYN_FLOOD,ESCALATION,BENIGN,3,0.99983567,True,SYN_FLOOD
RUN_030,2026-10-03 20:58:22,2026-10-03 20:58:31,2026-10-03 20:58:31,SYN_FLOOD,ESCALATION,BENIGN,3,0.99986166,True,SYN_FLOOD
RUN_030,2026-10-03 20:58:23,2026-10-03 20:58:32,2026-10-03 20:58:32,SYN_FLOOD,ESCALATION,BENIGN,3,0.99980974,True,SYN_FLOOD
RUN_030,2026-10-03 20:58:24,2026-10-03 20:58:33,2026-10-03 20:58:33,SYN_FLOOD,ESCALATION,BENIGN,3,0.9998281,True,SYN_FLOOD
RUN_030,2026-10-03 20:58:25,2026-10-03 20:58:34,2026-10-03 20:58:34,SYN_FLOOD,ESCALATION,BENIGN,3,0.9995731,True,SYN_FLOOD
RUN_030,2026-10-03 20:58:26,2026-10-03 20:58:35,2026-10-03 20:58:35,SYN_FLOOD,ESCALATION,BENIGN,3,0.9997573,True,SYN_FLOOD
RUN_030,2026-10-03 20:58:27,2026-10-03 20:58:36,2026-10-03 20:58:36,SYN_FLOOD,ESCALATION,BENIGN,3,0.999595,True,SYN_FLOOD
RUN_030,2026-10-03 20:58:28,2026-10-03 20:58:37,2026-10-03 20:58:37,SYN_FLOOD,ESCALATION,BENIGN,3,0.9996382,True,SYN_FLOOD
RUN_030,2026-10-03 20:58:29,2026-10-03 20:58:38,2026-10-03 20:58:38,SYN_FLOOD,ESCALATION,BENIGN,3,0.99971217,True,SYN_FLOOD
RUN_030,2026-10-03 20:58:30,2026-10-03 20:58:39,2026-10-03 20:58:39,SYN_FLOOD,ESCALATION,BENIGN,3,0.6726025,True,SYN_FLOOD
RUN_030,2026-10-03 20:58:31,2026-10-03 20:58:40,2026-10-03 20:58:40,SYN_FLOOD,ESCALATION,BENIGN,3,0.9965133,True,SYN_FLOOD
RUN_030,2026-10-03 20:58:32,2026-10-03 20:58:41,2026-10-03 20:58:41,SYN_FLOOD,ESCALATION,BENIGN,3,0.998002,True,SYN_FLOOD
RUN_030,2026-10-03 20:58:33,2026-10-03 20:58:42,2026-10-03 20:58:42,SYN_FLOOD,ESCALATION,BENIGN,3,0.9995974,True,SYN_FLOOD
RUN_030,2026-10-03 20:58:34,2026-10-03 20:58:43,2026-10-03 20:58:43,SYN_FLOOD,ESCALATION,BENIGN,3,0.999724,True,SYN_FLOOD
RUN_030,2026-10-03 20:58:35,2026-10-03 20:58:44,2026-10-03 20:58:44,SYN_FLOOD,ESCALATION,BENIGN,3,0.9998127,True,SYN_FLOOD
RUN_030,2026-10-03 20:58:36,2026-10-03 20:58:45,2026-10-03 20:58:45,SYN_FLOOD,ESCALATION,SYN_FLOOD,3,0.9998262,True,SYN_FLOOD
RUN_030,2026-10-03 20:58:37,2026-10-03 20:58:46,2026-10-03 20:58:46,SYN_FLOOD,ESCALATION,SYN_FLOOD,3,0.99985045,True,SYN_FLOOD
RUN_030,2026-10-03 20:58:38,2026-10-03 20:58:47,2026-10-03 20:58:47,SYN_FLOOD,ESCALATION,BENIGN,3,0.99986225,True,SYN_FLOOD
RUN_030,2026-10-03 20:58:39,2026-10-03 20:58:48,2026-10-03 20:58:48,SYN_FLOOD,ESCALATION,BENIGN,3,0.99985284,True,SYN_FLOOD
RUN_030,2026-10-03 20:58:40,2026-10-03 20:58:49,2026-10-03 20:58:49,SYN_FLOOD,ESCALATION,SYN_FLOOD,3,0.99987316,True,SYN_FLOOD
RUN_030,2026-10-03 20:58:41,2026-10-03 20:58:50,2026-10-03 20:58:50,SYN_FLOOD,ESCALATION,SYN_FLOOD,3,0.9998352,True,SYN_FLOOD
RUN_030,2026-10-03 20:58:42,2026-10-03 20:58:51,2026-10-03 20:58:51,SYN_FLOOD,ESCALATION,SYN_FLOOD,3,0.99986374,True,SYN_FLOOD
RUN_030,2026-10-03 20:58:43,2026-10-03 20:58:52,2026-10-03 20:58:52,SYN_FLOOD,ESCALATION,BENIGN,3,0.9998658,True,SYN_FLOOD
RUN_030,2026-10-03 20:58:44,2026-10-03 20:58:53,2026-10-03 20:58:53,SYN_FLOOD,ESCALATION,BENIGN,3,0.9998973,True,SYN_FLOOD
RUN_030,2026-10-03 20:58:45,2026-10-03 20:58:54,2026-10-03 20:58:54,SYN_FLOOD,ESCALATION,BENIGN,3,0.99987805,True,SYN_FLOOD
RUN_030,2026-10-03 20:58:46,2026-10-03 20:58:55,2026-10-03 20:58:55,SYN_FLOOD,ESCALATION,SYN_FLOOD,3,0.99990016,True,SYN_FLOOD
RUN_030,2026-10-03 20:58:47,2026-10-03 20:58:56,2026-10-03 20:58:56,SYN_FLOOD,ESCALATION,SYN_FLOOD,3,0.9998834,True,SYN_FLOOD
RUN_030,2026-10-03 20:58:48,2026-10-03 20:58:57,2026-10-03 20:58:57,SYN_FLOOD,ESCALATION,SYN_FLOOD,3,0.9998729,True,SYN_FLOOD
RUN_030,2026-10-03 20:58:49,2026-10-03 20:58:58,2026-10-03 20:58:58,SYN_FLOOD,ESCALATION,BENIGN,3,0.99989235,True,SYN_FLOOD
RUN_030,2026-10-03 20:58:50,2026-10-03 20:58:59,2026-10-03 20:58:59,SYN_FLOOD,ESCALATION,SYN_FLOOD,3,0.9998864,True,SYN_FLOOD
RUN_030,2026-10-03 20:58:51,2026-10-03 20:59:00,2026-10-03 20:59:00,SYN_FLOOD,SUSTAINED,SYN_FLOOD,3,0.9998691,True,SYN_FLOOD
RUN_030,2026-10-03 20:58:52,2026-10-03 20:59:01,2026-10-03 20:59:01,SYN_FLOOD,SUSTAINED,SYN_FLOOD,3,0.99987864,True,SYN_FLOOD
RUN_030,2026-10-03 20:58:53,2026-10-03 20:59:02,2026-10-03 20:59:02,SYN_FLOOD,SUSTAINED,SYN_FLOOD,3,0.9998859,True,SYN_FLOOD
RUN_030,2026-10-03 20:58:54,2026-10-03 20:59:03,2026-10-03 20:59:03,SYN_FLOOD,SUSTAINED,SYN_FLOOD,3,0.9998353,True,SYN_FLOOD
RUN_030,2026-10-03 20:58:55,2026-10-03 20:59:04,2026-10-03 20:59:04,SYN_FLOOD,SUSTAINED,SYN_FLOOD,3,0.9998753,True,SYN_FLOOD
RUN_030,2026-10-03 20:58:56,2026-10-03 20:59:05,2026-10-03 20:59:05,SYN_FLOOD,SUSTAINED,SYN_FLOOD,3,0.9998702,True,SYN_FLOOD
RUN_030,2026-10-03 20:58:57,2026-10-03 20:59:06,2026-10-03 20:59:06,SYN_FLOOD,SUSTAINED,BENIGN,3,0.99989444,True,SYN_FLOOD
RUN_030,2026-10-03 20:58:58,2026-10-03 20:59:07,2026-10-03 20:59:07,SYN_FLOOD,SUSTAINED,BENIGN,3,0.999863,True,SYN_FLOOD
RUN_030,2026-10-03 20:58:59,2026-10-03 20:59:08,2026-10-03 20:59:08,SYN_FLOOD,SUSTAINED,BENIGN,3,0.9998652,True,SYN_FLOOD
RUN_030,2026-10-03 20:59:00,2026-10-03 20:59:09,2026-10-03 20:59:09,SYN_FLOOD,SUSTAINED,BENIGN,3,0.99987125,True,SYN_FLOOD
RUN_030,2026-10-03 20:59:01,2026-10-03 20:59:10,2026-10-03 20:59:10,SYN_FLOOD,SUSTAINED,SYN_FLOOD,3,0.99988604,True,SYN_FLOOD
RUN_030,2026-10-03 20:59:02,2026-10-03 20:59:11,2026-10-03 20:59:11,SYN_FLOOD,SUSTAINED,SYN_FLOOD,3,0.9998967,True,SYN_FLOOD
RUN_030,2026-10-03 20:59:03,2026-10-03 20:59:12,2026-10-03 20:59:12,SYN_FLOOD,SUSTAINED,SYN_FLOOD,3,0.99990934,True,SYN_FLOOD
RUN_030,2026-10-03 20:59:04,2026-10-03 20:59:13,2026-10-03 20:59:13,SYN_FLOOD,SUSTAINED,SYN_FLOOD,3,0.99990374,True,SYN_FLOOD
RUN_030,2026-10-03 20:59:05,2026-10-03 20:59:14,2026-10-03 20:59:14,SYN_FLOOD,SUSTAINED,SYN_FLOOD,3,0.9999086,True,SYN_FLOOD
RUN_030,2026-10-03 20:59:06,2026-10-03 20:59:15,2026-10-03 20:59:15,SYN_FLOOD,SUSTAINED,BENIGN,3,0.9999065,True,SYN_FLOOD
RUN_030,2026-10-03 20:59:07,2026-10-03 20:59:16,2026-10-03 20:59:16,SYN_FLOOD,SUSTAINED,BENIGN,3,0.9998999,True,SYN_FLOOD
RUN_030,2026-10-03 20:59:08,2026-10-03 20:59:17,2026-10-03 20:59:17,SYN_FLOOD,SUSTAINED,BENIGN,3,0.99989384,True,SYN_FLOOD
RUN_030,2026-10-03 20:59:09,2026-10-03 20:59:18,2026-10-03 20:59:18,SYN_FLOOD,SUSTAINED,BENIGN,3,0.9999029,True,SYN_FLOOD
RUN_030,2026-10-03 20:59:10,2026-10-03 20:59:19,2026-10-03 20:59:19,SYN_FLOOD,SUSTAINED,BENIGN,3,0.99990314,True,SYN_FLOOD
RUN_030,2026-10-03 20:59:11,2026-10-03 20:59:20,2026-10-03 20:59:20,SYN_FLOOD,SUSTAINED,BENIGN,3,0.9999133,True,SYN_FLOOD
RUN_030,2026-10-03 20:59:12,2026-10-03 20:59:21,2026-10-03 20:59:21,SYN_FLOOD,SUSTAINED,BENIGN,3,0.9999129,True,SYN_FLOOD
RUN_030,2026-10-03 20:59:13,2026-10-03 20:59:22,2026-10-03 20:59:22,SYN_FLOOD,SUSTAINED,BENIGN,3,0.9999108,True,SYN_FLOOD
RUN_030,2026-10-03 20:59:14,2026-10-03 20:59:23,2026-10-03 20:59:23,SYN_FLOOD,SUSTAINED,BENIGN,3,0.9999098,True,SYN_FLOOD
RUN_030,2026-10-03 20:59:15,2026-10-03 20:59:24,2026-10-03 20:59:24,SYN_FLOOD,SUSTAINED,BENIGN,3,0.9999003,True,SYN_FLOOD
RUN_030,2026-10-03 20:59:16,2026-10-03 20:59:25,2026-10-03 20:59:25,SYN_FLOOD,SUSTAINED,BENIGN,3,0.9999055,True,SYN_FLOOD
RUN_030,2026-10-03 20:59:17,2026-10-03 20:59:26,2026-10-03 20:59:26,SYN_FLOOD,SUSTAINED,BENIGN,3,0.99987805,True,SYN_FLOOD
RUN_030,2026-10-03 20:59:18,2026-10-03 20:59:27,2026-10-03 20:59:27,SYN_FLOOD,SUSTAINED,BENIGN,3,0.99987495,True,SYN_FLOOD
RUN_030,2026-10-03 20:59:19,2026-10-03 20:59:28,2026-10-03 20:59:28,SYN_FLOOD,SUSTAINED,BENIGN,3,0.99985546,True,SYN_FLOOD
RUN_030,2026-10-03 20:59:20,2026-10-03 20:59:29,2026-10-03 20:59:29,SYN_FLOOD,SUSTAINED,BENIGN,3,0.99985915,True,SYN_FLOOD
RUN_030,2026-10-03 20:59:21,2026-10-03 20:59:30,2026-10-03 20:59:30,SYN_FLOOD,DECAY,BENIGN,3,0.9998942,True,SYN_FLOOD
RUN_030,2026-10-03 20:59:22,2026-10-03 20:59:31,2026-10-03 20:59:31,SYN_FLOOD,DECAY,SYN_FLOOD,3,0.9998647,True,SYN_FLOOD
RUN_030,2026-10-03 20:59:23,2026-10-03 20:59:32,2026-10-03 20:59:32,SYN_FLOOD,DECAY,SYN_FLOOD,3,0.99991304,True,SYN_FLOOD
RUN_030,2026-10-03 20:59:24,2026-10-03 20:59:33,2026-10-03 20:59:33,SYN_FLOOD,DECAY,SYN_FLOOD,3,0.9999115,True,SYN_FLOOD
RUN_030,2026-10-03 20:59:25,2026-10-03 20:59:34,2026-10-03 20:59:34,SYN_FLOOD,DECAY,SYN_FLOOD,3,0.99991435,True,SYN_FLOOD
RUN_030,2026-10-03 20:59:26,2026-10-03 20:59:35,2026-10-03 20:59:35,SYN_FLOOD,DECAY,SYN_FLOOD,3,0.99991065,True,SYN_FLOOD
RUN_030,2026-10-03 20:59:27,2026-10-03 20:59:36,2026-10-03 20:59:36,SYN_FLOOD,DECAY,SYN_FLOOD,3,0.9999091,True,SYN_FLOOD
RUN_030,2026-10-03 20:59:28,2026-10-03 20:59:37,2026-10-03 20:59:37,SYN_FLOOD,DECAY,BENIGN,3,0.9999053,True,SYN_FLOOD
RUN_030,2026-10-03 20:59:29,2026-10-03 20:59:38,2026-10-03 20:59:38,SYN_FLOOD,DECAY,SYN_FLOOD,3,0.9999084,True,SYN_FLOOD
RUN_030,2026-10-03 20:59:30,2026-10-03 20:59:39,2026-10-03 20:59:39,SYN_FLOOD,DECAY,SYN_FLOOD,3,0.99990433,True,SYN_FLOOD
RUN_030,2026-10-03 20:59:31,2026-10-03 20:59:40,2026-10-03 20:59:40,SYN_FLOOD,DECAY,SYN_FLOOD,3,0.9999029,True,SYN_FLOOD
RUN_030,2026-10-03 20:59:32,2026-10-03 20:59:41,2026-10-03 20:59:41,SYN_FLOOD,DECAY,SYN_FLOOD,3,0.999906,True,SYN_FLOOD
RUN_030,2026-10-03 20:59:33,2026-10-03 20:59:42,2026-10-03 20:59:42,SYN_FLOOD,DECAY,SYN_FLOOD,3,0.999906,True,SYN_FLOOD
RUN_030,2026-10-03 20:59:34,2026-10-03 20:59:43,2026-10-03 20:59:43,SYN_FLOOD,DECAY,BENIGN,3,0.9999059,True,SYN_FLOOD
RUN_030,2026-10-03 20:59:35,2026-10-03 20:59:44,2026-10-03 20:59:44,SYN_FLOOD,DECAY,BENIGN,3,0.99990684,True,SYN_FLOOD
RUN_030,2026-10-03 20:59:36,2026-10-03 20:59:45,2026-10-03 20:59:45,SYN_FLOOD,DECAY,BENIGN,3,0.99990493,True,SYN_FLOOD
RUN_030,2026-10-03 20:59:37,2026-10-03 20:59:46,2026-10-03 20:59:46,SYN_FLOOD,DECAY,BENIGN,3,0.99990445,True,SYN_FLOOD
RUN_030,2026-10-03 20:59:38,2026-10-03 20:59:47,2026-10-03 20:59:47,SYN_FLOOD,DECAY,BENIGN,3,0.99989444,True,SYN_FLOOD
RUN_030,2026-10-03 20:59:39,2026-10-03 20:59:48,2026-10-03 20:59:48,SYN_FLOOD,DECAY,BENIGN,3,0.9998872,True,SYN_FLOOD
RUN_030,2026-10-03 20:59:40,2026-10-03 20:59:49,2026-10-03 20:59:49,SYN_FLOOD,DECAY,BENIGN,3,0.99988294,True,SYN_FLOOD
RUN_030,2026-10-03 20:59:41,2026-10-03 20:59:50,2026-10-03 20:59:50,SYN_FLOOD,RECOVERY,BENIGN,3,0.99988055,True,SYN_FLOOD
RUN_030,2026-10-03 20:59:42,2026-10-03 20:59:51,2026-10-03 20:59:51,SYN_FLOOD,RECOVERY,BENIGN,3,0.99986947,True,SYN_FLOOD
RUN_030,2026-10-03 20:59:43,2026-10-03 20:59:52,2026-10-03 20:59:52,SYN_FLOOD,RECOVERY,SYN_FLOOD,3,0.9998558,True,SYN_FLOOD
RUN_030,2026-10-03 20:59:44,2026-10-03 20:59:53,2026-10-03 20:59:53,SYN_FLOOD,RECOVERY,SYN_FLOOD,3,0.99982333,True,SYN_FLOOD
RUN_030,2026-10-03 20:59:45,2026-10-03 20:59:54,2026-10-03 20:59:54,SYN_FLOOD,RECOVERY,BENIGN,3,0.99980026,True,SYN_FLOOD
RUN_030,2026-10-03 20:59:46,2026-10-03 20:59:55,2026-10-03 20:59:55,SYN_FLOOD,RECOVERY,BENIGN,3,0.9997867,True,SYN_FLOOD
RUN_030,2026-10-03 20:59:47,2026-10-03 20:59:56,2026-10-03 20:59:56,SYN_FLOOD,RECOVERY,BENIGN,3,0.9996763,True,SYN_FLOOD
RUN_030,2026-10-03 20:59:48,2026-10-03 20:59:57,2026-10-03 20:59:57,SYN_FLOOD,RECOVERY,BENIGN,3,0.9996788,True,SYN_FLOOD
RUN_030,2026-10-03 20:59:49,2026-10-03 20:59:58,2026-10-03 20:59:58,SYN_FLOOD,RECOVERY,BENIGN,3,0.9997082,True,SYN_FLOOD
RUN_030,2026-10-03 20:59:50,2026-10-03 20:59:59,2026-10-03 20:59:59,SYN_FLOOD,RECOVERY,BENIGN,3,0.99958915,True,SYN_FLOOD
RUN_031,2026-10-03 21:00:00,2026-10-03 21:00:09,2026-10-03 21:00:09,NORMAL,NORMAL,BENIGN,0,0.99999714,True,BENIGN
RUN_031,2026-10-03 21:00:01,2026-10-03 21:00:10,2026-10-03 21:00:10,NORMAL,NORMAL,BENIGN,0,0.9999974,True,BENIGN
RUN_031,2026-10-03 21:00:02,2026-10-03 21:00:11,2026-10-03 21:00:11,NORMAL,NORMAL,BENIGN,0,0.99999344,True,BENIGN
RUN_031,2026-10-03 21:00:03,2026-10-03 21:00:12,2026-10-03 21:00:12,NORMAL,NORMAL,BENIGN,0,0.9999957,True,BENIGN
RUN_031,2026-10-03 21:00:04,2026-10-03 21:00:13,2026-10-03 21:00:13,NORMAL,NORMAL,BENIGN,0,0.9999963,True,BENIGN
RUN_031,2026-10-03 21:00:05,2026-10-03 21:00:14,2026-10-03 21:00:14,NORMAL,NORMAL,BENIGN,0,0.9999956,True,BENIGN
RUN_031,2026-10-03 21:00:06,2026-10-03 21:00:15,2026-10-03 21:00:15,NORMAL,NORMAL,BENIGN,0,0.99999654,True,BENIGN
RUN_031,2026-10-03 21:00:07,2026-10-03 21:00:16,2026-10-03 21:00:16,NORMAL,NORMAL,BENIGN,0,0.9999976,True,BENIGN
RUN_031,2026-10-03 21:00:08,2026-10-03 21:00:17,2026-10-03 21:00:17,NORMAL,NORMAL,BENIGN,0,0.999998,True,BENIGN
RUN_031,2026-10-03 21:00:09,2026-10-03 21:00:18,2026-10-03 21:00:18,NORMAL,NORMAL,BENIGN,0,0.99999845,True,BENIGN
RUN_031,2026-10-03 21:00:10,2026-10-03 21:00:19,2026-10-03 21:00:19,NORMAL,NORMAL,BENIGN,0,0.9999982,True,BENIGN
RUN_031,2026-10-03 21:00:11,2026-10-03 21:00:20,2026-10-03 21:00:20,NORMAL,EARLY_CHANGE,BENIGN,0,0.9999982,True,BENIGN
RUN_031,2026-10-03 21:00:12,2026-10-03 21:00:21,2026-10-03 21:00:21,NORMAL,EARLY_CHANGE,BENIGN,0,0.99999857,True,BENIGN
RUN_031,2026-10-03 21:00:13,2026-10-03 21:00:22,2026-10-03 21:00:22,NORMAL,EARLY_CHANGE,BENIGN,0,0.999998,True,BENIGN
RUN_031,2026-10-03 21:00:14,2026-10-03 21:00:23,2026-10-03 21:00:23,NORMAL,EARLY_CHANGE,BENIGN,0,0.99999833,True,BENIGN
RUN_031,2026-10-03 21:00:15,2026-10-03 21:00:24,2026-10-03 21:00:24,NORMAL,EARLY_CHANGE,BENIGN,0,0.99999833,True,BENIGN
RUN_031,2026-10-03 21:00:16,2026-10-03 21:00:25,2026-10-03 21:00:25,NORMAL,EARLY_CHANGE,BENIGN,0,0.99999833,True,BENIGN
RUN_031,2026-10-03 21:00:17,2026-10-03 21:00:26,2026-10-03 21:00:26,NORMAL,EARLY_CHANGE,BENIGN,0,0.9999976,True,BENIGN
RUN_031,2026-10-03 21:00:18,2026-10-03 21:00:27,2026-10-03 21:00:27,NORMAL,EARLY_CHANGE,BENIGN,0,0.99999666,True,BENIGN
RUN_031,2026-10-03 21:00:19,2026-10-03 21:00:28,2026-10-03 21:00:28,NORMAL,EARLY_CHANGE,BENIGN,0,0.9999976,True,BENIGN
RUN_031,2026-10-03 21:00:20,2026-10-03 21:00:29,2026-10-03 21:00:29,NORMAL,EARLY_CHANGE,BENIGN,0,0.9999982,True,BENIGN
RUN_031,2026-10-03 21:00:21,2026-10-03 21:00:30,2026-10-03 21:00:30,NORMAL,ESCALATION,BENIGN,0,0.9999982,True,BENIGN
RUN_031,2026-10-03 21:00:22,2026-10-03 21:00:31,2026-10-03 21:00:31,NORMAL,ESCALATION,BENIGN,0,0.99999845,True,BENIGN
RUN_031,2026-10-03 21:00:23,2026-10-03 21:00:32,2026-10-03 21:00:32,NORMAL,ESCALATION,BENIGN,0,0.99999833,True,BENIGN
RUN_031,2026-10-03 21:00:24,2026-10-03 21:00:33,2026-10-03 21:00:33,NORMAL,ESCALATION,BENIGN,0,0.999998,True,BENIGN
RUN_031,2026-10-03 21:00:25,2026-10-03 21:00:34,2026-10-03 21:00:34,NORMAL,ESCALATION,BENIGN,0,0.9999982,True,BENIGN
RUN_031,2026-10-03 21:00:26,2026-10-03 21:00:35,2026-10-03 21:00:35,NORMAL,ESCALATION,BENIGN,0,0.99999774,True,BENIGN
RUN_031,2026-10-03 21:00:27,2026-10-03 21:00:36,2026-10-03 21:00:36,NORMAL,ESCALATION,BENIGN,0,0.999998,True,BENIGN
RUN_031,2026-10-03 21:00:28,2026-10-03 21:00:37,2026-10-03 21:00:37,NORMAL,ESCALATION,BENIGN,0,0.999998,True,BENIGN
RUN_031,2026-10-03 21:00:29,2026-10-03 21:00:38,2026-10-03 21:00:38,NORMAL,ESCALATION,BENIGN,0,0.99999225,True,BENIGN
RUN_031,2026-10-03 21:00:30,2026-10-03 21:00:39,2026-10-03 21:00:39,NORMAL,ESCALATION,BENIGN,0,0.99999356,True,BENIGN
RUN_031,2026-10-03 21:00:31,2026-10-03 21:00:40,2026-10-03 21:00:40,NORMAL,ESCALATION,BENIGN,0,0.99999714,True,BENIGN
RUN_031,2026-10-03 21:00:32,2026-10-03 21:00:41,2026-10-03 21:00:41,NORMAL,ESCALATION,BENIGN,0,0.9999982,True,BENIGN
RUN_031,2026-10-03 21:00:33,2026-10-03 21:00:42,2026-10-03 21:00:42,NORMAL,ESCALATION,BENIGN,0,0.99999857,True,BENIGN
RUN_031,2026-10-03 21:00:34,2026-10-03 21:00:43,2026-10-03 21:00:43,NORMAL,ESCALATION,BENIGN,0,0.9999987,True,BENIGN
RUN_031,2026-10-03 21:00:35,2026-10-03 21:00:44,2026-10-03 21:00:44,NORMAL,ESCALATION,BENIGN,0,0.99999857,True,BENIGN
RUN_031,2026-10-03 21:00:36,2026-10-03 21:00:45,2026-10-03 21:00:45,NORMAL,ESCALATION,BENIGN,0,0.9999987,True,BENIGN
RUN_031,2026-10-03 21:00:37,2026-10-03 21:00:46,2026-10-03 21:00:46,NORMAL,ESCALATION,BENIGN,0,0.9999987,True,BENIGN
RUN_031,2026-10-03 21:00:38,2026-10-03 21:00:47,2026-10-03 21:00:47,NORMAL,ESCALATION,BENIGN,0,0.9999988,True,BENIGN
RUN_031,2026-10-03 21:00:39,2026-10-03 21:00:48,2026-10-03 21:00:48,NORMAL,ESCALATION,BENIGN,0,0.9999987,True,BENIGN
RUN_031,2026-10-03 21:00:40,2026-10-03 21:00:49,2026-10-03 21:00:49,NORMAL,ESCALATION,BENIGN,0,0.99999857,True,BENIGN
RUN_031,2026-10-03 21:00:41,2026-10-03 21:00:50,2026-10-03 21:00:50,NORMAL,ESCALATION,BENIGN,0,0.99999857,True,BENIGN
RUN_031,2026-10-03 21:00:42,2026-10-03 21:00:51,2026-10-03 21:00:51,NORMAL,ESCALATION,BENIGN,0,0.99999857,True,BENIGN
RUN_031,2026-10-03 21:00:43,2026-10-03 21:00:52,2026-10-03 21:00:52,NORMAL,ESCALATION,BENIGN,0,0.9999981,True,BENIGN
RUN_031,2026-10-03 21:00:44,2026-10-03 21:00:53,2026-10-03 21:00:53,NORMAL,ESCALATION,BENIGN,0,0.99999857,True,BENIGN
RUN_031,2026-10-03 21:00:45,2026-10-03 21:00:54,2026-10-03 21:00:54,NORMAL,ESCALATION,BENIGN,0,0.99999857,True,BENIGN
RUN_031,2026-10-03 21:00:46,2026-10-03 21:00:55,2026-10-03 21:00:55,NORMAL,ESCALATION,BENIGN,0,0.9999987,True,BENIGN
RUN_031,2026-10-03 21:00:47,2026-10-03 21:00:56,2026-10-03 21:00:56,NORMAL,ESCALATION,BENIGN,0,0.9999987,True,BENIGN
RUN_031,2026-10-03 21:00:48,2026-10-03 21:00:57,2026-10-03 21:00:57,NORMAL,ESCALATION,BENIGN,0,0.99999857,True,BENIGN
RUN_031,2026-10-03 21:00:49,2026-10-03 21:00:58,2026-10-03 21:00:58,NORMAL,ESCALATION,BENIGN,0,0.99999857,True,BENIGN
RUN_031,2026-10-03 21:00:50,2026-10-03 21:00:59,2026-10-03 21:00:59,NORMAL,ESCALATION,BENIGN,0,0.99999857,True,BENIGN
RUN_031,2026-10-03 21:00:51,2026-10-03 21:01:00,2026-10-03 21:01:00,NORMAL,SUSTAINED,BENIGN,0,0.9999982,True,BENIGN
RUN_031,2026-10-03 21:00:52,2026-10-03 21:01:01,2026-10-03 21:01:01,NORMAL,SUSTAINED,BENIGN,0,0.9999981,True,BENIGN
RUN_031,2026-10-03 21:00:53,2026-10-03 21:01:02,2026-10-03 21:01:02,NORMAL,SUSTAINED,BENIGN,0,0.99999523,True,BENIGN
RUN_031,2026-10-03 21:00:54,2026-10-03 21:01:03,2026-10-03 21:01:03,NORMAL,SUSTAINED,BENIGN,0,0.99999774,True,BENIGN
RUN_031,2026-10-03 21:00:55,2026-10-03 21:01:04,2026-10-03 21:01:04,NORMAL,SUSTAINED,BENIGN,0,0.99999774,True,BENIGN
RUN_031,2026-10-03 21:00:56,2026-10-03 21:01:05,2026-10-03 21:01:05,NORMAL,SUSTAINED,BENIGN,0,0.9999981,True,BENIGN
RUN_031,2026-10-03 21:00:57,2026-10-03 21:01:06,2026-10-03 21:01:06,NORMAL,SUSTAINED,BENIGN,0,0.9999981,True,BENIGN
RUN_031,2026-10-03 21:00:58,2026-10-03 21:01:07,2026-10-03 21:01:07,NORMAL,SUSTAINED,BENIGN,0,0.99999785,True,BENIGN
RUN_031,2026-10-03 21:00:59,2026-10-03 21:01:08,2026-10-03 21:01:08,NORMAL,SUSTAINED,BENIGN,0,0.9999958,True,BENIGN
RUN_031,2026-10-03 21:01:00,2026-10-03 21:01:09,2026-10-03 21:01:09,NORMAL,SUSTAINED,BENIGN,0,0.9999908,True,BENIGN
RUN_031,2026-10-03 21:01:01,2026-10-03 21:01:10,2026-10-03 21:01:10,NORMAL,SUSTAINED,BENIGN,0,0.99997383,True,BENIGN
RUN_031,2026-10-03 21:01:02,2026-10-03 21:01:11,2026-10-03 21:01:11,NORMAL,SUSTAINED,BENIGN,0,0.9999876,True,BENIGN
RUN_031,2026-10-03 21:01:03,2026-10-03 21:01:12,2026-10-03 21:01:12,NORMAL,SUSTAINED,BENIGN,0,0.999983,True,BENIGN
RUN_031,2026-10-03 21:01:04,2026-10-03 21:01:13,2026-10-03 21:01:13,NORMAL,SUSTAINED,BENIGN,0,0.9999717,True,BENIGN
RUN_031,2026-10-03 21:01:05,2026-10-03 21:01:14,2026-10-03 21:01:14,NORMAL,SUSTAINED,BENIGN,0,0.99993646,True,BENIGN
RUN_031,2026-10-03 21:01:06,2026-10-03 21:01:15,2026-10-03 21:01:15,NORMAL,SUSTAINED,BENIGN,0,0.99996537,True,BENIGN
RUN_031,2026-10-03 21:01:07,2026-10-03 21:01:16,2026-10-03 21:01:16,NORMAL,SUSTAINED,BENIGN,0,0.99995077,True,BENIGN
RUN_031,2026-10-03 21:01:08,2026-10-03 21:01:17,2026-10-03 21:01:17,NORMAL,SUSTAINED,BENIGN,0,0.9999927,True,BENIGN
RUN_031,2026-10-03 21:01:09,2026-10-03 21:01:18,2026-10-03 21:01:18,NORMAL,SUSTAINED,BENIGN,0,0.9999957,True,BENIGN
RUN_031,2026-10-03 21:01:10,2026-10-03 21:01:19,2026-10-03 21:01:19,NORMAL,SUSTAINED,BENIGN,0,0.99999785,True,BENIGN
RUN_031,2026-10-03 21:01:11,2026-10-03 21:01:20,2026-10-03 21:01:20,NORMAL,SUSTAINED,BENIGN,0,0.9999982,True,BENIGN
RUN_031,2026-10-03 21:01:12,2026-10-03 21:01:21,2026-10-03 21:01:21,NORMAL,SUSTAINED,BENIGN,0,0.99999833,True,BENIGN
RUN_031,2026-10-03 21:01:13,2026-10-03 21:01:22,2026-10-03 21:01:22,NORMAL,SUSTAINED,BENIGN,0,0.99999857,True,BENIGN
RUN_031,2026-10-03 21:01:14,2026-10-03 21:01:23,2026-10-03 21:01:23,NORMAL,SUSTAINED,BENIGN,0,0.99999845,True,BENIGN
RUN_031,2026-10-03 21:01:15,2026-10-03 21:01:24,2026-10-03 21:01:24,NORMAL,SUSTAINED,BENIGN,0,0.9999982,True,BENIGN
RUN_031,2026-10-03 21:01:16,2026-10-03 21:01:25,2026-10-03 21:01:25,NORMAL,SUSTAINED,BENIGN,0,0.99999833,True,BENIGN
RUN_031,2026-10-03 21:01:17,2026-10-03 21:01:26,2026-10-03 21:01:26,NORMAL,SUSTAINED,BENIGN,0,0.99999857,True,BENIGN
RUN_031,2026-10-03 21:01:18,2026-10-03 21:01:27,2026-10-03 21:01:27,NORMAL,SUSTAINED,BENIGN,0,0.9999982,True,BENIGN
RUN_031,2026-10-03 21:01:19,2026-10-03 21:01:28,2026-10-03 21:01:28,NORMAL,SUSTAINED,BENIGN,0,0.99999726,True,BENIGN
RUN_031,2026-10-03 21:01:20,2026-10-03 21:01:29,2026-10-03 21:01:29,NORMAL,SUSTAINED,BENIGN,0,0.99999714,True,BENIGN
RUN_031,2026-10-03 21:01:21,2026-10-03 21:01:30,2026-10-03 21:01:30,NORMAL,DECAY,BENIGN,0,0.9999926,True,BENIGN
RUN_031,2026-10-03 21:01:22,2026-10-03 21:01:31,2026-10-03 21:01:31,NORMAL,DECAY,BENIGN,0,0.9999926,True,BENIGN
RUN_031,2026-10-03 21:01:23,2026-10-03 21:01:32,2026-10-03 21:01:32,NORMAL,DECAY,BENIGN,0,0.99999225,True,BENIGN
RUN_031,2026-10-03 21:01:24,2026-10-03 21:01:33,2026-10-03 21:01:33,NORMAL,DECAY,BENIGN,0,0.99998665,True,BENIGN
RUN_031,2026-10-03 21:01:25,2026-10-03 21:01:34,2026-10-03 21:01:34,NORMAL,DECAY,BENIGN,0,0.99999547,True,BENIGN
RUN_031,2026-10-03 21:01:26,2026-10-03 21:01:35,2026-10-03 21:01:35,NORMAL,DECAY,BENIGN,0,0.99999523,True,BENIGN
RUN_031,2026-10-03 21:01:27,2026-10-03 21:01:36,2026-10-03 21:01:36,NORMAL,DECAY,BENIGN,0,0.99999607,True,BENIGN
RUN_031,2026-10-03 21:01:28,2026-10-03 21:01:37,2026-10-03 21:01:37,NORMAL,DECAY,BENIGN,0,0.9999975,True,BENIGN
RUN_031,2026-10-03 21:01:29,2026-10-03 21:01:38,2026-10-03 21:01:38,NORMAL,DECAY,BENIGN,0,0.99999785,True,BENIGN
RUN_031,2026-10-03 21:01:30,2026-10-03 21:01:39,2026-10-03 21:01:39,NORMAL,DECAY,BENIGN,0,0.99999857,True,BENIGN
RUN_031,2026-10-03 21:01:31,2026-10-03 21:01:40,2026-10-03 21:01:40,NORMAL,DECAY,BENIGN,0,0.9999981,True,BENIGN
RUN_031,2026-10-03 21:01:32,2026-10-03 21:01:41,2026-10-03 21:01:41,NORMAL,DECAY,BENIGN,0,0.99999857,True,BENIGN
RUN_031,2026-10-03 21:01:33,2026-10-03 21:01:42,2026-10-03 21:01:42,NORMAL,DECAY,BENIGN,0,0.99999833,True,BENIGN
RUN_031,2026-10-03 21:01:34,2026-10-03 21:01:43,2026-10-03 21:01:43,NORMAL,DECAY,BENIGN,0,0.9999982,True,BENIGN
RUN_031,2026-10-03 21:01:35,2026-10-03 21:01:44,2026-10-03 21:01:44,NORMAL,DECAY,BENIGN,0,0.9999982,True,BENIGN
RUN_031,2026-10-03 21:01:36,2026-10-03 21:01:45,2026-10-03 21:01:45,NORMAL,DECAY,BENIGN,0,0.99999833,True,BENIGN
RUN_031,2026-10-03 21:01:37,2026-10-03 21:01:46,2026-10-03 21:01:46,NORMAL,DECAY,BENIGN,0,0.99999785,True,BENIGN
RUN_031,2026-10-03 21:01:38,2026-10-03 21:01:47,2026-10-03 21:01:47,NORMAL,DECAY,BENIGN,0,0.99999785,True,BENIGN
RUN_031,2026-10-03 21:01:39,2026-10-03 21:01:48,2026-10-03 21:01:48,NORMAL,DECAY,BENIGN,0,0.9999982,True,BENIGN
RUN_031,2026-10-03 21:01:40,2026-10-03 21:01:49,2026-10-03 21:01:49,NORMAL,DECAY,BENIGN,0,0.99999833,True,BENIGN
RUN_031,2026-10-03 21:01:41,2026-10-03 21:01:50,2026-10-03 21:01:50,NORMAL,RECOVERY,BENIGN,0,0.99999845,True,BENIGN
RUN_031,2026-10-03 21:01:42,2026-10-03 21:01:51,2026-10-03 21:01:51,NORMAL,RECOVERY,BENIGN,0,0.99999833,True,BENIGN
RUN_031,2026-10-03 21:01:43,2026-10-03 21:01:52,2026-10-03 21:01:52,NORMAL,RECOVERY,BENIGN,0,0.99999654,True,BENIGN
RUN_031,2026-10-03 21:01:44,2026-10-03 21:01:53,2026-10-03 21:01:53,NORMAL,RECOVERY,BENIGN,0,0.999998,True,BENIGN
RUN_031,2026-10-03 21:01:45,2026-10-03 21:01:54,2026-10-03 21:01:54,NORMAL,RECOVERY,BENIGN,0,0.9999969,True,BENIGN
RUN_031,2026-10-03 21:01:46,2026-10-03 21:01:55,2026-10-03 21:01:55,NORMAL,RECOVERY,BENIGN,0,0.9999951,True,BENIGN
RUN_031,2026-10-03 21:01:47,2026-10-03 21:01:56,2026-10-03 21:01:56,NORMAL,RECOVERY,BENIGN,0,0.9999871,True,BENIGN
RUN_031,2026-10-03 21:01:48,2026-10-03 21:01:57,2026-10-03 21:01:57,NORMAL,RECOVERY,BENIGN,0,0.99998486,True,BENIGN
RUN_031,2026-10-03 21:01:49,2026-10-03 21:01:58,2026-10-03 21:01:58,NORMAL,RECOVERY,BENIGN,0,0.9999822,True,BENIGN
RUN_031,2026-10-03 21:01:50,2026-10-03 21:01:59,2026-10-03 21:01:59,NORMAL,RECOVERY,BENIGN,0,0.9999663,True,BENIGN
RUN_032,2026-10-03 21:02:00,2026-10-03 21:02:09,2026-10-03 21:02:09,NORMAL,NORMAL,BENIGN,0,0.99999785,True,BENIGN
RUN_032,2026-10-03 21:02:01,2026-10-03 21:02:10,2026-10-03 21:02:10,NORMAL,NORMAL,BENIGN,0,0.99999785,True,BENIGN
RUN_032,2026-10-03 21:02:02,2026-10-03 21:02:11,2026-10-03 21:02:11,NORMAL,NORMAL,BENIGN,0,0.9999981,True,BENIGN
RUN_032,2026-10-03 21:02:03,2026-10-03 21:02:12,2026-10-03 21:02:12,NORMAL,NORMAL,BENIGN,0,0.9999982,True,BENIGN
RUN_032,2026-10-03 21:02:04,2026-10-03 21:02:13,2026-10-03 21:02:13,NORMAL,NORMAL,BENIGN,0,0.99999845,True,BENIGN
RUN_032,2026-10-03 21:02:05,2026-10-03 21:02:14,2026-10-03 21:02:14,NORMAL,NORMAL,BENIGN,0,0.9999982,True,BENIGN
RUN_032,2026-10-03 21:02:06,2026-10-03 21:02:15,2026-10-03 21:02:15,NORMAL,NORMAL,BENIGN,0,0.9999982,True,BENIGN
RUN_032,2026-10-03 21:02:07,2026-10-03 21:02:16,2026-10-03 21:02:16,NORMAL,NORMAL,BENIGN,0,0.99999785,True,BENIGN
RUN_032,2026-10-03 21:02:08,2026-10-03 21:02:17,2026-10-03 21:02:17,NORMAL,NORMAL,BENIGN,0,0.99999857,True,BENIGN
RUN_032,2026-10-03 21:02:09,2026-10-03 21:02:18,2026-10-03 21:02:18,NORMAL,NORMAL,BENIGN,0,0.9999987,True,BENIGN
RUN_032,2026-10-03 21:02:10,2026-10-03 21:02:19,2026-10-03 21:02:19,NORMAL,NORMAL,BENIGN,0,0.99999857,True,BENIGN
RUN_032,2026-10-03 21:02:11,2026-10-03 21:02:20,2026-10-03 21:02:20,NORMAL,EARLY_CHANGE,BENIGN,0,0.9999982,True,BENIGN
RUN_032,2026-10-03 21:02:12,2026-10-03 21:02:21,2026-10-03 21:02:21,NORMAL,EARLY_CHANGE,BENIGN,0,0.99999714,True,BENIGN
RUN_032,2026-10-03 21:02:13,2026-10-03 21:02:22,2026-10-03 21:02:22,NORMAL,EARLY_CHANGE,BENIGN,0,0.99999833,True,BENIGN
RUN_032,2026-10-03 21:02:14,2026-10-03 21:02:23,2026-10-03 21:02:23,NORMAL,EARLY_CHANGE,BENIGN,0,0.9999968,True,BENIGN
RUN_032,2026-10-03 21:02:15,2026-10-03 21:02:24,2026-10-03 21:02:24,NORMAL,EARLY_CHANGE,BENIGN,0,0.9999982,True,BENIGN
RUN_032,2026-10-03 21:02:16,2026-10-03 21:02:25,2026-10-03 21:02:25,NORMAL,EARLY_CHANGE,BENIGN,0,0.999998,True,BENIGN
RUN_032,2026-10-03 21:02:17,2026-10-03 21:02:26,2026-10-03 21:02:26,NORMAL,EARLY_CHANGE,BENIGN,0,0.999998,True,BENIGN
RUN_032,2026-10-03 21:02:18,2026-10-03 21:02:27,2026-10-03 21:02:27,NORMAL,EARLY_CHANGE,BENIGN,0,0.99999785,True,BENIGN
RUN_032,2026-10-03 21:02:19,2026-10-03 21:02:28,2026-10-03 21:02:28,NORMAL,EARLY_CHANGE,BENIGN,0,0.99999726,True,BENIGN
RUN_032,2026-10-03 21:02:20,2026-10-03 21:02:29,2026-10-03 21:02:29,NORMAL,EARLY_CHANGE,BENIGN,0,0.9999957,True,BENIGN
RUN_032,2026-10-03 21:02:21,2026-10-03 21:02:30,2026-10-03 21:02:30,NORMAL,ESCALATION,BENIGN,0,0.9999975,True,BENIGN
RUN_032,2026-10-03 21:02:22,2026-10-03 21:02:31,2026-10-03 21:02:31,NORMAL,ESCALATION,BENIGN,0,0.999998,True,BENIGN
RUN_032,2026-10-03 21:02:23,2026-10-03 21:02:32,2026-10-03 21:02:32,NORMAL,ESCALATION,BENIGN,0,0.99999774,True,BENIGN
RUN_032,2026-10-03 21:02:24,2026-10-03 21:02:33,2026-10-03 21:02:33,NORMAL,ESCALATION,BENIGN,0,0.9999981,True,BENIGN
RUN_032,2026-10-03 21:02:25,2026-10-03 21:02:34,2026-10-03 21:02:34,NORMAL,ESCALATION,BENIGN,0,0.999998,True,BENIGN
RUN_032,2026-10-03 21:02:26,2026-10-03 21:02:35,2026-10-03 21:02:35,NORMAL,ESCALATION,BENIGN,0,0.99999833,True,BENIGN
RUN_032,2026-10-03 21:02:27,2026-10-03 21:02:36,2026-10-03 21:02:36,NORMAL,ESCALATION,BENIGN,0,0.99999833,True,BENIGN
RUN_032,2026-10-03 21:02:28,2026-10-03 21:02:37,2026-10-03 21:02:37,NORMAL,ESCALATION,BENIGN,0,0.99999857,True,BENIGN
RUN_032,2026-10-03 21:02:29,2026-10-03 21:02:38,2026-10-03 21:02:38,NORMAL,ESCALATION,BENIGN,0,0.9999982,True,BENIGN
RUN_032,2026-10-03 21:02:30,2026-10-03 21:02:39,2026-10-03 21:02:39,NORMAL,ESCALATION,BENIGN,0,0.99999833,True,BENIGN
RUN_032,2026-10-03 21:02:31,2026-10-03 21:02:40,2026-10-03 21:02:40,NORMAL,ESCALATION,BENIGN,0,0.9999987,True,BENIGN
RUN_032,2026-10-03 21:02:32,2026-10-03 21:02:41,2026-10-03 21:02:41,NORMAL,ESCALATION,BENIGN,0,0.99999857,True,BENIGN
RUN_032,2026-10-03 21:02:33,2026-10-03 21:02:42,2026-10-03 21:02:42,NORMAL,ESCALATION,BENIGN,0,0.9999989,True,BENIGN
RUN_032,2026-10-03 21:02:34,2026-10-03 21:02:43,2026-10-03 21:02:43,NORMAL,ESCALATION,BENIGN,0,0.9999988,True,BENIGN
RUN_032,2026-10-03 21:02:35,2026-10-03 21:02:44,2026-10-03 21:02:44,NORMAL,ESCALATION,BENIGN,0,0.9999989,True,BENIGN
RUN_032,2026-10-03 21:02:36,2026-10-03 21:02:45,2026-10-03 21:02:45,NORMAL,ESCALATION,BENIGN,0,0.9999987,True,BENIGN
RUN_032,2026-10-03 21:02:37,2026-10-03 21:02:46,2026-10-03 21:02:46,NORMAL,ESCALATION,BENIGN,0,0.9999989,True,BENIGN
RUN_032,2026-10-03 21:02:38,2026-10-03 21:02:47,2026-10-03 21:02:47,NORMAL,ESCALATION,BENIGN,0,0.9999988,True,BENIGN
RUN_032,2026-10-03 21:02:39,2026-10-03 21:02:48,2026-10-03 21:02:48,NORMAL,ESCALATION,BENIGN,0,0.9999987,True,BENIGN
RUN_032,2026-10-03 21:02:40,2026-10-03 21:02:49,2026-10-03 21:02:49,NORMAL,ESCALATION,BENIGN,0,0.99999857,True,BENIGN
RUN_032,2026-10-03 21:02:41,2026-10-03 21:02:50,2026-10-03 21:02:50,NORMAL,ESCALATION,BENIGN,0,0.99999845,True,BENIGN
RUN_032,2026-10-03 21:02:42,2026-10-03 21:02:51,2026-10-03 21:02:51,NORMAL,ESCALATION,BENIGN,0,0.99999857,True,BENIGN
RUN_032,2026-10-03 21:02:43,2026-10-03 21:02:52,2026-10-03 21:02:52,NORMAL,ESCALATION,BENIGN,0,0.9999988,True,BENIGN
RUN_032,2026-10-03 21:02:44,2026-10-03 21:02:53,2026-10-03 21:02:53,NORMAL,ESCALATION,BENIGN,0,0.9999988,True,BENIGN
RUN_032,2026-10-03 21:02:45,2026-10-03 21:02:54,2026-10-03 21:02:54,NORMAL,ESCALATION,BENIGN,0,0.99999857,True,BENIGN
RUN_032,2026-10-03 21:02:46,2026-10-03 21:02:55,2026-10-03 21:02:55,NORMAL,ESCALATION,BENIGN,0,0.9999982,True,BENIGN
RUN_032,2026-10-03 21:02:47,2026-10-03 21:02:56,2026-10-03 21:02:56,NORMAL,ESCALATION,BENIGN,0,0.99999833,True,BENIGN
RUN_032,2026-10-03 21:02:48,2026-10-03 21:02:57,2026-10-03 21:02:57,NORMAL,ESCALATION,BENIGN,0,0.999998,True,BENIGN
RUN_032,2026-10-03 21:02:49,2026-10-03 21:02:58,2026-10-03 21:02:58,NORMAL,ESCALATION,BENIGN,0,0.99999774,True,BENIGN
RUN_032,2026-10-03 21:02:50,2026-10-03 21:02:59,2026-10-03 21:02:59,NORMAL,ESCALATION,BENIGN,0,0.99999845,True,BENIGN
RUN_032,2026-10-03 21:02:51,2026-10-03 21:03:00,2026-10-03 21:03:00,NORMAL,SUSTAINED,BENIGN,0,0.99999845,True,BENIGN
RUN_032,2026-10-03 21:02:52,2026-10-03 21:03:01,2026-10-03 21:03:01,NORMAL,SUSTAINED,BENIGN,0,0.99999857,True,BENIGN
RUN_032,2026-10-03 21:02:53,2026-10-03 21:03:02,2026-10-03 21:03:02,NORMAL,SUSTAINED,BENIGN,0,0.99999833,True,BENIGN
RUN_032,2026-10-03 21:02:54,2026-10-03 21:03:03,2026-10-03 21:03:03,NORMAL,SUSTAINED,BENIGN,0,0.999998,True,BENIGN
RUN_032,2026-10-03 21:02:55,2026-10-03 21:03:04,2026-10-03 21:03:04,NORMAL,SUSTAINED,BENIGN,0,0.99999833,True,BENIGN
RUN_032,2026-10-03 21:02:56,2026-10-03 21:03:05,2026-10-03 21:03:05,NORMAL,SUSTAINED,BENIGN,0,0.99999785,True,BENIGN
RUN_032,2026-10-03 21:02:57,2026-10-03 21:03:06,2026-10-03 21:03:06,NORMAL,SUSTAINED,BENIGN,0,0.99999845,True,BENIGN
RUN_032,2026-10-03 21:02:58,2026-10-03 21:03:07,2026-10-03 21:03:07,NORMAL,SUSTAINED,BENIGN,0,0.9999988,True,BENIGN
RUN_032,2026-10-03 21:02:59,2026-10-03 21:03:08,2026-10-03 21:03:08,NORMAL,SUSTAINED,BENIGN,0,0.9999988,True,BENIGN
RUN_032,2026-10-03 21:03:00,2026-10-03 21:03:09,2026-10-03 21:03:09,NORMAL,SUSTAINED,BENIGN,0,0.99999857,True,BENIGN
RUN_032,2026-10-03 21:03:01,2026-10-03 21:03:10,2026-10-03 21:03:10,NORMAL,SUSTAINED,BENIGN,0,0.99999857,True,BENIGN
RUN_032,2026-10-03 21:03:02,2026-10-03 21:03:11,2026-10-03 21:03:11,NORMAL,SUSTAINED,BENIGN,0,0.99999857,True,BENIGN
RUN_032,2026-10-03 21:03:03,2026-10-03 21:03:12,2026-10-03 21:03:12,NORMAL,SUSTAINED,BENIGN,0,0.9999987,True,BENIGN
RUN_032,2026-10-03 21:03:04,2026-10-03 21:03:13,2026-10-03 21:03:13,NORMAL,SUSTAINED,BENIGN,0,0.9999987,True,BENIGN
RUN_032,2026-10-03 21:03:05,2026-10-03 21:03:14,2026-10-03 21:03:14,NORMAL,SUSTAINED,BENIGN,0,0.99999857,True,BENIGN
RUN_032,2026-10-03 21:03:06,2026-10-03 21:03:15,2026-10-03 21:03:15,NORMAL,SUSTAINED,BENIGN,0,0.99999857,True,BENIGN
RUN_032,2026-10-03 21:03:07,2026-10-03 21:03:16,2026-10-03 21:03:16,NORMAL,SUSTAINED,BENIGN,0,0.99999833,True,BENIGN
RUN_032,2026-10-03 21:03:08,2026-10-03 21:03:17,2026-10-03 21:03:17,NORMAL,SUSTAINED,BENIGN,0,0.99999607,True,BENIGN
RUN_032,2026-10-03 21:03:09,2026-10-03 21:03:18,2026-10-03 21:03:18,NORMAL,SUSTAINED,BENIGN,0,0.99999774,True,BENIGN
RUN_032,2026-10-03 21:03:10,2026-10-03 21:03:19,2026-10-03 21:03:19,NORMAL,SUSTAINED,BENIGN,0,0.99999785,True,BENIGN
RUN_032,2026-10-03 21:03:11,2026-10-03 21:03:20,2026-10-03 21:03:20,NORMAL,SUSTAINED,BENIGN,0,0.9999976,True,BENIGN
RUN_032,2026-10-03 21:03:12,2026-10-03 21:03:21,2026-10-03 21:03:21,NORMAL,SUSTAINED,BENIGN,0,0.99999785,True,BENIGN
RUN_032,2026-10-03 21:03:13,2026-10-03 21:03:22,2026-10-03 21:03:22,NORMAL,SUSTAINED,BENIGN,0,0.9999968,True,BENIGN
RUN_032,2026-10-03 21:03:14,2026-10-03 21:03:23,2026-10-03 21:03:23,NORMAL,SUSTAINED,BENIGN,0,0.9999964,True,BENIGN
RUN_032,2026-10-03 21:03:15,2026-10-03 21:03:24,2026-10-03 21:03:24,NORMAL,SUSTAINED,BENIGN,0,0.999998,True,BENIGN
RUN_032,2026-10-03 21:03:16,2026-10-03 21:03:25,2026-10-03 21:03:25,NORMAL,SUSTAINED,BENIGN,0,0.9999975,True,BENIGN
RUN_032,2026-10-03 21:03:17,2026-10-03 21:03:26,2026-10-03 21:03:26,NORMAL,SUSTAINED,BENIGN,0,0.9999969,True,BENIGN
RUN_032,2026-10-03 21:03:18,2026-10-03 21:03:27,2026-10-03 21:03:27,NORMAL,SUSTAINED,BENIGN,0,0.9999968,True,BENIGN
RUN_032,2026-10-03 21:03:19,2026-10-03 21:03:28,2026-10-03 21:03:28,NORMAL,SUSTAINED,BENIGN,0,0.9999969,True,BENIGN
RUN_032,2026-10-03 21:03:20,2026-10-03 21:03:29,2026-10-03 21:03:29,NORMAL,SUSTAINED,BENIGN,0,0.9999969,True,BENIGN
RUN_032,2026-10-03 21:03:21,2026-10-03 21:03:30,2026-10-03 21:03:30,NORMAL,DECAY,BENIGN,0,0.99999475,True,BENIGN
RUN_032,2026-10-03 21:03:22,2026-10-03 21:03:31,2026-10-03 21:03:31,NORMAL,DECAY,BENIGN,0,0.9999963,True,BENIGN
RUN_032,2026-10-03 21:03:23,2026-10-03 21:03:32,2026-10-03 21:03:32,NORMAL,DECAY,BENIGN,0,0.99999774,True,BENIGN
RUN_032,2026-10-03 21:03:24,2026-10-03 21:03:33,2026-10-03 21:03:33,NORMAL,DECAY,BENIGN,0,0.9999981,True,BENIGN
RUN_032,2026-10-03 21:03:25,2026-10-03 21:03:34,2026-10-03 21:03:34,NORMAL,DECAY,BENIGN,0,0.99999785,True,BENIGN
RUN_032,2026-10-03 21:03:26,2026-10-03 21:03:35,2026-10-03 21:03:35,NORMAL,DECAY,BENIGN,0,0.9999976,True,BENIGN
RUN_032,2026-10-03 21:03:27,2026-10-03 21:03:36,2026-10-03 21:03:36,NORMAL,DECAY,BENIGN,0,0.99999726,True,BENIGN
RUN_032,2026-10-03 21:03:28,2026-10-03 21:03:37,2026-10-03 21:03:37,NORMAL,DECAY,BENIGN,0,0.999998,True,BENIGN
RUN_032,2026-10-03 21:03:29,2026-10-03 21:03:38,2026-10-03 21:03:38,NORMAL,DECAY,BENIGN,0,0.99999785,True,BENIGN
RUN_032,2026-10-03 21:03:30,2026-10-03 21:03:39,2026-10-03 21:03:39,NORMAL,DECAY,BENIGN,0,0.999998,True,BENIGN
RUN_032,2026-10-03 21:03:31,2026-10-03 21:03:40,2026-10-03 21:03:40,NORMAL,DECAY,BENIGN,0,0.9999982,True,BENIGN
RUN_032,2026-10-03 21:03:32,2026-10-03 21:03:41,2026-10-03 21:03:41,NORMAL,DECAY,BENIGN,0,0.9999982,True,BENIGN
RUN_032,2026-10-03 21:03:33,2026-10-03 21:03:42,2026-10-03 21:03:42,NORMAL,DECAY,BENIGN,0,0.9999982,True,BENIGN
RUN_032,2026-10-03 21:03:34,2026-10-03 21:03:43,2026-10-03 21:03:43,NORMAL,DECAY,BENIGN,0,0.99999857,True,BENIGN
RUN_032,2026-10-03 21:03:35,2026-10-03 21:03:44,2026-10-03 21:03:44,NORMAL,DECAY,BENIGN,0,0.99999845,True,BENIGN
RUN_032,2026-10-03 21:03:36,2026-10-03 21:03:45,2026-10-03 21:03:45,NORMAL,DECAY,BENIGN,0,0.99999833,True,BENIGN
RUN_032,2026-10-03 21:03:37,2026-10-03 21:03:46,2026-10-03 21:03:46,NORMAL,DECAY,BENIGN,0,0.99999857,True,BENIGN
RUN_032,2026-10-03 21:03:38,2026-10-03 21:03:47,2026-10-03 21:03:47,NORMAL,DECAY,BENIGN,0,0.9999987,True,BENIGN
RUN_032,2026-10-03 21:03:39,2026-10-03 21:03:48,2026-10-03 21:03:48,NORMAL,DECAY,BENIGN,0,0.99999845,True,BENIGN
RUN_032,2026-10-03 21:03:40,2026-10-03 21:03:49,2026-10-03 21:03:49,NORMAL,DECAY,BENIGN,0,0.99999774,True,BENIGN
RUN_032,2026-10-03 21:03:41,2026-10-03 21:03:50,2026-10-03 21:03:50,NORMAL,RECOVERY,BENIGN,0,0.999998,True,BENIGN
RUN_032,2026-10-03 21:03:42,2026-10-03 21:03:51,2026-10-03 21:03:51,NORMAL,RECOVERY,BENIGN,0,0.9999976,True,BENIGN
RUN_032,2026-10-03 21:03:43,2026-10-03 21:03:52,2026-10-03 21:03:52,NORMAL,RECOVERY,BENIGN,0,0.9999981,True,BENIGN
RUN_032,2026-10-03 21:03:44,2026-10-03 21:03:53,2026-10-03 21:03:53,NORMAL,RECOVERY,BENIGN,0,0.99999726,True,BENIGN
RUN_032,2026-10-03 21:03:45,2026-10-03 21:03:54,2026-10-03 21:03:54,NORMAL,RECOVERY,BENIGN,0,0.99999857,True,BENIGN
RUN_032,2026-10-03 21:03:46,2026-10-03 21:03:55,2026-10-03 21:03:55,NORMAL,RECOVERY,BENIGN,0,0.99999857,True,BENIGN
RUN_032,2026-10-03 21:03:47,2026-10-03 21:03:56,2026-10-03 21:03:56,NORMAL,RECOVERY,BENIGN,0,0.99999857,True,BENIGN
RUN_032,2026-10-03 21:03:48,2026-10-03 21:03:57,2026-10-03 21:03:57,NORMAL,RECOVERY,BENIGN,0,0.9999982,True,BENIGN
RUN_032,2026-10-03 21:03:49,2026-10-03 21:03:58,2026-10-03 21:03:58,NORMAL,RECOVERY,BENIGN,0,0.9999988,True,BENIGN
RUN_032,2026-10-03 21:03:50,2026-10-03 21:03:59,2026-10-03 21:03:59,NORMAL,RECOVERY,BENIGN,0,0.9999989,True,BENIGN
RUN_037,2026-10-03 21:12:00,2026-10-03 21:12:09,2026-10-03 21:12:09,UDP_FLOOD,NORMAL,BENIGN,4,0.9999829,True,UDP_FLOOD
RUN_037,2026-10-03 21:12:01,2026-10-03 21:12:10,2026-10-03 21:12:10,UDP_FLOOD,NORMAL,BENIGN,4,0.9999837,True,UDP_FLOOD
RUN_037,2026-10-03 21:12:02,2026-10-03 21:12:11,2026-10-03 21:12:11,UDP_FLOOD,NORMAL,UDP_FLOOD,4,0.99998474,True,UDP_FLOOD
RUN_037,2026-10-03 21:12:03,2026-10-03 21:12:12,2026-10-03 21:12:12,UDP_FLOOD,NORMAL,UDP_FLOOD,4,0.99998546,True,UDP_FLOOD
RUN_037,2026-10-03 21:12:04,2026-10-03 21:12:13,2026-10-03 21:12:13,UDP_FLOOD,NORMAL,UDP_FLOOD,4,0.9999857,True,UDP_FLOOD
RUN_037,2026-10-03 21:12:05,2026-10-03 21:12:14,2026-10-03 21:12:14,UDP_FLOOD,NORMAL,UDP_FLOOD,4,0.99998605,True,UDP_FLOOD
RUN_037,2026-10-03 21:12:06,2026-10-03 21:12:15,2026-10-03 21:12:15,UDP_FLOOD,NORMAL,UDP_FLOOD,4,0.99998593,True,UDP_FLOOD
RUN_037,2026-10-03 21:12:07,2026-10-03 21:12:16,2026-10-03 21:12:16,UDP_FLOOD,NORMAL,UDP_FLOOD,4,0.9999863,True,UDP_FLOOD
RUN_037,2026-10-03 21:12:08,2026-10-03 21:12:17,2026-10-03 21:12:17,UDP_FLOOD,NORMAL,UDP_FLOOD,4,0.9999862,True,UDP_FLOOD
RUN_037,2026-10-03 21:12:09,2026-10-03 21:12:18,2026-10-03 21:12:18,UDP_FLOOD,NORMAL,UDP_FLOOD,4,0.9999863,True,UDP_FLOOD
RUN_037,2026-10-03 21:12:10,2026-10-03 21:12:19,2026-10-03 21:12:19,UDP_FLOOD,NORMAL,UDP_FLOOD,4,0.9999856,True,UDP_FLOOD
RUN_037,2026-10-03 21:12:11,2026-10-03 21:12:20,2026-10-03 21:12:20,UDP_FLOOD,EARLY_CHANGE,UDP_FLOOD,4,0.9999856,True,UDP_FLOOD
RUN_037,2026-10-03 21:12:12,2026-10-03 21:12:21,2026-10-03 21:12:21,UDP_FLOOD,EARLY_CHANGE,UDP_FLOOD,4,0.99998474,True,UDP_FLOOD
RUN_037,2026-10-03 21:12:13,2026-10-03 21:12:22,2026-10-03 21:12:22,UDP_FLOOD,EARLY_CHANGE,UDP_FLOOD,4,0.99998534,True,UDP_FLOOD
RUN_037,2026-10-03 21:12:14,2026-10-03 21:12:23,2026-10-03 21:12:23,UDP_FLOOD,EARLY_CHANGE,BENIGN,4,0.99998385,True,UDP_FLOOD
RUN_037,2026-10-03 21:12:15,2026-10-03 21:12:24,2026-10-03 21:12:24,UDP_FLOOD,EARLY_CHANGE,BENIGN,4,0.99998724,True,UDP_FLOOD
RUN_037,2026-10-03 21:12:16,2026-10-03 21:12:25,2026-10-03 21:12:25,UDP_FLOOD,EARLY_CHANGE,BENIGN,4,0.9999865,True,UDP_FLOOD
RUN_037,2026-10-03 21:12:17,2026-10-03 21:12:26,2026-10-03 21:12:26,UDP_FLOOD,EARLY_CHANGE,BENIGN,4,0.99998677,True,UDP_FLOOD
RUN_037,2026-10-03 21:12:18,2026-10-03 21:12:27,2026-10-03 21:12:27,UDP_FLOOD,EARLY_CHANGE,BENIGN,4,0.99998844,True,UDP_FLOOD
RUN_037,2026-10-03 21:12:19,2026-10-03 21:12:28,2026-10-03 21:12:28,UDP_FLOOD,EARLY_CHANGE,BENIGN,4,0.99998796,True,UDP_FLOOD
RUN_037,2026-10-03 21:12:20,2026-10-03 21:12:29,2026-10-03 21:12:29,UDP_FLOOD,EARLY_CHANGE,UDP_FLOOD,4,0.9999896,True,UDP_FLOOD
RUN_037,2026-10-03 21:12:21,2026-10-03 21:12:30,2026-10-03 21:12:30,UDP_FLOOD,ESCALATION,UDP_FLOOD,4,0.9999895,True,UDP_FLOOD
RUN_037,2026-10-03 21:12:22,2026-10-03 21:12:31,2026-10-03 21:12:31,UDP_FLOOD,ESCALATION,UDP_FLOOD,4,0.99999,True,UDP_FLOOD
RUN_037,2026-10-03 21:12:23,2026-10-03 21:12:32,2026-10-03 21:12:32,UDP_FLOOD,ESCALATION,UDP_FLOOD,4,0.99999,True,UDP_FLOOD
RUN_037,2026-10-03 21:12:24,2026-10-03 21:12:33,2026-10-03 21:12:33,UDP_FLOOD,ESCALATION,UDP_FLOOD,4,0.99999034,True,UDP_FLOOD
RUN_037,2026-10-03 21:12:25,2026-10-03 21:12:34,2026-10-03 21:12:34,UDP_FLOOD,ESCALATION,UDP_FLOOD,4,0.9999893,True,UDP_FLOOD
RUN_037,2026-10-03 21:12:26,2026-10-03 21:12:35,2026-10-03 21:12:35,UDP_FLOOD,ESCALATION,UDP_FLOOD,4,0.99998975,True,UDP_FLOOD
RUN_037,2026-10-03 21:12:27,2026-10-03 21:12:36,2026-10-03 21:12:36,UDP_FLOOD,ESCALATION,UDP_FLOOD,4,0.9999894,True,UDP_FLOOD
RUN_037,2026-10-03 21:12:28,2026-10-03 21:12:37,2026-10-03 21:12:37,UDP_FLOOD,ESCALATION,UDP_FLOOD,4,0.9999863,True,UDP_FLOOD
RUN_037,2026-10-03 21:12:29,2026-10-03 21:12:38,2026-10-03 21:12:38,UDP_FLOOD,ESCALATION,UDP_FLOOD,4,0.9999862,True,UDP_FLOOD
RUN_037,2026-10-03 21:12:30,2026-10-03 21:12:39,2026-10-03 21:12:39,UDP_FLOOD,ESCALATION,UDP_FLOOD,4,0.9999862,True,UDP_FLOOD
RUN_037,2026-10-03 21:12:31,2026-10-03 21:12:40,2026-10-03 21:12:40,UDP_FLOOD,ESCALATION,UDP_FLOOD,4,0.9999876,True,UDP_FLOOD
RUN_037,2026-10-03 21:12:32,2026-10-03 21:12:41,2026-10-03 21:12:41,UDP_FLOOD,ESCALATION,UDP_FLOOD,4,0.9999871,True,UDP_FLOOD
RUN_037,2026-10-03 21:12:33,2026-10-03 21:12:42,2026-10-03 21:12:42,UDP_FLOOD,ESCALATION,UDP_FLOOD,4,0.9999858,True,UDP_FLOOD
RUN_037,2026-10-03 21:12:34,2026-10-03 21:12:43,2026-10-03 21:12:43,UDP_FLOOD,ESCALATION,UDP_FLOOD,4,0.9999858,True,UDP_FLOOD
RUN_037,2026-10-03 21:12:35,2026-10-03 21:12:44,2026-10-03 21:12:44,UDP_FLOOD,ESCALATION,UDP_FLOOD,4,0.99998486,True,UDP_FLOOD
RUN_037,2026-10-03 21:12:36,2026-10-03 21:12:45,2026-10-03 21:12:45,UDP_FLOOD,ESCALATION,UDP_FLOOD,4,0.99998593,True,UDP_FLOOD
RUN_037,2026-10-03 21:12:37,2026-10-03 21:12:46,2026-10-03 21:12:46,UDP_FLOOD,ESCALATION,UDP_FLOOD,4,0.99998736,True,UDP_FLOOD
RUN_037,2026-10-03 21:12:38,2026-10-03 21:12:47,2026-10-03 21:12:47,UDP_FLOOD,ESCALATION,UDP_FLOOD,4,0.99998593,True,UDP_FLOOD
RUN_037,2026-10-03 21:12:39,2026-10-03 21:12:48,2026-10-03 21:12:48,UDP_FLOOD,ESCALATION,BENIGN,4,0.99998665,True,UDP_FLOOD
RUN_037,2026-10-03 21:12:40,2026-10-03 21:12:49,2026-10-03 21:12:49,UDP_FLOOD,ESCALATION,BENIGN,4,0.99998593,True,UDP_FLOOD
RUN_037,2026-10-03 21:12:41,2026-10-03 21:12:50,2026-10-03 21:12:50,UDP_FLOOD,ESCALATION,UDP_FLOOD,4,0.99998593,True,UDP_FLOOD
RUN_037,2026-10-03 21:12:42,2026-10-03 21:12:51,2026-10-03 21:12:51,UDP_FLOOD,ESCALATION,UDP_FLOOD,4,0.99998677,True,UDP_FLOOD
RUN_037,2026-10-03 21:12:43,2026-10-03 21:12:52,2026-10-03 21:12:52,UDP_FLOOD,ESCALATION,UDP_FLOOD,4,0.99998665,True,UDP_FLOOD
RUN_037,2026-10-03 21:12:44,2026-10-03 21:12:53,2026-10-03 21:12:53,UDP_FLOOD,ESCALATION,UDP_FLOOD,4,0.999987,True,UDP_FLOOD
RUN_037,2026-10-03 21:12:45,2026-10-03 21:12:54,2026-10-03 21:12:54,UDP_FLOOD,ESCALATION,UDP_FLOOD,4,0.9999865,True,UDP_FLOOD
RUN_037,2026-10-03 21:12:46,2026-10-03 21:12:55,2026-10-03 21:12:55,UDP_FLOOD,ESCALATION,UDP_FLOOD,4,0.9999882,True,UDP_FLOOD
RUN_037,2026-10-03 21:12:47,2026-10-03 21:12:56,2026-10-03 21:12:56,UDP_FLOOD,ESCALATION,UDP_FLOOD,4,0.9999887,True,UDP_FLOOD
RUN_037,2026-10-03 21:12:48,2026-10-03 21:12:57,2026-10-03 21:12:57,UDP_FLOOD,ESCALATION,BENIGN,4,0.99998844,True,UDP_FLOOD
RUN_037,2026-10-03 21:12:49,2026-10-03 21:12:58,2026-10-03 21:12:58,UDP_FLOOD,ESCALATION,BENIGN,4,0.9999901,True,UDP_FLOOD
RUN_037,2026-10-03 21:12:50,2026-10-03 21:12:59,2026-10-03 21:12:59,UDP_FLOOD,ESCALATION,BENIGN,4,0.99999,True,UDP_FLOOD
RUN_037,2026-10-03 21:12:51,2026-10-03 21:13:00,2026-10-03 21:13:00,UDP_FLOOD,SUSTAINED,BENIGN,4,0.99999034,True,UDP_FLOOD
RUN_037,2026-10-03 21:12:52,2026-10-03 21:13:01,2026-10-03 21:13:01,UDP_FLOOD,SUSTAINED,BENIGN,4,0.99999094,True,UDP_FLOOD
RUN_037,2026-10-03 21:12:53,2026-10-03 21:13:02,2026-10-03 21:13:02,UDP_FLOOD,SUSTAINED,BENIGN,4,0.9999912,True,UDP_FLOOD
RUN_037,2026-10-03 21:12:54,2026-10-03 21:13:03,2026-10-03 21:13:03,UDP_FLOOD,SUSTAINED,BENIGN,4,0.99999106,True,UDP_FLOOD
RUN_037,2026-10-03 21:12:55,2026-10-03 21:13:04,2026-10-03 21:13:04,UDP_FLOOD,SUSTAINED,BENIGN,4,0.99999094,True,UDP_FLOOD
RUN_037,2026-10-03 21:12:56,2026-10-03 21:13:05,2026-10-03 21:13:05,UDP_FLOOD,SUSTAINED,BENIGN,4,0.99999106,True,UDP_FLOOD
RUN_037,2026-10-03 21:12:57,2026-10-03 21:13:06,2026-10-03 21:13:06,UDP_FLOOD,SUSTAINED,BENIGN,4,0.99999094,True,UDP_FLOOD
RUN_037,2026-10-03 21:12:58,2026-10-03 21:13:07,2026-10-03 21:13:07,UDP_FLOOD,SUSTAINED,BENIGN,4,0.9999837,True,UDP_FLOOD
RUN_037,2026-10-03 21:12:59,2026-10-03 21:13:08,2026-10-03 21:13:08,UDP_FLOOD,SUSTAINED,BENIGN,4,0.99999034,True,UDP_FLOOD
RUN_037,2026-10-03 21:13:00,2026-10-03 21:13:09,2026-10-03 21:13:09,UDP_FLOOD,SUSTAINED,BENIGN,4,0.9999902,True,UDP_FLOOD
RUN_037,2026-10-03 21:13:01,2026-10-03 21:13:10,2026-10-03 21:13:10,UDP_FLOOD,SUSTAINED,UDP_FLOOD,4,0.9999901,True,UDP_FLOOD
RUN_037,2026-10-03 21:13:02,2026-10-03 21:13:11,2026-10-03 21:13:11,UDP_FLOOD,SUSTAINED,UDP_FLOOD,4,0.99998975,True,UDP_FLOOD
RUN_037,2026-10-03 21:13:03,2026-10-03 21:13:12,2026-10-03 21:13:12,UDP_FLOOD,SUSTAINED,UDP_FLOOD,4,0.9999895,True,UDP_FLOOD
RUN_037,2026-10-03 21:13:04,2026-10-03 21:13:13,2026-10-03 21:13:13,UDP_FLOOD,SUSTAINED,UDP_FLOOD,4,0.9999895,True,UDP_FLOOD
RUN_037,2026-10-03 21:13:05,2026-10-03 21:13:14,2026-10-03 21:13:14,UDP_FLOOD,SUSTAINED,UDP_FLOOD,4,0.99998975,True,UDP_FLOOD
RUN_037,2026-10-03 21:13:06,2026-10-03 21:13:15,2026-10-03 21:13:15,UDP_FLOOD,SUSTAINED,UDP_FLOOD,4,0.99998987,True,UDP_FLOOD
RUN_037,2026-10-03 21:13:07,2026-10-03 21:13:16,2026-10-03 21:13:16,UDP_FLOOD,SUSTAINED,UDP_FLOOD,4,0.9999901,True,UDP_FLOOD
RUN_037,2026-10-03 21:13:08,2026-10-03 21:13:17,2026-10-03 21:13:17,UDP_FLOOD,SUSTAINED,UDP_FLOOD,4,0.99998975,True,UDP_FLOOD
RUN_037,2026-10-03 21:13:09,2026-10-03 21:13:18,2026-10-03 21:13:18,UDP_FLOOD,SUSTAINED,UDP_FLOOD,4,0.99999,True,UDP_FLOOD
RUN_037,2026-10-03 21:13:10,2026-10-03 21:13:19,2026-10-03 21:13:19,UDP_FLOOD,SUSTAINED,UDP_FLOOD,4,0.9999888,True,UDP_FLOOD
RUN_037,2026-10-03 21:13:11,2026-10-03 21:13:20,2026-10-03 21:13:20,UDP_FLOOD,SUSTAINED,UDP_FLOOD,4,0.9999889,True,UDP_FLOOD
RUN_037,2026-10-03 21:13:12,2026-10-03 21:13:21,2026-10-03 21:13:21,UDP_FLOOD,SUSTAINED,UDP_FLOOD,4,0.99998975,True,UDP_FLOOD
RUN_037,2026-10-03 21:13:13,2026-10-03 21:13:22,2026-10-03 21:13:22,UDP_FLOOD,SUSTAINED,BENIGN,4,0.99998903,True,UDP_FLOOD
RUN_037,2026-10-03 21:13:14,2026-10-03 21:13:23,2026-10-03 21:13:23,UDP_FLOOD,SUSTAINED,BENIGN,4,0.9999902,True,UDP_FLOOD
RUN_037,2026-10-03 21:13:15,2026-10-03 21:13:24,2026-10-03 21:13:24,UDP_FLOOD,SUSTAINED,BENIGN,4,0.9999857,True,UDP_FLOOD
RUN_037,2026-10-03 21:13:16,2026-10-03 21:13:25,2026-10-03 21:13:25,UDP_FLOOD,SUSTAINED,BENIGN,4,0.9999766,True,UDP_FLOOD
RUN_037,2026-10-03 21:13:17,2026-10-03 21:13:26,2026-10-03 21:13:26,UDP_FLOOD,SUSTAINED,BENIGN,4,0.99998987,True,UDP_FLOOD
RUN_037,2026-10-03 21:13:18,2026-10-03 21:13:27,2026-10-03 21:13:27,UDP_FLOOD,SUSTAINED,BENIGN,4,0.9999887,True,UDP_FLOOD
RUN_037,2026-10-03 21:13:19,2026-10-03 21:13:28,2026-10-03 21:13:28,UDP_FLOOD,SUSTAINED,BENIGN,4,0.9999902,True,UDP_FLOOD
RUN_037,2026-10-03 21:13:20,2026-10-03 21:13:29,2026-10-03 21:13:29,UDP_FLOOD,SUSTAINED,BENIGN,4,0.9999907,True,UDP_FLOOD
RUN_037,2026-10-03 21:13:21,2026-10-03 21:13:30,2026-10-03 21:13:30,UDP_FLOOD,DECAY,BENIGN,4,0.99998987,True,UDP_FLOOD
RUN_037,2026-10-03 21:13:22,2026-10-03 21:13:31,2026-10-03 21:13:31,UDP_FLOOD,DECAY,BENIGN,4,0.9999906,True,UDP_FLOOD
RUN_037,2026-10-03 21:13:23,2026-10-03 21:13:32,2026-10-03 21:13:32,UDP_FLOOD,DECAY,BENIGN,4,0.9999888,True,UDP_FLOOD
RUN_037,2026-10-03 21:13:24,2026-10-03 21:13:33,2026-10-03 21:13:33,UDP_FLOOD,DECAY,BENIGN,4,0.99998856,True,UDP_FLOOD
RUN_037,2026-10-03 21:13:25,2026-10-03 21:13:34,2026-10-03 21:13:34,UDP_FLOOD,DECAY,BENIGN,4,0.99998736,True,UDP_FLOOD
RUN_037,2026-10-03 21:13:26,2026-10-03 21:13:35,2026-10-03 21:13:35,UDP_FLOOD,DECAY,BENIGN,4,0.99998975,True,UDP_FLOOD
RUN_037,2026-10-03 21:13:27,2026-10-03 21:13:36,2026-10-03 21:13:36,UDP_FLOOD,DECAY,BENIGN,4,0.9999893,True,UDP_FLOOD
RUN_037,2026-10-03 21:13:28,2026-10-03 21:13:37,2026-10-03 21:13:37,UDP_FLOOD,DECAY,BENIGN,4,0.9999906,True,UDP_FLOOD
RUN_037,2026-10-03 21:13:29,2026-10-03 21:13:38,2026-10-03 21:13:38,UDP_FLOOD,DECAY,BENIGN,4,0.9999836,True,UDP_FLOOD
RUN_037,2026-10-03 21:13:30,2026-10-03 21:13:39,2026-10-03 21:13:39,UDP_FLOOD,DECAY,UDP_FLOOD,4,0.99997836,True,UDP_FLOOD
RUN_037,2026-10-03 21:13:31,2026-10-03 21:13:40,2026-10-03 21:13:40,UDP_FLOOD,DECAY,UDP_FLOOD,4,0.9999882,True,UDP_FLOOD
RUN_037,2026-10-03 21:13:32,2026-10-03 21:13:41,2026-10-03 21:13:41,UDP_FLOOD,DECAY,UDP_FLOOD,4,0.9999888,True,UDP_FLOOD
RUN_037,2026-10-03 21:13:33,2026-10-03 21:13:42,2026-10-03 21:13:42,UDP_FLOOD,DECAY,UDP_FLOOD,4,0.9999877,True,UDP_FLOOD
RUN_037,2026-10-03 21:13:34,2026-10-03 21:13:43,2026-10-03 21:13:43,UDP_FLOOD,DECAY,UDP_FLOOD,4,0.9999871,True,UDP_FLOOD
RUN_037,2026-10-03 21:13:35,2026-10-03 21:13:44,2026-10-03 21:13:44,UDP_FLOOD,DECAY,UDP_FLOOD,4,0.9999864,True,UDP_FLOOD
RUN_037,2026-10-03 21:13:36,2026-10-03 21:13:45,2026-10-03 21:13:45,UDP_FLOOD,DECAY,UDP_FLOOD,4,0.99998665,True,UDP_FLOOD
RUN_037,2026-10-03 21:13:37,2026-10-03 21:13:46,2026-10-03 21:13:46,UDP_FLOOD,DECAY,UDP_FLOOD,4,0.99998194,True,UDP_FLOOD
RUN_037,2026-10-03 21:13:38,2026-10-03 21:13:47,2026-10-03 21:13:47,UDP_FLOOD,DECAY,UDP_FLOOD,4,0.99997765,True,UDP_FLOOD
RUN_037,2026-10-03 21:13:39,2026-10-03 21:13:48,2026-10-03 21:13:48,UDP_FLOOD,DECAY,UDP_FLOOD,4,0.9999711,True,UDP_FLOOD
RUN_037,2026-10-03 21:13:40,2026-10-03 21:13:49,2026-10-03 21:13:49,UDP_FLOOD,DECAY,UDP_FLOOD,4,0.99997216,True,UDP_FLOOD
RUN_037,2026-10-03 21:13:41,2026-10-03 21:13:50,2026-10-03 21:13:50,UDP_FLOOD,RECOVERY,UDP_FLOOD,4,0.99997026,True,UDP_FLOOD
RUN_037,2026-10-03 21:13:42,2026-10-03 21:13:51,2026-10-03 21:13:51,UDP_FLOOD,RECOVERY,UDP_FLOOD,4,0.9999681,True,UDP_FLOOD
RUN_037,2026-10-03 21:13:43,2026-10-03 21:13:52,2026-10-03 21:13:52,UDP_FLOOD,RECOVERY,UDP_FLOOD,4,0.9999811,True,UDP_FLOOD
RUN_037,2026-10-03 21:13:44,2026-10-03 21:13:53,2026-10-03 21:13:53,UDP_FLOOD,RECOVERY,UDP_FLOOD,4,0.9999828,True,UDP_FLOOD
RUN_037,2026-10-03 21:13:45,2026-10-03 21:13:54,2026-10-03 21:13:54,UDP_FLOOD,RECOVERY,UDP_FLOOD,4,0.9999843,True,UDP_FLOOD
RUN_037,2026-10-03 21:13:46,2026-10-03 21:13:55,2026-10-03 21:13:55,UDP_FLOOD,RECOVERY,UDP_FLOOD,4,0.9999843,True,UDP_FLOOD
RUN_037,2026-10-03 21:13:47,2026-10-03 21:13:56,2026-10-03 21:13:56,UDP_FLOOD,RECOVERY,UDP_FLOOD,4,0.9999858,True,UDP_FLOOD
RUN_037,2026-10-03 21:13:48,2026-10-03 21:13:57,2026-10-03 21:13:57,UDP_FLOOD,RECOVERY,BENIGN,4,0.99998605,True,UDP_FLOOD
RUN_037,2026-10-03 21:13:49,2026-10-03 21:13:58,2026-10-03 21:13:58,UDP_FLOOD,RECOVERY,BENIGN,4,0.9999862,True,UDP_FLOOD
RUN_037,2026-10-03 21:13:50,2026-10-03 21:13:59,2026-10-03 21:13:59,UDP_FLOOD,RECOVERY,BENIGN,4,0.99998593,True,UDP_FLOOD
RUN_046,2026-10-03 21:30:00,2026-10-03 21:30:09,2026-10-03 21:30:09,FLASH_CROWD,NORMAL,BENIGN,0,0.99999785,True,BENIGN
RUN_046,2026-10-03 21:30:01,2026-10-03 21:30:10,2026-10-03 21:30:10,FLASH_CROWD,NORMAL,BENIGN,0,0.99999785,True,BENIGN
RUN_046,2026-10-03 21:30:02,2026-10-03 21:30:11,2026-10-03 21:30:11,FLASH_CROWD,NORMAL,BENIGN,0,0.9999981,True,BENIGN
RUN_046,2026-10-03 21:30:03,2026-10-03 21:30:12,2026-10-03 21:30:12,FLASH_CROWD,NORMAL,BENIGN,0,0.9999981,True,BENIGN
RUN_046,2026-10-03 21:30:04,2026-10-03 21:30:13,2026-10-03 21:30:13,FLASH_CROWD,NORMAL,BENIGN,0,0.99999833,True,BENIGN
RUN_046,2026-10-03 21:30:05,2026-10-03 21:30:14,2026-10-03 21:30:14,FLASH_CROWD,NORMAL,BENIGN,0,0.99999833,True,BENIGN
RUN_046,2026-10-03 21:30:06,2026-10-03 21:30:15,2026-10-03 21:30:15,FLASH_CROWD,NORMAL,BENIGN,0,0.99999833,True,BENIGN
RUN_046,2026-10-03 21:30:07,2026-10-03 21:30:16,2026-10-03 21:30:16,FLASH_CROWD,NORMAL,BENIGN,0,0.99999833,True,BENIGN
RUN_046,2026-10-03 21:30:08,2026-10-03 21:30:17,2026-10-03 21:30:17,FLASH_CROWD,NORMAL,BENIGN,0,0.99999845,True,BENIGN
RUN_046,2026-10-03 21:30:09,2026-10-03 21:30:18,2026-10-03 21:30:18,FLASH_CROWD,NORMAL,BENIGN,0,0.99999833,True,BENIGN
RUN_046,2026-10-03 21:30:10,2026-10-03 21:30:19,2026-10-03 21:30:19,FLASH_CROWD,NORMAL,BENIGN,0,0.99999845,True,BENIGN
RUN_046,2026-10-03 21:30:11,2026-10-03 21:30:20,2026-10-03 21:30:20,FLASH_CROWD,EARLY_CHANGE,BENIGN,0,0.99999845,True,BENIGN
RUN_046,2026-10-03 21:30:12,2026-10-03 21:30:21,2026-10-03 21:30:21,FLASH_CROWD,EARLY_CHANGE,BENIGN,0,0.99999833,True,BENIGN
RUN_046,2026-10-03 21:30:13,2026-10-03 21:30:22,2026-10-03 21:30:22,FLASH_CROWD,EARLY_CHANGE,BENIGN,0,0.9999982,True,BENIGN
RUN_046,2026-10-03 21:30:14,2026-10-03 21:30:23,2026-10-03 21:30:23,FLASH_CROWD,EARLY_CHANGE,BENIGN,0,0.9999981,True,BENIGN
RUN_046,2026-10-03 21:30:15,2026-10-03 21:30:24,2026-10-03 21:30:24,FLASH_CROWD,EARLY_CHANGE,BENIGN,0,0.99999785,True,BENIGN
RUN_046,2026-10-03 21:30:16,2026-10-03 21:30:25,2026-10-03 21:30:25,FLASH_CROWD,EARLY_CHANGE,BENIGN,0,0.999998,True,BENIGN
RUN_046,2026-10-03 21:30:17,2026-10-03 21:30:26,2026-10-03 21:30:26,FLASH_CROWD,EARLY_CHANGE,BENIGN,0,0.9999976,True,BENIGN
RUN_046,2026-10-03 21:30:18,2026-10-03 21:30:27,2026-10-03 21:30:27,FLASH_CROWD,EARLY_CHANGE,BENIGN,0,0.99999785,True,BENIGN
RUN_046,2026-10-03 21:30:19,2026-10-03 21:30:28,2026-10-03 21:30:28,FLASH_CROWD,EARLY_CHANGE,BENIGN,0,0.99999774,True,BENIGN
RUN_046,2026-10-03 21:30:20,2026-10-03 21:30:29,2026-10-03 21:30:29,FLASH_CROWD,EARLY_CHANGE,BENIGN,0,0.9999976,True,BENIGN
RUN_046,2026-10-03 21:30:21,2026-10-03 21:30:30,2026-10-03 21:30:30,FLASH_CROWD,ESCALATION,BENIGN,0,0.9999981,True,BENIGN
RUN_046,2026-10-03 21:30:22,2026-10-03 21:30:31,2026-10-03 21:30:31,FLASH_CROWD,ESCALATION,BENIGN,0,0.99999845,True,BENIGN
RUN_046,2026-10-03 21:30:23,2026-10-03 21:30:32,2026-10-03 21:30:32,FLASH_CROWD,ESCALATION,BENIGN,0,0.99999833,True,BENIGN
RUN_046,2026-10-03 21:30:24,2026-10-03 21:30:33,2026-10-03 21:30:33,FLASH_CROWD,ESCALATION,BENIGN,0,0.99999857,True,BENIGN
RUN_046,2026-10-03 21:30:25,2026-10-03 21:30:34,2026-10-03 21:30:34,FLASH_CROWD,ESCALATION,BENIGN,0,0.99999833,True,BENIGN
RUN_046,2026-10-03 21:30:26,2026-10-03 21:30:35,2026-10-03 21:30:35,FLASH_CROWD,ESCALATION,BENIGN,0,0.99999833,True,BENIGN
RUN_046,2026-10-03 21:30:27,2026-10-03 21:30:36,2026-10-03 21:30:36,FLASH_CROWD,ESCALATION,BENIGN,0,0.9999976,True,BENIGN
RUN_046,2026-10-03 21:30:28,2026-10-03 21:30:37,2026-10-03 21:30:37,FLASH_CROWD,ESCALATION,BENIGN,0,0.9999969,True,BENIGN
RUN_046,2026-10-03 21:30:29,2026-10-03 21:30:38,2026-10-03 21:30:38,FLASH_CROWD,ESCALATION,BENIGN,0,0.9999981,True,BENIGN
RUN_046,2026-10-03 21:30:30,2026-10-03 21:30:39,2026-10-03 21:30:39,FLASH_CROWD,ESCALATION,BENIGN,0,0.999998,True,BENIGN
RUN_046,2026-10-03 21:30:31,2026-10-03 21:30:40,2026-10-03 21:30:40,FLASH_CROWD,ESCALATION,BENIGN,0,0.99999774,True,BENIGN
RUN_046,2026-10-03 21:30:32,2026-10-03 21:30:41,2026-10-03 21:30:41,FLASH_CROWD,ESCALATION,BENIGN,0,0.9999976,True,BENIGN
RUN_046,2026-10-03 21:30:33,2026-10-03 21:30:42,2026-10-03 21:30:42,FLASH_CROWD,ESCALATION,BENIGN,0,0.99999774,True,BENIGN
RUN_046,2026-10-03 21:30:34,2026-10-03 21:30:43,2026-10-03 21:30:43,FLASH_CROWD,ESCALATION,BENIGN,0,0.9999975,True,BENIGN
RUN_046,2026-10-03 21:30:35,2026-10-03 21:30:44,2026-10-03 21:30:44,FLASH_CROWD,ESCALATION,BENIGN,0,0.999997,True,BENIGN
RUN_046,2026-10-03 21:30:36,2026-10-03 21:30:45,2026-10-03 21:30:45,FLASH_CROWD,ESCALATION,BENIGN,0,0.9999974,True,BENIGN
RUN_046,2026-10-03 21:30:37,2026-10-03 21:30:46,2026-10-03 21:30:46,FLASH_CROWD,ESCALATION,BENIGN,0,0.99999714,True,BENIGN
RUN_046,2026-10-03 21:30:38,2026-10-03 21:30:47,2026-10-03 21:30:47,FLASH_CROWD,ESCALATION,BENIGN,0,0.99999714,True,BENIGN
RUN_046,2026-10-03 21:30:39,2026-10-03 21:30:48,2026-10-03 21:30:48,FLASH_CROWD,ESCALATION,BENIGN,0,0.99999714,True,BENIGN
RUN_046,2026-10-03 21:30:40,2026-10-03 21:30:49,2026-10-03 21:30:49,FLASH_CROWD,ESCALATION,BENIGN,0,0.99999726,True,BENIGN
RUN_046,2026-10-03 21:30:41,2026-10-03 21:30:50,2026-10-03 21:30:50,FLASH_CROWD,ESCALATION,BENIGN,0,0.9999974,True,BENIGN
RUN_046,2026-10-03 21:30:42,2026-10-03 21:30:51,2026-10-03 21:30:51,FLASH_CROWD,ESCALATION,BENIGN,0,0.9999974,True,BENIGN
RUN_046,2026-10-03 21:30:43,2026-10-03 21:30:52,2026-10-03 21:30:52,FLASH_CROWD,ESCALATION,BENIGN,0,0.9999975,True,BENIGN
RUN_046,2026-10-03 21:30:44,2026-10-03 21:30:53,2026-10-03 21:30:53,FLASH_CROWD,ESCALATION,BENIGN,0,0.9999974,True,BENIGN
RUN_046,2026-10-03 21:30:45,2026-10-03 21:30:54,2026-10-03 21:30:54,FLASH_CROWD,ESCALATION,BENIGN,0,0.9999974,True,BENIGN
RUN_046,2026-10-03 21:30:46,2026-10-03 21:30:55,2026-10-03 21:30:55,FLASH_CROWD,ESCALATION,BENIGN,0,0.99999774,True,BENIGN
RUN_046,2026-10-03 21:30:47,2026-10-03 21:30:56,2026-10-03 21:30:56,FLASH_CROWD,ESCALATION,BENIGN,0,0.9999976,True,BENIGN
RUN_046,2026-10-03 21:30:48,2026-10-03 21:30:57,2026-10-03 21:30:57,FLASH_CROWD,ESCALATION,BENIGN,0,0.9999976,True,BENIGN
RUN_046,2026-10-03 21:30:49,2026-10-03 21:30:58,2026-10-03 21:30:58,FLASH_CROWD,ESCALATION,BENIGN,0,0.99999714,True,BENIGN
RUN_046,2026-10-03 21:30:50,2026-10-03 21:30:59,2026-10-03 21:30:59,FLASH_CROWD,ESCALATION,BENIGN,0,0.99999714,True,BENIGN
RUN_046,2026-10-03 21:30:51,2026-10-03 21:31:00,2026-10-03 21:31:00,FLASH_CROWD,SUSTAINED,BENIGN,0,0.99999666,True,BENIGN
RUN_046,2026-10-03 21:30:52,2026-10-03 21:31:01,2026-10-03 21:31:01,FLASH_CROWD,SUSTAINED,BENIGN,0,0.9999969,True,BENIGN
RUN_046,2026-10-03 21:30:53,2026-10-03 21:31:02,2026-10-03 21:31:02,FLASH_CROWD,SUSTAINED,BENIGN,0,0.9999956,True,BENIGN
RUN_046,2026-10-03 21:30:54,2026-10-03 21:31:03,2026-10-03 21:31:03,FLASH_CROWD,SUSTAINED,BENIGN,0,0.99999547,True,BENIGN
RUN_046,2026-10-03 21:30:55,2026-10-03 21:31:04,2026-10-03 21:31:04,FLASH_CROWD,SUSTAINED,BENIGN,0,0.99999535,True,BENIGN
RUN_046,2026-10-03 21:30:56,2026-10-03 21:31:05,2026-10-03 21:31:05,FLASH_CROWD,SUSTAINED,BENIGN,0,0.99999404,True,BENIGN
RUN_046,2026-10-03 21:30:57,2026-10-03 21:31:06,2026-10-03 21:31:06,FLASH_CROWD,SUSTAINED,BENIGN,0,0.9999938,True,BENIGN
RUN_046,2026-10-03 21:30:58,2026-10-03 21:31:07,2026-10-03 21:31:07,FLASH_CROWD,SUSTAINED,BENIGN,0,0.9999927,True,BENIGN
RUN_046,2026-10-03 21:30:59,2026-10-03 21:31:08,2026-10-03 21:31:08,FLASH_CROWD,SUSTAINED,BENIGN,0,0.9999926,True,BENIGN
RUN_046,2026-10-03 21:31:00,2026-10-03 21:31:09,2026-10-03 21:31:09,FLASH_CROWD,SUSTAINED,BENIGN,0,0.9999931,True,BENIGN
RUN_046,2026-10-03 21:31:01,2026-10-03 21:31:10,2026-10-03 21:31:10,FLASH_CROWD,SUSTAINED,BENIGN,0,0.9999927,True,BENIGN
RUN_046,2026-10-03 21:31:02,2026-10-03 21:31:11,2026-10-03 21:31:11,FLASH_CROWD,SUSTAINED,BENIGN,0,0.99999225,True,BENIGN
RUN_046,2026-10-03 21:31:03,2026-10-03 21:31:12,2026-10-03 21:31:12,FLASH_CROWD,SUSTAINED,BENIGN,0,0.9999938,True,BENIGN
RUN_046,2026-10-03 21:31:04,2026-10-03 21:31:13,2026-10-03 21:31:13,FLASH_CROWD,SUSTAINED,BENIGN,0,0.9999943,True,BENIGN
RUN_046,2026-10-03 21:31:05,2026-10-03 21:31:14,2026-10-03 21:31:14,FLASH_CROWD,SUSTAINED,BENIGN,0,0.9999945,True,BENIGN
RUN_046,2026-10-03 21:31:06,2026-10-03 21:31:15,2026-10-03 21:31:15,FLASH_CROWD,SUSTAINED,BENIGN,0,0.9999951,True,BENIGN
RUN_046,2026-10-03 21:31:07,2026-10-03 21:31:16,2026-10-03 21:31:16,FLASH_CROWD,SUSTAINED,BENIGN,0,0.99999535,True,BENIGN
RUN_046,2026-10-03 21:31:08,2026-10-03 21:31:17,2026-10-03 21:31:17,FLASH_CROWD,SUSTAINED,BENIGN,0,0.9999958,True,BENIGN
RUN_046,2026-10-03 21:31:09,2026-10-03 21:31:18,2026-10-03 21:31:18,FLASH_CROWD,SUSTAINED,BENIGN,0,0.9999963,True,BENIGN
RUN_046,2026-10-03 21:31:10,2026-10-03 21:31:19,2026-10-03 21:31:19,FLASH_CROWD,SUSTAINED,BENIGN,0,0.9999962,True,BENIGN
RUN_046,2026-10-03 21:31:11,2026-10-03 21:31:20,2026-10-03 21:31:20,FLASH_CROWD,SUSTAINED,BENIGN,0,0.9999964,True,BENIGN
RUN_046,2026-10-03 21:31:12,2026-10-03 21:31:21,2026-10-03 21:31:21,FLASH_CROWD,SUSTAINED,BENIGN,0,0.9999963,True,BENIGN
RUN_046,2026-10-03 21:31:13,2026-10-03 21:31:22,2026-10-03 21:31:22,FLASH_CROWD,SUSTAINED,BENIGN,0,0.9999963,True,BENIGN
RUN_046,2026-10-03 21:31:14,2026-10-03 21:31:23,2026-10-03 21:31:23,FLASH_CROWD,SUSTAINED,BENIGN,0,0.9999962,True,BENIGN
RUN_046,2026-10-03 21:31:15,2026-10-03 21:31:24,2026-10-03 21:31:24,FLASH_CROWD,SUSTAINED,BENIGN,0,0.9999958,True,BENIGN
RUN_046,2026-10-03 21:31:16,2026-10-03 21:31:25,2026-10-03 21:31:25,FLASH_CROWD,SUSTAINED,BENIGN,0,0.9999957,True,BENIGN
RUN_046,2026-10-03 21:31:17,2026-10-03 21:31:26,2026-10-03 21:31:26,FLASH_CROWD,SUSTAINED,BENIGN,0,0.99999535,True,BENIGN
RUN_046,2026-10-03 21:31:18,2026-10-03 21:31:27,2026-10-03 21:31:27,FLASH_CROWD,SUSTAINED,BENIGN,0,0.99999523,True,BENIGN
RUN_046,2026-10-03 21:31:19,2026-10-03 21:31:28,2026-10-03 21:31:28,FLASH_CROWD,SUSTAINED,BENIGN,0,0.99999535,True,BENIGN
RUN_046,2026-10-03 21:31:20,2026-10-03 21:31:29,2026-10-03 21:31:29,FLASH_CROWD,SUSTAINED,BENIGN,0,0.9999957,True,BENIGN
RUN_046,2026-10-03 21:31:21,2026-10-03 21:31:30,2026-10-03 21:31:30,FLASH_CROWD,DECAY,BENIGN,0,0.9999958,True,BENIGN
RUN_046,2026-10-03 21:31:22,2026-10-03 21:31:31,2026-10-03 21:31:31,FLASH_CROWD,DECAY,BENIGN,0,0.9999957,True,BENIGN
RUN_046,2026-10-03 21:31:23,2026-10-03 21:31:32,2026-10-03 21:31:32,FLASH_CROWD,DECAY,BENIGN,0,0.9999962,True,BENIGN
RUN_046,2026-10-03 21:31:24,2026-10-03 21:31:33,2026-10-03 21:31:33,FLASH_CROWD,DECAY,BENIGN,0,0.9999962,True,BENIGN
RUN_046,2026-10-03 21:31:25,2026-10-03 21:31:34,2026-10-03 21:31:34,FLASH_CROWD,DECAY,BENIGN,0,0.9999962,True,BENIGN
RUN_046,2026-10-03 21:31:26,2026-10-03 21:31:35,2026-10-03 21:31:35,FLASH_CROWD,DECAY,BENIGN,0,0.9999963,True,BENIGN
RUN_046,2026-10-03 21:31:27,2026-10-03 21:31:36,2026-10-03 21:31:36,FLASH_CROWD,DECAY,BENIGN,0,0.99999654,True,BENIGN
RUN_046,2026-10-03 21:31:28,2026-10-03 21:31:37,2026-10-03 21:31:37,FLASH_CROWD,DECAY,BENIGN,0,0.9999964,True,BENIGN
RUN_046,2026-10-03 21:31:29,2026-10-03 21:31:38,2026-10-03 21:31:38,FLASH_CROWD,DECAY,BENIGN,0,0.99999654,True,BENIGN
RUN_046,2026-10-03 21:31:30,2026-10-03 21:31:39,2026-10-03 21:31:39,FLASH_CROWD,DECAY,BENIGN,0,0.9999968,True,BENIGN
RUN_046,2026-10-03 21:31:31,2026-10-03 21:31:40,2026-10-03 21:31:40,FLASH_CROWD,DECAY,BENIGN,0,0.999997,True,BENIGN
RUN_046,2026-10-03 21:31:32,2026-10-03 21:31:41,2026-10-03 21:31:41,FLASH_CROWD,DECAY,BENIGN,0,0.999997,True,BENIGN
RUN_046,2026-10-03 21:31:33,2026-10-03 21:31:42,2026-10-03 21:31:42,FLASH_CROWD,DECAY,BENIGN,0,0.999997,True,BENIGN
RUN_046,2026-10-03 21:31:34,2026-10-03 21:31:43,2026-10-03 21:31:43,FLASH_CROWD,DECAY,BENIGN,0,0.999997,True,BENIGN
RUN_046,2026-10-03 21:31:35,2026-10-03 21:31:44,2026-10-03 21:31:44,FLASH_CROWD,DECAY,BENIGN,0,0.999997,True,BENIGN
RUN_046,2026-10-03 21:31:36,2026-10-03 21:31:45,2026-10-03 21:31:45,FLASH_CROWD,DECAY,BENIGN,0,0.99999726,True,BENIGN
RUN_046,2026-10-03 21:31:37,2026-10-03 21:31:46,2026-10-03 21:31:46,FLASH_CROWD,DECAY,BENIGN,0,0.9999975,True,BENIGN
RUN_046,2026-10-03 21:31:38,2026-10-03 21:31:47,2026-10-03 21:31:47,FLASH_CROWD,DECAY,BENIGN,0,0.99999726,True,BENIGN
RUN_046,2026-10-03 21:31:39,2026-10-03 21:31:48,2026-10-03 21:31:48,FLASH_CROWD,DECAY,BENIGN,0,0.99999714,True,BENIGN
RUN_046,2026-10-03 21:31:40,2026-10-03 21:31:49,2026-10-03 21:31:49,FLASH_CROWD,DECAY,BENIGN,0,0.9999976,True,BENIGN
RUN_046,2026-10-03 21:31:41,2026-10-03 21:31:50,2026-10-03 21:31:50,FLASH_CROWD,RECOVERY,BENIGN,0,0.9999982,True,BENIGN
RUN_046,2026-10-03 21:31:42,2026-10-03 21:31:51,2026-10-03 21:31:51,FLASH_CROWD,RECOVERY,BENIGN,0,0.99999833,True,BENIGN
RUN_046,2026-10-03 21:31:43,2026-10-03 21:31:52,2026-10-03 21:31:52,FLASH_CROWD,RECOVERY,BENIGN,0,0.99999833,True,BENIGN
RUN_046,2026-10-03 21:31:44,2026-10-03 21:31:53,2026-10-03 21:31:53,FLASH_CROWD,RECOVERY,BENIGN,0,0.9999981,True,BENIGN
RUN_046,2026-10-03 21:31:45,2026-10-03 21:31:54,2026-10-03 21:31:54,FLASH_CROWD,RECOVERY,BENIGN,0,0.9999981,True,BENIGN
RUN_046,2026-10-03 21:31:46,2026-10-03 21:31:55,2026-10-03 21:31:55,FLASH_CROWD,RECOVERY,BENIGN,0,0.9999981,True,BENIGN
RUN_046,2026-10-03 21:31:47,2026-10-03 21:31:56,2026-10-03 21:31:56,FLASH_CROWD,RECOVERY,BENIGN,0,0.9999981,True,BENIGN
RUN_046,2026-10-03 21:31:48,2026-10-03 21:31:57,2026-10-03 21:31:57,FLASH_CROWD,RECOVERY,BENIGN,0,0.9999982,True,BENIGN
RUN_046,2026-10-03 21:31:49,2026-10-03 21:31:58,2026-10-03 21:31:58,FLASH_CROWD,RECOVERY,BENIGN,0,0.9999982,True,BENIGN
RUN_046,2026-10-03 21:31:50,2026-10-03 21:31:59,2026-10-03 21:31:59,FLASH_CROWD,RECOVERY,BENIGN,0,0.99999833,True,BENIGN
RUN_056,2026-10-03 21:50:00,2026-10-03 21:50:09,2026-10-03 21:50:09,NORMAL,NORMAL,BENIGN,0,0.9999851,True,BENIGN
RUN_056,2026-10-03 21:50:01,2026-10-03 21:50:10,2026-10-03 21:50:10,NORMAL,NORMAL,BENIGN,0,0.9999963,True,BENIGN
RUN_056,2026-10-03 21:50:02,2026-10-03 21:50:11,2026-10-03 21:50:11,NORMAL,NORMAL,BENIGN,0,0.9999932,True,BENIGN
RUN_056,2026-10-03 21:50:03,2026-10-03 21:50:12,2026-10-03 21:50:12,NORMAL,NORMAL,BENIGN,0,0.999997,True,BENIGN
RUN_056,2026-10-03 21:50:04,2026-10-03 21:50:13,2026-10-03 21:50:13,NORMAL,NORMAL,BENIGN,0,0.9999976,True,BENIGN
RUN_056,2026-10-03 21:50:05,2026-10-03 21:50:14,2026-10-03 21:50:14,NORMAL,NORMAL,BENIGN,0,0.9999982,True,BENIGN
RUN_056,2026-10-03 21:50:06,2026-10-03 21:50:15,2026-10-03 21:50:15,NORMAL,NORMAL,BENIGN,0,0.9999976,True,BENIGN
RUN_056,2026-10-03 21:50:07,2026-10-03 21:50:16,2026-10-03 21:50:16,NORMAL,NORMAL,BENIGN,0,0.99999714,True,BENIGN
RUN_056,2026-10-03 21:50:08,2026-10-03 21:50:17,2026-10-03 21:50:17,NORMAL,NORMAL,BENIGN,0,0.999998,True,BENIGN
RUN_056,2026-10-03 21:50:09,2026-10-03 21:50:18,2026-10-03 21:50:18,NORMAL,NORMAL,BENIGN,0,0.9999975,True,BENIGN
RUN_056,2026-10-03 21:50:10,2026-10-03 21:50:19,2026-10-03 21:50:19,NORMAL,NORMAL,BENIGN,0,0.99999785,True,BENIGN
RUN_056,2026-10-03 21:50:11,2026-10-03 21:50:20,2026-10-03 21:50:20,NORMAL,EARLY_CHANGE,BENIGN,0,0.9999958,True,BENIGN
RUN_056,2026-10-03 21:50:12,2026-10-03 21:50:21,2026-10-03 21:50:21,NORMAL,EARLY_CHANGE,BENIGN,0,0.99999774,True,BENIGN
RUN_056,2026-10-03 21:50:13,2026-10-03 21:50:22,2026-10-03 21:50:22,NORMAL,EARLY_CHANGE,BENIGN,0,0.99999785,True,BENIGN
RUN_056,2026-10-03 21:50:14,2026-10-03 21:50:23,2026-10-03 21:50:23,NORMAL,EARLY_CHANGE,BENIGN,0,0.9999974,True,BENIGN
RUN_056,2026-10-03 21:50:15,2026-10-03 21:50:24,2026-10-03 21:50:24,NORMAL,EARLY_CHANGE,BENIGN,0,0.9999969,True,BENIGN
RUN_056,2026-10-03 21:50:16,2026-10-03 21:50:25,2026-10-03 21:50:25,NORMAL,EARLY_CHANGE,BENIGN,0,0.99999726,True,BENIGN
RUN_056,2026-10-03 21:50:17,2026-10-03 21:50:26,2026-10-03 21:50:26,NORMAL,EARLY_CHANGE,BENIGN,0,0.99999833,True,BENIGN
RUN_056,2026-10-03 21:50:18,2026-10-03 21:50:27,2026-10-03 21:50:27,NORMAL,EARLY_CHANGE,BENIGN,0,0.99999845,True,BENIGN
RUN_056,2026-10-03 21:50:19,2026-10-03 21:50:28,2026-10-03 21:50:28,NORMAL,EARLY_CHANGE,BENIGN,0,0.99999857,True,BENIGN
RUN_056,2026-10-03 21:50:20,2026-10-03 21:50:29,2026-10-03 21:50:29,NORMAL,EARLY_CHANGE,BENIGN,0,0.99999857,True,BENIGN
RUN_056,2026-10-03 21:50:21,2026-10-03 21:50:30,2026-10-03 21:50:30,NORMAL,ESCALATION,BENIGN,0,0.9999987,True,BENIGN
RUN_056,2026-10-03 21:50:22,2026-10-03 21:50:31,2026-10-03 21:50:31,NORMAL,ESCALATION,BENIGN,0,0.99999857,True,BENIGN
RUN_056,2026-10-03 21:50:23,2026-10-03 21:50:32,2026-10-03 21:50:32,NORMAL,ESCALATION,BENIGN,0,0.99999857,True,BENIGN
RUN_056,2026-10-03 21:50:24,2026-10-03 21:50:33,2026-10-03 21:50:33,NORMAL,ESCALATION,BENIGN,0,0.9999987,True,BENIGN
RUN_056,2026-10-03 21:50:25,2026-10-03 21:50:34,2026-10-03 21:50:34,NORMAL,ESCALATION,BENIGN,0,0.9999989,True,BENIGN
RUN_056,2026-10-03 21:50:26,2026-10-03 21:50:35,2026-10-03 21:50:35,NORMAL,ESCALATION,BENIGN,0,0.99999833,True,BENIGN
RUN_056,2026-10-03 21:50:27,2026-10-03 21:50:36,2026-10-03 21:50:36,NORMAL,ESCALATION,BENIGN,0,0.9999982,True,BENIGN
RUN_056,2026-10-03 21:50:28,2026-10-03 21:50:37,2026-10-03 21:50:37,NORMAL,ESCALATION,BENIGN,0,0.999997,True,BENIGN
RUN_056,2026-10-03 21:50:29,2026-10-03 21:50:38,2026-10-03 21:50:38,NORMAL,ESCALATION,BENIGN,0,0.9999982,True,BENIGN
RUN_056,2026-10-03 21:50:30,2026-10-03 21:50:39,2026-10-03 21:50:39,NORMAL,ESCALATION,BENIGN,0,0.9999982,True,BENIGN
RUN_056,2026-10-03 21:50:31,2026-10-03 21:50:40,2026-10-03 21:50:40,NORMAL,ESCALATION,BENIGN,0,0.9999981,True,BENIGN
RUN_056,2026-10-03 21:50:32,2026-10-03 21:50:41,2026-10-03 21:50:41,NORMAL,ESCALATION,BENIGN,0,0.9999982,True,BENIGN
RUN_056,2026-10-03 21:50:33,2026-10-03 21:50:42,2026-10-03 21:50:42,NORMAL,ESCALATION,BENIGN,0,0.999998,True,BENIGN
RUN_056,2026-10-03 21:50:34,2026-10-03 21:50:43,2026-10-03 21:50:43,NORMAL,ESCALATION,BENIGN,0,0.999997,True,BENIGN
RUN_056,2026-10-03 21:50:35,2026-10-03 21:50:44,2026-10-03 21:50:44,NORMAL,ESCALATION,BENIGN,0,0.9999969,True,BENIGN
RUN_056,2026-10-03 21:50:36,2026-10-03 21:50:45,2026-10-03 21:50:45,NORMAL,ESCALATION,BENIGN,0,0.999998,True,BENIGN
RUN_056,2026-10-03 21:50:37,2026-10-03 21:50:46,2026-10-03 21:50:46,NORMAL,ESCALATION,BENIGN,0,0.999998,True,BENIGN
RUN_056,2026-10-03 21:50:38,2026-10-03 21:50:47,2026-10-03 21:50:47,NORMAL,ESCALATION,BENIGN,0,0.99999845,True,BENIGN
RUN_056,2026-10-03 21:50:39,2026-10-03 21:50:48,2026-10-03 21:50:48,NORMAL,ESCALATION,BENIGN,0,0.99999845,True,BENIGN
RUN_056,2026-10-03 21:50:40,2026-10-03 21:50:49,2026-10-03 21:50:49,NORMAL,ESCALATION,BENIGN,0,0.99999857,True,BENIGN
RUN_056,2026-10-03 21:50:41,2026-10-03 21:50:50,2026-10-03 21:50:50,NORMAL,ESCALATION,BENIGN,0,0.99999845,True,BENIGN
RUN_056,2026-10-03 21:50:42,2026-10-03 21:50:51,2026-10-03 21:50:51,NORMAL,ESCALATION,BENIGN,0,0.99999857,True,BENIGN
RUN_056,2026-10-03 21:50:43,2026-10-03 21:50:52,2026-10-03 21:50:52,NORMAL,ESCALATION,BENIGN,0,0.99999833,True,BENIGN
RUN_056,2026-10-03 21:50:44,2026-10-03 21:50:53,2026-10-03 21:50:53,NORMAL,ESCALATION,BENIGN,0,0.9999982,True,BENIGN
RUN_056,2026-10-03 21:50:45,2026-10-03 21:50:54,2026-10-03 21:50:54,NORMAL,ESCALATION,BENIGN,0,0.99999774,True,BENIGN
RUN_056,2026-10-03 21:50:46,2026-10-03 21:50:55,2026-10-03 21:50:55,NORMAL,ESCALATION,BENIGN,0,0.9999982,True,BENIGN
RUN_056,2026-10-03 21:50:47,2026-10-03 21:50:56,2026-10-03 21:50:56,NORMAL,ESCALATION,BENIGN,0,0.99999785,True,BENIGN
RUN_056,2026-10-03 21:50:48,2026-10-03 21:50:57,2026-10-03 21:50:57,NORMAL,ESCALATION,BENIGN,0,0.99999833,True,BENIGN
RUN_056,2026-10-03 21:50:49,2026-10-03 21:50:58,2026-10-03 21:50:58,NORMAL,ESCALATION,BENIGN,0,0.99999857,True,BENIGN
RUN_056,2026-10-03 21:50:50,2026-10-03 21:50:59,2026-10-03 21:50:59,NORMAL,ESCALATION,BENIGN,0,0.99999857,True,BENIGN
RUN_056,2026-10-03 21:50:51,2026-10-03 21:51:00,2026-10-03 21:51:00,NORMAL,SUSTAINED,BENIGN,0,0.9999987,True,BENIGN
RUN_056,2026-10-03 21:50:52,2026-10-03 21:51:01,2026-10-03 21:51:01,NORMAL,SUSTAINED,BENIGN,0,0.99999845,True,BENIGN
RUN_056,2026-10-03 21:50:53,2026-10-03 21:51:02,2026-10-03 21:51:02,NORMAL,SUSTAINED,BENIGN,0,0.9999987,True,BENIGN
RUN_056,2026-10-03 21:50:54,2026-10-03 21:51:03,2026-10-03 21:51:03,NORMAL,SUSTAINED,BENIGN,0,0.99999857,True,BENIGN
RUN_056,2026-10-03 21:50:55,2026-10-03 21:51:04,2026-10-03 21:51:04,NORMAL,SUSTAINED,BENIGN,0,0.99999857,True,BENIGN
RUN_056,2026-10-03 21:50:56,2026-10-03 21:51:05,2026-10-03 21:51:05,NORMAL,SUSTAINED,BENIGN,0,0.999998,True,BENIGN
RUN_056,2026-10-03 21:50:57,2026-10-03 21:51:06,2026-10-03 21:51:06,NORMAL,SUSTAINED,BENIGN,0,0.99999833,True,BENIGN
RUN_056,2026-10-03 21:50:58,2026-10-03 21:51:07,2026-10-03 21:51:07,NORMAL,SUSTAINED,BENIGN,0,0.99999833,True,BENIGN
RUN_056,2026-10-03 21:50:59,2026-10-03 21:51:08,2026-10-03 21:51:08,NORMAL,SUSTAINED,BENIGN,0,0.99999785,True,BENIGN
RUN_056,2026-10-03 21:51:00,2026-10-03 21:51:09,2026-10-03 21:51:09,NORMAL,SUSTAINED,BENIGN,0,0.99999833,True,BENIGN
RUN_056,2026-10-03 21:51:01,2026-10-03 21:51:10,2026-10-03 21:51:10,NORMAL,SUSTAINED,BENIGN,0,0.9999974,True,BENIGN
RUN_056,2026-10-03 21:51:02,2026-10-03 21:51:11,2026-10-03 21:51:11,NORMAL,SUSTAINED,BENIGN,0,0.999998,True,BENIGN
RUN_056,2026-10-03 21:51:03,2026-10-03 21:51:12,2026-10-03 21:51:12,NORMAL,SUSTAINED,BENIGN,0,0.9999976,True,BENIGN
RUN_056,2026-10-03 21:51:04,2026-10-03 21:51:13,2026-10-03 21:51:13,NORMAL,SUSTAINED,BENIGN,0,0.9999974,True,BENIGN
RUN_056,2026-10-03 21:51:05,2026-10-03 21:51:14,2026-10-03 21:51:14,NORMAL,SUSTAINED,BENIGN,0,0.9999974,True,BENIGN
RUN_056,2026-10-03 21:51:06,2026-10-03 21:51:15,2026-10-03 21:51:15,NORMAL,SUSTAINED,BENIGN,0,0.99999714,True,BENIGN
RUN_056,2026-10-03 21:51:07,2026-10-03 21:51:16,2026-10-03 21:51:16,NORMAL,SUSTAINED,BENIGN,0,0.9999962,True,BENIGN
RUN_056,2026-10-03 21:51:08,2026-10-03 21:51:17,2026-10-03 21:51:17,NORMAL,SUSTAINED,BENIGN,0,0.99999547,True,BENIGN
RUN_056,2026-10-03 21:51:09,2026-10-03 21:51:18,2026-10-03 21:51:18,NORMAL,SUSTAINED,BENIGN,0,0.99999714,True,BENIGN
RUN_056,2026-10-03 21:51:10,2026-10-03 21:51:19,2026-10-03 21:51:19,NORMAL,SUSTAINED,BENIGN,0,0.9999975,True,BENIGN
RUN_056,2026-10-03 21:51:11,2026-10-03 21:51:20,2026-10-03 21:51:20,NORMAL,SUSTAINED,BENIGN,0,0.999998,True,BENIGN
RUN_056,2026-10-03 21:51:12,2026-10-03 21:51:21,2026-10-03 21:51:21,NORMAL,SUSTAINED,BENIGN,0,0.999998,True,BENIGN
RUN_056,2026-10-03 21:51:13,2026-10-03 21:51:22,2026-10-03 21:51:22,NORMAL,SUSTAINED,BENIGN,0,0.999998,True,BENIGN
RUN_056,2026-10-03 21:51:14,2026-10-03 21:51:23,2026-10-03 21:51:23,NORMAL,SUSTAINED,BENIGN,0,0.9999981,True,BENIGN
RUN_056,2026-10-03 21:51:15,2026-10-03 21:51:24,2026-10-03 21:51:24,NORMAL,SUSTAINED,BENIGN,0,0.9999976,True,BENIGN
RUN_056,2026-10-03 21:51:16,2026-10-03 21:51:25,2026-10-03 21:51:25,NORMAL,SUSTAINED,BENIGN,0,0.999998,True,BENIGN
RUN_056,2026-10-03 21:51:17,2026-10-03 21:51:26,2026-10-03 21:51:26,NORMAL,SUSTAINED,BENIGN,0,0.99999654,True,BENIGN
RUN_056,2026-10-03 21:51:18,2026-10-03 21:51:27,2026-10-03 21:51:27,NORMAL,SUSTAINED,BENIGN,0,0.99999523,True,BENIGN
RUN_056,2026-10-03 21:51:19,2026-10-03 21:51:28,2026-10-03 21:51:28,NORMAL,SUSTAINED,BENIGN,0,0.9999951,True,BENIGN
RUN_056,2026-10-03 21:51:20,2026-10-03 21:51:29,2026-10-03 21:51:29,NORMAL,SUSTAINED,BENIGN,0,0.99998844,True,BENIGN
RUN_056,2026-10-03 21:51:21,2026-10-03 21:51:30,2026-10-03 21:51:30,NORMAL,DECAY,BENIGN,0,0.9999925,True,BENIGN
RUN_056,2026-10-03 21:51:22,2026-10-03 21:51:31,2026-10-03 21:51:31,NORMAL,DECAY,BENIGN,0,0.9999949,True,BENIGN
RUN_056,2026-10-03 21:51:23,2026-10-03 21:51:32,2026-10-03 21:51:32,NORMAL,DECAY,BENIGN,0,0.999995,True,BENIGN
RUN_056,2026-10-03 21:51:24,2026-10-03 21:51:33,2026-10-03 21:51:33,NORMAL,DECAY,BENIGN,0,0.9999913,True,BENIGN
RUN_056,2026-10-03 21:51:25,2026-10-03 21:51:34,2026-10-03 21:51:34,NORMAL,DECAY,BENIGN,0,0.99998736,True,BENIGN
RUN_056,2026-10-03 21:51:26,2026-10-03 21:51:35,2026-10-03 21:51:35,NORMAL,DECAY,BENIGN,0,0.9999951,True,BENIGN
RUN_056,2026-10-03 21:51:27,2026-10-03 21:51:36,2026-10-03 21:51:36,NORMAL,DECAY,BENIGN,0,0.9999968,True,BENIGN
RUN_056,2026-10-03 21:51:28,2026-10-03 21:51:37,2026-10-03 21:51:37,NORMAL,DECAY,BENIGN,0,0.99999654,True,BENIGN
RUN_056,2026-10-03 21:51:29,2026-10-03 21:51:38,2026-10-03 21:51:38,NORMAL,DECAY,BENIGN,0,0.99999785,True,BENIGN
RUN_056,2026-10-03 21:51:30,2026-10-03 21:51:39,2026-10-03 21:51:39,NORMAL,DECAY,BENIGN,0,0.9999982,True,BENIGN
RUN_056,2026-10-03 21:51:31,2026-10-03 21:51:40,2026-10-03 21:51:40,NORMAL,DECAY,BENIGN,0,0.999998,True,BENIGN
RUN_056,2026-10-03 21:51:32,2026-10-03 21:51:41,2026-10-03 21:51:41,NORMAL,DECAY,BENIGN,0,0.99999774,True,BENIGN
RUN_056,2026-10-03 21:51:33,2026-10-03 21:51:42,2026-10-03 21:51:42,NORMAL,DECAY,BENIGN,0,0.9999957,True,BENIGN
RUN_056,2026-10-03 21:51:34,2026-10-03 21:51:43,2026-10-03 21:51:43,NORMAL,DECAY,BENIGN,0,0.99999833,True,BENIGN
RUN_056,2026-10-03 21:51:35,2026-10-03 21:51:44,2026-10-03 21:51:44,NORMAL,DECAY,BENIGN,0,0.99999845,True,BENIGN
RUN_056,2026-10-03 21:51:36,2026-10-03 21:51:45,2026-10-03 21:51:45,NORMAL,DECAY,BENIGN,0,0.99999785,True,BENIGN
RUN_056,2026-10-03 21:51:37,2026-10-03 21:51:46,2026-10-03 21:51:46,NORMAL,DECAY,BENIGN,0,0.99999833,True,BENIGN
RUN_056,2026-10-03 21:51:38,2026-10-03 21:51:47,2026-10-03 21:51:47,NORMAL,DECAY,BENIGN,0,0.99999845,True,BENIGN
RUN_056,2026-10-03 21:51:39,2026-10-03 21:51:48,2026-10-03 21:51:48,NORMAL,DECAY,BENIGN,0,0.9999975,True,BENIGN
RUN_056,2026-10-03 21:51:40,2026-10-03 21:51:49,2026-10-03 21:51:49,NORMAL,DECAY,BENIGN,0,0.9999974,True,BENIGN
RUN_056,2026-10-03 21:51:41,2026-10-03 21:51:50,2026-10-03 21:51:50,NORMAL,RECOVERY,BENIGN,0,0.99999785,True,BENIGN
RUN_056,2026-10-03 21:51:42,2026-10-03 21:51:51,2026-10-03 21:51:51,NORMAL,RECOVERY,BENIGN,0,0.9999982,True,BENIGN
RUN_056,2026-10-03 21:51:43,2026-10-03 21:51:52,2026-10-03 21:51:52,NORMAL,RECOVERY,BENIGN,0,0.9999987,True,BENIGN
RUN_056,2026-10-03 21:51:44,2026-10-03 21:51:53,2026-10-03 21:51:53,NORMAL,RECOVERY,BENIGN,0,0.99999833,True,BENIGN
RUN_056,2026-10-03 21:51:45,2026-10-03 21:51:54,2026-10-03 21:51:54,NORMAL,RECOVERY,BENIGN,0,0.9999987,True,BENIGN
RUN_056,2026-10-03 21:51:46,2026-10-03 21:51:55,2026-10-03 21:51:55,NORMAL,RECOVERY,BENIGN,0,0.99999845,True,BENIGN
RUN_056,2026-10-03 21:51:47,2026-10-03 21:51:56,2026-10-03 21:51:56,NORMAL,RECOVERY,BENIGN,0,0.999998,True,BENIGN
RUN_056,2026-10-03 21:51:48,2026-10-03 21:51:57,2026-10-03 21:51:57,NORMAL,RECOVERY,BENIGN,0,0.99999714,True,BENIGN
RUN_056,2026-10-03 21:51:49,2026-10-03 21:51:58,2026-10-03 21:51:58,NORMAL,RECOVERY,BENIGN,0,0.99999833,True,BENIGN
RUN_056,2026-10-03 21:51:50,2026-10-03 21:51:59,2026-10-03 21:51:59,NORMAL,RECOVERY,BENIGN,0,0.9999976,True,BENIGN
RUN_057,2026-10-03 21:52:00,2026-10-03 21:52:09,2026-10-03 21:52:09,NORMAL,NORMAL,BENIGN,0,0.9999962,True,BENIGN
RUN_057,2026-10-03 21:52:01,2026-10-03 21:52:10,2026-10-03 21:52:10,NORMAL,NORMAL,BENIGN,0,0.9999975,True,BENIGN
RUN_057,2026-10-03 21:52:02,2026-10-03 21:52:11,2026-10-03 21:52:11,NORMAL,NORMAL,BENIGN,0,0.9999964,True,BENIGN
RUN_057,2026-10-03 21:52:03,2026-10-03 21:52:12,2026-10-03 21:52:12,NORMAL,NORMAL,BENIGN,0,0.9999729,True,BENIGN
RUN_057,2026-10-03 21:52:04,2026-10-03 21:52:13,2026-10-03 21:52:13,NORMAL,NORMAL,BENIGN,0,0.99999106,True,BENIGN
RUN_057,2026-10-03 21:52:05,2026-10-03 21:52:14,2026-10-03 21:52:14,NORMAL,NORMAL,BENIGN,0,0.9999918,True,BENIGN
RUN_057,2026-10-03 21:52:06,2026-10-03 21:52:15,2026-10-03 21:52:15,NORMAL,NORMAL,BENIGN,0,0.99999464,True,BENIGN
RUN_057,2026-10-03 21:52:07,2026-10-03 21:52:16,2026-10-03 21:52:16,NORMAL,NORMAL,BENIGN,0,0.99999595,True,BENIGN
RUN_057,2026-10-03 21:52:08,2026-10-03 21:52:17,2026-10-03 21:52:17,NORMAL,NORMAL,BENIGN,0,0.9999951,True,BENIGN
RUN_057,2026-10-03 21:52:09,2026-10-03 21:52:18,2026-10-03 21:52:18,NORMAL,NORMAL,BENIGN,0,0.99999654,True,BENIGN
RUN_057,2026-10-03 21:52:10,2026-10-03 21:52:19,2026-10-03 21:52:19,NORMAL,NORMAL,BENIGN,0,0.999997,True,BENIGN
RUN_057,2026-10-03 21:52:11,2026-10-03 21:52:20,2026-10-03 21:52:20,NORMAL,EARLY_CHANGE,BENIGN,0,0.99999166,True,BENIGN
RUN_057,2026-10-03 21:52:12,2026-10-03 21:52:21,2026-10-03 21:52:21,NORMAL,EARLY_CHANGE,BENIGN,0,0.99999726,True,BENIGN
RUN_057,2026-10-03 21:52:13,2026-10-03 21:52:22,2026-10-03 21:52:22,NORMAL,EARLY_CHANGE,BENIGN,0,0.99999857,True,BENIGN
RUN_057,2026-10-03 21:52:14,2026-10-03 21:52:23,2026-10-03 21:52:23,NORMAL,EARLY_CHANGE,BENIGN,0,0.99999845,True,BENIGN
RUN_057,2026-10-03 21:52:15,2026-10-03 21:52:24,2026-10-03 21:52:24,NORMAL,EARLY_CHANGE,BENIGN,0,0.99999845,True,BENIGN
RUN_057,2026-10-03 21:52:16,2026-10-03 21:52:25,2026-10-03 21:52:25,NORMAL,EARLY_CHANGE,BENIGN,0,0.99999845,True,BENIGN
RUN_057,2026-10-03 21:52:17,2026-10-03 21:52:26,2026-10-03 21:52:26,NORMAL,EARLY_CHANGE,BENIGN,0,0.99999845,True,BENIGN
RUN_057,2026-10-03 21:52:18,2026-10-03 21:52:27,2026-10-03 21:52:27,NORMAL,EARLY_CHANGE,BENIGN,0,0.99999857,True,BENIGN
RUN_057,2026-10-03 21:52:19,2026-10-03 21:52:28,2026-10-03 21:52:28,NORMAL,EARLY_CHANGE,BENIGN,0,0.9999981,True,BENIGN
RUN_057,2026-10-03 21:52:20,2026-10-03 21:52:29,2026-10-03 21:52:29,NORMAL,EARLY_CHANGE,BENIGN,0,0.9999981,True,BENIGN
RUN_057,2026-10-03 21:52:21,2026-10-03 21:52:30,2026-10-03 21:52:30,NORMAL,ESCALATION,BENIGN,0,0.9999987,True,BENIGN
RUN_057,2026-10-03 21:52:22,2026-10-03 21:52:31,2026-10-03 21:52:31,NORMAL,ESCALATION,BENIGN,0,0.99999833,True,BENIGN
RUN_057,2026-10-03 21:52:23,2026-10-03 21:52:32,2026-10-03 21:52:32,NORMAL,ESCALATION,BENIGN,0,0.9999982,True,BENIGN
RUN_057,2026-10-03 21:52:24,2026-10-03 21:52:33,2026-10-03 21:52:33,NORMAL,ESCALATION,BENIGN,0,0.99999774,True,BENIGN
RUN_057,2026-10-03 21:52:25,2026-10-03 21:52:34,2026-10-03 21:52:34,NORMAL,ESCALATION,BENIGN,0,0.99999654,True,BENIGN
RUN_057,2026-10-03 21:52:26,2026-10-03 21:52:35,2026-10-03 21:52:35,NORMAL,ESCALATION,BENIGN,0,0.9999957,True,BENIGN
RUN_057,2026-10-03 21:52:27,2026-10-03 21:52:36,2026-10-03 21:52:36,NORMAL,ESCALATION,BENIGN,0,0.9999888,True,BENIGN
RUN_057,2026-10-03 21:52:28,2026-10-03 21:52:37,2026-10-03 21:52:37,NORMAL,ESCALATION,BENIGN,0,0.99999654,True,BENIGN
RUN_057,2026-10-03 21:52:29,2026-10-03 21:52:38,2026-10-03 21:52:38,NORMAL,ESCALATION,BENIGN,0,0.99999404,True,BENIGN
RUN_057,2026-10-03 21:52:30,2026-10-03 21:52:39,2026-10-03 21:52:39,NORMAL,ESCALATION,BENIGN,0,0.9999895,True,BENIGN
RUN_057,2026-10-03 21:52:31,2026-10-03 21:52:40,2026-10-03 21:52:40,NORMAL,ESCALATION,BENIGN,0,0.99998903,True,BENIGN
RUN_057,2026-10-03 21:52:32,2026-10-03 21:52:41,2026-10-03 21:52:41,NORMAL,ESCALATION,BENIGN,0,0.9999932,True,BENIGN
RUN_057,2026-10-03 21:52:33,2026-10-03 21:52:42,2026-10-03 21:52:42,NORMAL,ESCALATION,BENIGN,0,0.9999945,True,BENIGN
RUN_057,2026-10-03 21:52:34,2026-10-03 21:52:43,2026-10-03 21:52:43,NORMAL,ESCALATION,BENIGN,0,0.999997,True,BENIGN
RUN_057,2026-10-03 21:52:35,2026-10-03 21:52:44,2026-10-03 21:52:44,NORMAL,ESCALATION,BENIGN,0,0.99999726,True,BENIGN
RUN_057,2026-10-03 21:52:36,2026-10-03 21:52:45,2026-10-03 21:52:45,NORMAL,ESCALATION,BENIGN,0,0.99999833,True,BENIGN
RUN_057,2026-10-03 21:52:37,2026-10-03 21:52:46,2026-10-03 21:52:46,NORMAL,ESCALATION,BENIGN,0,0.9999981,True,BENIGN
RUN_057,2026-10-03 21:52:38,2026-10-03 21:52:47,2026-10-03 21:52:47,NORMAL,ESCALATION,BENIGN,0,0.9999982,True,BENIGN
RUN_057,2026-10-03 21:52:39,2026-10-03 21:52:48,2026-10-03 21:52:48,NORMAL,ESCALATION,BENIGN,0,0.99999774,True,BENIGN
RUN_057,2026-10-03 21:52:40,2026-10-03 21:52:49,2026-10-03 21:52:49,NORMAL,ESCALATION,BENIGN,0,0.9999982,True,BENIGN
RUN_057,2026-10-03 21:52:41,2026-10-03 21:52:50,2026-10-03 21:52:50,NORMAL,ESCALATION,BENIGN,0,0.9999982,True,BENIGN
RUN_057,2026-10-03 21:52:42,2026-10-03 21:52:51,2026-10-03 21:52:51,NORMAL,ESCALATION,BENIGN,0,0.999998,True,BENIGN
RUN_057,2026-10-03 21:52:43,2026-10-03 21:52:52,2026-10-03 21:52:52,NORMAL,ESCALATION,BENIGN,0,0.99999845,True,BENIGN
RUN_057,2026-10-03 21:52:44,2026-10-03 21:52:53,2026-10-03 21:52:53,NORMAL,ESCALATION,BENIGN,0,0.99999845,True,BENIGN
RUN_057,2026-10-03 21:52:45,2026-10-03 21:52:54,2026-10-03 21:52:54,NORMAL,ESCALATION,BENIGN,0,0.99999833,True,BENIGN
RUN_057,2026-10-03 21:52:46,2026-10-03 21:52:55,2026-10-03 21:52:55,NORMAL,ESCALATION,BENIGN,0,0.9999981,True,BENIGN
RUN_057,2026-10-03 21:52:47,2026-10-03 21:52:56,2026-10-03 21:52:56,NORMAL,ESCALATION,BENIGN,0,0.9999982,True,BENIGN
RUN_057,2026-10-03 21:52:48,2026-10-03 21:52:57,2026-10-03 21:52:57,NORMAL,ESCALATION,BENIGN,0,0.99999547,True,BENIGN
RUN_057,2026-10-03 21:52:49,2026-10-03 21:52:58,2026-10-03 21:52:58,NORMAL,ESCALATION,BENIGN,0,0.99999714,True,BENIGN
RUN_057,2026-10-03 21:52:50,2026-10-03 21:52:59,2026-10-03 21:52:59,NORMAL,ESCALATION,BENIGN,0,0.999995,True,BENIGN
RUN_057,2026-10-03 21:52:51,2026-10-03 21:53:00,2026-10-03 21:53:00,NORMAL,SUSTAINED,BENIGN,0,0.99998987,True,BENIGN
RUN_057,2026-10-03 21:52:52,2026-10-03 21:53:01,2026-10-03 21:53:01,NORMAL,SUSTAINED,BENIGN,0,0.9999902,True,BENIGN
RUN_057,2026-10-03 21:52:53,2026-10-03 21:53:02,2026-10-03 21:53:02,NORMAL,SUSTAINED,BENIGN,0,0.99999225,True,BENIGN
RUN_057,2026-10-03 21:52:54,2026-10-03 21:53:03,2026-10-03 21:53:03,NORMAL,SUSTAINED,BENIGN,0,0.9999969,True,BENIGN
RUN_057,2026-10-03 21:52:55,2026-10-03 21:53:04,2026-10-03 21:53:04,NORMAL,SUSTAINED,BENIGN,0,0.99999785,True,BENIGN
RUN_057,2026-10-03 21:52:56,2026-10-03 21:53:05,2026-10-03 21:53:05,NORMAL,SUSTAINED,BENIGN,0,0.999998,True,BENIGN
RUN_057,2026-10-03 21:52:57,2026-10-03 21:53:06,2026-10-03 21:53:06,NORMAL,SUSTAINED,BENIGN,0,0.99999774,True,BENIGN
RUN_057,2026-10-03 21:52:58,2026-10-03 21:53:07,2026-10-03 21:53:07,NORMAL,SUSTAINED,BENIGN,0,0.9999982,True,BENIGN
RUN_057,2026-10-03 21:52:59,2026-10-03 21:53:08,2026-10-03 21:53:08,NORMAL,SUSTAINED,BENIGN,0,0.99999845,True,BENIGN
RUN_057,2026-10-03 21:53:00,2026-10-03 21:53:09,2026-10-03 21:53:09,NORMAL,SUSTAINED,BENIGN,0,0.99999774,True,BENIGN
RUN_057,2026-10-03 21:53:01,2026-10-03 21:53:10,2026-10-03 21:53:10,NORMAL,SUSTAINED,BENIGN,0,0.99999774,True,BENIGN
RUN_057,2026-10-03 21:53:02,2026-10-03 21:53:11,2026-10-03 21:53:11,NORMAL,SUSTAINED,BENIGN,0,0.9999974,True,BENIGN
RUN_057,2026-10-03 21:53:03,2026-10-03 21:53:12,2026-10-03 21:53:12,NORMAL,SUSTAINED,BENIGN,0,0.9999957,True,BENIGN
RUN_057,2026-10-03 21:53:04,2026-10-03 21:53:13,2026-10-03 21:53:13,NORMAL,SUSTAINED,BENIGN,0,0.9999969,True,BENIGN
RUN_057,2026-10-03 21:53:05,2026-10-03 21:53:14,2026-10-03 21:53:14,NORMAL,SUSTAINED,BENIGN,0,0.99999607,True,BENIGN
RUN_057,2026-10-03 21:53:06,2026-10-03 21:53:15,2026-10-03 21:53:15,NORMAL,SUSTAINED,BENIGN,0,0.9999975,True,BENIGN
RUN_057,2026-10-03 21:53:07,2026-10-03 21:53:16,2026-10-03 21:53:16,NORMAL,SUSTAINED,BENIGN,0,0.999997,True,BENIGN
RUN_057,2026-10-03 21:53:08,2026-10-03 21:53:17,2026-10-03 21:53:17,NORMAL,SUSTAINED,BENIGN,0,0.99999774,True,BENIGN
RUN_057,2026-10-03 21:53:09,2026-10-03 21:53:18,2026-10-03 21:53:18,NORMAL,SUSTAINED,BENIGN,0,0.9999957,True,BENIGN
RUN_057,2026-10-03 21:53:10,2026-10-03 21:53:19,2026-10-03 21:53:19,NORMAL,SUSTAINED,BENIGN,0,0.99999726,True,BENIGN
RUN_057,2026-10-03 21:53:11,2026-10-03 21:53:20,2026-10-03 21:53:20,NORMAL,SUSTAINED,BENIGN,0,0.99999523,True,BENIGN
RUN_057,2026-10-03 21:53:12,2026-10-03 21:53:21,2026-10-03 21:53:21,NORMAL,SUSTAINED,BENIGN,0,0.9999926,True,BENIGN
RUN_057,2026-10-03 21:53:13,2026-10-03 21:53:22,2026-10-03 21:53:22,NORMAL,SUSTAINED,BENIGN,0,0.99999166,True,BENIGN
RUN_057,2026-10-03 21:53:14,2026-10-03 21:53:23,2026-10-03 21:53:23,NORMAL,SUSTAINED,BENIGN,0,0.9999931,True,BENIGN
RUN_057,2026-10-03 21:53:15,2026-10-03 21:53:24,2026-10-03 21:53:24,NORMAL,SUSTAINED,BENIGN,0,0.99998903,True,BENIGN
RUN_057,2026-10-03 21:53:16,2026-10-03 21:53:25,2026-10-03 21:53:25,NORMAL,SUSTAINED,BENIGN,0,0.9999931,True,BENIGN
RUN_057,2026-10-03 21:53:17,2026-10-03 21:53:26,2026-10-03 21:53:26,NORMAL,SUSTAINED,BENIGN,0,0.9999974,True,BENIGN
RUN_057,2026-10-03 21:53:18,2026-10-03 21:53:27,2026-10-03 21:53:27,NORMAL,SUSTAINED,BENIGN,0,0.9999968,True,BENIGN
RUN_057,2026-10-03 21:53:19,2026-10-03 21:53:28,2026-10-03 21:53:28,NORMAL,SUSTAINED,BENIGN,0,0.9999975,True,BENIGN
RUN_057,2026-10-03 21:53:20,2026-10-03 21:53:29,2026-10-03 21:53:29,NORMAL,SUSTAINED,BENIGN,0,0.9999957,True,BENIGN
RUN_057,2026-10-03 21:53:21,2026-10-03 21:53:30,2026-10-03 21:53:30,NORMAL,DECAY,BENIGN,0,0.99999535,True,BENIGN
RUN_057,2026-10-03 21:53:22,2026-10-03 21:53:31,2026-10-03 21:53:31,NORMAL,DECAY,BENIGN,0,0.99999666,True,BENIGN
RUN_057,2026-10-03 21:53:23,2026-10-03 21:53:32,2026-10-03 21:53:32,NORMAL,DECAY,BENIGN,0,0.9999981,True,BENIGN
RUN_057,2026-10-03 21:53:24,2026-10-03 21:53:33,2026-10-03 21:53:33,NORMAL,DECAY,BENIGN,0,0.999998,True,BENIGN
RUN_057,2026-10-03 21:53:25,2026-10-03 21:53:34,2026-10-03 21:53:34,NORMAL,DECAY,BENIGN,0,0.99999845,True,BENIGN
RUN_057,2026-10-03 21:53:26,2026-10-03 21:53:35,2026-10-03 21:53:35,NORMAL,DECAY,BENIGN,0,0.9999981,True,BENIGN
RUN_057,2026-10-03 21:53:27,2026-10-03 21:53:36,2026-10-03 21:53:36,NORMAL,DECAY,BENIGN,0,0.99999845,True,BENIGN
RUN_057,2026-10-03 21:53:28,2026-10-03 21:53:37,2026-10-03 21:53:37,NORMAL,DECAY,BENIGN,0,0.99999845,True,BENIGN
RUN_057,2026-10-03 21:53:29,2026-10-03 21:53:38,2026-10-03 21:53:38,NORMAL,DECAY,BENIGN,0,0.9999982,True,BENIGN
RUN_057,2026-10-03 21:53:30,2026-10-03 21:53:39,2026-10-03 21:53:39,NORMAL,DECAY,BENIGN,0,0.9999981,True,BENIGN
RUN_057,2026-10-03 21:53:31,2026-10-03 21:53:40,2026-10-03 21:53:40,NORMAL,DECAY,BENIGN,0,0.99999845,True,BENIGN
RUN_057,2026-10-03 21:53:32,2026-10-03 21:53:41,2026-10-03 21:53:41,NORMAL,DECAY,BENIGN,0,0.9999987,True,BENIGN
RUN_057,2026-10-03 21:53:33,2026-10-03 21:53:42,2026-10-03 21:53:42,NORMAL,DECAY,BENIGN,0,0.99999833,True,BENIGN
RUN_057,2026-10-03 21:53:34,2026-10-03 21:53:43,2026-10-03 21:53:43,NORMAL,DECAY,BENIGN,0,0.9999987,True,BENIGN
RUN_057,2026-10-03 21:53:35,2026-10-03 21:53:44,2026-10-03 21:53:44,NORMAL,DECAY,BENIGN,0,0.99999857,True,BENIGN
RUN_057,2026-10-03 21:53:36,2026-10-03 21:53:45,2026-10-03 21:53:45,NORMAL,DECAY,BENIGN,0,0.99999845,True,BENIGN
RUN_057,2026-10-03 21:53:37,2026-10-03 21:53:46,2026-10-03 21:53:46,NORMAL,DECAY,BENIGN,0,0.9999981,True,BENIGN
RUN_057,2026-10-03 21:53:38,2026-10-03 21:53:47,2026-10-03 21:53:47,NORMAL,DECAY,BENIGN,0,0.99999785,True,BENIGN
RUN_057,2026-10-03 21:53:39,2026-10-03 21:53:48,2026-10-03 21:53:48,NORMAL,DECAY,BENIGN,0,0.9999976,True,BENIGN
RUN_057,2026-10-03 21:53:40,2026-10-03 21:53:49,2026-10-03 21:53:49,NORMAL,DECAY,BENIGN,0,0.99999833,True,BENIGN
RUN_057,2026-10-03 21:53:41,2026-10-03 21:53:50,2026-10-03 21:53:50,NORMAL,RECOVERY,BENIGN,0,0.99999833,True,BENIGN
RUN_057,2026-10-03 21:53:42,2026-10-03 21:53:51,2026-10-03 21:53:51,NORMAL,RECOVERY,BENIGN,0,0.99999857,True,BENIGN
RUN_057,2026-10-03 21:53:43,2026-10-03 21:53:52,2026-10-03 21:53:52,NORMAL,RECOVERY,BENIGN,0,0.9999987,True,BENIGN
RUN_057,2026-10-03 21:53:44,2026-10-03 21:53:53,2026-10-03 21:53:53,NORMAL,RECOVERY,BENIGN,0,0.99999857,True,BENIGN
RUN_057,2026-10-03 21:53:45,2026-10-03 21:53:54,2026-10-03 21:53:54,NORMAL,RECOVERY,BENIGN,0,0.99999857,True,BENIGN
RUN_057,2026-10-03 21:53:46,2026-10-03 21:53:55,2026-10-03 21:53:55,NORMAL,RECOVERY,BENIGN,0,0.9999987,True,BENIGN
RUN_057,2026-10-03 21:53:47,2026-10-03 21:53:56,2026-10-03 21:53:56,NORMAL,RECOVERY,BENIGN,0,0.99999857,True,BENIGN
RUN_057,2026-10-03 21:53:48,2026-10-03 21:53:57,2026-10-03 21:53:57,NORMAL,RECOVERY,BENIGN,0,0.9999987,True,BENIGN
RUN_057,2026-10-03 21:53:49,2026-10-03 21:53:58,2026-10-03 21:53:58,NORMAL,RECOVERY,BENIGN,0,0.99999845,True,BENIGN
RUN_057,2026-10-03 21:53:50,2026-10-03 21:53:59,2026-10-03 21:53:59,NORMAL,RECOVERY,BENIGN,0,0.9999982,True,BENIGN
RUN_065,2026-10-03 22:08:00,2026-10-03 22:08:09,2026-10-03 22:08:09,NORMAL,NORMAL,BENIGN,0,0.99999774,True,BENIGN
RUN_065,2026-10-03 22:08:01,2026-10-03 22:08:10,2026-10-03 22:08:10,NORMAL,NORMAL,BENIGN,0,0.9999968,True,BENIGN
RUN_065,2026-10-03 22:08:02,2026-10-03 22:08:11,2026-10-03 22:08:11,NORMAL,NORMAL,BENIGN,0,0.99999714,True,BENIGN
RUN_065,2026-10-03 22:08:03,2026-10-03 22:08:12,2026-10-03 22:08:12,NORMAL,NORMAL,BENIGN,0,0.99999475,True,BENIGN
RUN_065,2026-10-03 22:08:04,2026-10-03 22:08:13,2026-10-03 22:08:13,NORMAL,NORMAL,BENIGN,0,0.99999595,True,BENIGN
RUN_065,2026-10-03 22:08:05,2026-10-03 22:08:14,2026-10-03 22:08:14,NORMAL,NORMAL,BENIGN,0,0.99999666,True,BENIGN
RUN_065,2026-10-03 22:08:06,2026-10-03 22:08:15,2026-10-03 22:08:15,NORMAL,NORMAL,BENIGN,0,0.99999654,True,BENIGN
RUN_065,2026-10-03 22:08:07,2026-10-03 22:08:16,2026-10-03 22:08:16,NORMAL,NORMAL,BENIGN,0,0.9999975,True,BENIGN
RUN_065,2026-10-03 22:08:08,2026-10-03 22:08:17,2026-10-03 22:08:17,NORMAL,NORMAL,BENIGN,0,0.99999774,True,BENIGN
RUN_065,2026-10-03 22:08:09,2026-10-03 22:08:18,2026-10-03 22:08:18,NORMAL,NORMAL,BENIGN,0,0.9999976,True,BENIGN
RUN_065,2026-10-03 22:08:10,2026-10-03 22:08:19,2026-10-03 22:08:19,NORMAL,NORMAL,BENIGN,0,0.9999969,True,BENIGN
RUN_065,2026-10-03 22:08:11,2026-10-03 22:08:20,2026-10-03 22:08:20,NORMAL,EARLY_CHANGE,BENIGN,0,0.9999969,True,BENIGN
RUN_065,2026-10-03 22:08:12,2026-10-03 22:08:21,2026-10-03 22:08:21,NORMAL,EARLY_CHANGE,BENIGN,0,0.9999981,True,BENIGN
RUN_065,2026-10-03 22:08:13,2026-10-03 22:08:22,2026-10-03 22:08:22,NORMAL,EARLY_CHANGE,BENIGN,0,0.9999982,True,BENIGN
RUN_065,2026-10-03 22:08:14,2026-10-03 22:08:23,2026-10-03 22:08:23,NORMAL,EARLY_CHANGE,BENIGN,0,0.99999845,True,BENIGN
RUN_065,2026-10-03 22:08:15,2026-10-03 22:08:24,2026-10-03 22:08:24,NORMAL,EARLY_CHANGE,BENIGN,0,0.99999845,True,BENIGN
RUN_065,2026-10-03 22:08:16,2026-10-03 22:08:25,2026-10-03 22:08:25,NORMAL,EARLY_CHANGE,BENIGN,0,0.99999857,True,BENIGN
RUN_065,2026-10-03 22:08:17,2026-10-03 22:08:26,2026-10-03 22:08:26,NORMAL,EARLY_CHANGE,BENIGN,0,0.99999857,True,BENIGN
RUN_065,2026-10-03 22:08:18,2026-10-03 22:08:27,2026-10-03 22:08:27,NORMAL,EARLY_CHANGE,BENIGN,0,0.9999987,True,BENIGN
RUN_065,2026-10-03 22:08:19,2026-10-03 22:08:28,2026-10-03 22:08:28,NORMAL,EARLY_CHANGE,BENIGN,0,0.99999857,True,BENIGN
RUN_065,2026-10-03 22:08:20,2026-10-03 22:08:29,2026-10-03 22:08:29,NORMAL,EARLY_CHANGE,BENIGN,0,0.99999845,True,BENIGN
RUN_065,2026-10-03 22:08:21,2026-10-03 22:08:30,2026-10-03 22:08:30,NORMAL,ESCALATION,BENIGN,0,0.99999785,True,BENIGN
RUN_065,2026-10-03 22:08:22,2026-10-03 22:08:31,2026-10-03 22:08:31,NORMAL,ESCALATION,BENIGN,0,0.9999976,True,BENIGN
RUN_065,2026-10-03 22:08:23,2026-10-03 22:08:32,2026-10-03 22:08:32,NORMAL,ESCALATION,BENIGN,0,0.9999975,True,BENIGN
RUN_065,2026-10-03 22:08:24,2026-10-03 22:08:33,2026-10-03 22:08:33,NORMAL,ESCALATION,BENIGN,0,0.9999976,True,BENIGN
RUN_065,2026-10-03 22:08:25,2026-10-03 22:08:34,2026-10-03 22:08:34,NORMAL,ESCALATION,BENIGN,0,0.9999974,True,BENIGN
RUN_065,2026-10-03 22:08:26,2026-10-03 22:08:35,2026-10-03 22:08:35,NORMAL,ESCALATION,BENIGN,0,0.9999976,True,BENIGN
RUN_065,2026-10-03 22:08:27,2026-10-03 22:08:36,2026-10-03 22:08:36,NORMAL,ESCALATION,BENIGN,0,0.99999464,True,BENIGN
RUN_065,2026-10-03 22:08:28,2026-10-03 22:08:37,2026-10-03 22:08:37,NORMAL,ESCALATION,BENIGN,0,0.9999054,True,BENIGN
RUN_065,2026-10-03 22:08:29,2026-10-03 22:08:38,2026-10-03 22:08:38,NORMAL,ESCALATION,BENIGN,0,0.99997646,True,BENIGN
RUN_065,2026-10-03 22:08:30,2026-10-03 22:08:39,2026-10-03 22:08:39,NORMAL,ESCALATION,BENIGN,0,0.99999046,True,BENIGN
RUN_065,2026-10-03 22:08:31,2026-10-03 22:08:40,2026-10-03 22:08:40,NORMAL,ESCALATION,BENIGN,0,0.99999607,True,BENIGN
RUN_065,2026-10-03 22:08:32,2026-10-03 22:08:41,2026-10-03 22:08:41,NORMAL,ESCALATION,BENIGN,0,0.99998903,True,BENIGN
RUN_065,2026-10-03 22:08:33,2026-10-03 22:08:42,2026-10-03 22:08:42,NORMAL,ESCALATION,BENIGN,0,0.9999949,True,BENIGN
RUN_065,2026-10-03 22:08:34,2026-10-03 22:08:43,2026-10-03 22:08:43,NORMAL,ESCALATION,BENIGN,0,0.9999828,True,BENIGN
RUN_065,2026-10-03 22:08:35,2026-10-03 22:08:44,2026-10-03 22:08:44,NORMAL,ESCALATION,BENIGN,0,0.9999882,True,BENIGN
RUN_065,2026-10-03 22:08:36,2026-10-03 22:08:45,2026-10-03 22:08:45,NORMAL,ESCALATION,BENIGN,0,0.9999521,True,BENIGN
RUN_065,2026-10-03 22:08:37,2026-10-03 22:08:46,2026-10-03 22:08:46,NORMAL,ESCALATION,BENIGN,0,0.9999871,True,BENIGN
RUN_065,2026-10-03 22:08:38,2026-10-03 22:08:47,2026-10-03 22:08:47,NORMAL,ESCALATION,BENIGN,0,0.9999877,True,BENIGN
RUN_065,2026-10-03 22:08:39,2026-10-03 22:08:48,2026-10-03 22:08:48,NORMAL,ESCALATION,BENIGN,0,0.99998593,True,BENIGN
RUN_065,2026-10-03 22:08:40,2026-10-03 22:08:49,2026-10-03 22:08:49,NORMAL,ESCALATION,BENIGN,0,0.99997526,True,BENIGN
RUN_065,2026-10-03 22:08:41,2026-10-03 22:08:50,2026-10-03 22:08:50,NORMAL,ESCALATION,BENIGN,0,0.9999657,True,BENIGN
RUN_065,2026-10-03 22:08:42,2026-10-03 22:08:51,2026-10-03 22:08:51,NORMAL,ESCALATION,BENIGN,0,0.99998397,True,BENIGN
RUN_065,2026-10-03 22:08:43,2026-10-03 22:08:52,2026-10-03 22:08:52,NORMAL,ESCALATION,BENIGN,0,0.99998677,True,BENIGN
RUN_065,2026-10-03 22:08:44,2026-10-03 22:08:53,2026-10-03 22:08:53,NORMAL,ESCALATION,BENIGN,0,0.999987,True,BENIGN
RUN_065,2026-10-03 22:08:45,2026-10-03 22:08:54,2026-10-03 22:08:54,NORMAL,ESCALATION,BENIGN,0,0.9999417,True,BENIGN
RUN_065,2026-10-03 22:08:46,2026-10-03 22:08:55,2026-10-03 22:08:55,NORMAL,ESCALATION,BENIGN,0,0.9999847,True,BENIGN
RUN_065,2026-10-03 22:08:47,2026-10-03 22:08:56,2026-10-03 22:08:56,NORMAL,ESCALATION,BENIGN,0,0.99999094,True,BENIGN
RUN_065,2026-10-03 22:08:48,2026-10-03 22:08:57,2026-10-03 22:08:57,NORMAL,ESCALATION,BENIGN,0,0.999995,True,BENIGN
RUN_065,2026-10-03 22:08:49,2026-10-03 22:08:58,2026-10-03 22:08:58,NORMAL,ESCALATION,BENIGN,0,0.9999968,True,BENIGN
RUN_065,2026-10-03 22:08:50,2026-10-03 22:08:59,2026-10-03 22:08:59,NORMAL,ESCALATION,BENIGN,0,0.99999726,True,BENIGN
RUN_065,2026-10-03 22:08:51,2026-10-03 22:09:00,2026-10-03 22:09:00,NORMAL,SUSTAINED,BENIGN,0,0.9999968,True,BENIGN
RUN_065,2026-10-03 22:08:52,2026-10-03 22:09:01,2026-10-03 22:09:01,NORMAL,SUSTAINED,BENIGN,0,0.99999607,True,BENIGN
RUN_065,2026-10-03 22:08:53,2026-10-03 22:09:02,2026-10-03 22:09:02,NORMAL,SUSTAINED,BENIGN,0,0.99999714,True,BENIGN
RUN_065,2026-10-03 22:08:54,2026-10-03 22:09:03,2026-10-03 22:09:03,NORMAL,SUSTAINED,BENIGN,0,0.9999975,True,BENIGN
RUN_065,2026-10-03 22:08:55,2026-10-03 22:09:04,2026-10-03 22:09:04,NORMAL,SUSTAINED,BENIGN,0,0.99999714,True,BENIGN
RUN_065,2026-10-03 22:08:56,2026-10-03 22:09:05,2026-10-03 22:09:05,NORMAL,SUSTAINED,BENIGN,0,0.9999981,True,BENIGN
RUN_065,2026-10-03 22:08:57,2026-10-03 22:09:06,2026-10-03 22:09:06,NORMAL,SUSTAINED,BENIGN,0,0.999998,True,BENIGN
RUN_065,2026-10-03 22:08:58,2026-10-03 22:09:07,2026-10-03 22:09:07,NORMAL,SUSTAINED,BENIGN,0,0.99999833,True,BENIGN
RUN_065,2026-10-03 22:08:59,2026-10-03 22:09:08,2026-10-03 22:09:08,NORMAL,SUSTAINED,BENIGN,0,0.99999833,True,BENIGN
RUN_065,2026-10-03 22:09:00,2026-10-03 22:09:09,2026-10-03 22:09:09,NORMAL,SUSTAINED,BENIGN,0,0.99999857,True,BENIGN
RUN_065,2026-10-03 22:09:01,2026-10-03 22:09:10,2026-10-03 22:09:10,NORMAL,SUSTAINED,BENIGN,0,0.99999845,True,BENIGN
RUN_065,2026-10-03 22:09:02,2026-10-03 22:09:11,2026-10-03 22:09:11,NORMAL,SUSTAINED,BENIGN,0,0.99999845,True,BENIGN
RUN_065,2026-10-03 22:09:03,2026-10-03 22:09:12,2026-10-03 22:09:12,NORMAL,SUSTAINED,BENIGN,0,0.9999982,True,BENIGN
RUN_065,2026-10-03 22:09:04,2026-10-03 22:09:13,2026-10-03 22:09:13,NORMAL,SUSTAINED,BENIGN,0,0.99999833,True,BENIGN
RUN_065,2026-10-03 22:09:05,2026-10-03 22:09:14,2026-10-03 22:09:14,NORMAL,SUSTAINED,BENIGN,0,0.99999785,True,BENIGN
RUN_065,2026-10-03 22:09:06,2026-10-03 22:09:15,2026-10-03 22:09:15,NORMAL,SUSTAINED,BENIGN,0,0.99999774,True,BENIGN
RUN_065,2026-10-03 22:09:07,2026-10-03 22:09:16,2026-10-03 22:09:16,NORMAL,SUSTAINED,BENIGN,0,0.9999975,True,BENIGN
RUN_065,2026-10-03 22:09:08,2026-10-03 22:09:17,2026-10-03 22:09:17,NORMAL,SUSTAINED,BENIGN,0,0.9999976,True,BENIGN
RUN_065,2026-10-03 22:09:09,2026-10-03 22:09:18,2026-10-03 22:09:18,NORMAL,SUSTAINED,BENIGN,0,0.999997,True,BENIGN
RUN_065,2026-10-03 22:09:10,2026-10-03 22:09:19,2026-10-03 22:09:19,NORMAL,SUSTAINED,BENIGN,0,0.9999976,True,BENIGN
RUN_065,2026-10-03 22:09:11,2026-10-03 22:09:20,2026-10-03 22:09:20,NORMAL,SUSTAINED,BENIGN,0,0.9999974,True,BENIGN
RUN_065,2026-10-03 22:09:12,2026-10-03 22:09:21,2026-10-03 22:09:21,NORMAL,SUSTAINED,BENIGN,0,0.999998,True,BENIGN
RUN_065,2026-10-03 22:09:13,2026-10-03 22:09:22,2026-10-03 22:09:22,NORMAL,SUSTAINED,BENIGN,0,0.99999774,True,BENIGN
RUN_065,2026-10-03 22:09:14,2026-10-03 22:09:23,2026-10-03 22:09:23,NORMAL,SUSTAINED,BENIGN,0,0.99999833,True,BENIGN
RUN_065,2026-10-03 22:09:15,2026-10-03 22:09:24,2026-10-03 22:09:24,NORMAL,SUSTAINED,BENIGN,0,0.99999833,True,BENIGN
RUN_065,2026-10-03 22:09:16,2026-10-03 22:09:25,2026-10-03 22:09:25,NORMAL,SUSTAINED,BENIGN,0,0.99999833,True,BENIGN
RUN_065,2026-10-03 22:09:17,2026-10-03 22:09:26,2026-10-03 22:09:26,NORMAL,SUSTAINED,BENIGN,0,0.9999974,True,BENIGN
RUN_065,2026-10-03 22:09:18,2026-10-03 22:09:27,2026-10-03 22:09:27,NORMAL,SUSTAINED,BENIGN,0,0.99999785,True,BENIGN
RUN_065,2026-10-03 22:09:19,2026-10-03 22:09:28,2026-10-03 22:09:28,NORMAL,SUSTAINED,BENIGN,0,0.99999774,True,BENIGN
RUN_065,2026-10-03 22:09:20,2026-10-03 22:09:29,2026-10-03 22:09:29,NORMAL,SUSTAINED,BENIGN,0,0.99999774,True,BENIGN
RUN_065,2026-10-03 22:09:21,2026-10-03 22:09:30,2026-10-03 22:09:30,NORMAL,DECAY,BENIGN,0,0.9999976,True,BENIGN
RUN_065,2026-10-03 22:09:22,2026-10-03 22:09:31,2026-10-03 22:09:31,NORMAL,DECAY,BENIGN,0,0.9999974,True,BENIGN
RUN_065,2026-10-03 22:09:23,2026-10-03 22:09:32,2026-10-03 22:09:32,NORMAL,DECAY,BENIGN,0,0.999997,True,BENIGN
RUN_065,2026-10-03 22:09:24,2026-10-03 22:09:33,2026-10-03 22:09:33,NORMAL,DECAY,BENIGN,0,0.99999607,True,BENIGN
RUN_065,2026-10-03 22:09:25,2026-10-03 22:09:34,2026-10-03 22:09:34,NORMAL,DECAY,BENIGN,0,0.99999547,True,BENIGN
RUN_065,2026-10-03 22:09:26,2026-10-03 22:09:35,2026-10-03 22:09:35,NORMAL,DECAY,BENIGN,0,0.9999964,True,BENIGN
RUN_065,2026-10-03 22:09:27,2026-10-03 22:09:36,2026-10-03 22:09:36,NORMAL,DECAY,BENIGN,0,0.9999976,True,BENIGN
RUN_065,2026-10-03 22:09:28,2026-10-03 22:09:37,2026-10-03 22:09:37,NORMAL,DECAY,BENIGN,0,0.9999976,True,BENIGN
RUN_065,2026-10-03 22:09:29,2026-10-03 22:09:38,2026-10-03 22:09:38,NORMAL,DECAY,BENIGN,0,0.9999957,True,BENIGN
RUN_065,2026-10-03 22:09:30,2026-10-03 22:09:39,2026-10-03 22:09:39,NORMAL,DECAY,BENIGN,0,0.9999945,True,BENIGN
RUN_065,2026-10-03 22:09:31,2026-10-03 22:09:40,2026-10-03 22:09:40,NORMAL,DECAY,BENIGN,0,0.999997,True,BENIGN
RUN_065,2026-10-03 22:09:32,2026-10-03 22:09:41,2026-10-03 22:09:41,NORMAL,DECAY,BENIGN,0,0.9999982,True,BENIGN
RUN_065,2026-10-03 22:09:33,2026-10-03 22:09:42,2026-10-03 22:09:42,NORMAL,DECAY,BENIGN,0,0.9999976,True,BENIGN
RUN_065,2026-10-03 22:09:34,2026-10-03 22:09:43,2026-10-03 22:09:43,NORMAL,DECAY,BENIGN,0,0.9999976,True,BENIGN
RUN_065,2026-10-03 22:09:35,2026-10-03 22:09:44,2026-10-03 22:09:44,NORMAL,DECAY,BENIGN,0,0.99999547,True,BENIGN
RUN_065,2026-10-03 22:09:36,2026-10-03 22:09:45,2026-10-03 22:09:45,NORMAL,DECAY,BENIGN,0,0.9999919,True,BENIGN
RUN_065,2026-10-03 22:09:37,2026-10-03 22:09:46,2026-10-03 22:09:46,NORMAL,DECAY,BENIGN,0,0.99998903,True,BENIGN
RUN_065,2026-10-03 22:09:38,2026-10-03 22:09:47,2026-10-03 22:09:47,NORMAL,DECAY,BENIGN,0,0.9999944,True,BENIGN
RUN_065,2026-10-03 22:09:39,2026-10-03 22:09:48,2026-10-03 22:09:48,NORMAL,DECAY,BENIGN,0,0.9999975,True,BENIGN
RUN_065,2026-10-03 22:09:40,2026-10-03 22:09:49,2026-10-03 22:09:49,NORMAL,DECAY,BENIGN,0,0.999998,True,BENIGN
RUN_065,2026-10-03 22:09:41,2026-10-03 22:09:50,2026-10-03 22:09:50,NORMAL,RECOVERY,BENIGN,0,0.9999975,True,BENIGN
RUN_065,2026-10-03 22:09:42,2026-10-03 22:09:51,2026-10-03 22:09:51,NORMAL,RECOVERY,BENIGN,0,0.9999969,True,BENIGN
RUN_065,2026-10-03 22:09:43,2026-10-03 22:09:52,2026-10-03 22:09:52,NORMAL,RECOVERY,BENIGN,0,0.9999974,True,BENIGN
RUN_065,2026-10-03 22:09:44,2026-10-03 22:09:53,2026-10-03 22:09:53,NORMAL,RECOVERY,BENIGN,0,0.99999726,True,BENIGN
RUN_065,2026-10-03 22:09:45,2026-10-03 22:09:54,2026-10-03 22:09:54,NORMAL,RECOVERY,BENIGN,0,0.9999981,True,BENIGN
RUN_065,2026-10-03 22:09:46,2026-10-03 22:09:55,2026-10-03 22:09:55,NORMAL,RECOVERY,BENIGN,0,0.999998,True,BENIGN
RUN_065,2026-10-03 22:09:47,2026-10-03 22:09:56,2026-10-03 22:09:56,NORMAL,RECOVERY,BENIGN,0,0.9999976,True,BENIGN
RUN_065,2026-10-03 22:09:48,2026-10-03 22:09:57,2026-10-03 22:09:57,NORMAL,RECOVERY,BENIGN,0,0.99999774,True,BENIGN
RUN_065,2026-10-03 22:09:49,2026-10-03 22:09:58,2026-10-03 22:09:58,NORMAL,RECOVERY,BENIGN,0,0.99999726,True,BENIGN
RUN_065,2026-10-03 22:09:50,2026-10-03 22:09:59,2026-10-03 22:09:59,NORMAL,RECOVERY,BENIGN,0,0.99999774,True,BENIGN
RUN_069,2026-10-03 22:16:00,2026-10-03 22:16:09,2026-10-03 22:16:09,SLOWLORIS,NORMAL,SLOWLORIS,2,0.9999798,True,SLOWLORIS
RUN_069,2026-10-03 22:16:01,2026-10-03 22:16:10,2026-10-03 22:16:10,SLOWLORIS,NORMAL,SLOWLORIS,2,0.99998087,True,SLOWLORIS
RUN_069,2026-10-03 22:16:02,2026-10-03 22:16:11,2026-10-03 22:16:11,SLOWLORIS,NORMAL,SLOWLORIS,2,0.99998075,True,SLOWLORIS
RUN_069,2026-10-03 22:16:03,2026-10-03 22:16:12,2026-10-03 22:16:12,SLOWLORIS,NORMAL,SLOWLORIS,2,0.9999805,True,SLOWLORIS
RUN_069,2026-10-03 22:16:04,2026-10-03 22:16:13,2026-10-03 22:16:13,SLOWLORIS,NORMAL,SLOWLORIS,2,0.9999806,True,SLOWLORIS
RUN_069,2026-10-03 22:16:05,2026-10-03 22:16:14,2026-10-03 22:16:14,SLOWLORIS,NORMAL,SLOWLORIS,2,0.9999805,True,SLOWLORIS
RUN_069,2026-10-03 22:16:06,2026-10-03 22:16:15,2026-10-03 22:16:15,SLOWLORIS,NORMAL,SLOWLORIS,2,0.99997956,True,SLOWLORIS
RUN_069,2026-10-03 22:16:07,2026-10-03 22:16:16,2026-10-03 22:16:16,SLOWLORIS,NORMAL,SLOWLORIS,2,0.99998015,True,SLOWLORIS
RUN_069,2026-10-03 22:16:08,2026-10-03 22:16:17,2026-10-03 22:16:17,SLOWLORIS,NORMAL,SLOWLORIS,2,0.9999806,True,SLOWLORIS
RUN_069,2026-10-03 22:16:09,2026-10-03 22:16:18,2026-10-03 22:16:18,SLOWLORIS,NORMAL,SLOWLORIS,2,0.9999805,True,SLOWLORIS
RUN_069,2026-10-03 22:16:10,2026-10-03 22:16:19,2026-10-03 22:16:19,SLOWLORIS,NORMAL,SLOWLORIS,2,0.999981,True,SLOWLORIS
RUN_069,2026-10-03 22:16:11,2026-10-03 22:16:20,2026-10-03 22:16:20,SLOWLORIS,EARLY_CHANGE,SLOWLORIS,2,0.999981,True,SLOWLORIS
RUN_069,2026-10-03 22:16:12,2026-10-03 22:16:21,2026-10-03 22:16:21,SLOWLORIS,EARLY_CHANGE,SLOWLORIS,2,0.999981,True,SLOWLORIS
RUN_069,2026-10-03 22:16:13,2026-10-03 22:16:22,2026-10-03 22:16:22,SLOWLORIS,EARLY_CHANGE,SLOWLORIS,2,0.99998134,True,SLOWLORIS
RUN_069,2026-10-03 22:16:14,2026-10-03 22:16:23,2026-10-03 22:16:23,SLOWLORIS,EARLY_CHANGE,SLOWLORIS,2,0.99998146,True,SLOWLORIS
RUN_069,2026-10-03 22:16:15,2026-10-03 22:16:24,2026-10-03 22:16:24,SLOWLORIS,EARLY_CHANGE,SLOWLORIS,2,0.9999817,True,SLOWLORIS
RUN_069,2026-10-03 22:16:16,2026-10-03 22:16:25,2026-10-03 22:16:25,SLOWLORIS,EARLY_CHANGE,SLOWLORIS,2,0.9999816,True,SLOWLORIS
RUN_069,2026-10-03 22:16:17,2026-10-03 22:16:26,2026-10-03 22:16:26,SLOWLORIS,EARLY_CHANGE,SLOWLORIS,2,0.99998134,True,SLOWLORIS
RUN_069,2026-10-03 22:16:18,2026-10-03 22:16:27,2026-10-03 22:16:27,SLOWLORIS,EARLY_CHANGE,SLOWLORIS,2,0.9999812,True,SLOWLORIS
RUN_069,2026-10-03 22:16:19,2026-10-03 22:16:28,2026-10-03 22:16:28,SLOWLORIS,EARLY_CHANGE,SLOWLORIS,2,0.9999811,True,SLOWLORIS
RUN_069,2026-10-03 22:16:20,2026-10-03 22:16:29,2026-10-03 22:16:29,SLOWLORIS,EARLY_CHANGE,SLOWLORIS,2,0.9999816,True,SLOWLORIS
RUN_069,2026-10-03 22:16:21,2026-10-03 22:16:30,2026-10-03 22:16:30,SLOWLORIS,ESCALATION,SLOWLORIS,2,0.9999816,True,SLOWLORIS
RUN_069,2026-10-03 22:16:22,2026-10-03 22:16:31,2026-10-03 22:16:31,SLOWLORIS,ESCALATION,SLOWLORIS,2,0.99998146,True,SLOWLORIS
RUN_069,2026-10-03 22:16:23,2026-10-03 22:16:32,2026-10-03 22:16:32,SLOWLORIS,ESCALATION,SLOWLORIS,2,0.99998146,True,SLOWLORIS
RUN_069,2026-10-03 22:16:24,2026-10-03 22:16:33,2026-10-03 22:16:33,SLOWLORIS,ESCALATION,SLOWLORIS,2,0.9999816,True,SLOWLORIS
RUN_069,2026-10-03 22:16:25,2026-10-03 22:16:34,2026-10-03 22:16:34,SLOWLORIS,ESCALATION,SLOWLORIS,2,0.9999817,True,SLOWLORIS
RUN_069,2026-10-03 22:16:26,2026-10-03 22:16:35,2026-10-03 22:16:35,SLOWLORIS,ESCALATION,SLOWLORIS,2,0.9999818,True,SLOWLORIS
RUN_069,2026-10-03 22:16:27,2026-10-03 22:16:36,2026-10-03 22:16:36,SLOWLORIS,ESCALATION,SLOWLORIS,2,0.9999817,True,SLOWLORIS
RUN_069,2026-10-03 22:16:28,2026-10-03 22:16:37,2026-10-03 22:16:37,SLOWLORIS,ESCALATION,SLOWLORIS,2,0.9999817,True,SLOWLORIS
RUN_069,2026-10-03 22:16:29,2026-10-03 22:16:38,2026-10-03 22:16:38,SLOWLORIS,ESCALATION,SLOWLORIS,2,0.99998194,True,SLOWLORIS
RUN_069,2026-10-03 22:16:30,2026-10-03 22:16:39,2026-10-03 22:16:39,SLOWLORIS,ESCALATION,SLOWLORIS,2,0.99998206,True,SLOWLORIS
RUN_069,2026-10-03 22:16:31,2026-10-03 22:16:40,2026-10-03 22:16:40,SLOWLORIS,ESCALATION,SLOWLORIS,2,0.9999817,True,SLOWLORIS
RUN_069,2026-10-03 22:16:32,2026-10-03 22:16:41,2026-10-03 22:16:41,SLOWLORIS,ESCALATION,SLOWLORIS,2,0.99998134,True,SLOWLORIS
RUN_069,2026-10-03 22:16:33,2026-10-03 22:16:42,2026-10-03 22:16:42,SLOWLORIS,ESCALATION,SLOWLORIS,2,0.9999816,True,SLOWLORIS
RUN_069,2026-10-03 22:16:34,2026-10-03 22:16:43,2026-10-03 22:16:43,SLOWLORIS,ESCALATION,SLOWLORIS,2,0.9999816,True,SLOWLORIS
RUN_069,2026-10-03 22:16:35,2026-10-03 22:16:44,2026-10-03 22:16:44,SLOWLORIS,ESCALATION,SLOWLORIS,2,0.99998146,True,SLOWLORIS
RUN_069,2026-10-03 22:16:36,2026-10-03 22:16:45,2026-10-03 22:16:45,SLOWLORIS,ESCALATION,SLOWLORIS,2,0.99998146,True,SLOWLORIS
RUN_069,2026-10-03 22:16:37,2026-10-03 22:16:46,2026-10-03 22:16:46,SLOWLORIS,ESCALATION,SLOWLORIS,2,0.99998146,True,SLOWLORIS
RUN_069,2026-10-03 22:16:38,2026-10-03 22:16:47,2026-10-03 22:16:47,SLOWLORIS,ESCALATION,SLOWLORIS,2,0.9999816,True,SLOWLORIS
RUN_069,2026-10-03 22:16:39,2026-10-03 22:16:48,2026-10-03 22:16:48,SLOWLORIS,ESCALATION,SLOWLORIS,2,0.9999818,True,SLOWLORIS
RUN_069,2026-10-03 22:16:40,2026-10-03 22:16:49,2026-10-03 22:16:49,SLOWLORIS,ESCALATION,SLOWLORIS,2,0.99998146,True,SLOWLORIS
RUN_069,2026-10-03 22:16:41,2026-10-03 22:16:50,2026-10-03 22:16:50,SLOWLORIS,ESCALATION,SLOWLORIS,2,0.9999811,True,SLOWLORIS
RUN_069,2026-10-03 22:16:42,2026-10-03 22:16:51,2026-10-03 22:16:51,SLOWLORIS,ESCALATION,SLOWLORIS,2,0.9999805,True,SLOWLORIS
RUN_069,2026-10-03 22:16:43,2026-10-03 22:16:52,2026-10-03 22:16:52,SLOWLORIS,ESCALATION,SLOWLORIS,2,0.9999806,True,SLOWLORIS
RUN_069,2026-10-03 22:16:44,2026-10-03 22:16:53,2026-10-03 22:16:53,SLOWLORIS,ESCALATION,SLOWLORIS,2,0.9999811,True,SLOWLORIS
RUN_069,2026-10-03 22:16:45,2026-10-03 22:16:54,2026-10-03 22:16:54,SLOWLORIS,ESCALATION,SLOWLORIS,2,0.99998134,True,SLOWLORIS
RUN_069,2026-10-03 22:16:46,2026-10-03 22:16:55,2026-10-03 22:16:55,SLOWLORIS,ESCALATION,SLOWLORIS,2,0.99998087,True,SLOWLORIS
RUN_069,2026-10-03 22:16:47,2026-10-03 22:16:56,2026-10-03 22:16:56,SLOWLORIS,ESCALATION,SLOWLORIS,2,0.9999816,True,SLOWLORIS
RUN_069,2026-10-03 22:16:48,2026-10-03 22:16:57,2026-10-03 22:16:57,SLOWLORIS,ESCALATION,SLOWLORIS,2,0.99998146,True,SLOWLORIS
RUN_069,2026-10-03 22:16:49,2026-10-03 22:16:58,2026-10-03 22:16:58,SLOWLORIS,ESCALATION,SLOWLORIS,2,0.99998134,True,SLOWLORIS
RUN_069,2026-10-03 22:16:50,2026-10-03 22:16:59,2026-10-03 22:16:59,SLOWLORIS,ESCALATION,SLOWLORIS,2,0.9999811,True,SLOWLORIS
RUN_069,2026-10-03 22:16:51,2026-10-03 22:17:00,2026-10-03 22:17:00,SLOWLORIS,SUSTAINED,SLOWLORIS,2,0.99998087,True,SLOWLORIS
RUN_069,2026-10-03 22:16:52,2026-10-03 22:17:01,2026-10-03 22:17:01,SLOWLORIS,SUSTAINED,SLOWLORIS,2,0.99998134,True,SLOWLORIS
RUN_069,2026-10-03 22:16:53,2026-10-03 22:17:02,2026-10-03 22:17:02,SLOWLORIS,SUSTAINED,SLOWLORIS,2,0.9999812,True,SLOWLORIS
RUN_069,2026-10-03 22:16:54,2026-10-03 22:17:03,2026-10-03 22:17:03,SLOWLORIS,SUSTAINED,SLOWLORIS,2,0.9999817,True,SLOWLORIS
RUN_069,2026-10-03 22:16:55,2026-10-03 22:17:04,2026-10-03 22:17:04,SLOWLORIS,SUSTAINED,SLOWLORIS,2,0.9999817,True,SLOWLORIS
RUN_069,2026-10-03 22:16:56,2026-10-03 22:17:05,2026-10-03 22:17:05,SLOWLORIS,SUSTAINED,SLOWLORIS,2,0.9999817,True,SLOWLORIS
RUN_069,2026-10-03 22:16:57,2026-10-03 22:17:06,2026-10-03 22:17:06,SLOWLORIS,SUSTAINED,SLOWLORIS,2,0.9999818,True,SLOWLORIS
RUN_069,2026-10-03 22:16:58,2026-10-03 22:17:07,2026-10-03 22:17:07,SLOWLORIS,SUSTAINED,SLOWLORIS,2,0.99998206,True,SLOWLORIS
RUN_069,2026-10-03 22:16:59,2026-10-03 22:17:08,2026-10-03 22:17:08,SLOWLORIS,SUSTAINED,SLOWLORIS,2,0.99998194,True,SLOWLORIS
RUN_069,2026-10-03 22:17:00,2026-10-03 22:17:09,2026-10-03 22:17:09,SLOWLORIS,SUSTAINED,SLOWLORIS,2,0.9999822,True,SLOWLORIS
RUN_069,2026-10-03 22:17:01,2026-10-03 22:17:10,2026-10-03 22:17:10,SLOWLORIS,SUSTAINED,SLOWLORIS,2,0.99998194,True,SLOWLORIS
RUN_069,2026-10-03 22:17:02,2026-10-03 22:17:11,2026-10-03 22:17:11,SLOWLORIS,SUSTAINED,SLOWLORIS,2,0.9999823,True,SLOWLORIS
RUN_069,2026-10-03 22:17:03,2026-10-03 22:17:12,2026-10-03 22:17:12,SLOWLORIS,SUSTAINED,SLOWLORIS,2,0.9999824,True,SLOWLORIS
RUN_069,2026-10-03 22:17:04,2026-10-03 22:17:13,2026-10-03 22:17:13,SLOWLORIS,SUSTAINED,SLOWLORIS,2,0.99998254,True,SLOWLORIS
RUN_069,2026-10-03 22:17:05,2026-10-03 22:17:14,2026-10-03 22:17:14,SLOWLORIS,SUSTAINED,SLOWLORIS,2,0.99998254,True,SLOWLORIS
RUN_069,2026-10-03 22:17:06,2026-10-03 22:17:15,2026-10-03 22:17:15,SLOWLORIS,SUSTAINED,SLOWLORIS,2,0.9999824,True,SLOWLORIS
RUN_069,2026-10-03 22:17:07,2026-10-03 22:17:16,2026-10-03 22:17:16,SLOWLORIS,SUSTAINED,SLOWLORIS,2,0.9999824,True,SLOWLORIS
RUN_069,2026-10-03 22:17:08,2026-10-03 22:17:17,2026-10-03 22:17:17,SLOWLORIS,SUSTAINED,SLOWLORIS,2,0.99998206,True,SLOWLORIS
RUN_069,2026-10-03 22:17:09,2026-10-03 22:17:18,2026-10-03 22:17:18,SLOWLORIS,SUSTAINED,SLOWLORIS,2,0.99998206,True,SLOWLORIS
RUN_069,2026-10-03 22:17:10,2026-10-03 22:17:19,2026-10-03 22:17:19,SLOWLORIS,SUSTAINED,SLOWLORIS,2,0.9999823,True,SLOWLORIS
RUN_069,2026-10-03 22:17:11,2026-10-03 22:17:20,2026-10-03 22:17:20,SLOWLORIS,SUSTAINED,SLOWLORIS,2,0.9999822,True,SLOWLORIS
RUN_069,2026-10-03 22:17:12,2026-10-03 22:17:21,2026-10-03 22:17:21,SLOWLORIS,SUSTAINED,SLOWLORIS,2,0.99998206,True,SLOWLORIS
RUN_069,2026-10-03 22:17:13,2026-10-03 22:17:22,2026-10-03 22:17:22,SLOWLORIS,SUSTAINED,SLOWLORIS,2,0.99998254,True,SLOWLORIS
RUN_069,2026-10-03 22:17:14,2026-10-03 22:17:23,2026-10-03 22:17:23,SLOWLORIS,SUSTAINED,SLOWLORIS,2,0.99998266,True,SLOWLORIS
RUN_069,2026-10-03 22:17:15,2026-10-03 22:17:24,2026-10-03 22:17:24,SLOWLORIS,SUSTAINED,SLOWLORIS,2,0.9999828,True,SLOWLORIS
RUN_069,2026-10-03 22:17:16,2026-10-03 22:17:25,2026-10-03 22:17:25,SLOWLORIS,SUSTAINED,SLOWLORIS,2,0.9999828,True,SLOWLORIS
RUN_069,2026-10-03 22:17:17,2026-10-03 22:17:26,2026-10-03 22:17:26,SLOWLORIS,SUSTAINED,SLOWLORIS,2,0.9999828,True,SLOWLORIS
RUN_069,2026-10-03 22:17:18,2026-10-03 22:17:27,2026-10-03 22:17:27,SLOWLORIS,SUSTAINED,SLOWLORIS,2,0.9999828,True,SLOWLORIS
RUN_069,2026-10-03 22:17:19,2026-10-03 22:17:28,2026-10-03 22:17:28,SLOWLORIS,SUSTAINED,SLOWLORIS,2,0.999983,True,SLOWLORIS
RUN_069,2026-10-03 22:17:20,2026-10-03 22:17:29,2026-10-03 22:17:29,SLOWLORIS,SUSTAINED,SLOWLORIS,2,0.99998325,True,SLOWLORIS
RUN_069,2026-10-03 22:17:21,2026-10-03 22:17:30,2026-10-03 22:17:30,SLOWLORIS,DECAY,SLOWLORIS,2,0.99998313,True,SLOWLORIS
RUN_069,2026-10-03 22:17:22,2026-10-03 22:17:31,2026-10-03 22:17:31,SLOWLORIS,DECAY,SLOWLORIS,2,0.99998325,True,SLOWLORIS
RUN_069,2026-10-03 22:17:23,2026-10-03 22:17:32,2026-10-03 22:17:32,SLOWLORIS,DECAY,SLOWLORIS,2,0.999983,True,SLOWLORIS
RUN_069,2026-10-03 22:17:24,2026-10-03 22:17:33,2026-10-03 22:17:33,SLOWLORIS,DECAY,SLOWLORIS,2,0.9999836,True,SLOWLORIS
RUN_069,2026-10-03 22:17:25,2026-10-03 22:17:34,2026-10-03 22:17:34,SLOWLORIS,DECAY,SLOWLORIS,2,0.999983,True,SLOWLORIS
RUN_069,2026-10-03 22:17:26,2026-10-03 22:17:35,2026-10-03 22:17:35,SLOWLORIS,DECAY,SLOWLORIS,2,0.9999829,True,SLOWLORIS
RUN_069,2026-10-03 22:17:27,2026-10-03 22:17:36,2026-10-03 22:17:36,SLOWLORIS,DECAY,SLOWLORIS,2,0.999983,True,SLOWLORIS
RUN_069,2026-10-03 22:17:28,2026-10-03 22:17:37,2026-10-03 22:17:37,SLOWLORIS,DECAY,SLOWLORIS,2,0.999983,True,SLOWLORIS
RUN_069,2026-10-03 22:17:29,2026-10-03 22:17:38,2026-10-03 22:17:38,SLOWLORIS,DECAY,SLOWLORIS,2,0.9999835,True,SLOWLORIS
RUN_069,2026-10-03 22:17:30,2026-10-03 22:17:39,2026-10-03 22:17:39,SLOWLORIS,DECAY,SLOWLORIS,2,0.9999835,True,SLOWLORIS
RUN_069,2026-10-03 22:17:31,2026-10-03 22:17:40,2026-10-03 22:17:40,SLOWLORIS,DECAY,SLOWLORIS,2,0.9999836,True,SLOWLORIS
RUN_069,2026-10-03 22:17:32,2026-10-03 22:17:41,2026-10-03 22:17:41,SLOWLORIS,DECAY,SLOWLORIS,2,0.9999834,True,SLOWLORIS
RUN_069,2026-10-03 22:17:33,2026-10-03 22:17:42,2026-10-03 22:17:42,SLOWLORIS,DECAY,SLOWLORIS,2,0.9999837,True,SLOWLORIS
RUN_069,2026-10-03 22:17:34,2026-10-03 22:17:43,2026-10-03 22:17:43,SLOWLORIS,DECAY,SLOWLORIS,2,0.9999837,True,SLOWLORIS
RUN_069,2026-10-03 22:17:35,2026-10-03 22:17:44,2026-10-03 22:17:44,SLOWLORIS,DECAY,SLOWLORIS,2,0.9999834,True,SLOWLORIS
RUN_069,2026-10-03 22:17:36,2026-10-03 22:17:45,2026-10-03 22:17:45,SLOWLORIS,DECAY,SLOWLORIS,2,0.9999834,True,SLOWLORIS
RUN_069,2026-10-03 22:17:37,2026-10-03 22:17:46,2026-10-03 22:17:46,SLOWLORIS,DECAY,SLOWLORIS,2,0.9999835,True,SLOWLORIS
RUN_069,2026-10-03 22:17:38,2026-10-03 22:17:47,2026-10-03 22:17:47,SLOWLORIS,DECAY,SLOWLORIS,2,0.99998325,True,SLOWLORIS
RUN_069,2026-10-03 22:17:39,2026-10-03 22:17:48,2026-10-03 22:17:48,SLOWLORIS,DECAY,SLOWLORIS,2,0.9999834,True,SLOWLORIS
RUN_069,2026-10-03 22:17:40,2026-10-03 22:17:49,2026-10-03 22:17:49,SLOWLORIS,DECAY,SLOWLORIS,2,0.9999835,True,SLOWLORIS
RUN_069,2026-10-03 22:17:41,2026-10-03 22:17:50,2026-10-03 22:17:50,SLOWLORIS,RECOVERY,SLOWLORIS,2,0.9999837,True,SLOWLORIS
RUN_069,2026-10-03 22:17:42,2026-10-03 22:17:51,2026-10-03 22:17:51,SLOWLORIS,RECOVERY,SLOWLORIS,2,0.9999836,True,SLOWLORIS
RUN_069,2026-10-03 22:17:43,2026-10-03 22:17:52,2026-10-03 22:17:52,SLOWLORIS,RECOVERY,SLOWLORIS,2,0.999983,True,SLOWLORIS
RUN_069,2026-10-03 22:17:44,2026-10-03 22:17:53,2026-10-03 22:17:53,SLOWLORIS,RECOVERY,SLOWLORIS,2,0.9999834,True,SLOWLORIS
RUN_069,2026-10-03 22:17:45,2026-10-03 22:17:54,2026-10-03 22:17:54,SLOWLORIS,RECOVERY,SLOWLORIS,2,0.9999835,True,SLOWLORIS
RUN_069,2026-10-03 22:17:46,2026-10-03 22:17:55,2026-10-03 22:17:55,SLOWLORIS,RECOVERY,SLOWLORIS,2,0.9999835,True,SLOWLORIS
RUN_069,2026-10-03 22:17:47,2026-10-03 22:17:56,2026-10-03 22:17:56,SLOWLORIS,RECOVERY,SLOWLORIS,2,0.9999828,True,SLOWLORIS
RUN_069,2026-10-03 22:17:48,2026-10-03 22:17:57,2026-10-03 22:17:57,SLOWLORIS,RECOVERY,SLOWLORIS,2,0.99998254,True,SLOWLORIS
RUN_069,2026-10-03 22:17:49,2026-10-03 22:17:58,2026-10-03 22:17:58,SLOWLORIS,RECOVERY,SLOWLORIS,2,0.99998313,True,SLOWLORIS
RUN_069,2026-10-03 22:17:50,2026-10-03 22:17:59,2026-10-03 22:17:59,SLOWLORIS,RECOVERY,SLOWLORIS,2,0.999983,True,SLOWLORIS
RUN_070,2026-10-03 22:18:00,2026-10-03 22:18:09,2026-10-03 22:18:09,FLASH_CROWD,NORMAL,BENIGN,0,0.9999987,True,BENIGN
RUN_070,2026-10-03 22:18:01,2026-10-03 22:18:10,2026-10-03 22:18:10,FLASH_CROWD,NORMAL,BENIGN,0,0.9999988,True,BENIGN
RUN_070,2026-10-03 22:18:02,2026-10-03 22:18:11,2026-10-03 22:18:11,FLASH_CROWD,NORMAL,BENIGN,0,0.9999988,True,BENIGN
RUN_070,2026-10-03 22:18:03,2026-10-03 22:18:12,2026-10-03 22:18:12,FLASH_CROWD,NORMAL,BENIGN,0,0.9999988,True,BENIGN
RUN_070,2026-10-03 22:18:04,2026-10-03 22:18:13,2026-10-03 22:18:13,FLASH_CROWD,NORMAL,BENIGN,0,0.9999989,True,BENIGN
RUN_070,2026-10-03 22:18:05,2026-10-03 22:18:14,2026-10-03 22:18:14,FLASH_CROWD,NORMAL,BENIGN,0,0.9999988,True,BENIGN
RUN_070,2026-10-03 22:18:06,2026-10-03 22:18:15,2026-10-03 22:18:15,FLASH_CROWD,NORMAL,BENIGN,0,0.9999988,True,BENIGN
RUN_070,2026-10-03 22:18:07,2026-10-03 22:18:16,2026-10-03 22:18:16,FLASH_CROWD,NORMAL,BENIGN,0,0.9999989,True,BENIGN
RUN_070,2026-10-03 22:18:08,2026-10-03 22:18:17,2026-10-03 22:18:17,FLASH_CROWD,NORMAL,BENIGN,0,0.9999988,True,BENIGN
RUN_070,2026-10-03 22:18:09,2026-10-03 22:18:18,2026-10-03 22:18:18,FLASH_CROWD,NORMAL,BENIGN,0,0.9999989,True,BENIGN
RUN_070,2026-10-03 22:18:10,2026-10-03 22:18:19,2026-10-03 22:18:19,FLASH_CROWD,NORMAL,BENIGN,0,0.9999989,True,BENIGN
RUN_070,2026-10-03 22:18:11,2026-10-03 22:18:20,2026-10-03 22:18:20,FLASH_CROWD,EARLY_CHANGE,BENIGN,0,0.9999989,True,BENIGN
RUN_070,2026-10-03 22:18:12,2026-10-03 22:18:21,2026-10-03 22:18:21,FLASH_CROWD,EARLY_CHANGE,BENIGN,0,0.9999989,True,BENIGN
RUN_070,2026-10-03 22:18:13,2026-10-03 22:18:22,2026-10-03 22:18:22,FLASH_CROWD,EARLY_CHANGE,BENIGN,0,0.9999987,True,BENIGN
RUN_070,2026-10-03 22:18:14,2026-10-03 22:18:23,2026-10-03 22:18:23,FLASH_CROWD,EARLY_CHANGE,BENIGN,0,0.99999833,True,BENIGN
RUN_070,2026-10-03 22:18:15,2026-10-03 22:18:24,2026-10-03 22:18:24,FLASH_CROWD,EARLY_CHANGE,BENIGN,0,0.99999857,True,BENIGN
RUN_070,2026-10-03 22:18:16,2026-10-03 22:18:25,2026-10-03 22:18:25,FLASH_CROWD,EARLY_CHANGE,BENIGN,0,0.9999981,True,BENIGN
RUN_070,2026-10-03 22:18:17,2026-10-03 22:18:26,2026-10-03 22:18:26,FLASH_CROWD,EARLY_CHANGE,BENIGN,0,0.9999981,True,BENIGN
RUN_070,2026-10-03 22:18:18,2026-10-03 22:18:27,2026-10-03 22:18:27,FLASH_CROWD,EARLY_CHANGE,BENIGN,0,0.9999981,True,BENIGN
RUN_070,2026-10-03 22:18:19,2026-10-03 22:18:28,2026-10-03 22:18:28,FLASH_CROWD,EARLY_CHANGE,BENIGN,0,0.99999785,True,BENIGN
RUN_070,2026-10-03 22:18:20,2026-10-03 22:18:29,2026-10-03 22:18:29,FLASH_CROWD,EARLY_CHANGE,BENIGN,0,0.99999785,True,BENIGN
RUN_070,2026-10-03 22:18:21,2026-10-03 22:18:30,2026-10-03 22:18:30,FLASH_CROWD,ESCALATION,BENIGN,0,0.99999774,True,BENIGN
RUN_070,2026-10-03 22:18:22,2026-10-03 22:18:31,2026-10-03 22:18:31,FLASH_CROWD,ESCALATION,BENIGN,0,0.99999857,True,BENIGN
RUN_070,2026-10-03 22:18:23,2026-10-03 22:18:32,2026-10-03 22:18:32,FLASH_CROWD,ESCALATION,BENIGN,0,0.99999857,True,BENIGN
RUN_070,2026-10-03 22:18:24,2026-10-03 22:18:33,2026-10-03 22:18:33,FLASH_CROWD,ESCALATION,BENIGN,0,0.99999857,True,BENIGN
RUN_070,2026-10-03 22:18:25,2026-10-03 22:18:34,2026-10-03 22:18:34,FLASH_CROWD,ESCALATION,BENIGN,0,0.99999857,True,BENIGN
RUN_070,2026-10-03 22:18:26,2026-10-03 22:18:35,2026-10-03 22:18:35,FLASH_CROWD,ESCALATION,BENIGN,0,0.99999774,True,BENIGN
RUN_070,2026-10-03 22:18:27,2026-10-03 22:18:36,2026-10-03 22:18:36,FLASH_CROWD,ESCALATION,BENIGN,0,0.9999975,True,BENIGN
RUN_070,2026-10-03 22:18:28,2026-10-03 22:18:37,2026-10-03 22:18:37,FLASH_CROWD,ESCALATION,BENIGN,0,0.99999535,True,BENIGN
RUN_070,2026-10-03 22:18:29,2026-10-03 22:18:38,2026-10-03 22:18:38,FLASH_CROWD,ESCALATION,BENIGN,0,0.99999785,True,BENIGN
RUN_070,2026-10-03 22:18:30,2026-10-03 22:18:39,2026-10-03 22:18:39,FLASH_CROWD,ESCALATION,BENIGN,0,0.99999785,True,BENIGN
RUN_070,2026-10-03 22:18:31,2026-10-03 22:18:40,2026-10-03 22:18:40,FLASH_CROWD,ESCALATION,BENIGN,0,0.999998,True,BENIGN
RUN_070,2026-10-03 22:18:32,2026-10-03 22:18:41,2026-10-03 22:18:41,FLASH_CROWD,ESCALATION,BENIGN,0,0.9999975,True,BENIGN
RUN_070,2026-10-03 22:18:33,2026-10-03 22:18:42,2026-10-03 22:18:42,FLASH_CROWD,ESCALATION,BENIGN,0,0.9999975,True,BENIGN
RUN_070,2026-10-03 22:18:34,2026-10-03 22:18:43,2026-10-03 22:18:43,FLASH_CROWD,ESCALATION,BENIGN,0,0.9999976,True,BENIGN
RUN_070,2026-10-03 22:18:35,2026-10-03 22:18:44,2026-10-03 22:18:44,FLASH_CROWD,ESCALATION,BENIGN,0,0.9999976,True,BENIGN
RUN_070,2026-10-03 22:18:36,2026-10-03 22:18:45,2026-10-03 22:18:45,FLASH_CROWD,ESCALATION,BENIGN,0,0.9999975,True,BENIGN
RUN_070,2026-10-03 22:18:37,2026-10-03 22:18:46,2026-10-03 22:18:46,FLASH_CROWD,ESCALATION,BENIGN,0,0.99999774,True,BENIGN
RUN_070,2026-10-03 22:18:38,2026-10-03 22:18:47,2026-10-03 22:18:47,FLASH_CROWD,ESCALATION,BENIGN,0,0.9999976,True,BENIGN
RUN_070,2026-10-03 22:18:39,2026-10-03 22:18:48,2026-10-03 22:18:48,FLASH_CROWD,ESCALATION,BENIGN,0,0.99999774,True,BENIGN
RUN_070,2026-10-03 22:18:40,2026-10-03 22:18:49,2026-10-03 22:18:49,FLASH_CROWD,ESCALATION,BENIGN,0,0.99999774,True,BENIGN
RUN_070,2026-10-03 22:18:41,2026-10-03 22:18:50,2026-10-03 22:18:50,FLASH_CROWD,ESCALATION,BENIGN,0,0.9999975,True,BENIGN
RUN_070,2026-10-03 22:18:42,2026-10-03 22:18:51,2026-10-03 22:18:51,FLASH_CROWD,ESCALATION,BENIGN,0,0.9999975,True,BENIGN
RUN_070,2026-10-03 22:18:43,2026-10-03 22:18:52,2026-10-03 22:18:52,FLASH_CROWD,ESCALATION,BENIGN,0,0.9999974,True,BENIGN
RUN_070,2026-10-03 22:18:44,2026-10-03 22:18:53,2026-10-03 22:18:53,FLASH_CROWD,ESCALATION,BENIGN,0,0.9999975,True,BENIGN
RUN_070,2026-10-03 22:18:45,2026-10-03 22:18:54,2026-10-03 22:18:54,FLASH_CROWD,ESCALATION,BENIGN,0,0.9999975,True,BENIGN
RUN_070,2026-10-03 22:18:46,2026-10-03 22:18:55,2026-10-03 22:18:55,FLASH_CROWD,ESCALATION,BENIGN,0,0.9999974,True,BENIGN
RUN_070,2026-10-03 22:18:47,2026-10-03 22:18:56,2026-10-03 22:18:56,FLASH_CROWD,ESCALATION,BENIGN,0,0.9999976,True,BENIGN
RUN_070,2026-10-03 22:18:48,2026-10-03 22:18:57,2026-10-03 22:18:57,FLASH_CROWD,ESCALATION,BENIGN,0,0.9999975,True,BENIGN
RUN_070,2026-10-03 22:18:49,2026-10-03 22:18:58,2026-10-03 22:18:58,FLASH_CROWD,ESCALATION,BENIGN,0,0.99999774,True,BENIGN
RUN_070,2026-10-03 22:18:50,2026-10-03 22:18:59,2026-10-03 22:18:59,FLASH_CROWD,ESCALATION,BENIGN,0,0.999998,True,BENIGN
RUN_070,2026-10-03 22:18:51,2026-10-03 22:19:00,2026-10-03 22:19:00,FLASH_CROWD,SUSTAINED,BENIGN,0,0.999998,True,BENIGN
RUN_070,2026-10-03 22:18:52,2026-10-03 22:19:01,2026-10-03 22:19:01,FLASH_CROWD,SUSTAINED,BENIGN,0,0.99999774,True,BENIGN
RUN_070,2026-10-03 22:18:53,2026-10-03 22:19:02,2026-10-03 22:19:02,FLASH_CROWD,SUSTAINED,BENIGN,0,0.9999976,True,BENIGN
RUN_070,2026-10-03 22:18:54,2026-10-03 22:19:03,2026-10-03 22:19:03,FLASH_CROWD,SUSTAINED,BENIGN,0,0.99999726,True,BENIGN
RUN_070,2026-10-03 22:18:55,2026-10-03 22:19:04,2026-10-03 22:19:04,FLASH_CROWD,SUSTAINED,BENIGN,0,0.9999969,True,BENIGN
RUN_070,2026-10-03 22:18:56,2026-10-03 22:19:05,2026-10-03 22:19:05,FLASH_CROWD,SUSTAINED,BENIGN,0,0.99999654,True,BENIGN
RUN_070,2026-10-03 22:18:57,2026-10-03 22:19:06,2026-10-03 22:19:06,FLASH_CROWD,SUSTAINED,BENIGN,0,0.9999963,True,BENIGN
RUN_070,2026-10-03 22:18:58,2026-10-03 22:19:07,2026-10-03 22:19:07,FLASH_CROWD,SUSTAINED,BENIGN,0,0.99999666,True,BENIGN
RUN_070,2026-10-03 22:18:59,2026-10-03 22:19:08,2026-10-03 22:19:08,FLASH_CROWD,SUSTAINED,BENIGN,0,0.9999964,True,BENIGN
RUN_070,2026-10-03 22:19:00,2026-10-03 22:19:09,2026-10-03 22:19:09,FLASH_CROWD,SUSTAINED,BENIGN,0,0.99999654,True,BENIGN
RUN_070,2026-10-03 22:19:01,2026-10-03 22:19:10,2026-10-03 22:19:10,FLASH_CROWD,SUSTAINED,BENIGN,0,0.9999964,True,BENIGN
RUN_070,2026-10-03 22:19:02,2026-10-03 22:19:11,2026-10-03 22:19:11,FLASH_CROWD,SUSTAINED,BENIGN,0,0.9999964,True,BENIGN
RUN_070,2026-10-03 22:19:03,2026-10-03 22:19:12,2026-10-03 22:19:12,FLASH_CROWD,SUSTAINED,BENIGN,0,0.99999654,True,BENIGN
RUN_070,2026-10-03 22:19:04,2026-10-03 22:19:13,2026-10-03 22:19:13,FLASH_CROWD,SUSTAINED,BENIGN,0,0.9999969,True,BENIGN
RUN_070,2026-10-03 22:19:05,2026-10-03 22:19:14,2026-10-03 22:19:14,FLASH_CROWD,SUSTAINED,BENIGN,0,0.99999666,True,BENIGN
RUN_070,2026-10-03 22:19:06,2026-10-03 22:19:15,2026-10-03 22:19:15,FLASH_CROWD,SUSTAINED,BENIGN,0,0.9999968,True,BENIGN
RUN_070,2026-10-03 22:19:07,2026-10-03 22:19:16,2026-10-03 22:19:16,FLASH_CROWD,SUSTAINED,BENIGN,0,0.9999968,True,BENIGN
RUN_070,2026-10-03 22:19:08,2026-10-03 22:19:17,2026-10-03 22:19:17,FLASH_CROWD,SUSTAINED,BENIGN,0,0.999997,True,BENIGN
RUN_070,2026-10-03 22:19:09,2026-10-03 22:19:18,2026-10-03 22:19:18,FLASH_CROWD,SUSTAINED,BENIGN,0,0.999997,True,BENIGN
RUN_070,2026-10-03 22:19:10,2026-10-03 22:19:19,2026-10-03 22:19:19,FLASH_CROWD,SUSTAINED,BENIGN,0,0.9999968,True,BENIGN
RUN_070,2026-10-03 22:19:11,2026-10-03 22:19:20,2026-10-03 22:19:20,FLASH_CROWD,SUSTAINED,BENIGN,0,0.9999964,True,BENIGN
RUN_070,2026-10-03 22:19:12,2026-10-03 22:19:21,2026-10-03 22:19:21,FLASH_CROWD,SUSTAINED,BENIGN,0,0.99999654,True,BENIGN
RUN_070,2026-10-03 22:19:13,2026-10-03 22:19:22,2026-10-03 22:19:22,FLASH_CROWD,SUSTAINED,BENIGN,0,0.9999969,True,BENIGN
RUN_070,2026-10-03 22:19:14,2026-10-03 22:19:23,2026-10-03 22:19:23,FLASH_CROWD,SUSTAINED,BENIGN,0,0.99999714,True,BENIGN
RUN_070,2026-10-03 22:19:15,2026-10-03 22:19:24,2026-10-03 22:19:24,FLASH_CROWD,SUSTAINED,BENIGN,0,0.99999714,True,BENIGN
RUN_070,2026-10-03 22:19:16,2026-10-03 22:19:25,2026-10-03 22:19:25,FLASH_CROWD,SUSTAINED,BENIGN,0,0.99999714,True,BENIGN
RUN_070,2026-10-03 22:19:17,2026-10-03 22:19:26,2026-10-03 22:19:26,FLASH_CROWD,SUSTAINED,BENIGN,0,0.99999714,True,BENIGN
RUN_070,2026-10-03 22:19:18,2026-10-03 22:19:27,2026-10-03 22:19:27,FLASH_CROWD,SUSTAINED,BENIGN,0,0.999997,True,BENIGN
RUN_070,2026-10-03 22:19:19,2026-10-03 22:19:28,2026-10-03 22:19:28,FLASH_CROWD,SUSTAINED,BENIGN,0,0.999997,True,BENIGN
RUN_070,2026-10-03 22:19:20,2026-10-03 22:19:29,2026-10-03 22:19:29,FLASH_CROWD,SUSTAINED,BENIGN,0,0.9999969,True,BENIGN
RUN_070,2026-10-03 22:19:21,2026-10-03 22:19:30,2026-10-03 22:19:30,FLASH_CROWD,DECAY,BENIGN,0,0.9999968,True,BENIGN
RUN_070,2026-10-03 22:19:22,2026-10-03 22:19:31,2026-10-03 22:19:31,FLASH_CROWD,DECAY,BENIGN,0,0.999997,True,BENIGN
RUN_070,2026-10-03 22:19:23,2026-10-03 22:19:32,2026-10-03 22:19:32,FLASH_CROWD,DECAY,BENIGN,0,0.999997,True,BENIGN
RUN_070,2026-10-03 22:19:24,2026-10-03 22:19:33,2026-10-03 22:19:33,FLASH_CROWD,DECAY,BENIGN,0,0.9999968,True,BENIGN
RUN_070,2026-10-03 22:19:25,2026-10-03 22:19:34,2026-10-03 22:19:34,FLASH_CROWD,DECAY,BENIGN,0,0.9999969,True,BENIGN
RUN_070,2026-10-03 22:19:26,2026-10-03 22:19:35,2026-10-03 22:19:35,FLASH_CROWD,DECAY,BENIGN,0,0.9999969,True,BENIGN
RUN_070,2026-10-03 22:19:27,2026-10-03 22:19:36,2026-10-03 22:19:36,FLASH_CROWD,DECAY,BENIGN,0,0.999997,True,BENIGN
RUN_070,2026-10-03 22:19:28,2026-10-03 22:19:37,2026-10-03 22:19:37,FLASH_CROWD,DECAY,BENIGN,0,0.999997,True,BENIGN
RUN_070,2026-10-03 22:19:29,2026-10-03 22:19:38,2026-10-03 22:19:38,FLASH_CROWD,DECAY,BENIGN,0,0.999997,True,BENIGN
RUN_070,2026-10-03 22:19:30,2026-10-03 22:19:39,2026-10-03 22:19:39,FLASH_CROWD,DECAY,BENIGN,0,0.99999726,True,BENIGN
RUN_070,2026-10-03 22:19:31,2026-10-03 22:19:40,2026-10-03 22:19:40,FLASH_CROWD,DECAY,BENIGN,0,0.99999726,True,BENIGN
RUN_070,2026-10-03 22:19:32,2026-10-03 22:19:41,2026-10-03 22:19:41,FLASH_CROWD,DECAY,BENIGN,0,0.9999974,True,BENIGN
RUN_070,2026-10-03 22:19:33,2026-10-03 22:19:42,2026-10-03 22:19:42,FLASH_CROWD,DECAY,BENIGN,0,0.9999976,True,BENIGN
RUN_070,2026-10-03 22:19:34,2026-10-03 22:19:43,2026-10-03 22:19:43,FLASH_CROWD,DECAY,BENIGN,0,0.99999774,True,BENIGN
RUN_070,2026-10-03 22:19:35,2026-10-03 22:19:44,2026-10-03 22:19:44,FLASH_CROWD,DECAY,BENIGN,0,0.9999976,True,BENIGN
RUN_070,2026-10-03 22:19:36,2026-10-03 22:19:45,2026-10-03 22:19:45,FLASH_CROWD,DECAY,BENIGN,0,0.99999774,True,BENIGN
RUN_070,2026-10-03 22:19:37,2026-10-03 22:19:46,2026-10-03 22:19:46,FLASH_CROWD,DECAY,BENIGN,0,0.9999976,True,BENIGN
RUN_070,2026-10-03 22:19:38,2026-10-03 22:19:47,2026-10-03 22:19:47,FLASH_CROWD,DECAY,BENIGN,0,0.99999774,True,BENIGN
RUN_070,2026-10-03 22:19:39,2026-10-03 22:19:48,2026-10-03 22:19:48,FLASH_CROWD,DECAY,BENIGN,0,0.99999785,True,BENIGN
RUN_070,2026-10-03 22:19:40,2026-10-03 22:19:49,2026-10-03 22:19:49,FLASH_CROWD,DECAY,BENIGN,0,0.99999774,True,BENIGN
RUN_070,2026-10-03 22:19:41,2026-10-03 22:19:50,2026-10-03 22:19:50,FLASH_CROWD,RECOVERY,BENIGN,0,0.9999976,True,BENIGN
RUN_070,2026-10-03 22:19:42,2026-10-03 22:19:51,2026-10-03 22:19:51,FLASH_CROWD,RECOVERY,BENIGN,0,0.999997,True,BENIGN
RUN_070,2026-10-03 22:19:43,2026-10-03 22:19:52,2026-10-03 22:19:52,FLASH_CROWD,RECOVERY,BENIGN,0,0.99999726,True,BENIGN
RUN_070,2026-10-03 22:19:44,2026-10-03 22:19:53,2026-10-03 22:19:53,FLASH_CROWD,RECOVERY,BENIGN,0,0.9999976,True,BENIGN
RUN_070,2026-10-03 22:19:45,2026-10-03 22:19:54,2026-10-03 22:19:54,FLASH_CROWD,RECOVERY,BENIGN,0,0.99999726,True,BENIGN
RUN_070,2026-10-03 22:19:46,2026-10-03 22:19:55,2026-10-03 22:19:55,FLASH_CROWD,RECOVERY,BENIGN,0,0.99999714,True,BENIGN
RUN_070,2026-10-03 22:19:47,2026-10-03 22:19:56,2026-10-03 22:19:56,FLASH_CROWD,RECOVERY,BENIGN,0,0.9999975,True,BENIGN
RUN_070,2026-10-03 22:19:48,2026-10-03 22:19:57,2026-10-03 22:19:57,FLASH_CROWD,RECOVERY,BENIGN,0,0.999998,True,BENIGN
RUN_070,2026-10-03 22:19:49,2026-10-03 22:19:58,2026-10-03 22:19:58,FLASH_CROWD,RECOVERY,BENIGN,0,0.99999833,True,BENIGN
RUN_070,2026-10-03 22:19:50,2026-10-03 22:19:59,2026-10-03 22:19:59,FLASH_CROWD,RECOVERY,BENIGN,0,0.99999833,True,BENIGN
RUN_074,2026-10-03 22:26:00,2026-10-03 22:26:09,2026-10-03 22:26:09,NORMAL,NORMAL,BENIGN,0,0.99999833,True,BENIGN
RUN_074,2026-10-03 22:26:01,2026-10-03 22:26:10,2026-10-03 22:26:10,NORMAL,NORMAL,BENIGN,0,0.99999857,True,BENIGN
RUN_074,2026-10-03 22:26:02,2026-10-03 22:26:11,2026-10-03 22:26:11,NORMAL,NORMAL,BENIGN,0,0.9999987,True,BENIGN
RUN_074,2026-10-03 22:26:03,2026-10-03 22:26:12,2026-10-03 22:26:12,NORMAL,NORMAL,BENIGN,0,0.9999987,True,BENIGN
RUN_074,2026-10-03 22:26:04,2026-10-03 22:26:13,2026-10-03 22:26:13,NORMAL,NORMAL,BENIGN,0,0.9999987,True,BENIGN
RUN_074,2026-10-03 22:26:05,2026-10-03 22:26:14,2026-10-03 22:26:14,NORMAL,NORMAL,BENIGN,0,0.9999987,True,BENIGN
RUN_074,2026-10-03 22:26:06,2026-10-03 22:26:15,2026-10-03 22:26:15,NORMAL,NORMAL,BENIGN,0,0.9999988,True,BENIGN
RUN_074,2026-10-03 22:26:07,2026-10-03 22:26:16,2026-10-03 22:26:16,NORMAL,NORMAL,BENIGN,0,0.99999857,True,BENIGN
RUN_074,2026-10-03 22:26:08,2026-10-03 22:26:17,2026-10-03 22:26:17,NORMAL,NORMAL,BENIGN,0,0.99999845,True,BENIGN
RUN_074,2026-10-03 22:26:09,2026-10-03 22:26:18,2026-10-03 22:26:18,NORMAL,NORMAL,BENIGN,0,0.99999845,True,BENIGN
RUN_074,2026-10-03 22:26:10,2026-10-03 22:26:19,2026-10-03 22:26:19,NORMAL,NORMAL,BENIGN,0,0.9999982,True,BENIGN
RUN_074,2026-10-03 22:26:11,2026-10-03 22:26:20,2026-10-03 22:26:20,NORMAL,EARLY_CHANGE,BENIGN,0,0.999998,True,BENIGN
RUN_074,2026-10-03 22:26:12,2026-10-03 22:26:21,2026-10-03 22:26:21,NORMAL,EARLY_CHANGE,BENIGN,0,0.9999982,True,BENIGN
RUN_074,2026-10-03 22:26:13,2026-10-03 22:26:22,2026-10-03 22:26:22,NORMAL,EARLY_CHANGE,BENIGN,0,0.99999785,True,BENIGN
RUN_074,2026-10-03 22:26:14,2026-10-03 22:26:23,2026-10-03 22:26:23,NORMAL,EARLY_CHANGE,BENIGN,0,0.99999726,True,BENIGN
RUN_074,2026-10-03 22:26:15,2026-10-03 22:26:24,2026-10-03 22:26:24,NORMAL,EARLY_CHANGE,BENIGN,0,0.99999726,True,BENIGN
RUN_074,2026-10-03 22:26:16,2026-10-03 22:26:25,2026-10-03 22:26:25,NORMAL,EARLY_CHANGE,BENIGN,0,0.9999964,True,BENIGN
RUN_074,2026-10-03 22:26:17,2026-10-03 22:26:26,2026-10-03 22:26:26,NORMAL,EARLY_CHANGE,BENIGN,0,0.99999547,True,BENIGN
RUN_074,2026-10-03 22:26:18,2026-10-03 22:26:27,2026-10-03 22:26:27,NORMAL,EARLY_CHANGE,BENIGN,0,0.99999535,True,BENIGN
RUN_074,2026-10-03 22:26:19,2026-10-03 22:26:28,2026-10-03 22:26:28,NORMAL,EARLY_CHANGE,BENIGN,0,0.9999968,True,BENIGN
RUN_074,2026-10-03 22:26:20,2026-10-03 22:26:29,2026-10-03 22:26:29,NORMAL,EARLY_CHANGE,BENIGN,0,0.9999968,True,BENIGN
RUN_074,2026-10-03 22:26:21,2026-10-03 22:26:30,2026-10-03 22:26:30,NORMAL,ESCALATION,BENIGN,0,0.99999654,True,BENIGN
RUN_074,2026-10-03 22:26:22,2026-10-03 22:26:31,2026-10-03 22:26:31,NORMAL,ESCALATION,BENIGN,0,0.9999893,True,BENIGN
RUN_074,2026-10-03 22:26:23,2026-10-03 22:26:32,2026-10-03 22:26:32,NORMAL,ESCALATION,BENIGN,0,0.9999932,True,BENIGN
RUN_074,2026-10-03 22:26:24,2026-10-03 22:26:33,2026-10-03 22:26:33,NORMAL,ESCALATION,BENIGN,0,0.9999926,True,BENIGN
RUN_074,2026-10-03 22:26:25,2026-10-03 22:26:34,2026-10-03 22:26:34,NORMAL,ESCALATION,BENIGN,0,0.9999956,True,BENIGN
RUN_074,2026-10-03 22:26:26,2026-10-03 22:26:35,2026-10-03 22:26:35,NORMAL,ESCALATION,BENIGN,0,0.99999464,True,BENIGN
RUN_074,2026-10-03 22:26:27,2026-10-03 22:26:36,2026-10-03 22:26:36,NORMAL,ESCALATION,BENIGN,0,0.9999644,True,BENIGN
RUN_074,2026-10-03 22:26:28,2026-10-03 22:26:37,2026-10-03 22:26:37,NORMAL,ESCALATION,BENIGN,0,0.9999386,True,BENIGN
RUN_074,2026-10-03 22:26:29,2026-10-03 22:26:38,2026-10-03 22:26:38,NORMAL,ESCALATION,BENIGN,0,0.999975,True,BENIGN
RUN_074,2026-10-03 22:26:30,2026-10-03 22:26:39,2026-10-03 22:26:39,NORMAL,ESCALATION,BENIGN,0,0.9998595,True,BENIGN
RUN_074,2026-10-03 22:26:31,2026-10-03 22:26:40,2026-10-03 22:26:40,NORMAL,ESCALATION,BENIGN,0,0.9999724,True,BENIGN
RUN_074,2026-10-03 22:26:32,2026-10-03 22:26:41,2026-10-03 22:26:41,NORMAL,ESCALATION,BENIGN,0,0.99995714,True,BENIGN
RUN_074,2026-10-03 22:26:33,2026-10-03 22:26:42,2026-10-03 22:26:42,NORMAL,ESCALATION,BENIGN,0,0.9999913,True,BENIGN
RUN_074,2026-10-03 22:26:34,2026-10-03 22:26:43,2026-10-03 22:26:43,NORMAL,ESCALATION,BENIGN,0,0.9999945,True,BENIGN
RUN_074,2026-10-03 22:26:35,2026-10-03 22:26:44,2026-10-03 22:26:44,NORMAL,ESCALATION,BENIGN,0,0.9999887,True,BENIGN
RUN_074,2026-10-03 22:26:36,2026-10-03 22:26:45,2026-10-03 22:26:45,NORMAL,ESCALATION,BENIGN,0,0.99999166,True,BENIGN
RUN_074,2026-10-03 22:26:37,2026-10-03 22:26:46,2026-10-03 22:26:46,NORMAL,ESCALATION,BENIGN,0,0.999997,True,BENIGN
RUN_074,2026-10-03 22:26:38,2026-10-03 22:26:47,2026-10-03 22:26:47,NORMAL,ESCALATION,BENIGN,0,0.99999726,True,BENIGN
RUN_074,2026-10-03 22:26:39,2026-10-03 22:26:48,2026-10-03 22:26:48,NORMAL,ESCALATION,BENIGN,0,0.9999974,True,BENIGN
RUN_074,2026-10-03 22:26:40,2026-10-03 22:26:49,2026-10-03 22:26:49,NORMAL,ESCALATION,BENIGN,0,0.9999981,True,BENIGN
RUN_074,2026-10-03 22:26:41,2026-10-03 22:26:50,2026-10-03 22:26:50,NORMAL,ESCALATION,BENIGN,0,0.99999833,True,BENIGN
RUN_074,2026-10-03 22:26:42,2026-10-03 22:26:51,2026-10-03 22:26:51,NORMAL,ESCALATION,BENIGN,0,0.99999833,True,BENIGN
RUN_074,2026-10-03 22:26:43,2026-10-03 22:26:52,2026-10-03 22:26:52,NORMAL,ESCALATION,BENIGN,0,0.99999785,True,BENIGN
RUN_074,2026-10-03 22:26:44,2026-10-03 22:26:53,2026-10-03 22:26:53,NORMAL,ESCALATION,BENIGN,0,0.999998,True,BENIGN
RUN_074,2026-10-03 22:26:45,2026-10-03 22:26:54,2026-10-03 22:26:54,NORMAL,ESCALATION,BENIGN,0,0.99999857,True,BENIGN
RUN_074,2026-10-03 22:26:46,2026-10-03 22:26:55,2026-10-03 22:26:55,NORMAL,ESCALATION,BENIGN,0,0.99999857,True,BENIGN
RUN_074,2026-10-03 22:26:47,2026-10-03 22:26:56,2026-10-03 22:26:56,NORMAL,ESCALATION,BENIGN,0,0.99999857,True,BENIGN
RUN_074,2026-10-03 22:26:48,2026-10-03 22:26:57,2026-10-03 22:26:57,NORMAL,ESCALATION,BENIGN,0,0.99999857,True,BENIGN
RUN_074,2026-10-03 22:26:49,2026-10-03 22:26:58,2026-10-03 22:26:58,NORMAL,ESCALATION,BENIGN,0,0.9999982,True,BENIGN
RUN_074,2026-10-03 22:26:50,2026-10-03 22:26:59,2026-10-03 22:26:59,NORMAL,ESCALATION,BENIGN,0,0.99999845,True,BENIGN
RUN_074,2026-10-03 22:26:51,2026-10-03 22:27:00,2026-10-03 22:27:00,NORMAL,SUSTAINED,BENIGN,0,0.99999833,True,BENIGN
RUN_074,2026-10-03 22:26:52,2026-10-03 22:27:01,2026-10-03 22:27:01,NORMAL,SUSTAINED,BENIGN,0,0.9999988,True,BENIGN
RUN_074,2026-10-03 22:26:53,2026-10-03 22:27:02,2026-10-03 22:27:02,NORMAL,SUSTAINED,BENIGN,0,0.99999857,True,BENIGN
RUN_074,2026-10-03 22:26:54,2026-10-03 22:27:03,2026-10-03 22:27:03,NORMAL,SUSTAINED,BENIGN,0,0.99999857,True,BENIGN
RUN_074,2026-10-03 22:26:55,2026-10-03 22:27:04,2026-10-03 22:27:04,NORMAL,SUSTAINED,BENIGN,0,0.99999845,True,BENIGN
RUN_074,2026-10-03 22:26:56,2026-10-03 22:27:05,2026-10-03 22:27:05,NORMAL,SUSTAINED,BENIGN,0,0.99999845,True,BENIGN
RUN_074,2026-10-03 22:26:57,2026-10-03 22:27:06,2026-10-03 22:27:06,NORMAL,SUSTAINED,BENIGN,0,0.99999857,True,BENIGN
RUN_074,2026-10-03 22:26:58,2026-10-03 22:27:07,2026-10-03 22:27:07,NORMAL,SUSTAINED,BENIGN,0,0.9999987,True,BENIGN
RUN_074,2026-10-03 22:26:59,2026-10-03 22:27:08,2026-10-03 22:27:08,NORMAL,SUSTAINED,BENIGN,0,0.99999857,True,BENIGN
RUN_074,2026-10-03 22:27:00,2026-10-03 22:27:09,2026-10-03 22:27:09,NORMAL,SUSTAINED,BENIGN,0,0.99999857,True,BENIGN
RUN_074,2026-10-03 22:27:01,2026-10-03 22:27:10,2026-10-03 22:27:10,NORMAL,SUSTAINED,BENIGN,0,0.9999982,True,BENIGN
RUN_074,2026-10-03 22:27:02,2026-10-03 22:27:11,2026-10-03 22:27:11,NORMAL,SUSTAINED,BENIGN,0,0.9999982,True,BENIGN
RUN_074,2026-10-03 22:27:03,2026-10-03 22:27:12,2026-10-03 22:27:12,NORMAL,SUSTAINED,BENIGN,0,0.9999982,True,BENIGN
RUN_074,2026-10-03 22:27:04,2026-10-03 22:27:13,2026-10-03 22:27:13,NORMAL,SUSTAINED,BENIGN,0,0.99999833,True,BENIGN
RUN_074,2026-10-03 22:27:05,2026-10-03 22:27:14,2026-10-03 22:27:14,NORMAL,SUSTAINED,BENIGN,0,0.99999833,True,BENIGN
RUN_074,2026-10-03 22:27:06,2026-10-03 22:27:15,2026-10-03 22:27:15,NORMAL,SUSTAINED,BENIGN,0,0.9999981,True,BENIGN
RUN_074,2026-10-03 22:27:07,2026-10-03 22:27:16,2026-10-03 22:27:16,NORMAL,SUSTAINED,BENIGN,0,0.99999857,True,BENIGN
RUN_074,2026-10-03 22:27:08,2026-10-03 22:27:17,2026-10-03 22:27:17,NORMAL,SUSTAINED,BENIGN,0,0.9999981,True,BENIGN
RUN_074,2026-10-03 22:27:09,2026-10-03 22:27:18,2026-10-03 22:27:18,NORMAL,SUSTAINED,BENIGN,0,0.9999982,True,BENIGN
RUN_074,2026-10-03 22:27:10,2026-10-03 22:27:19,2026-10-03 22:27:19,NORMAL,SUSTAINED,BENIGN,0,0.99999833,True,BENIGN
RUN_074,2026-10-03 22:27:11,2026-10-03 22:27:20,2026-10-03 22:27:20,NORMAL,SUSTAINED,BENIGN,0,0.999998,True,BENIGN
RUN_074,2026-10-03 22:27:12,2026-10-03 22:27:21,2026-10-03 22:27:21,NORMAL,SUSTAINED,BENIGN,0,0.999998,True,BENIGN
RUN_074,2026-10-03 22:27:13,2026-10-03 22:27:22,2026-10-03 22:27:22,NORMAL,SUSTAINED,BENIGN,0,0.999998,True,BENIGN
RUN_074,2026-10-03 22:27:14,2026-10-03 22:27:23,2026-10-03 22:27:23,NORMAL,SUSTAINED,BENIGN,0,0.9999976,True,BENIGN
RUN_074,2026-10-03 22:27:15,2026-10-03 22:27:24,2026-10-03 22:27:24,NORMAL,SUSTAINED,BENIGN,0,0.99999785,True,BENIGN
RUN_074,2026-10-03 22:27:16,2026-10-03 22:27:25,2026-10-03 22:27:25,NORMAL,SUSTAINED,BENIGN,0,0.999997,True,BENIGN
RUN_074,2026-10-03 22:27:17,2026-10-03 22:27:26,2026-10-03 22:27:26,NORMAL,SUSTAINED,BENIGN,0,0.99999774,True,BENIGN
RUN_074,2026-10-03 22:27:18,2026-10-03 22:27:27,2026-10-03 22:27:27,NORMAL,SUSTAINED,BENIGN,0,0.9999982,True,BENIGN
RUN_074,2026-10-03 22:27:19,2026-10-03 22:27:28,2026-10-03 22:27:28,NORMAL,SUSTAINED,BENIGN,0,0.99999833,True,BENIGN
RUN_074,2026-10-03 22:27:20,2026-10-03 22:27:29,2026-10-03 22:27:29,NORMAL,SUSTAINED,BENIGN,0,0.9999974,True,BENIGN
RUN_074,2026-10-03 22:27:21,2026-10-03 22:27:30,2026-10-03 22:27:30,NORMAL,DECAY,BENIGN,0,0.99999833,True,BENIGN
RUN_074,2026-10-03 22:27:22,2026-10-03 22:27:31,2026-10-03 22:27:31,NORMAL,DECAY,BENIGN,0,0.9999981,True,BENIGN
RUN_074,2026-10-03 22:27:23,2026-10-03 22:27:32,2026-10-03 22:27:32,NORMAL,DECAY,BENIGN,0,0.99999833,True,BENIGN
RUN_074,2026-10-03 22:27:24,2026-10-03 22:27:33,2026-10-03 22:27:33,NORMAL,DECAY,BENIGN,0,0.9999988,True,BENIGN
RUN_074,2026-10-03 22:27:25,2026-10-03 22:27:34,2026-10-03 22:27:34,NORMAL,DECAY,BENIGN,0,0.9999988,True,BENIGN
RUN_074,2026-10-03 22:27:26,2026-10-03 22:27:35,2026-10-03 22:27:35,NORMAL,DECAY,BENIGN,0,0.99999845,True,BENIGN
RUN_074,2026-10-03 22:27:27,2026-10-03 22:27:36,2026-10-03 22:27:36,NORMAL,DECAY,BENIGN,0,0.99999785,True,BENIGN
RUN_074,2026-10-03 22:27:28,2026-10-03 22:27:37,2026-10-03 22:27:37,NORMAL,DECAY,BENIGN,0,0.9999963,True,BENIGN
RUN_074,2026-10-03 22:27:29,2026-10-03 22:27:38,2026-10-03 22:27:38,NORMAL,DECAY,BENIGN,0,0.999997,True,BENIGN
RUN_074,2026-10-03 22:27:30,2026-10-03 22:27:39,2026-10-03 22:27:39,NORMAL,DECAY,BENIGN,0,0.99999726,True,BENIGN
RUN_074,2026-10-03 22:27:31,2026-10-03 22:27:40,2026-10-03 22:27:40,NORMAL,DECAY,BENIGN,0,0.9999968,True,BENIGN
RUN_074,2026-10-03 22:27:32,2026-10-03 22:27:41,2026-10-03 22:27:41,NORMAL,DECAY,BENIGN,0,0.99999785,True,BENIGN
RUN_074,2026-10-03 22:27:33,2026-10-03 22:27:42,2026-10-03 22:27:42,NORMAL,DECAY,BENIGN,0,0.999998,True,BENIGN
RUN_074,2026-10-03 22:27:34,2026-10-03 22:27:43,2026-10-03 22:27:43,NORMAL,DECAY,BENIGN,0,0.99999785,True,BENIGN
RUN_074,2026-10-03 22:27:35,2026-10-03 22:27:44,2026-10-03 22:27:44,NORMAL,DECAY,BENIGN,0,0.999997,True,BENIGN
RUN_074,2026-10-03 22:27:36,2026-10-03 22:27:45,2026-10-03 22:27:45,NORMAL,DECAY,BENIGN,0,0.9999981,True,BENIGN
RUN_074,2026-10-03 22:27:37,2026-10-03 22:27:46,2026-10-03 22:27:46,NORMAL,DECAY,BENIGN,0,0.99999857,True,BENIGN
RUN_074,2026-10-03 22:27:38,2026-10-03 22:27:47,2026-10-03 22:27:47,NORMAL,DECAY,BENIGN,0,0.99999845,True,BENIGN
RUN_074,2026-10-03 22:27:39,2026-10-03 22:27:48,2026-10-03 22:27:48,NORMAL,DECAY,BENIGN,0,0.99999833,True,BENIGN
RUN_074,2026-10-03 22:27:40,2026-10-03 22:27:49,2026-10-03 22:27:49,NORMAL,DECAY,BENIGN,0,0.99999833,True,BENIGN
RUN_074,2026-10-03 22:27:41,2026-10-03 22:27:50,2026-10-03 22:27:50,NORMAL,RECOVERY,BENIGN,0,0.99999857,True,BENIGN
RUN_074,2026-10-03 22:27:42,2026-10-03 22:27:51,2026-10-03 22:27:51,NORMAL,RECOVERY,BENIGN,0,0.99999785,True,BENIGN
RUN_074,2026-10-03 22:27:43,2026-10-03 22:27:52,2026-10-03 22:27:52,NORMAL,RECOVERY,BENIGN,0,0.99999774,True,BENIGN
RUN_074,2026-10-03 22:27:44,2026-10-03 22:27:53,2026-10-03 22:27:53,NORMAL,RECOVERY,BENIGN,0,0.9999976,True,BENIGN
RUN_074,2026-10-03 22:27:45,2026-10-03 22:27:54,2026-10-03 22:27:54,NORMAL,RECOVERY,BENIGN,0,0.99999857,True,BENIGN
RUN_074,2026-10-03 22:27:46,2026-10-03 22:27:55,2026-10-03 22:27:55,NORMAL,RECOVERY,BENIGN,0,0.9999981,True,BENIGN
RUN_074,2026-10-03 22:27:47,2026-10-03 22:27:56,2026-10-03 22:27:56,NORMAL,RECOVERY,BENIGN,0,0.9999974,True,BENIGN
RUN_074,2026-10-03 22:27:48,2026-10-03 22:27:57,2026-10-03 22:27:57,NORMAL,RECOVERY,BENIGN,0,0.9999975,True,BENIGN
RUN_074,2026-10-03 22:27:49,2026-10-03 22:27:58,2026-10-03 22:27:58,NORMAL,RECOVERY,BENIGN,0,0.9999974,True,BENIGN
RUN_074,2026-10-03 22:27:50,2026-10-03 22:27:59,2026-10-03 22:27:59,NORMAL,RECOVERY,BENIGN,0,0.9999974,True,BENIGN
RUN_077,2026-10-03 22:32:00,2026-10-03 22:32:09,2026-10-03 22:32:09,UDP_FLOOD,NORMAL,BENIGN,4,0.9999828,True,UDP_FLOOD
RUN_077,2026-10-03 22:32:01,2026-10-03 22:32:10,2026-10-03 22:32:10,UDP_FLOOD,NORMAL,BENIGN,4,0.99998206,True,UDP_FLOOD
RUN_077,2026-10-03 22:32:02,2026-10-03 22:32:11,2026-10-03 22:32:11,UDP_FLOOD,NORMAL,BENIGN,4,0.99998206,True,UDP_FLOOD
RUN_077,2026-10-03 22:32:03,2026-10-03 22:32:12,2026-10-03 22:32:12,UDP_FLOOD,NORMAL,BENIGN,4,0.9999822,True,UDP_FLOOD
RUN_077,2026-10-03 22:32:04,2026-10-03 22:32:13,2026-10-03 22:32:13,UDP_FLOOD,NORMAL,BENIGN,4,0.9999822,True,UDP_FLOOD
RUN_077,2026-10-03 22:32:05,2026-10-03 22:32:14,2026-10-03 22:32:14,UDP_FLOOD,NORMAL,BENIGN,4,0.9999835,True,UDP_FLOOD
RUN_077,2026-10-03 22:32:06,2026-10-03 22:32:15,2026-10-03 22:32:15,UDP_FLOOD,NORMAL,BENIGN,4,0.99998444,True,UDP_FLOOD
RUN_077,2026-10-03 22:32:07,2026-10-03 22:32:16,2026-10-03 22:32:16,UDP_FLOOD,NORMAL,BENIGN,4,0.9999842,True,UDP_FLOOD
RUN_077,2026-10-03 22:32:08,2026-10-03 22:32:17,2026-10-03 22:32:17,UDP_FLOOD,NORMAL,BENIGN,4,0.999985,True,UDP_FLOOD
RUN_077,2026-10-03 22:32:09,2026-10-03 22:32:18,2026-10-03 22:32:18,UDP_FLOOD,NORMAL,BENIGN,4,0.9999842,True,UDP_FLOOD
RUN_077,2026-10-03 22:32:10,2026-10-03 22:32:19,2026-10-03 22:32:19,UDP_FLOOD,NORMAL,BENIGN,4,0.99998486,True,UDP_FLOOD
RUN_077,2026-10-03 22:32:11,2026-10-03 22:32:20,2026-10-03 22:32:20,UDP_FLOOD,EARLY_CHANGE,BENIGN,4,0.99998474,True,UDP_FLOOD
RUN_077,2026-10-03 22:32:12,2026-10-03 22:32:21,2026-10-03 22:32:21,UDP_FLOOD,EARLY_CHANGE,BENIGN,4,0.9999852,True,UDP_FLOOD
RUN_077,2026-10-03 22:32:13,2026-10-03 22:32:22,2026-10-03 22:32:22,UDP_FLOOD,EARLY_CHANGE,BENIGN,4,0.99998456,True,UDP_FLOOD
RUN_077,2026-10-03 22:32:14,2026-10-03 22:32:23,2026-10-03 22:32:23,UDP_FLOOD,EARLY_CHANGE,BENIGN,4,0.9999835,True,UDP_FLOOD
RUN_077,2026-10-03 22:32:15,2026-10-03 22:32:24,2026-10-03 22:32:24,UDP_FLOOD,EARLY_CHANGE,BENIGN,4,0.9999864,True,UDP_FLOOD
RUN_077,2026-10-03 22:32:16,2026-10-03 22:32:25,2026-10-03 22:32:25,UDP_FLOOD,EARLY_CHANGE,BENIGN,4,0.999985,True,UDP_FLOOD
RUN_077,2026-10-03 22:32:17,2026-10-03 22:32:26,2026-10-03 22:32:26,UDP_FLOOD,EARLY_CHANGE,BENIGN,4,0.9999869,True,UDP_FLOOD
RUN_077,2026-10-03 22:32:18,2026-10-03 22:32:27,2026-10-03 22:32:27,UDP_FLOOD,EARLY_CHANGE,BENIGN,4,0.99998593,True,UDP_FLOOD
RUN_077,2026-10-03 22:32:19,2026-10-03 22:32:28,2026-10-03 22:32:28,UDP_FLOOD,EARLY_CHANGE,BENIGN,4,0.9999876,True,UDP_FLOOD
RUN_077,2026-10-03 22:32:20,2026-10-03 22:32:29,2026-10-03 22:32:29,UDP_FLOOD,EARLY_CHANGE,BENIGN,4,0.9999876,True,UDP_FLOOD
RUN_077,2026-10-03 22:32:21,2026-10-03 22:32:30,2026-10-03 22:32:30,UDP_FLOOD,ESCALATION,BENIGN,4,0.9999871,True,UDP_FLOOD
RUN_077,2026-10-03 22:32:22,2026-10-03 22:32:31,2026-10-03 22:32:31,UDP_FLOOD,ESCALATION,BENIGN,4,0.9999875,True,UDP_FLOOD
RUN_077,2026-10-03 22:32:23,2026-10-03 22:32:32,2026-10-03 22:32:32,UDP_FLOOD,ESCALATION,BENIGN,4,0.99998724,True,UDP_FLOOD
RUN_077,2026-10-03 22:32:24,2026-10-03 22:32:33,2026-10-03 22:32:33,UDP_FLOOD,ESCALATION,BENIGN,4,0.99998784,True,UDP_FLOOD
RUN_077,2026-10-03 22:32:25,2026-10-03 22:32:34,2026-10-03 22:32:34,UDP_FLOOD,ESCALATION,BENIGN,4,0.99998665,True,UDP_FLOOD
RUN_077,2026-10-03 22:32:26,2026-10-03 22:32:35,2026-10-03 22:32:35,UDP_FLOOD,ESCALATION,BENIGN,4,0.9999852,True,UDP_FLOOD
RUN_077,2026-10-03 22:32:27,2026-10-03 22:32:36,2026-10-03 22:32:36,UDP_FLOOD,ESCALATION,BENIGN,4,0.9999816,True,UDP_FLOOD
RUN_077,2026-10-03 22:32:28,2026-10-03 22:32:37,2026-10-03 22:32:37,UDP_FLOOD,ESCALATION,BENIGN,4,0.9999835,True,UDP_FLOOD
RUN_077,2026-10-03 22:32:29,2026-10-03 22:32:38,2026-10-03 22:32:38,UDP_FLOOD,ESCALATION,BENIGN,4,0.99997956,True,UDP_FLOOD
RUN_077,2026-10-03 22:32:30,2026-10-03 22:32:39,2026-10-03 22:32:39,UDP_FLOOD,ESCALATION,BENIGN,4,0.9999803,True,UDP_FLOOD
RUN_077,2026-10-03 22:32:31,2026-10-03 22:32:40,2026-10-03 22:32:40,UDP_FLOOD,ESCALATION,BENIGN,4,0.9999781,True,UDP_FLOOD
RUN_077,2026-10-03 22:32:32,2026-10-03 22:32:41,2026-10-03 22:32:41,UDP_FLOOD,ESCALATION,BENIGN,4,0.9999766,True,UDP_FLOOD
RUN_077,2026-10-03 22:32:33,2026-10-03 22:32:42,2026-10-03 22:32:42,UDP_FLOOD,ESCALATION,BENIGN,4,0.99997884,True,UDP_FLOOD
RUN_077,2026-10-03 22:32:34,2026-10-03 22:32:43,2026-10-03 22:32:43,UDP_FLOOD,ESCALATION,BENIGN,4,0.99997956,True,UDP_FLOOD
RUN_077,2026-10-03 22:32:35,2026-10-03 22:32:44,2026-10-03 22:32:44,UDP_FLOOD,ESCALATION,BENIGN,4,0.99996907,True,UDP_FLOOD
RUN_077,2026-10-03 22:32:36,2026-10-03 22:32:45,2026-10-03 22:32:45,UDP_FLOOD,ESCALATION,BENIGN,4,0.99997896,True,UDP_FLOOD
RUN_077,2026-10-03 22:32:37,2026-10-03 22:32:46,2026-10-03 22:32:46,UDP_FLOOD,ESCALATION,BENIGN,4,0.9999762,True,UDP_FLOOD
RUN_077,2026-10-03 22:32:38,2026-10-03 22:32:47,2026-10-03 22:32:47,UDP_FLOOD,ESCALATION,BENIGN,4,0.9999842,True,UDP_FLOOD
RUN_077,2026-10-03 22:32:39,2026-10-03 22:32:48,2026-10-03 22:32:48,UDP_FLOOD,ESCALATION,BENIGN,4,0.9999871,True,UDP_FLOOD
RUN_077,2026-10-03 22:32:40,2026-10-03 22:32:49,2026-10-03 22:32:49,UDP_FLOOD,ESCALATION,BENIGN,4,0.9999863,True,UDP_FLOOD
RUN_077,2026-10-03 22:32:41,2026-10-03 22:32:50,2026-10-03 22:32:50,UDP_FLOOD,ESCALATION,BENIGN,4,0.9999888,True,UDP_FLOOD
RUN_077,2026-10-03 22:32:42,2026-10-03 22:32:51,2026-10-03 22:32:51,UDP_FLOOD,ESCALATION,BENIGN,4,0.99998844,True,UDP_FLOOD
RUN_077,2026-10-03 22:32:43,2026-10-03 22:32:52,2026-10-03 22:32:52,UDP_FLOOD,ESCALATION,BENIGN,4,0.99998796,True,UDP_FLOOD
RUN_077,2026-10-03 22:32:44,2026-10-03 22:32:53,2026-10-03 22:32:53,UDP_FLOOD,ESCALATION,BENIGN,4,0.9999882,True,UDP_FLOOD
RUN_077,2026-10-03 22:32:45,2026-10-03 22:32:54,2026-10-03 22:32:54,UDP_FLOOD,ESCALATION,UDP_FLOOD,4,0.9999883,True,UDP_FLOOD
RUN_077,2026-10-03 22:32:46,2026-10-03 22:32:55,2026-10-03 22:32:55,UDP_FLOOD,ESCALATION,UDP_FLOOD,4,0.99998736,True,UDP_FLOOD
RUN_077,2026-10-03 22:32:47,2026-10-03 22:32:56,2026-10-03 22:32:56,UDP_FLOOD,ESCALATION,UDP_FLOOD,4,0.99998975,True,UDP_FLOOD
RUN_077,2026-10-03 22:32:48,2026-10-03 22:32:57,2026-10-03 22:32:57,UDP_FLOOD,ESCALATION,UDP_FLOOD,4,0.9999894,True,UDP_FLOOD
RUN_077,2026-10-03 22:32:49,2026-10-03 22:32:58,2026-10-03 22:32:58,UDP_FLOOD,ESCALATION,UDP_FLOOD,4,0.9999889,True,UDP_FLOOD
RUN_077,2026-10-03 22:32:50,2026-10-03 22:32:59,2026-10-03 22:32:59,UDP_FLOOD,ESCALATION,UDP_FLOOD,4,0.99998975,True,UDP_FLOOD
RUN_077,2026-10-03 22:32:51,2026-10-03 22:33:00,2026-10-03 22:33:00,UDP_FLOOD,SUSTAINED,BENIGN,4,0.9999888,True,UDP_FLOOD
RUN_077,2026-10-03 22:32:52,2026-10-03 22:33:01,2026-10-03 22:33:01,UDP_FLOOD,SUSTAINED,BENIGN,4,0.9999896,True,UDP_FLOOD
RUN_077,2026-10-03 22:32:53,2026-10-03 22:33:02,2026-10-03 22:33:02,UDP_FLOOD,SUSTAINED,BENIGN,4,0.9999896,True,UDP_FLOOD
RUN_077,2026-10-03 22:32:54,2026-10-03 22:33:03,2026-10-03 22:33:03,UDP_FLOOD,SUSTAINED,BENIGN,4,0.99999,True,UDP_FLOOD
RUN_077,2026-10-03 22:32:55,2026-10-03 22:33:04,2026-10-03 22:33:04,UDP_FLOOD,SUSTAINED,BENIGN,4,0.99998975,True,UDP_FLOOD
RUN_077,2026-10-03 22:32:56,2026-10-03 22:33:05,2026-10-03 22:33:05,UDP_FLOOD,SUSTAINED,BENIGN,4,0.9999888,True,UDP_FLOOD
RUN_077,2026-10-03 22:32:57,2026-10-03 22:33:06,2026-10-03 22:33:06,UDP_FLOOD,SUSTAINED,BENIGN,4,0.99998844,True,UDP_FLOOD
RUN_077,2026-10-03 22:32:58,2026-10-03 22:33:07,2026-10-03 22:33:07,UDP_FLOOD,SUSTAINED,UDP_FLOOD,4,0.99998903,True,UDP_FLOOD
RUN_077,2026-10-03 22:32:59,2026-10-03 22:33:08,2026-10-03 22:33:08,UDP_FLOOD,SUSTAINED,UDP_FLOOD,4,0.99998856,True,UDP_FLOOD
RUN_077,2026-10-03 22:33:00,2026-10-03 22:33:09,2026-10-03 22:33:09,UDP_FLOOD,SUSTAINED,BENIGN,4,0.9999889,True,UDP_FLOOD
RUN_077,2026-10-03 22:33:01,2026-10-03 22:33:10,2026-10-03 22:33:10,UDP_FLOOD,SUSTAINED,BENIGN,4,0.9999893,True,UDP_FLOOD
RUN_077,2026-10-03 22:33:02,2026-10-03 22:33:11,2026-10-03 22:33:11,UDP_FLOOD,SUSTAINED,BENIGN,4,0.9999896,True,UDP_FLOOD
RUN_077,2026-10-03 22:33:03,2026-10-03 22:33:12,2026-10-03 22:33:12,UDP_FLOOD,SUSTAINED,BENIGN,4,0.9999894,True,UDP_FLOOD
RUN_077,2026-10-03 22:33:04,2026-10-03 22:33:13,2026-10-03 22:33:13,UDP_FLOOD,SUSTAINED,BENIGN,4,0.99999106,True,UDP_FLOOD
RUN_077,2026-10-03 22:33:05,2026-10-03 22:33:14,2026-10-03 22:33:14,UDP_FLOOD,SUSTAINED,UDP_FLOOD,4,0.99998987,True,UDP_FLOOD
RUN_077,2026-10-03 22:33:06,2026-10-03 22:33:15,2026-10-03 22:33:15,UDP_FLOOD,SUSTAINED,UDP_FLOOD,4,0.99999094,True,UDP_FLOOD
RUN_077,2026-10-03 22:33:07,2026-10-03 22:33:16,2026-10-03 22:33:16,UDP_FLOOD,SUSTAINED,UDP_FLOOD,4,0.99999106,True,UDP_FLOOD
RUN_077,2026-10-03 22:33:08,2026-10-03 22:33:17,2026-10-03 22:33:17,UDP_FLOOD,SUSTAINED,BENIGN,4,0.99999,True,UDP_FLOOD
RUN_077,2026-10-03 22:33:09,2026-10-03 22:33:18,2026-10-03 22:33:18,UDP_FLOOD,SUSTAINED,BENIGN,4,0.9999862,True,UDP_FLOOD
RUN_077,2026-10-03 22:33:10,2026-10-03 22:33:19,2026-10-03 22:33:19,UDP_FLOOD,SUSTAINED,UDP_FLOOD,4,0.99999034,True,UDP_FLOOD
RUN_077,2026-10-03 22:33:11,2026-10-03 22:33:20,2026-10-03 22:33:20,UDP_FLOOD,SUSTAINED,UDP_FLOOD,4,0.9999902,True,UDP_FLOOD
RUN_077,2026-10-03 22:33:12,2026-10-03 22:33:21,2026-10-03 22:33:21,UDP_FLOOD,SUSTAINED,UDP_FLOOD,4,0.99999106,True,UDP_FLOOD
RUN_077,2026-10-03 22:33:13,2026-10-03 22:33:22,2026-10-03 22:33:22,UDP_FLOOD,SUSTAINED,UDP_FLOOD,4,0.9999901,True,UDP_FLOOD
RUN_077,2026-10-03 22:33:14,2026-10-03 22:33:23,2026-10-03 22:33:23,UDP_FLOOD,SUSTAINED,UDP_FLOOD,4,0.9999908,True,UDP_FLOOD
RUN_077,2026-10-03 22:33:15,2026-10-03 22:33:24,2026-10-03 22:33:24,UDP_FLOOD,SUSTAINED,UDP_FLOOD,4,0.9999902,True,UDP_FLOOD
RUN_077,2026-10-03 22:33:16,2026-10-03 22:33:25,2026-10-03 22:33:25,UDP_FLOOD,SUSTAINED,UDP_FLOOD,4,0.9999907,True,UDP_FLOOD
RUN_077,2026-10-03 22:33:17,2026-10-03 22:33:26,2026-10-03 22:33:26,UDP_FLOOD,SUSTAINED,UDP_FLOOD,4,0.9999893,True,UDP_FLOOD
RUN_077,2026-10-03 22:33:18,2026-10-03 22:33:27,2026-10-03 22:33:27,UDP_FLOOD,SUSTAINED,UDP_FLOOD,4,0.9999907,True,UDP_FLOOD
RUN_077,2026-10-03 22:33:19,2026-10-03 22:33:28,2026-10-03 22:33:28,UDP_FLOOD,SUSTAINED,UDP_FLOOD,4,0.9999894,True,UDP_FLOOD
RUN_077,2026-10-03 22:33:20,2026-10-03 22:33:29,2026-10-03 22:33:29,UDP_FLOOD,SUSTAINED,UDP_FLOOD,4,0.9999901,True,UDP_FLOOD
RUN_077,2026-10-03 22:33:21,2026-10-03 22:33:30,2026-10-03 22:33:30,UDP_FLOOD,DECAY,UDP_FLOOD,4,0.9999895,True,UDP_FLOOD
RUN_077,2026-10-03 22:33:22,2026-10-03 22:33:31,2026-10-03 22:33:31,UDP_FLOOD,DECAY,BENIGN,4,0.99998903,True,UDP_FLOOD
RUN_077,2026-10-03 22:33:23,2026-10-03 22:33:32,2026-10-03 22:33:32,UDP_FLOOD,DECAY,BENIGN,4,0.9999877,True,UDP_FLOOD
RUN_077,2026-10-03 22:33:24,2026-10-03 22:33:33,2026-10-03 22:33:33,UDP_FLOOD,DECAY,BENIGN,4,0.9999893,True,UDP_FLOOD
RUN_077,2026-10-03 22:33:25,2026-10-03 22:33:34,2026-10-03 22:33:34,UDP_FLOOD,DECAY,BENIGN,4,0.99998903,True,UDP_FLOOD
RUN_077,2026-10-03 22:33:26,2026-10-03 22:33:35,2026-10-03 22:33:35,UDP_FLOOD,DECAY,BENIGN,4,0.99998987,True,UDP_FLOOD
RUN_077,2026-10-03 22:33:27,2026-10-03 22:33:36,2026-10-03 22:33:36,UDP_FLOOD,DECAY,BENIGN,4,0.9999895,True,UDP_FLOOD
RUN_077,2026-10-03 22:33:28,2026-10-03 22:33:37,2026-10-03 22:33:37,UDP_FLOOD,DECAY,UDP_FLOOD,4,0.9999888,True,UDP_FLOOD
RUN_077,2026-10-03 22:33:29,2026-10-03 22:33:38,2026-10-03 22:33:38,UDP_FLOOD,DECAY,UDP_FLOOD,4,0.9999883,True,UDP_FLOOD
RUN_077,2026-10-03 22:33:30,2026-10-03 22:33:39,2026-10-03 22:33:39,UDP_FLOOD,DECAY,UDP_FLOOD,4,0.9999785,True,UDP_FLOOD
RUN_077,2026-10-03 22:33:31,2026-10-03 22:33:40,2026-10-03 22:33:40,UDP_FLOOD,DECAY,UDP_FLOOD,4,0.99998796,True,UDP_FLOOD
RUN_077,2026-10-03 22:33:32,2026-10-03 22:33:41,2026-10-03 22:33:41,UDP_FLOOD,DECAY,BENIGN,4,0.9999775,True,UDP_FLOOD
RUN_077,2026-10-03 22:33:33,2026-10-03 22:33:42,2026-10-03 22:33:42,UDP_FLOOD,DECAY,BENIGN,4,0.9999805,True,UDP_FLOOD
RUN_077,2026-10-03 22:33:34,2026-10-03 22:33:43,2026-10-03 22:33:43,UDP_FLOOD,DECAY,BENIGN,4,0.9999698,True,UDP_FLOOD
RUN_077,2026-10-03 22:33:35,2026-10-03 22:33:44,2026-10-03 22:33:44,UDP_FLOOD,DECAY,BENIGN,4,0.9999793,True,UDP_FLOOD
RUN_077,2026-10-03 22:33:36,2026-10-03 22:33:45,2026-10-03 22:33:45,UDP_FLOOD,DECAY,BENIGN,4,0.9999582,True,UDP_FLOOD
RUN_077,2026-10-03 22:33:37,2026-10-03 22:33:46,2026-10-03 22:33:46,UDP_FLOOD,DECAY,BENIGN,4,0.99995524,True,UDP_FLOOD
RUN_077,2026-10-03 22:33:38,2026-10-03 22:33:47,2026-10-03 22:33:47,UDP_FLOOD,DECAY,BENIGN,4,0.9999768,True,UDP_FLOOD
RUN_077,2026-10-03 22:33:39,2026-10-03 22:33:48,2026-10-03 22:33:48,UDP_FLOOD,DECAY,BENIGN,4,0.9999799,True,UDP_FLOOD
RUN_077,2026-10-03 22:33:40,2026-10-03 22:33:49,2026-10-03 22:33:49,UDP_FLOOD,DECAY,BENIGN,4,0.99997765,True,UDP_FLOOD
RUN_077,2026-10-03 22:33:41,2026-10-03 22:33:50,2026-10-03 22:33:50,UDP_FLOOD,RECOVERY,BENIGN,4,0.9999774,True,UDP_FLOOD
RUN_077,2026-10-03 22:33:42,2026-10-03 22:33:51,2026-10-03 22:33:51,UDP_FLOOD,RECOVERY,BENIGN,4,0.99998075,True,UDP_FLOOD
RUN_077,2026-10-03 22:33:43,2026-10-03 22:33:52,2026-10-03 22:33:52,UDP_FLOOD,RECOVERY,BENIGN,4,0.99997944,True,UDP_FLOOD
RUN_077,2026-10-03 22:33:44,2026-10-03 22:33:53,2026-10-03 22:33:53,UDP_FLOOD,RECOVERY,BENIGN,4,0.9999773,True,UDP_FLOOD
RUN_077,2026-10-03 22:33:45,2026-10-03 22:33:54,2026-10-03 22:33:54,UDP_FLOOD,RECOVERY,BENIGN,4,0.99997705,True,UDP_FLOOD
RUN_077,2026-10-03 22:33:46,2026-10-03 22:33:55,2026-10-03 22:33:55,UDP_FLOOD,RECOVERY,UDP_FLOOD,4,0.9999761,True,UDP_FLOOD
RUN_077,2026-10-03 22:33:47,2026-10-03 22:33:56,2026-10-03 22:33:56,UDP_FLOOD,RECOVERY,UDP_FLOOD,4,0.9999791,True,UDP_FLOOD
RUN_077,2026-10-03 22:33:48,2026-10-03 22:33:57,2026-10-03 22:33:57,UDP_FLOOD,RECOVERY,BENIGN,4,0.9999793,True,UDP_FLOOD
RUN_077,2026-10-03 22:33:49,2026-10-03 22:33:58,2026-10-03 22:33:58,UDP_FLOOD,RECOVERY,BENIGN,4,0.9999811,True,UDP_FLOOD
RUN_077,2026-10-03 22:33:50,2026-10-03 22:33:59,2026-10-03 22:33:59,UDP_FLOOD,RECOVERY,BENIGN,4,0.9999822,True,UDP_FLOOD
RUN_079,2026-10-03 22:36:00,2026-10-03 22:36:09,2026-10-03 22:36:09,ICMP_FLOOD,NORMAL,BENIGN,1,0.99962294,True,ICMP_FLOOD
RUN_079,2026-10-03 22:36:01,2026-10-03 22:36:10,2026-10-03 22:36:10,ICMP_FLOOD,NORMAL,BENIGN,1,0.9995822,True,ICMP_FLOOD
RUN_079,2026-10-03 22:36:02,2026-10-03 22:36:11,2026-10-03 22:36:11,ICMP_FLOOD,NORMAL,BENIGN,1,0.9995896,True,ICMP_FLOOD
RUN_079,2026-10-03 22:36:03,2026-10-03 22:36:12,2026-10-03 22:36:12,ICMP_FLOOD,NORMAL,BENIGN,1,0.9995117,True,ICMP_FLOOD
RUN_079,2026-10-03 22:36:04,2026-10-03 22:36:13,2026-10-03 22:36:13,ICMP_FLOOD,NORMAL,BENIGN,1,0.9996283,True,ICMP_FLOOD
RUN_079,2026-10-03 22:36:05,2026-10-03 22:36:14,2026-10-03 22:36:14,ICMP_FLOOD,NORMAL,ICMP_FLOOD,1,0.9992542,True,ICMP_FLOOD
RUN_079,2026-10-03 22:36:06,2026-10-03 22:36:15,2026-10-03 22:36:15,ICMP_FLOOD,NORMAL,BENIGN,1,0.9989961,True,ICMP_FLOOD
RUN_079,2026-10-03 22:36:07,2026-10-03 22:36:16,2026-10-03 22:36:16,ICMP_FLOOD,NORMAL,BENIGN,1,0.9976389,True,ICMP_FLOOD
RUN_079,2026-10-03 22:36:08,2026-10-03 22:36:17,2026-10-03 22:36:17,ICMP_FLOOD,NORMAL,BENIGN,1,0.99814564,True,ICMP_FLOOD
RUN_079,2026-10-03 22:36:09,2026-10-03 22:36:18,2026-10-03 22:36:18,ICMP_FLOOD,NORMAL,BENIGN,1,0.9976332,True,ICMP_FLOOD
RUN_079,2026-10-03 22:36:10,2026-10-03 22:36:19,2026-10-03 22:36:19,ICMP_FLOOD,NORMAL,BENIGN,1,0.9977772,True,ICMP_FLOOD
RUN_079,2026-10-03 22:36:11,2026-10-03 22:36:20,2026-10-03 22:36:20,ICMP_FLOOD,EARLY_CHANGE,BENIGN,1,0.99900085,True,ICMP_FLOOD
RUN_079,2026-10-03 22:36:12,2026-10-03 22:36:21,2026-10-03 22:36:21,ICMP_FLOOD,EARLY_CHANGE,BENIGN,1,0.99895346,True,ICMP_FLOOD
RUN_079,2026-10-03 22:36:13,2026-10-03 22:36:22,2026-10-03 22:36:22,ICMP_FLOOD,EARLY_CHANGE,BENIGN,1,0.99960357,True,ICMP_FLOOD
RUN_079,2026-10-03 22:36:14,2026-10-03 22:36:23,2026-10-03 22:36:23,ICMP_FLOOD,EARLY_CHANGE,BENIGN,1,0.9997442,True,ICMP_FLOOD
RUN_079,2026-10-03 22:36:15,2026-10-03 22:36:24,2026-10-03 22:36:24,ICMP_FLOOD,EARLY_CHANGE,ICMP_FLOOD,1,0.99980074,True,ICMP_FLOOD
RUN_079,2026-10-03 22:36:16,2026-10-03 22:36:25,2026-10-03 22:36:25,ICMP_FLOOD,EARLY_CHANGE,BENIGN,1,0.9997562,True,ICMP_FLOOD
RUN_079,2026-10-03 22:36:17,2026-10-03 22:36:26,2026-10-03 22:36:26,ICMP_FLOOD,EARLY_CHANGE,BENIGN,1,0.99986935,True,ICMP_FLOOD
RUN_079,2026-10-03 22:36:18,2026-10-03 22:36:27,2026-10-03 22:36:27,ICMP_FLOOD,EARLY_CHANGE,ICMP_FLOOD,1,0.99989456,True,ICMP_FLOOD
RUN_079,2026-10-03 22:36:19,2026-10-03 22:36:28,2026-10-03 22:36:28,ICMP_FLOOD,EARLY_CHANGE,ICMP_FLOOD,1,0.9999429,True,ICMP_FLOOD
RUN_079,2026-10-03 22:36:20,2026-10-03 22:36:29,2026-10-03 22:36:29,ICMP_FLOOD,EARLY_CHANGE,ICMP_FLOOD,1,0.9999582,True,ICMP_FLOOD
RUN_079,2026-10-03 22:36:21,2026-10-03 22:36:30,2026-10-03 22:36:30,ICMP_FLOOD,ESCALATION,ICMP_FLOOD,1,0.99996096,True,ICMP_FLOOD
RUN_079,2026-10-03 22:36:22,2026-10-03 22:36:31,2026-10-03 22:36:31,ICMP_FLOOD,ESCALATION,ICMP_FLOOD,1,0.99996775,True,ICMP_FLOOD
RUN_079,2026-10-03 22:36:23,2026-10-03 22:36:32,2026-10-03 22:36:32,ICMP_FLOOD,ESCALATION,ICMP_FLOOD,1,0.9999694,True,ICMP_FLOOD
RUN_079,2026-10-03 22:36:24,2026-10-03 22:36:33,2026-10-03 22:36:33,ICMP_FLOOD,ESCALATION,ICMP_FLOOD,1,0.99996954,True,ICMP_FLOOD
RUN_079,2026-10-03 22:36:25,2026-10-03 22:36:34,2026-10-03 22:36:34,ICMP_FLOOD,ESCALATION,ICMP_FLOOD,1,0.99997085,True,ICMP_FLOOD
RUN_079,2026-10-03 22:36:26,2026-10-03 22:36:35,2026-10-03 22:36:35,ICMP_FLOOD,ESCALATION,ICMP_FLOOD,1,0.999973,True,ICMP_FLOOD
RUN_079,2026-10-03 22:36:27,2026-10-03 22:36:36,2026-10-03 22:36:36,ICMP_FLOOD,ESCALATION,ICMP_FLOOD,1,0.9999724,True,ICMP_FLOOD
RUN_079,2026-10-03 22:36:28,2026-10-03 22:36:37,2026-10-03 22:36:37,ICMP_FLOOD,ESCALATION,ICMP_FLOOD,1,0.99997455,True,ICMP_FLOOD
RUN_079,2026-10-03 22:36:29,2026-10-03 22:36:38,2026-10-03 22:36:38,ICMP_FLOOD,ESCALATION,ICMP_FLOOD,1,0.9999735,True,ICMP_FLOOD
RUN_079,2026-10-03 22:36:30,2026-10-03 22:36:39,2026-10-03 22:36:39,ICMP_FLOOD,ESCALATION,ICMP_FLOOD,1,0.99997085,True,ICMP_FLOOD
RUN_079,2026-10-03 22:36:31,2026-10-03 22:36:40,2026-10-03 22:36:40,ICMP_FLOOD,ESCALATION,ICMP_FLOOD,1,0.9999712,True,ICMP_FLOOD
RUN_079,2026-10-03 22:36:32,2026-10-03 22:36:41,2026-10-03 22:36:41,ICMP_FLOOD,ESCALATION,ICMP_FLOOD,1,0.99996966,True,ICMP_FLOOD
RUN_079,2026-10-03 22:36:33,2026-10-03 22:36:42,2026-10-03 22:36:42,ICMP_FLOOD,ESCALATION,ICMP_FLOOD,1,0.9999706,True,ICMP_FLOOD
RUN_079,2026-10-03 22:36:34,2026-10-03 22:36:43,2026-10-03 22:36:43,ICMP_FLOOD,ESCALATION,ICMP_FLOOD,1,0.999971,True,ICMP_FLOOD
RUN_079,2026-10-03 22:36:35,2026-10-03 22:36:44,2026-10-03 22:36:44,ICMP_FLOOD,ESCALATION,ICMP_FLOOD,1,0.9999724,True,ICMP_FLOOD
RUN_079,2026-10-03 22:36:36,2026-10-03 22:36:45,2026-10-03 22:36:45,ICMP_FLOOD,ESCALATION,ICMP_FLOOD,1,0.99997324,True,ICMP_FLOOD
RUN_079,2026-10-03 22:36:37,2026-10-03 22:36:46,2026-10-03 22:36:46,ICMP_FLOOD,ESCALATION,ICMP_FLOOD,1,0.9999736,True,ICMP_FLOOD
RUN_079,2026-10-03 22:36:38,2026-10-03 22:36:47,2026-10-03 22:36:47,ICMP_FLOOD,ESCALATION,ICMP_FLOOD,1,0.9999756,True,ICMP_FLOOD
RUN_079,2026-10-03 22:36:39,2026-10-03 22:36:48,2026-10-03 22:36:48,ICMP_FLOOD,ESCALATION,ICMP_FLOOD,1,0.99997514,True,ICMP_FLOOD
RUN_079,2026-10-03 22:36:40,2026-10-03 22:36:49,2026-10-03 22:36:49,ICMP_FLOOD,ESCALATION,ICMP_FLOOD,1,0.9999754,True,ICMP_FLOOD
RUN_079,2026-10-03 22:36:41,2026-10-03 22:36:50,2026-10-03 22:36:50,ICMP_FLOOD,ESCALATION,ICMP_FLOOD,1,0.999976,True,ICMP_FLOOD
RUN_079,2026-10-03 22:36:42,2026-10-03 22:36:51,2026-10-03 22:36:51,ICMP_FLOOD,ESCALATION,ICMP_FLOOD,1,0.9999766,True,ICMP_FLOOD
RUN_079,2026-10-03 22:36:43,2026-10-03 22:36:52,2026-10-03 22:36:52,ICMP_FLOOD,ESCALATION,ICMP_FLOOD,1,0.99997693,True,ICMP_FLOOD
RUN_079,2026-10-03 22:36:44,2026-10-03 22:36:53,2026-10-03 22:36:53,ICMP_FLOOD,ESCALATION,ICMP_FLOOD,1,0.9999772,True,ICMP_FLOOD
RUN_079,2026-10-03 22:36:45,2026-10-03 22:36:54,2026-10-03 22:36:54,ICMP_FLOOD,ESCALATION,BENIGN,1,0.9999779,True,ICMP_FLOOD
RUN_079,2026-10-03 22:36:46,2026-10-03 22:36:55,2026-10-03 22:36:55,ICMP_FLOOD,ESCALATION,BENIGN,1,0.9999781,True,ICMP_FLOOD
RUN_079,2026-10-03 22:36:47,2026-10-03 22:36:56,2026-10-03 22:36:56,ICMP_FLOOD,ESCALATION,BENIGN,1,0.99997824,True,ICMP_FLOOD
RUN_079,2026-10-03 22:36:48,2026-10-03 22:36:57,2026-10-03 22:36:57,ICMP_FLOOD,ESCALATION,BENIGN,1,0.9999779,True,ICMP_FLOOD
RUN_079,2026-10-03 22:36:49,2026-10-03 22:36:58,2026-10-03 22:36:58,ICMP_FLOOD,ESCALATION,BENIGN,1,0.9999785,True,ICMP_FLOOD
RUN_079,2026-10-03 22:36:50,2026-10-03 22:36:59,2026-10-03 22:36:59,ICMP_FLOOD,ESCALATION,BENIGN,1,0.9999779,True,ICMP_FLOOD
RUN_079,2026-10-03 22:36:51,2026-10-03 22:37:00,2026-10-03 22:37:00,ICMP_FLOOD,SUSTAINED,BENIGN,1,0.9999786,True,ICMP_FLOOD
RUN_079,2026-10-03 22:36:52,2026-10-03 22:37:01,2026-10-03 22:37:01,ICMP_FLOOD,SUSTAINED,BENIGN,1,0.9999792,True,ICMP_FLOOD
RUN_079,2026-10-03 22:36:53,2026-10-03 22:37:02,2026-10-03 22:37:02,ICMP_FLOOD,SUSTAINED,BENIGN,1,0.99997944,True,ICMP_FLOOD
RUN_079,2026-10-03 22:36:54,2026-10-03 22:37:03,2026-10-03 22:37:03,ICMP_FLOOD,SUSTAINED,ICMP_FLOOD,1,0.99997944,True,ICMP_FLOOD
RUN_079,2026-10-03 22:36:55,2026-10-03 22:37:04,2026-10-03 22:37:04,ICMP_FLOOD,SUSTAINED,ICMP_FLOOD,1,0.9999799,True,ICMP_FLOOD
RUN_079,2026-10-03 22:36:56,2026-10-03 22:37:05,2026-10-03 22:37:05,ICMP_FLOOD,SUSTAINED,BENIGN,1,0.9999803,True,ICMP_FLOOD
RUN_079,2026-10-03 22:36:57,2026-10-03 22:37:06,2026-10-03 22:37:06,ICMP_FLOOD,SUSTAINED,BENIGN,1,0.9999799,True,ICMP_FLOOD
RUN_079,2026-10-03 22:36:58,2026-10-03 22:37:07,2026-10-03 22:37:07,ICMP_FLOOD,SUSTAINED,BENIGN,1,0.99998003,True,ICMP_FLOOD
RUN_079,2026-10-03 22:36:59,2026-10-03 22:37:08,2026-10-03 22:37:08,ICMP_FLOOD,SUSTAINED,ICMP_FLOOD,1,0.9999792,True,ICMP_FLOOD
RUN_079,2026-10-03 22:37:00,2026-10-03 22:37:09,2026-10-03 22:37:09,ICMP_FLOOD,SUSTAINED,ICMP_FLOOD,1,0.99997896,True,ICMP_FLOOD
RUN_079,2026-10-03 22:37:01,2026-10-03 22:37:10,2026-10-03 22:37:10,ICMP_FLOOD,SUSTAINED,ICMP_FLOOD,1,0.9999792,True,ICMP_FLOOD
RUN_079,2026-10-03 22:37:02,2026-10-03 22:37:11,2026-10-03 22:37:11,ICMP_FLOOD,SUSTAINED,ICMP_FLOOD,1,0.9999805,True,ICMP_FLOOD
RUN_079,2026-10-03 22:37:03,2026-10-03 22:37:12,2026-10-03 22:37:12,ICMP_FLOOD,SUSTAINED,ICMP_FLOOD,1,0.9999806,True,ICMP_FLOOD
RUN_079,2026-10-03 22:37:04,2026-10-03 22:37:13,2026-10-03 22:37:13,ICMP_FLOOD,SUSTAINED,ICMP_FLOOD,1,0.999981,True,ICMP_FLOOD
RUN_079,2026-10-03 22:37:05,2026-10-03 22:37:14,2026-10-03 22:37:14,ICMP_FLOOD,SUSTAINED,ICMP_FLOOD,1,0.9999818,True,ICMP_FLOOD
RUN_079,2026-10-03 22:37:06,2026-10-03 22:37:15,2026-10-03 22:37:15,ICMP_FLOOD,SUSTAINED,ICMP_FLOOD,1,0.9999816,True,ICMP_FLOOD
RUN_079,2026-10-03 22:37:07,2026-10-03 22:37:16,2026-10-03 22:37:16,ICMP_FLOOD,SUSTAINED,ICMP_FLOOD,1,0.99998146,True,ICMP_FLOOD
RUN_079,2026-10-03 22:37:08,2026-10-03 22:37:17,2026-10-03 22:37:17,ICMP_FLOOD,SUSTAINED,ICMP_FLOOD,1,0.99998194,True,ICMP_FLOOD
RUN_079,2026-10-03 22:37:09,2026-10-03 22:37:18,2026-10-03 22:37:18,ICMP_FLOOD,SUSTAINED,ICMP_FLOOD,1,0.9999818,True,ICMP_FLOOD
RUN_079,2026-10-03 22:37:10,2026-10-03 22:37:19,2026-10-03 22:37:19,ICMP_FLOOD,SUSTAINED,ICMP_FLOOD,1,0.9999806,True,ICMP_FLOOD
RUN_079,2026-10-03 22:37:11,2026-10-03 22:37:20,2026-10-03 22:37:20,ICMP_FLOOD,SUSTAINED,ICMP_FLOOD,1,0.99998015,True,ICMP_FLOOD
RUN_079,2026-10-03 22:37:12,2026-10-03 22:37:21,2026-10-03 22:37:21,ICMP_FLOOD,SUSTAINED,ICMP_FLOOD,1,0.9999774,True,ICMP_FLOOD
RUN_079,2026-10-03 22:37:13,2026-10-03 22:37:22,2026-10-03 22:37:22,ICMP_FLOOD,SUSTAINED,ICMP_FLOOD,1,0.99998003,True,ICMP_FLOOD
RUN_079,2026-10-03 22:37:14,2026-10-03 22:37:23,2026-10-03 22:37:23,ICMP_FLOOD,SUSTAINED,ICMP_FLOOD,1,0.9999798,True,ICMP_FLOOD
RUN_079,2026-10-03 22:37:15,2026-10-03 22:37:24,2026-10-03 22:37:24,ICMP_FLOOD,SUSTAINED,ICMP_FLOOD,1,0.9999798,True,ICMP_FLOOD
RUN_079,2026-10-03 22:37:16,2026-10-03 22:37:25,2026-10-03 22:37:25,ICMP_FLOOD,SUSTAINED,ICMP_FLOOD,1,0.9999786,True,ICMP_FLOOD
RUN_079,2026-10-03 22:37:17,2026-10-03 22:37:26,2026-10-03 22:37:26,ICMP_FLOOD,SUSTAINED,ICMP_FLOOD,1,0.9999799,True,ICMP_FLOOD
RUN_079,2026-10-03 22:37:18,2026-10-03 22:37:27,2026-10-03 22:37:27,ICMP_FLOOD,SUSTAINED,ICMP_FLOOD,1,0.9999787,True,ICMP_FLOOD
RUN_079,2026-10-03 22:37:19,2026-10-03 22:37:28,2026-10-03 22:37:28,ICMP_FLOOD,SUSTAINED,ICMP_FLOOD,1,0.9999803,True,ICMP_FLOOD
RUN_079,2026-10-03 22:37:20,2026-10-03 22:37:29,2026-10-03 22:37:29,ICMP_FLOOD,SUSTAINED,ICMP_FLOOD,1,0.99998015,True,ICMP_FLOOD
RUN_079,2026-10-03 22:37:21,2026-10-03 22:37:30,2026-10-03 22:37:30,ICMP_FLOOD,DECAY,ICMP_FLOOD,1,0.9999797,True,ICMP_FLOOD
RUN_079,2026-10-03 22:37:22,2026-10-03 22:37:31,2026-10-03 22:37:31,ICMP_FLOOD,DECAY,ICMP_FLOOD,1,0.9999798,True,ICMP_FLOOD
RUN_079,2026-10-03 22:37:23,2026-10-03 22:37:32,2026-10-03 22:37:32,ICMP_FLOOD,DECAY,ICMP_FLOOD,1,0.99998015,True,ICMP_FLOOD
RUN_079,2026-10-03 22:37:24,2026-10-03 22:37:33,2026-10-03 22:37:33,ICMP_FLOOD,DECAY,BENIGN,1,0.99998075,True,ICMP_FLOOD
RUN_079,2026-10-03 22:37:25,2026-10-03 22:37:34,2026-10-03 22:37:34,ICMP_FLOOD,DECAY,BENIGN,1,0.9999811,True,ICMP_FLOOD
RUN_079,2026-10-03 22:37:26,2026-10-03 22:37:35,2026-10-03 22:37:35,ICMP_FLOOD,DECAY,BENIGN,1,0.9999806,True,ICMP_FLOOD
RUN_079,2026-10-03 22:37:27,2026-10-03 22:37:36,2026-10-03 22:37:36,ICMP_FLOOD,DECAY,BENIGN,1,0.9999805,True,ICMP_FLOOD
RUN_079,2026-10-03 22:37:28,2026-10-03 22:37:37,2026-10-03 22:37:37,ICMP_FLOOD,DECAY,BENIGN,1,0.99997896,True,ICMP_FLOOD
RUN_079,2026-10-03 22:37:29,2026-10-03 22:37:38,2026-10-03 22:37:38,ICMP_FLOOD,DECAY,BENIGN,1,0.9999787,True,ICMP_FLOOD
RUN_079,2026-10-03 22:37:30,2026-10-03 22:37:39,2026-10-03 22:37:39,ICMP_FLOOD,DECAY,BENIGN,1,0.9999766,True,ICMP_FLOOD
RUN_079,2026-10-03 22:37:31,2026-10-03 22:37:40,2026-10-03 22:37:40,ICMP_FLOOD,DECAY,BENIGN,1,0.99997514,True,ICMP_FLOOD
RUN_079,2026-10-03 22:37:32,2026-10-03 22:37:41,2026-10-03 22:37:41,ICMP_FLOOD,DECAY,BENIGN,1,0.9999735,True,ICMP_FLOOD
RUN_079,2026-10-03 22:37:33,2026-10-03 22:37:42,2026-10-03 22:37:42,ICMP_FLOOD,DECAY,ICMP_FLOOD,1,0.99997896,True,ICMP_FLOOD
RUN_079,2026-10-03 22:37:34,2026-10-03 22:37:43,2026-10-03 22:37:43,ICMP_FLOOD,DECAY,ICMP_FLOOD,1,0.9999797,True,ICMP_FLOOD
RUN_079,2026-10-03 22:37:35,2026-10-03 22:37:44,2026-10-03 22:37:44,ICMP_FLOOD,DECAY,ICMP_FLOOD,1,0.9999787,True,ICMP_FLOOD
RUN_079,2026-10-03 22:37:36,2026-10-03 22:37:45,2026-10-03 22:37:45,ICMP_FLOOD,DECAY,ICMP_FLOOD,1,0.9999779,True,ICMP_FLOOD
RUN_079,2026-10-03 22:37:37,2026-10-03 22:37:46,2026-10-03 22:37:46,ICMP_FLOOD,DECAY,ICMP_FLOOD,1,0.9999779,True,ICMP_FLOOD
RUN_079,2026-10-03 22:37:38,2026-10-03 22:37:47,2026-10-03 22:37:47,ICMP_FLOOD,DECAY,BENIGN,1,0.9999774,True,ICMP_FLOOD
RUN_079,2026-10-03 22:37:39,2026-10-03 22:37:48,2026-10-03 22:37:48,ICMP_FLOOD,DECAY,BENIGN,1,0.9999775,True,ICMP_FLOOD
RUN_079,2026-10-03 22:37:40,2026-10-03 22:37:49,2026-10-03 22:37:49,ICMP_FLOOD,DECAY,ICMP_FLOOD,1,0.99997646,True,ICMP_FLOOD
RUN_079,2026-10-03 22:37:41,2026-10-03 22:37:50,2026-10-03 22:37:50,ICMP_FLOOD,RECOVERY,ICMP_FLOOD,1,0.99997586,True,ICMP_FLOOD
RUN_079,2026-10-03 22:37:42,2026-10-03 22:37:51,2026-10-03 22:37:51,ICMP_FLOOD,RECOVERY,ICMP_FLOOD,1,0.99997383,True,ICMP_FLOOD
RUN_079,2026-10-03 22:37:43,2026-10-03 22:37:52,2026-10-03 22:37:52,ICMP_FLOOD,RECOVERY,ICMP_FLOOD,1,0.9999698,True,ICMP_FLOOD
RUN_079,2026-10-03 22:37:44,2026-10-03 22:37:53,2026-10-03 22:37:53,ICMP_FLOOD,RECOVERY,ICMP_FLOOD,1,0.9999675,True,ICMP_FLOOD
RUN_079,2026-10-03 22:37:45,2026-10-03 22:37:54,2026-10-03 22:37:54,ICMP_FLOOD,RECOVERY,ICMP_FLOOD,1,0.99994695,True,ICMP_FLOOD
RUN_079,2026-10-03 22:37:46,2026-10-03 22:37:55,2026-10-03 22:37:55,ICMP_FLOOD,RECOVERY,ICMP_FLOOD,1,0.99991757,True,ICMP_FLOOD
RUN_079,2026-10-03 22:37:47,2026-10-03 22:37:56,2026-10-03 22:37:56,ICMP_FLOOD,RECOVERY,ICMP_FLOOD,1,0.9998624,True,ICMP_FLOOD
RUN_079,2026-10-03 22:37:48,2026-10-03 22:37:57,2026-10-03 22:37:57,ICMP_FLOOD,RECOVERY,ICMP_FLOOD,1,0.9996933,True,ICMP_FLOOD
RUN_079,2026-10-03 22:37:49,2026-10-03 22:37:58,2026-10-03 22:37:58,ICMP_FLOOD,RECOVERY,BENIGN,1,0.9994214,True,ICMP_FLOOD
RUN_079,2026-10-03 22:37:50,2026-10-03 22:37:59,2026-10-03 22:37:59,ICMP_FLOOD,RECOVERY,BENIGN,1,0.9988175,True,ICMP_FLOOD
RUN_083,2026-10-03 22:44:00,2026-10-03 22:44:09,2026-10-03 22:44:09,SYN_FLOOD,NORMAL,SYN_FLOOD,3,0.9987001,True,SYN_FLOOD
RUN_083,2026-10-03 22:44:01,2026-10-03 22:44:10,2026-10-03 22:44:10,SYN_FLOOD,NORMAL,SYN_FLOOD,3,0.99901676,True,SYN_FLOOD
RUN_083,2026-10-03 22:44:02,2026-10-03 22:44:11,2026-10-03 22:44:11,SYN_FLOOD,NORMAL,SYN_FLOOD,3,0.999103,True,SYN_FLOOD
RUN_083,2026-10-03 22:44:03,2026-10-03 22:44:12,2026-10-03 22:44:12,SYN_FLOOD,NORMAL,SYN_FLOOD,3,0.99921143,True,SYN_FLOOD
RUN_083,2026-10-03 22:44:04,2026-10-03 22:44:13,2026-10-03 22:44:13,SYN_FLOOD,NORMAL,BENIGN,3,0.99913573,True,SYN_FLOOD
RUN_083,2026-10-03 22:44:05,2026-10-03 22:44:14,2026-10-03 22:44:14,SYN_FLOOD,NORMAL,SYN_FLOOD,3,0.9991036,True,SYN_FLOOD
RUN_083,2026-10-03 22:44:06,2026-10-03 22:44:15,2026-10-03 22:44:15,SYN_FLOOD,NORMAL,SYN_FLOOD,3,0.9991229,True,SYN_FLOOD
RUN_083,2026-10-03 22:44:07,2026-10-03 22:44:16,2026-10-03 22:44:16,SYN_FLOOD,NORMAL,BENIGN,3,0.9991737,True,SYN_FLOOD
RUN_083,2026-10-03 22:44:08,2026-10-03 22:44:17,2026-10-03 22:44:17,SYN_FLOOD,NORMAL,BENIGN,3,0.99925613,True,SYN_FLOOD
RUN_083,2026-10-03 22:44:09,2026-10-03 22:44:18,2026-10-03 22:44:18,SYN_FLOOD,NORMAL,BENIGN,3,0.9989398,True,SYN_FLOOD
RUN_083,2026-10-03 22:44:10,2026-10-03 22:44:19,2026-10-03 22:44:19,SYN_FLOOD,NORMAL,BENIGN,3,0.99877346,True,SYN_FLOOD
RUN_083,2026-10-03 22:44:11,2026-10-03 22:44:20,2026-10-03 22:44:20,SYN_FLOOD,EARLY_CHANGE,BENIGN,3,0.9987572,True,SYN_FLOOD
RUN_083,2026-10-03 22:44:12,2026-10-03 22:44:21,2026-10-03 22:44:21,SYN_FLOOD,EARLY_CHANGE,BENIGN,3,0.9989759,True,SYN_FLOOD
RUN_083,2026-10-03 22:44:13,2026-10-03 22:44:22,2026-10-03 22:44:22,SYN_FLOOD,EARLY_CHANGE,BENIGN,3,0.99838096,True,SYN_FLOOD
RUN_083,2026-10-03 22:44:14,2026-10-03 22:44:23,2026-10-03 22:44:23,SYN_FLOOD,EARLY_CHANGE,BENIGN,3,0.9985567,True,SYN_FLOOD
RUN_083,2026-10-03 22:44:15,2026-10-03 22:44:24,2026-10-03 22:44:24,SYN_FLOOD,EARLY_CHANGE,BENIGN,3,0.99925804,True,SYN_FLOOD
RUN_083,2026-10-03 22:44:16,2026-10-03 22:44:25,2026-10-03 22:44:25,SYN_FLOOD,EARLY_CHANGE,BENIGN,3,0.9995779,True,SYN_FLOOD
RUN_083,2026-10-03 22:44:17,2026-10-03 22:44:26,2026-10-03 22:44:26,SYN_FLOOD,EARLY_CHANGE,SYN_FLOOD,3,0.999707,True,SYN_FLOOD
RUN_083,2026-10-03 22:44:18,2026-10-03 22:44:27,2026-10-03 22:44:27,SYN_FLOOD,EARLY_CHANGE,SYN_FLOOD,3,0.9997913,True,SYN_FLOOD
RUN_083,2026-10-03 22:44:19,2026-10-03 22:44:28,2026-10-03 22:44:28,SYN_FLOOD,EARLY_CHANGE,SYN_FLOOD,3,0.9998126,True,SYN_FLOOD
RUN_083,2026-10-03 22:44:20,2026-10-03 22:44:29,2026-10-03 22:44:29,SYN_FLOOD,EARLY_CHANGE,SYN_FLOOD,3,0.9998158,True,SYN_FLOOD
RUN_083,2026-10-03 22:44:21,2026-10-03 22:44:30,2026-10-03 22:44:30,SYN_FLOOD,ESCALATION,SYN_FLOOD,3,0.99987125,True,SYN_FLOOD
RUN_083,2026-10-03 22:44:22,2026-10-03 22:44:31,2026-10-03 22:44:31,SYN_FLOOD,ESCALATION,BENIGN,3,0.999834,True,SYN_FLOOD
RUN_083,2026-10-03 22:44:23,2026-10-03 22:44:32,2026-10-03 22:44:32,SYN_FLOOD,ESCALATION,BENIGN,3,0.99979466,True,SYN_FLOOD
RUN_083,2026-10-03 22:44:24,2026-10-03 22:44:33,2026-10-03 22:44:33,SYN_FLOOD,ESCALATION,SYN_FLOOD,3,0.9995915,True,SYN_FLOOD
RUN_083,2026-10-03 22:44:25,2026-10-03 22:44:34,2026-10-03 22:44:34,SYN_FLOOD,ESCALATION,SYN_FLOOD,3,0.9994495,True,SYN_FLOOD
RUN_083,2026-10-03 22:44:26,2026-10-03 22:44:35,2026-10-03 22:44:35,SYN_FLOOD,ESCALATION,SYN_FLOOD,3,0.999358,True,SYN_FLOOD
RUN_083,2026-10-03 22:44:27,2026-10-03 22:44:36,2026-10-03 22:44:36,SYN_FLOOD,ESCALATION,SYN_FLOOD,3,0.992267,True,SYN_FLOOD
RUN_083,2026-10-03 22:44:28,2026-10-03 22:44:37,2026-10-03 22:44:37,SYN_FLOOD,ESCALATION,BENIGN,3,0.999807,True,SYN_FLOOD
RUN_083,2026-10-03 22:44:29,2026-10-03 22:44:38,2026-10-03 22:44:38,SYN_FLOOD,ESCALATION,SYN_FLOOD,3,0.9998138,True,SYN_FLOOD
RUN_083,2026-10-03 22:44:30,2026-10-03 22:44:39,2026-10-03 22:44:39,SYN_FLOOD,ESCALATION,SYN_FLOOD,3,0.61271083,True,SYN_FLOOD
RUN_083,2026-10-03 22:44:31,2026-10-03 22:44:40,2026-10-03 22:44:40,SYN_FLOOD,ESCALATION,SYN_FLOOD,3,0.9980223,True,SYN_FLOOD
RUN_083,2026-10-03 22:44:32,2026-10-03 22:44:41,2026-10-03 22:44:41,SYN_FLOOD,ESCALATION,SYN_FLOOD,3,0.9996251,True,SYN_FLOOD
RUN_083,2026-10-03 22:44:33,2026-10-03 22:44:42,2026-10-03 22:44:42,SYN_FLOOD,ESCALATION,SYN_FLOOD,3,0.9997655,True,SYN_FLOOD
RUN_083,2026-10-03 22:44:34,2026-10-03 22:44:43,2026-10-03 22:44:43,SYN_FLOOD,ESCALATION,SYN_FLOOD,3,0.99984866,True,SYN_FLOOD
RUN_083,2026-10-03 22:44:35,2026-10-03 22:44:44,2026-10-03 22:44:44,SYN_FLOOD,ESCALATION,SYN_FLOOD,3,0.99985045,True,SYN_FLOOD
RUN_083,2026-10-03 22:44:36,2026-10-03 22:44:45,2026-10-03 22:44:45,SYN_FLOOD,ESCALATION,SYN_FLOOD,3,0.9998666,True,SYN_FLOOD
RUN_083,2026-10-03 22:44:37,2026-10-03 22:44:46,2026-10-03 22:44:46,SYN_FLOOD,ESCALATION,BENIGN,3,0.9998545,True,SYN_FLOOD
RUN_083,2026-10-03 22:44:38,2026-10-03 22:44:47,2026-10-03 22:44:47,SYN_FLOOD,ESCALATION,BENIGN,3,0.9998883,True,SYN_FLOOD
RUN_083,2026-10-03 22:44:39,2026-10-03 22:44:48,2026-10-03 22:44:48,SYN_FLOOD,ESCALATION,BENIGN,3,0.9998889,True,SYN_FLOOD
RUN_083,2026-10-03 22:44:40,2026-10-03 22:44:49,2026-10-03 22:44:49,SYN_FLOOD,ESCALATION,BENIGN,3,0.9998984,True,SYN_FLOOD
RUN_083,2026-10-03 22:44:41,2026-10-03 22:44:50,2026-10-03 22:44:50,SYN_FLOOD,ESCALATION,BENIGN,3,0.99990004,True,SYN_FLOOD
RUN_083,2026-10-03 22:44:42,2026-10-03 22:44:51,2026-10-03 22:44:51,SYN_FLOOD,ESCALATION,BENIGN,3,0.9998927,True,SYN_FLOOD
RUN_083,2026-10-03 22:44:43,2026-10-03 22:44:52,2026-10-03 22:44:52,SYN_FLOOD,ESCALATION,BENIGN,3,0.999903,True,SYN_FLOOD
RUN_083,2026-10-03 22:44:44,2026-10-03 22:44:53,2026-10-03 22:44:53,SYN_FLOOD,ESCALATION,BENIGN,3,0.99990016,True,SYN_FLOOD
RUN_083,2026-10-03 22:44:45,2026-10-03 22:44:54,2026-10-03 22:44:54,SYN_FLOOD,ESCALATION,BENIGN,3,0.99990803,True,SYN_FLOOD
RUN_083,2026-10-03 22:44:46,2026-10-03 22:44:55,2026-10-03 22:44:55,SYN_FLOOD,ESCALATION,BENIGN,3,0.99990326,True,SYN_FLOOD
RUN_083,2026-10-03 22:44:47,2026-10-03 22:44:56,2026-10-03 22:44:56,SYN_FLOOD,ESCALATION,BENIGN,3,0.99991447,True,SYN_FLOOD
RUN_083,2026-10-03 22:44:48,2026-10-03 22:44:57,2026-10-03 22:44:57,SYN_FLOOD,ESCALATION,BENIGN,3,0.99991363,True,SYN_FLOOD
RUN_083,2026-10-03 22:44:49,2026-10-03 22:44:58,2026-10-03 22:44:58,SYN_FLOOD,ESCALATION,BENIGN,3,0.9999091,True,SYN_FLOOD
RUN_083,2026-10-03 22:44:50,2026-10-03 22:44:59,2026-10-03 22:44:59,SYN_FLOOD,ESCALATION,BENIGN,3,0.9999103,True,SYN_FLOOD
RUN_083,2026-10-03 22:44:51,2026-10-03 22:45:00,2026-10-03 22:45:00,SYN_FLOOD,SUSTAINED,SYN_FLOOD,3,0.99991304,True,SYN_FLOOD
RUN_083,2026-10-03 22:44:52,2026-10-03 22:45:01,2026-10-03 22:45:01,SYN_FLOOD,SUSTAINED,BENIGN,3,0.99990946,True,SYN_FLOOD
RUN_083,2026-10-03 22:44:53,2026-10-03 22:45:02,2026-10-03 22:45:02,SYN_FLOOD,SUSTAINED,SYN_FLOOD,3,0.9999154,True,SYN_FLOOD
RUN_083,2026-10-03 22:44:54,2026-10-03 22:45:03,2026-10-03 22:45:03,SYN_FLOOD,SUSTAINED,SYN_FLOOD,3,0.99990994,True,SYN_FLOOD
RUN_083,2026-10-03 22:44:55,2026-10-03 22:45:04,2026-10-03 22:45:04,SYN_FLOOD,SUSTAINED,SYN_FLOOD,3,0.99990374,True,SYN_FLOOD
RUN_083,2026-10-03 22:44:56,2026-10-03 22:45:05,2026-10-03 22:45:05,SYN_FLOOD,SUSTAINED,SYN_FLOOD,3,0.9999084,True,SYN_FLOOD
RUN_083,2026-10-03 22:44:57,2026-10-03 22:45:06,2026-10-03 22:45:06,SYN_FLOOD,SUSTAINED,SYN_FLOOD,3,0.99991363,True,SYN_FLOOD
RUN_083,2026-10-03 22:44:58,2026-10-03 22:45:07,2026-10-03 22:45:07,SYN_FLOOD,SUSTAINED,SYN_FLOOD,3,0.9999139,True,SYN_FLOOD
RUN_083,2026-10-03 22:44:59,2026-10-03 22:45:08,2026-10-03 22:45:08,SYN_FLOOD,SUSTAINED,SYN_FLOOD,3,0.9999177,True,SYN_FLOOD
RUN_083,2026-10-03 22:45:00,2026-10-03 22:45:09,2026-10-03 22:45:09,SYN_FLOOD,SUSTAINED,BENIGN,3,0.9999146,True,SYN_FLOOD
RUN_083,2026-10-03 22:45:01,2026-10-03 22:45:10,2026-10-03 22:45:10,SYN_FLOOD,SUSTAINED,BENIGN,3,0.99991506,True,SYN_FLOOD
RUN_083,2026-10-03 22:45:02,2026-10-03 22:45:11,2026-10-03 22:45:11,SYN_FLOOD,SUSTAINED,BENIGN,3,0.9999122,True,SYN_FLOOD
RUN_083,2026-10-03 22:45:03,2026-10-03 22:45:12,2026-10-03 22:45:12,SYN_FLOOD,SUSTAINED,BENIGN,3,0.99990624,True,SYN_FLOOD
RUN_083,2026-10-03 22:45:04,2026-10-03 22:45:13,2026-10-03 22:45:13,SYN_FLOOD,SUSTAINED,BENIGN,3,0.99990565,True,SYN_FLOOD
RUN_083,2026-10-03 22:45:05,2026-10-03 22:45:14,2026-10-03 22:45:14,SYN_FLOOD,SUSTAINED,BENIGN,3,0.99991125,True,SYN_FLOOD
RUN_083,2026-10-03 22:45:06,2026-10-03 22:45:15,2026-10-03 22:45:15,SYN_FLOOD,SUSTAINED,BENIGN,3,0.9999142,True,SYN_FLOOD
RUN_083,2026-10-03 22:45:07,2026-10-03 22:45:16,2026-10-03 22:45:16,SYN_FLOOD,SUSTAINED,BENIGN,3,0.9999158,True,SYN_FLOOD
RUN_083,2026-10-03 22:45:08,2026-10-03 22:45:17,2026-10-03 22:45:17,SYN_FLOOD,SUSTAINED,BENIGN,3,0.99991244,True,SYN_FLOOD
RUN_083,2026-10-03 22:45:09,2026-10-03 22:45:18,2026-10-03 22:45:18,SYN_FLOOD,SUSTAINED,BENIGN,3,0.999914,True,SYN_FLOOD
RUN_083,2026-10-03 22:45:10,2026-10-03 22:45:19,2026-10-03 22:45:19,SYN_FLOOD,SUSTAINED,BENIGN,3,0.9999053,True,SYN_FLOOD
RUN_083,2026-10-03 22:45:11,2026-10-03 22:45:20,2026-10-03 22:45:20,SYN_FLOOD,SUSTAINED,SYN_FLOOD,3,0.9998921,True,SYN_FLOOD
RUN_083,2026-10-03 22:45:12,2026-10-03 22:45:21,2026-10-03 22:45:21,SYN_FLOOD,SUSTAINED,SYN_FLOOD,3,0.9998845,True,SYN_FLOOD
RUN_083,2026-10-03 22:45:13,2026-10-03 22:45:22,2026-10-03 22:45:22,SYN_FLOOD,SUSTAINED,SYN_FLOOD,3,0.99989116,True,SYN_FLOOD
RUN_083,2026-10-03 22:45:14,2026-10-03 22:45:23,2026-10-03 22:45:23,SYN_FLOOD,SUSTAINED,SYN_FLOOD,3,0.9999029,True,SYN_FLOOD
RUN_083,2026-10-03 22:45:15,2026-10-03 22:45:24,2026-10-03 22:45:24,SYN_FLOOD,SUSTAINED,SYN_FLOOD,3,0.9999133,True,SYN_FLOOD
RUN_083,2026-10-03 22:45:16,2026-10-03 22:45:25,2026-10-03 22:45:25,SYN_FLOOD,SUSTAINED,BENIGN,3,0.99991506,True,SYN_FLOOD
RUN_083,2026-10-03 22:45:17,2026-10-03 22:45:26,2026-10-03 22:45:26,SYN_FLOOD,SUSTAINED,SYN_FLOOD,3,0.9999141,True,SYN_FLOOD
RUN_083,2026-10-03 22:45:18,2026-10-03 22:45:27,2026-10-03 22:45:27,SYN_FLOOD,SUSTAINED,SYN_FLOOD,3,0.9999078,True,SYN_FLOOD
RUN_083,2026-10-03 22:45:19,2026-10-03 22:45:28,2026-10-03 22:45:28,SYN_FLOOD,SUSTAINED,SYN_FLOOD,3,0.99990827,True,SYN_FLOOD
RUN_083,2026-10-03 22:45:20,2026-10-03 22:45:29,2026-10-03 22:45:29,SYN_FLOOD,SUSTAINED,SYN_FLOOD,3,0.9999077,True,SYN_FLOOD
RUN_083,2026-10-03 22:45:21,2026-10-03 22:45:30,2026-10-03 22:45:30,SYN_FLOOD,DECAY,SYN_FLOOD,3,0.99990445,True,SYN_FLOOD
RUN_083,2026-10-03 22:45:22,2026-10-03 22:45:31,2026-10-03 22:45:31,SYN_FLOOD,DECAY,SYN_FLOOD,3,0.9999103,True,SYN_FLOOD
RUN_083,2026-10-03 22:45:23,2026-10-03 22:45:32,2026-10-03 22:45:32,SYN_FLOOD,DECAY,BENIGN,3,0.9999152,True,SYN_FLOOD
RUN_083,2026-10-03 22:45:24,2026-10-03 22:45:33,2026-10-03 22:45:33,SYN_FLOOD,DECAY,BENIGN,3,0.9999154,True,SYN_FLOOD
RUN_083,2026-10-03 22:45:25,2026-10-03 22:45:34,2026-10-03 22:45:34,SYN_FLOOD,DECAY,BENIGN,3,0.9999171,True,SYN_FLOOD
RUN_083,2026-10-03 22:45:26,2026-10-03 22:45:35,2026-10-03 22:45:35,SYN_FLOOD,DECAY,BENIGN,3,0.99991745,True,SYN_FLOOD
RUN_083,2026-10-03 22:45:27,2026-10-03 22:45:36,2026-10-03 22:45:36,SYN_FLOOD,DECAY,BENIGN,3,0.99991554,True,SYN_FLOOD
RUN_083,2026-10-03 22:45:28,2026-10-03 22:45:37,2026-10-03 22:45:37,SYN_FLOOD,DECAY,BENIGN,3,0.99991685,True,SYN_FLOOD
RUN_083,2026-10-03 22:45:29,2026-10-03 22:45:38,2026-10-03 22:45:38,SYN_FLOOD,DECAY,BENIGN,3,0.99991566,True,SYN_FLOOD
RUN_083,2026-10-03 22:45:30,2026-10-03 22:45:39,2026-10-03 22:45:39,SYN_FLOOD,DECAY,BENIGN,3,0.9999127,True,SYN_FLOOD
RUN_083,2026-10-03 22:45:31,2026-10-03 22:45:40,2026-10-03 22:45:40,SYN_FLOOD,DECAY,SYN_FLOOD,3,0.9999077,True,SYN_FLOOD
RUN_083,2026-10-03 22:45:32,2026-10-03 22:45:41,2026-10-03 22:45:41,SYN_FLOOD,DECAY,SYN_FLOOD,3,0.99990386,True,SYN_FLOOD
RUN_083,2026-10-03 22:45:33,2026-10-03 22:45:42,2026-10-03 22:45:42,SYN_FLOOD,DECAY,SYN_FLOOD,3,0.99990445,True,SYN_FLOOD
RUN_083,2026-10-03 22:45:34,2026-10-03 22:45:43,2026-10-03 22:45:43,SYN_FLOOD,DECAY,SYN_FLOOD,3,0.99990314,True,SYN_FLOOD
RUN_083,2026-10-03 22:45:35,2026-10-03 22:45:44,2026-10-03 22:45:44,SYN_FLOOD,DECAY,SYN_FLOOD,3,0.9999071,True,SYN_FLOOD
RUN_083,2026-10-03 22:45:36,2026-10-03 22:45:45,2026-10-03 22:45:45,SYN_FLOOD,DECAY,BENIGN,3,0.9998999,True,SYN_FLOOD
RUN_083,2026-10-03 22:45:37,2026-10-03 22:45:46,2026-10-03 22:45:46,SYN_FLOOD,DECAY,BENIGN,3,0.9998992,True,SYN_FLOOD
RUN_083,2026-10-03 22:45:38,2026-10-03 22:45:47,2026-10-03 22:45:47,SYN_FLOOD,DECAY,BENIGN,3,0.99989325,True,SYN_FLOOD
RUN_083,2026-10-03 22:45:39,2026-10-03 22:45:48,2026-10-03 22:45:48,SYN_FLOOD,DECAY,BENIGN,3,0.99989384,True,SYN_FLOOD
RUN_083,2026-10-03 22:45:40,2026-10-03 22:45:49,2026-10-03 22:45:49,SYN_FLOOD,DECAY,BENIGN,3,0.99988985,True,SYN_FLOOD
RUN_083,2026-10-03 22:45:41,2026-10-03 22:45:50,2026-10-03 22:45:50,SYN_FLOOD,RECOVERY,BENIGN,3,0.9998894,True,SYN_FLOOD
RUN_083,2026-10-03 22:45:42,2026-10-03 22:45:51,2026-10-03 22:45:51,SYN_FLOOD,RECOVERY,BENIGN,3,0.99988234,True,SYN_FLOOD
RUN_083,2026-10-03 22:45:43,2026-10-03 22:45:52,2026-10-03 22:45:52,SYN_FLOOD,RECOVERY,SYN_FLOOD,3,0.99986225,True,SYN_FLOOD
RUN_083,2026-10-03 22:45:44,2026-10-03 22:45:53,2026-10-03 22:45:53,SYN_FLOOD,RECOVERY,SYN_FLOOD,3,0.9998807,True,SYN_FLOOD
RUN_083,2026-10-03 22:45:45,2026-10-03 22:45:54,2026-10-03 22:45:54,SYN_FLOOD,RECOVERY,SYN_FLOOD,3,0.99986887,True,SYN_FLOOD
RUN_083,2026-10-03 22:45:46,2026-10-03 22:45:55,2026-10-03 22:45:55,SYN_FLOOD,RECOVERY,SYN_FLOOD,3,0.99987185,True,SYN_FLOOD
RUN_083,2026-10-03 22:45:47,2026-10-03 22:45:56,2026-10-03 22:45:56,SYN_FLOOD,RECOVERY,BENIGN,3,0.99986106,True,SYN_FLOOD
RUN_083,2026-10-03 22:45:48,2026-10-03 22:45:57,2026-10-03 22:45:57,SYN_FLOOD,RECOVERY,BENIGN,3,0.9998659,True,SYN_FLOOD
RUN_083,2026-10-03 22:45:49,2026-10-03 22:45:58,2026-10-03 22:45:58,SYN_FLOOD,RECOVERY,BENIGN,3,0.9998613,True,SYN_FLOOD
RUN_083,2026-10-03 22:45:50,2026-10-03 22:45:59,2026-10-03 22:45:59,SYN_FLOOD,RECOVERY,BENIGN,3,0.99986374,True,SYN_FLOOD
RUN_105,2026-10-03 23:28:00,2026-10-03 23:28:09,2026-10-03 23:28:09,SYN_FLOOD,NORMAL,BENIGN,0,0.9865755,False,BENIGN
RUN_105,2026-10-03 23:28:01,2026-10-03 23:28:10,2026-10-03 23:28:10,SYN_FLOOD,NORMAL,BENIGN,0,0.99892193,False,BENIGN
RUN_105,2026-10-03 23:28:02,2026-10-03 23:28:11,2026-10-03 23:28:11,SYN_FLOOD,NORMAL,BENIGN,0,0.89968807,False,BENIGN
RUN_105,2026-10-03 23:28:03,2026-10-03 23:28:12,2026-10-03 23:28:12,SYN_FLOOD,NORMAL,BENIGN,0,0.9992904,False,BENIGN
RUN_105,2026-10-03 23:28:04,2026-10-03 23:28:13,2026-10-03 23:28:13,SYN_FLOOD,NORMAL,BENIGN,0,0.9552447,False,BENIGN
RUN_105,2026-10-03 23:28:05,2026-10-03 23:28:14,2026-10-03 23:28:14,SYN_FLOOD,NORMAL,BENIGN,0,0.99549794,False,BENIGN
RUN_105,2026-10-03 23:28:06,2026-10-03 23:28:15,2026-10-03 23:28:15,SYN_FLOOD,NORMAL,BENIGN,0,0.6681529,False,BENIGN
RUN_105,2026-10-03 23:28:07,2026-10-03 23:28:16,2026-10-03 23:28:16,SYN_FLOOD,NORMAL,BENIGN,3,0.91099834,True,SYN_FLOOD
RUN_105,2026-10-03 23:28:08,2026-10-03 23:28:17,2026-10-03 23:28:17,SYN_FLOOD,NORMAL,BENIGN,3,0.98178697,True,SYN_FLOOD
RUN_105,2026-10-03 23:28:09,2026-10-03 23:28:18,2026-10-03 23:28:18,SYN_FLOOD,NORMAL,BENIGN,3,0.99106544,True,SYN_FLOOD
RUN_105,2026-10-03 23:28:10,2026-10-03 23:28:19,2026-10-03 23:28:19,SYN_FLOOD,NORMAL,BENIGN,3,0.99412906,True,SYN_FLOOD
RUN_105,2026-10-03 23:28:11,2026-10-03 23:28:20,2026-10-03 23:28:20,SYN_FLOOD,EARLY_CHANGE,BENIGN,3,0.995051,True,SYN_FLOOD
RUN_105,2026-10-03 23:28:12,2026-10-03 23:28:21,2026-10-03 23:28:21,SYN_FLOOD,EARLY_CHANGE,BENIGN,3,0.9965788,True,SYN_FLOOD
RUN_105,2026-10-03 23:28:13,2026-10-03 23:28:22,2026-10-03 23:28:22,SYN_FLOOD,EARLY_CHANGE,BENIGN,3,0.9988206,True,SYN_FLOOD
RUN_105,2026-10-03 23:28:14,2026-10-03 23:28:23,2026-10-03 23:28:23,SYN_FLOOD,EARLY_CHANGE,BENIGN,3,0.9988973,True,SYN_FLOOD
RUN_105,2026-10-03 23:28:15,2026-10-03 23:28:24,2026-10-03 23:28:24,SYN_FLOOD,EARLY_CHANGE,BENIGN,3,0.99923927,True,SYN_FLOOD
RUN_105,2026-10-03 23:28:16,2026-10-03 23:28:25,2026-10-03 23:28:25,SYN_FLOOD,EARLY_CHANGE,BENIGN,3,0.999563,True,SYN_FLOOD
RUN_105,2026-10-03 23:28:17,2026-10-03 23:28:26,2026-10-03 23:28:26,SYN_FLOOD,EARLY_CHANGE,BENIGN,3,0.9990746,True,SYN_FLOOD
RUN_105,2026-10-03 23:28:18,2026-10-03 23:28:27,2026-10-03 23:28:27,SYN_FLOOD,EARLY_CHANGE,BENIGN,3,0.9980556,True,SYN_FLOOD
RUN_105,2026-10-03 23:28:19,2026-10-03 23:28:28,2026-10-03 23:28:28,SYN_FLOOD,EARLY_CHANGE,BENIGN,3,0.99439114,True,SYN_FLOOD
RUN_105,2026-10-03 23:28:20,2026-10-03 23:28:29,2026-10-03 23:28:29,SYN_FLOOD,EARLY_CHANGE,BENIGN,3,0.9728019,True,SYN_FLOOD
RUN_105,2026-10-03 23:28:21,2026-10-03 23:28:30,2026-10-03 23:28:30,SYN_FLOOD,ESCALATION,BENIGN,3,0.9994571,True,SYN_FLOOD
RUN_105,2026-10-03 23:28:22,2026-10-03 23:28:31,2026-10-03 23:28:31,SYN_FLOOD,ESCALATION,BENIGN,3,0.99897563,True,SYN_FLOOD
RUN_105,2026-10-03 23:28:23,2026-10-03 23:28:32,2026-10-03 23:28:32,SYN_FLOOD,ESCALATION,BENIGN,3,0.9995504,True,SYN_FLOOD
RUN_105,2026-10-03 23:28:24,2026-10-03 23:28:33,2026-10-03 23:28:33,SYN_FLOOD,ESCALATION,BENIGN,3,0.99894977,True,SYN_FLOOD
RUN_105,2026-10-03 23:28:25,2026-10-03 23:28:34,2026-10-03 23:28:34,SYN_FLOOD,ESCALATION,BENIGN,3,0.9997463,True,SYN_FLOOD
RUN_105,2026-10-03 23:28:26,2026-10-03 23:28:35,2026-10-03 23:28:35,SYN_FLOOD,ESCALATION,BENIGN,3,0.99981487,True,SYN_FLOOD
RUN_105,2026-10-03 23:28:27,2026-10-03 23:28:36,2026-10-03 23:28:36,SYN_FLOOD,ESCALATION,BENIGN,3,0.99983996,True,SYN_FLOOD
RUN_105,2026-10-03 23:28:28,2026-10-03 23:28:37,2026-10-03 23:28:37,SYN_FLOOD,ESCALATION,BENIGN,3,0.9998305,True,SYN_FLOOD
RUN_105,2026-10-03 23:28:29,2026-10-03 23:28:38,2026-10-03 23:28:38,SYN_FLOOD,ESCALATION,BENIGN,3,0.9919772,True,SYN_FLOOD
RUN_105,2026-10-03 23:28:30,2026-10-03 23:28:39,2026-10-03 23:28:39,SYN_FLOOD,ESCALATION,BENIGN,3,0.911961,True,SYN_FLOOD
RUN_105,2026-10-03 23:28:31,2026-10-03 23:28:40,2026-10-03 23:28:40,SYN_FLOOD,ESCALATION,BENIGN,3,0.9774809,True,SYN_FLOOD
RUN_105,2026-10-03 23:28:32,2026-10-03 23:28:41,2026-10-03 23:28:41,SYN_FLOOD,ESCALATION,BENIGN,3,0.9546007,True,SYN_FLOOD
RUN_105,2026-10-03 23:28:33,2026-10-03 23:28:42,2026-10-03 23:28:42,SYN_FLOOD,ESCALATION,BENIGN,3,0.9879406,True,SYN_FLOOD
RUN_105,2026-10-03 23:28:34,2026-10-03 23:28:43,2026-10-03 23:28:43,SYN_FLOOD,ESCALATION,BENIGN,3,0.99899334,True,SYN_FLOOD
RUN_105,2026-10-03 23:28:35,2026-10-03 23:28:44,2026-10-03 23:28:44,SYN_FLOOD,ESCALATION,BENIGN,3,0.9997131,True,SYN_FLOOD
RUN_105,2026-10-03 23:28:36,2026-10-03 23:28:45,2026-10-03 23:28:45,SYN_FLOOD,ESCALATION,BENIGN,3,0.99971956,True,SYN_FLOOD
RUN_105,2026-10-03 23:28:37,2026-10-03 23:28:46,2026-10-03 23:28:46,SYN_FLOOD,ESCALATION,BENIGN,3,0.9998174,True,SYN_FLOOD
RUN_105,2026-10-03 23:28:38,2026-10-03 23:28:47,2026-10-03 23:28:47,SYN_FLOOD,ESCALATION,BENIGN,3,0.9997882,True,SYN_FLOOD
RUN_105,2026-10-03 23:28:39,2026-10-03 23:28:48,2026-10-03 23:28:48,SYN_FLOOD,ESCALATION,BENIGN,3,0.99982405,True,SYN_FLOOD
RUN_105,2026-10-03 23:28:40,2026-10-03 23:28:49,2026-10-03 23:28:49,SYN_FLOOD,ESCALATION,BENIGN,3,0.9997763,True,SYN_FLOOD
RUN_105,2026-10-03 23:28:41,2026-10-03 23:28:50,2026-10-03 23:28:50,SYN_FLOOD,ESCALATION,BENIGN,3,0.99978334,True,SYN_FLOOD
RUN_105,2026-10-03 23:28:42,2026-10-03 23:28:51,2026-10-03 23:28:51,SYN_FLOOD,ESCALATION,BENIGN,3,0.9996162,True,SYN_FLOOD
RUN_105,2026-10-03 23:28:43,2026-10-03 23:28:52,2026-10-03 23:28:52,SYN_FLOOD,ESCALATION,BENIGN,3,0.99978846,True,SYN_FLOOD
RUN_105,2026-10-03 23:28:44,2026-10-03 23:28:53,2026-10-03 23:28:53,SYN_FLOOD,ESCALATION,BENIGN,3,0.9997455,True,SYN_FLOOD
RUN_105,2026-10-03 23:28:45,2026-10-03 23:28:54,2026-10-03 23:28:54,SYN_FLOOD,ESCALATION,BENIGN,3,0.99983543,True,SYN_FLOOD
RUN_105,2026-10-03 23:28:46,2026-10-03 23:28:55,2026-10-03 23:28:55,SYN_FLOOD,ESCALATION,BENIGN,3,0.9998601,True,SYN_FLOOD
RUN_105,2026-10-03 23:28:47,2026-10-03 23:28:56,2026-10-03 23:28:56,SYN_FLOOD,ESCALATION,BENIGN,3,0.99988806,True,SYN_FLOOD
RUN_105,2026-10-03 23:28:48,2026-10-03 23:28:57,2026-10-03 23:28:57,SYN_FLOOD,ESCALATION,BENIGN,3,0.9998942,True,SYN_FLOOD
RUN_105,2026-10-03 23:28:49,2026-10-03 23:28:58,2026-10-03 23:28:58,SYN_FLOOD,ESCALATION,BENIGN,3,0.99988306,True,SYN_FLOOD
RUN_105,2026-10-03 23:28:50,2026-10-03 23:28:59,2026-10-03 23:28:59,SYN_FLOOD,ESCALATION,BENIGN,3,0.99989945,True,SYN_FLOOD
RUN_105,2026-10-03 23:28:51,2026-10-03 23:29:00,2026-10-03 23:29:00,SYN_FLOOD,SUSTAINED,BENIGN,3,0.99989897,True,SYN_FLOOD
RUN_105,2026-10-03 23:28:52,2026-10-03 23:29:01,2026-10-03 23:29:01,SYN_FLOOD,SUSTAINED,BENIGN,3,0.9999035,True,SYN_FLOOD
RUN_105,2026-10-03 23:28:53,2026-10-03 23:29:02,2026-10-03 23:29:02,SYN_FLOOD,SUSTAINED,BENIGN,3,0.9999055,True,SYN_FLOOD
RUN_105,2026-10-03 23:28:54,2026-10-03 23:29:03,2026-10-03 23:29:03,SYN_FLOOD,SUSTAINED,BENIGN,3,0.9999067,True,SYN_FLOOD
RUN_105,2026-10-03 23:28:55,2026-10-03 23:29:04,2026-10-03 23:29:04,SYN_FLOOD,SUSTAINED,BENIGN,3,0.999911,True,SYN_FLOOD
RUN_105,2026-10-03 23:28:56,2026-10-03 23:29:05,2026-10-03 23:29:05,SYN_FLOOD,SUSTAINED,BENIGN,3,0.99990815,True,SYN_FLOOD
RUN_105,2026-10-03 23:28:57,2026-10-03 23:29:06,2026-10-03 23:29:06,SYN_FLOOD,SUSTAINED,BENIGN,3,0.9999111,True,SYN_FLOOD
RUN_105,2026-10-03 23:28:58,2026-10-03 23:29:07,2026-10-03 23:29:07,SYN_FLOOD,SUSTAINED,BENIGN,3,0.99990386,True,SYN_FLOOD
RUN_105,2026-10-03 23:28:59,2026-10-03 23:29:08,2026-10-03 23:29:08,SYN_FLOOD,SUSTAINED,BENIGN,3,0.9999147,True,SYN_FLOOD
RUN_105,2026-10-03 23:29:00,2026-10-03 23:29:09,2026-10-03 23:29:09,SYN_FLOOD,SUSTAINED,BENIGN,3,0.9999121,True,SYN_FLOOD
RUN_105,2026-10-03 23:29:01,2026-10-03 23:29:10,2026-10-03 23:29:10,SYN_FLOOD,SUSTAINED,BENIGN,3,0.99990696,True,SYN_FLOOD
RUN_105,2026-10-03 23:29:02,2026-10-03 23:29:11,2026-10-03 23:29:11,SYN_FLOOD,SUSTAINED,BENIGN,3,0.9999111,True,SYN_FLOOD
RUN_105,2026-10-03 23:29:03,2026-10-03 23:29:12,2026-10-03 23:29:12,SYN_FLOOD,SUSTAINED,BENIGN,3,0.9999091,True,SYN_FLOOD
RUN_105,2026-10-03 23:29:04,2026-10-03 23:29:13,2026-10-03 23:29:13,SYN_FLOOD,SUSTAINED,BENIGN,3,0.99990994,True,SYN_FLOOD
RUN_105,2026-10-03 23:29:05,2026-10-03 23:29:14,2026-10-03 23:29:14,SYN_FLOOD,SUSTAINED,BENIGN,3,0.9999041,True,SYN_FLOOD
RUN_105,2026-10-03 23:29:06,2026-10-03 23:29:15,2026-10-03 23:29:15,SYN_FLOOD,SUSTAINED,BENIGN,3,0.9999067,True,SYN_FLOOD
RUN_105,2026-10-03 23:29:07,2026-10-03 23:29:16,2026-10-03 23:29:16,SYN_FLOOD,SUSTAINED,BENIGN,3,0.99989337,True,SYN_FLOOD
RUN_105,2026-10-03 23:29:08,2026-10-03 23:29:17,2026-10-03 23:29:17,SYN_FLOOD,SUSTAINED,BENIGN,3,0.99990445,True,SYN_FLOOD
RUN_105,2026-10-03 23:29:09,2026-10-03 23:29:18,2026-10-03 23:29:18,SYN_FLOOD,SUSTAINED,BENIGN,3,0.9999092,True,SYN_FLOOD
RUN_105,2026-10-03 23:29:10,2026-10-03 23:29:19,2026-10-03 23:29:19,SYN_FLOOD,SUSTAINED,BENIGN,3,0.9999061,True,SYN_FLOOD
RUN_105,2026-10-03 23:29:11,2026-10-03 23:29:20,2026-10-03 23:29:20,SYN_FLOOD,SUSTAINED,BENIGN,3,0.99991065,True,SYN_FLOOD
RUN_105,2026-10-03 23:29:12,2026-10-03 23:29:21,2026-10-03 23:29:21,SYN_FLOOD,SUSTAINED,BENIGN,3,0.9999102,True,SYN_FLOOD
RUN_105,2026-10-03 23:29:13,2026-10-03 23:29:22,2026-10-03 23:29:22,SYN_FLOOD,SUSTAINED,BENIGN,3,0.9999079,True,SYN_FLOOD
RUN_105,2026-10-03 23:29:14,2026-10-03 23:29:23,2026-10-03 23:29:23,SYN_FLOOD,SUSTAINED,BENIGN,3,0.9999059,True,SYN_FLOOD
RUN_105,2026-10-03 23:29:15,2026-10-03 23:29:24,2026-10-03 23:29:24,SYN_FLOOD,SUSTAINED,BENIGN,3,0.9999071,True,SYN_FLOOD
RUN_105,2026-10-03 23:29:16,2026-10-03 23:29:25,2026-10-03 23:29:25,SYN_FLOOD,SUSTAINED,BENIGN,3,0.999904,True,SYN_FLOOD
RUN_105,2026-10-03 23:29:17,2026-10-03 23:29:26,2026-10-03 23:29:26,SYN_FLOOD,SUSTAINED,BENIGN,3,0.99991304,True,SYN_FLOOD
RUN_105,2026-10-03 23:29:18,2026-10-03 23:29:27,2026-10-03 23:29:27,SYN_FLOOD,SUSTAINED,BENIGN,3,0.9999129,True,SYN_FLOOD
RUN_105,2026-10-03 23:29:19,2026-10-03 23:29:28,2026-10-03 23:29:28,SYN_FLOOD,SUSTAINED,BENIGN,3,0.9999096,True,SYN_FLOOD
RUN_105,2026-10-03 23:29:20,2026-10-03 23:29:29,2026-10-03 23:29:29,SYN_FLOOD,SUSTAINED,BENIGN,3,0.9998921,True,SYN_FLOOD
RUN_105,2026-10-03 23:29:21,2026-10-03 23:29:30,2026-10-03 23:29:30,SYN_FLOOD,DECAY,BENIGN,3,0.99990875,True,SYN_FLOOD
RUN_105,2026-10-03 23:29:22,2026-10-03 23:29:31,2026-10-03 23:29:31,SYN_FLOOD,DECAY,BENIGN,3,0.9999084,True,SYN_FLOOD
RUN_105,2026-10-03 23:29:23,2026-10-03 23:29:32,2026-10-03 23:29:32,SYN_FLOOD,DECAY,BENIGN,3,0.99990755,True,SYN_FLOOD
RUN_105,2026-10-03 23:29:24,2026-10-03 23:29:33,2026-10-03 23:29:33,SYN_FLOOD,DECAY,BENIGN,3,0.9999104,True,SYN_FLOOD
RUN_105,2026-10-03 23:29:25,2026-10-03 23:29:34,2026-10-03 23:29:34,SYN_FLOOD,DECAY,BENIGN,3,0.99990875,True,SYN_FLOOD
RUN_105,2026-10-03 23:29:26,2026-10-03 23:29:35,2026-10-03 23:29:35,SYN_FLOOD,DECAY,BENIGN,3,0.99990696,True,SYN_FLOOD
RUN_105,2026-10-03 23:29:27,2026-10-03 23:29:36,2026-10-03 23:29:36,SYN_FLOOD,DECAY,BENIGN,3,0.9999028,True,SYN_FLOOD
RUN_105,2026-10-03 23:29:28,2026-10-03 23:29:37,2026-10-03 23:29:37,SYN_FLOOD,DECAY,BENIGN,3,0.9999028,True,SYN_FLOOD
RUN_105,2026-10-03 23:29:29,2026-10-03 23:29:38,2026-10-03 23:29:38,SYN_FLOOD,DECAY,BENIGN,3,0.9999034,True,SYN_FLOOD
RUN_105,2026-10-03 23:29:30,2026-10-03 23:29:39,2026-10-03 23:29:39,SYN_FLOOD,DECAY,BENIGN,3,0.9999054,True,SYN_FLOOD
RUN_105,2026-10-03 23:29:31,2026-10-03 23:29:40,2026-10-03 23:29:40,SYN_FLOOD,DECAY,SYN_FLOOD,3,0.99990445,True,SYN_FLOOD
RUN_105,2026-10-03 23:29:32,2026-10-03 23:29:41,2026-10-03 23:29:41,SYN_FLOOD,DECAY,SYN_FLOOD,3,0.9999036,True,SYN_FLOOD
RUN_105,2026-10-03 23:29:33,2026-10-03 23:29:42,2026-10-03 23:29:42,SYN_FLOOD,DECAY,SYN_FLOOD,3,0.9998955,True,SYN_FLOOD
RUN_105,2026-10-03 23:29:34,2026-10-03 23:29:43,2026-10-03 23:29:43,SYN_FLOOD,DECAY,BENIGN,3,0.9998941,True,SYN_FLOOD
RUN_105,2026-10-03 23:29:35,2026-10-03 23:29:44,2026-10-03 23:29:44,SYN_FLOOD,DECAY,BENIGN,3,0.99990124,True,SYN_FLOOD
RUN_105,2026-10-03 23:29:36,2026-10-03 23:29:45,2026-10-03 23:29:45,SYN_FLOOD,DECAY,BENIGN,3,0.9999029,True,SYN_FLOOD
RUN_105,2026-10-03 23:29:37,2026-10-03 23:29:46,2026-10-03 23:29:46,SYN_FLOOD,DECAY,BENIGN,3,0.9998974,True,SYN_FLOOD
RUN_105,2026-10-03 23:29:38,2026-10-03 23:29:47,2026-10-03 23:29:47,SYN_FLOOD,DECAY,BENIGN,3,0.9998869,True,SYN_FLOOD
RUN_105,2026-10-03 23:29:39,2026-10-03 23:29:48,2026-10-03 23:29:48,SYN_FLOOD,DECAY,BENIGN,3,0.99987054,True,SYN_FLOOD
RUN_105,2026-10-03 23:29:40,2026-10-03 23:29:49,2026-10-03 23:29:49,SYN_FLOOD,DECAY,BENIGN,3,0.9998181,True,SYN_FLOOD
RUN_105,2026-10-03 23:29:41,2026-10-03 23:29:50,2026-10-03 23:29:50,SYN_FLOOD,RECOVERY,BENIGN,3,0.9997673,True,SYN_FLOOD
RUN_105,2026-10-03 23:29:42,2026-10-03 23:29:51,2026-10-03 23:29:51,SYN_FLOOD,RECOVERY,BENIGN,3,0.9997099,True,SYN_FLOOD
RUN_105,2026-10-03 23:29:43,2026-10-03 23:29:52,2026-10-03 23:29:52,SYN_FLOOD,RECOVERY,BENIGN,3,0.99973947,True,SYN_FLOOD
RUN_105,2026-10-03 23:29:44,2026-10-03 23:29:53,2026-10-03 23:29:53,SYN_FLOOD,RECOVERY,BENIGN,3,0.9996099,True,SYN_FLOOD
RUN_105,2026-10-03 23:29:45,2026-10-03 23:29:54,2026-10-03 23:29:54,SYN_FLOOD,RECOVERY,BENIGN,3,0.9994121,True,SYN_FLOOD
RUN_105,2026-10-03 23:29:46,2026-10-03 23:29:55,2026-10-03 23:29:55,SYN_FLOOD,RECOVERY,BENIGN,3,0.9973501,True,SYN_FLOOD
RUN_105,2026-10-03 23:29:47,2026-10-03 23:29:56,2026-10-03 23:29:56,SYN_FLOOD,RECOVERY,BENIGN,3,0.7669463,True,SYN_FLOOD
RUN_105,2026-10-03 23:29:48,2026-10-03 23:29:57,2026-10-03 23:29:57,SYN_FLOOD,RECOVERY,BENIGN,3,0.99191076,True,SYN_FLOOD
RUN_105,2026-10-03 23:29:49,2026-10-03 23:29:58,2026-10-03 23:29:58,SYN_FLOOD,RECOVERY,BENIGN,1,0.864507,False,ICMP_FLOOD
RUN_105,2026-10-03 23:29:50,2026-10-03 23:29:59,2026-10-03 23:29:59,SYN_FLOOD,RECOVERY,BENIGN,3,0.93653935,True,SYN_FLOOD
RUN_109,2026-10-03 23:36:00,2026-10-03 23:36:09,2026-10-03 23:36:09,FLASH_CROWD,NORMAL,BENIGN,0,0.9999981,True,BENIGN
RUN_109,2026-10-03 23:36:01,2026-10-03 23:36:10,2026-10-03 23:36:10,FLASH_CROWD,NORMAL,BENIGN,0,0.99999833,True,BENIGN
RUN_109,2026-10-03 23:36:02,2026-10-03 23:36:11,2026-10-03 23:36:11,FLASH_CROWD,NORMAL,BENIGN,0,0.99999833,True,BENIGN
RUN_109,2026-10-03 23:36:03,2026-10-03 23:36:12,2026-10-03 23:36:12,FLASH_CROWD,NORMAL,BENIGN,0,0.99999833,True,BENIGN
RUN_109,2026-10-03 23:36:04,2026-10-03 23:36:13,2026-10-03 23:36:13,FLASH_CROWD,NORMAL,BENIGN,0,0.99999845,True,BENIGN
RUN_109,2026-10-03 23:36:05,2026-10-03 23:36:14,2026-10-03 23:36:14,FLASH_CROWD,NORMAL,BENIGN,0,0.99999833,True,BENIGN
RUN_109,2026-10-03 23:36:06,2026-10-03 23:36:15,2026-10-03 23:36:15,FLASH_CROWD,NORMAL,BENIGN,0,0.99999857,True,BENIGN
RUN_109,2026-10-03 23:36:07,2026-10-03 23:36:16,2026-10-03 23:36:16,FLASH_CROWD,NORMAL,BENIGN,0,0.99999833,True,BENIGN
RUN_109,2026-10-03 23:36:08,2026-10-03 23:36:17,2026-10-03 23:36:17,FLASH_CROWD,NORMAL,BENIGN,0,0.99999833,True,BENIGN
RUN_109,2026-10-03 23:36:09,2026-10-03 23:36:18,2026-10-03 23:36:18,FLASH_CROWD,NORMAL,BENIGN,0,0.9999981,True,BENIGN
RUN_109,2026-10-03 23:36:10,2026-10-03 23:36:19,2026-10-03 23:36:19,FLASH_CROWD,NORMAL,BENIGN,0,0.9999981,True,BENIGN
RUN_109,2026-10-03 23:36:11,2026-10-03 23:36:20,2026-10-03 23:36:20,FLASH_CROWD,EARLY_CHANGE,BENIGN,0,0.9999981,True,BENIGN
RUN_109,2026-10-03 23:36:12,2026-10-03 23:36:21,2026-10-03 23:36:21,FLASH_CROWD,EARLY_CHANGE,BENIGN,0,0.9999981,True,BENIGN
RUN_109,2026-10-03 23:36:13,2026-10-03 23:36:22,2026-10-03 23:36:22,FLASH_CROWD,EARLY_CHANGE,BENIGN,0,0.99999774,True,BENIGN
RUN_109,2026-10-03 23:36:14,2026-10-03 23:36:23,2026-10-03 23:36:23,FLASH_CROWD,EARLY_CHANGE,BENIGN,0,0.999998,True,BENIGN
RUN_109,2026-10-03 23:36:15,2026-10-03 23:36:24,2026-10-03 23:36:24,FLASH_CROWD,EARLY_CHANGE,BENIGN,0,0.999998,True,BENIGN
RUN_109,2026-10-03 23:36:16,2026-10-03 23:36:25,2026-10-03 23:36:25,FLASH_CROWD,EARLY_CHANGE,BENIGN,0,0.9999975,True,BENIGN
RUN_109,2026-10-03 23:36:17,2026-10-03 23:36:26,2026-10-03 23:36:26,FLASH_CROWD,EARLY_CHANGE,BENIGN,0,0.9999976,True,BENIGN
RUN_109,2026-10-03 23:36:18,2026-10-03 23:36:27,2026-10-03 23:36:27,FLASH_CROWD,EARLY_CHANGE,BENIGN,0,0.99999714,True,BENIGN
RUN_109,2026-10-03 23:36:19,2026-10-03 23:36:28,2026-10-03 23:36:28,FLASH_CROWD,EARLY_CHANGE,BENIGN,0,0.99999726,True,BENIGN
RUN_109,2026-10-03 23:36:20,2026-10-03 23:36:29,2026-10-03 23:36:29,FLASH_CROWD,EARLY_CHANGE,BENIGN,0,0.999997,True,BENIGN
RUN_109,2026-10-03 23:36:21,2026-10-03 23:36:30,2026-10-03 23:36:30,FLASH_CROWD,ESCALATION,BENIGN,0,0.99999726,True,BENIGN
RUN_109,2026-10-03 23:36:22,2026-10-03 23:36:31,2026-10-03 23:36:31,FLASH_CROWD,ESCALATION,BENIGN,0,0.9999981,True,BENIGN
RUN_109,2026-10-03 23:36:23,2026-10-03 23:36:32,2026-10-03 23:36:32,FLASH_CROWD,ESCALATION,BENIGN,0,0.9999981,True,BENIGN
RUN_109,2026-10-03 23:36:24,2026-10-03 23:36:33,2026-10-03 23:36:33,FLASH_CROWD,ESCALATION,BENIGN,0,0.99999833,True,BENIGN
RUN_109,2026-10-03 23:36:25,2026-10-03 23:36:34,2026-10-03 23:36:34,FLASH_CROWD,ESCALATION,BENIGN,0,0.9999981,True,BENIGN
RUN_109,2026-10-03 23:36:26,2026-10-03 23:36:35,2026-10-03 23:36:35,FLASH_CROWD,ESCALATION,BENIGN,0,0.9999982,True,BENIGN
RUN_109,2026-10-03 23:36:27,2026-10-03 23:36:36,2026-10-03 23:36:36,FLASH_CROWD,ESCALATION,BENIGN,0,0.99999774,True,BENIGN
RUN_109,2026-10-03 23:36:28,2026-10-03 23:36:37,2026-10-03 23:36:37,FLASH_CROWD,ESCALATION,BENIGN,0,0.99999774,True,BENIGN
RUN_109,2026-10-03 23:36:29,2026-10-03 23:36:38,2026-10-03 23:36:38,FLASH_CROWD,ESCALATION,BENIGN,0,0.999998,True,BENIGN
RUN_109,2026-10-03 23:36:30,2026-10-03 23:36:39,2026-10-03 23:36:39,FLASH_CROWD,ESCALATION,BENIGN,0,0.999998,True,BENIGN
RUN_109,2026-10-03 23:36:31,2026-10-03 23:36:40,2026-10-03 23:36:40,FLASH_CROWD,ESCALATION,BENIGN,0,0.99999785,True,BENIGN
RUN_109,2026-10-03 23:36:32,2026-10-03 23:36:41,2026-10-03 23:36:41,FLASH_CROWD,ESCALATION,BENIGN,0,0.9999976,True,BENIGN
RUN_109,2026-10-03 23:36:33,2026-10-03 23:36:42,2026-10-03 23:36:42,FLASH_CROWD,ESCALATION,BENIGN,0,0.99999785,True,BENIGN
RUN_109,2026-10-03 23:36:34,2026-10-03 23:36:43,2026-10-03 23:36:43,FLASH_CROWD,ESCALATION,BENIGN,0,0.9999976,True,BENIGN
RUN_109,2026-10-03 23:36:35,2026-10-03 23:36:44,2026-10-03 23:36:44,FLASH_CROWD,ESCALATION,BENIGN,0,0.99999785,True,BENIGN
RUN_109,2026-10-03 23:36:36,2026-10-03 23:36:45,2026-10-03 23:36:45,FLASH_CROWD,ESCALATION,BENIGN,0,0.9999981,True,BENIGN
RUN_109,2026-10-03 23:36:37,2026-10-03 23:36:46,2026-10-03 23:36:46,FLASH_CROWD,ESCALATION,BENIGN,0,0.999998,True,BENIGN
RUN_109,2026-10-03 23:36:38,2026-10-03 23:36:47,2026-10-03 23:36:47,FLASH_CROWD,ESCALATION,BENIGN,0,0.9999981,True,BENIGN
RUN_109,2026-10-03 23:36:39,2026-10-03 23:36:48,2026-10-03 23:36:48,FLASH_CROWD,ESCALATION,BENIGN,0,0.999998,True,BENIGN
RUN_109,2026-10-03 23:36:40,2026-10-03 23:36:49,2026-10-03 23:36:49,FLASH_CROWD,ESCALATION,BENIGN,0,0.99999774,True,BENIGN
RUN_109,2026-10-03 23:36:41,2026-10-03 23:36:50,2026-10-03 23:36:50,FLASH_CROWD,ESCALATION,BENIGN,0,0.99999774,True,BENIGN
RUN_109,2026-10-03 23:36:42,2026-10-03 23:36:51,2026-10-03 23:36:51,FLASH_CROWD,ESCALATION,BENIGN,0,0.99999774,True,BENIGN
RUN_109,2026-10-03 23:36:43,2026-10-03 23:36:52,2026-10-03 23:36:52,FLASH_CROWD,ESCALATION,BENIGN,0,0.9999976,True,BENIGN
RUN_109,2026-10-03 23:36:44,2026-10-03 23:36:53,2026-10-03 23:36:53,FLASH_CROWD,ESCALATION,BENIGN,0,0.9999976,True,BENIGN
RUN_109,2026-10-03 23:36:45,2026-10-03 23:36:54,2026-10-03 23:36:54,FLASH_CROWD,ESCALATION,BENIGN,0,0.9999976,True,BENIGN
RUN_109,2026-10-03 23:36:46,2026-10-03 23:36:55,2026-10-03 23:36:55,FLASH_CROWD,ESCALATION,BENIGN,0,0.99999774,True,BENIGN
RUN_109,2026-10-03 23:36:47,2026-10-03 23:36:56,2026-10-03 23:36:56,FLASH_CROWD,ESCALATION,BENIGN,0,0.99999774,True,BENIGN
RUN_109,2026-10-03 23:36:48,2026-10-03 23:36:57,2026-10-03 23:36:57,FLASH_CROWD,ESCALATION,BENIGN,0,0.9999976,True,BENIGN
RUN_109,2026-10-03 23:36:49,2026-10-03 23:36:58,2026-10-03 23:36:58,FLASH_CROWD,ESCALATION,BENIGN,0,0.99999774,True,BENIGN
RUN_109,2026-10-03 23:36:50,2026-10-03 23:36:59,2026-10-03 23:36:59,FLASH_CROWD,ESCALATION,BENIGN,0,0.9999976,True,BENIGN
RUN_109,2026-10-03 23:36:51,2026-10-03 23:37:00,2026-10-03 23:37:00,FLASH_CROWD,SUSTAINED,BENIGN,0,0.99999774,True,BENIGN
RUN_109,2026-10-03 23:36:52,2026-10-03 23:37:01,2026-10-03 23:37:01,FLASH_CROWD,SUSTAINED,BENIGN,0,0.99999774,True,BENIGN
RUN_109,2026-10-03 23:36:53,2026-10-03 23:37:02,2026-10-03 23:37:02,FLASH_CROWD,SUSTAINED,BENIGN,0,0.9999976,True,BENIGN
RUN_109,2026-10-03 23:36:54,2026-10-03 23:37:03,2026-10-03 23:37:03,FLASH_CROWD,SUSTAINED,BENIGN,0,0.9999976,True,BENIGN
RUN_109,2026-10-03 23:36:55,2026-10-03 23:37:04,2026-10-03 23:37:04,FLASH_CROWD,SUSTAINED,BENIGN,0,0.99999714,True,BENIGN
RUN_109,2026-10-03 23:36:56,2026-10-03 23:37:05,2026-10-03 23:37:05,FLASH_CROWD,SUSTAINED,BENIGN,0,0.99999714,True,BENIGN
RUN_109,2026-10-03 23:36:57,2026-10-03 23:37:06,2026-10-03 23:37:06,FLASH_CROWD,SUSTAINED,BENIGN,0,0.99999666,True,BENIGN
RUN_109,2026-10-03 23:36:58,2026-10-03 23:37:07,2026-10-03 23:37:07,FLASH_CROWD,SUSTAINED,BENIGN,0,0.9999968,True,BENIGN
RUN_109,2026-10-03 23:36:59,2026-10-03 23:37:08,2026-10-03 23:37:08,FLASH_CROWD,SUSTAINED,BENIGN,0,0.9999974,True,BENIGN
RUN_109,2026-10-03 23:37:00,2026-10-03 23:37:09,2026-10-03 23:37:09,FLASH_CROWD,SUSTAINED,BENIGN,0,0.9999969,True,BENIGN
RUN_109,2026-10-03 23:37:01,2026-10-03 23:37:10,2026-10-03 23:37:10,FLASH_CROWD,SUSTAINED,BENIGN,0,0.999997,True,BENIGN
RUN_109,2026-10-03 23:37:02,2026-10-03 23:37:11,2026-10-03 23:37:11,FLASH_CROWD,SUSTAINED,BENIGN,0,0.9999963,True,BENIGN
RUN_109,2026-10-03 23:37:03,2026-10-03 23:37:12,2026-10-03 23:37:12,FLASH_CROWD,SUSTAINED,BENIGN,0,0.9999963,True,BENIGN
RUN_109,2026-10-03 23:37:04,2026-10-03 23:37:13,2026-10-03 23:37:13,FLASH_CROWD,SUSTAINED,BENIGN,0,0.9999958,True,BENIGN
RUN_109,2026-10-03 23:37:05,2026-10-03 23:37:14,2026-10-03 23:37:14,FLASH_CROWD,SUSTAINED,BENIGN,0,0.99999666,True,BENIGN
RUN_109,2026-10-03 23:37:06,2026-10-03 23:37:15,2026-10-03 23:37:15,FLASH_CROWD,SUSTAINED,BENIGN,0,0.99999666,True,BENIGN
RUN_109,2026-10-03 23:37:07,2026-10-03 23:37:16,2026-10-03 23:37:16,FLASH_CROWD,SUSTAINED,BENIGN,0,0.9999962,True,BENIGN
RUN_109,2026-10-03 23:37:08,2026-10-03 23:37:17,2026-10-03 23:37:17,FLASH_CROWD,SUSTAINED,BENIGN,0,0.9999964,True,BENIGN
RUN_109,2026-10-03 23:37:09,2026-10-03 23:37:18,2026-10-03 23:37:18,FLASH_CROWD,SUSTAINED,BENIGN,0,0.9999963,True,BENIGN
RUN_109,2026-10-03 23:37:10,2026-10-03 23:37:19,2026-10-03 23:37:19,FLASH_CROWD,SUSTAINED,BENIGN,0,0.9999962,True,BENIGN
RUN_109,2026-10-03 23:37:11,2026-10-03 23:37:20,2026-10-03 23:37:20,FLASH_CROWD,SUSTAINED,BENIGN,0,0.9999963,True,BENIGN
RUN_109,2026-10-03 23:37:12,2026-10-03 23:37:21,2026-10-03 23:37:21,FLASH_CROWD,SUSTAINED,BENIGN,0,0.9999968,True,BENIGN
RUN_109,2026-10-03 23:37:13,2026-10-03 23:37:22,2026-10-03 23:37:22,FLASH_CROWD,SUSTAINED,BENIGN,0,0.9999968,True,BENIGN
RUN_109,2026-10-03 23:37:14,2026-10-03 23:37:23,2026-10-03 23:37:23,FLASH_CROWD,SUSTAINED,BENIGN,0,0.99999714,True,BENIGN
RUN_109,2026-10-03 23:37:15,2026-10-03 23:37:24,2026-10-03 23:37:24,FLASH_CROWD,SUSTAINED,BENIGN,0,0.99999654,True,BENIGN
RUN_109,2026-10-03 23:37:16,2026-10-03 23:37:25,2026-10-03 23:37:25,FLASH_CROWD,SUSTAINED,BENIGN,0,0.999997,True,BENIGN
RUN_109,2026-10-03 23:37:17,2026-10-03 23:37:26,2026-10-03 23:37:26,FLASH_CROWD,SUSTAINED,BENIGN,0,0.999997,True,BENIGN
RUN_109,2026-10-03 23:37:18,2026-10-03 23:37:27,2026-10-03 23:37:27,FLASH_CROWD,SUSTAINED,BENIGN,0,0.9999969,True,BENIGN
RUN_109,2026-10-03 23:37:19,2026-10-03 23:37:28,2026-10-03 23:37:28,FLASH_CROWD,SUSTAINED,BENIGN,0,0.99999714,True,BENIGN
RUN_109,2026-10-03 23:37:20,2026-10-03 23:37:29,2026-10-03 23:37:29,FLASH_CROWD,SUSTAINED,BENIGN,0,0.999997,True,BENIGN
RUN_109,2026-10-03 23:37:21,2026-10-03 23:37:30,2026-10-03 23:37:30,FLASH_CROWD,DECAY,BENIGN,0,0.99999666,True,BENIGN
RUN_109,2026-10-03 23:37:22,2026-10-03 23:37:31,2026-10-03 23:37:31,FLASH_CROWD,DECAY,BENIGN,0,0.9999969,True,BENIGN
RUN_109,2026-10-03 23:37:23,2026-10-03 23:37:32,2026-10-03 23:37:32,FLASH_CROWD,DECAY,BENIGN,0,0.999997,True,BENIGN
RUN_109,2026-10-03 23:37:24,2026-10-03 23:37:33,2026-10-03 23:37:33,FLASH_CROWD,DECAY,BENIGN,0,0.99999726,True,BENIGN
RUN_109,2026-10-03 23:37:25,2026-10-03 23:37:34,2026-10-03 23:37:34,FLASH_CROWD,DECAY,BENIGN,0,0.9999974,True,BENIGN
RUN_109,2026-10-03 23:37:26,2026-10-03 23:37:35,2026-10-03 23:37:35,FLASH_CROWD,DECAY,BENIGN,0,0.99999774,True,BENIGN
RUN_109,2026-10-03 23:37:27,2026-10-03 23:37:36,2026-10-03 23:37:36,FLASH_CROWD,DECAY,BENIGN,0,0.99999774,True,BENIGN
RUN_109,2026-10-03 23:37:28,2026-10-03 23:37:37,2026-10-03 23:37:37,FLASH_CROWD,DECAY,BENIGN,0,0.99999785,True,BENIGN
RUN_109,2026-10-03 23:37:29,2026-10-03 23:37:38,2026-10-03 23:37:38,FLASH_CROWD,DECAY,BENIGN,0,0.99999785,True,BENIGN
RUN_109,2026-10-03 23:37:30,2026-10-03 23:37:39,2026-10-03 23:37:39,FLASH_CROWD,DECAY,BENIGN,0,0.999998,True,BENIGN
RUN_109,2026-10-03 23:37:31,2026-10-03 23:37:40,2026-10-03 23:37:40,FLASH_CROWD,DECAY,BENIGN,0,0.9999976,True,BENIGN
RUN_109,2026-10-03 23:37:32,2026-10-03 23:37:41,2026-10-03 23:37:41,FLASH_CROWD,DECAY,BENIGN,0,0.99999774,True,BENIGN
RUN_109,2026-10-03 23:37:33,2026-10-03 23:37:42,2026-10-03 23:37:42,FLASH_CROWD,DECAY,BENIGN,0,0.99999774,True,BENIGN
RUN_109,2026-10-03 23:37:34,2026-10-03 23:37:43,2026-10-03 23:37:43,FLASH_CROWD,DECAY,BENIGN,0,0.99999774,True,BENIGN
RUN_109,2026-10-03 23:37:35,2026-10-03 23:37:44,2026-10-03 23:37:44,FLASH_CROWD,DECAY,BENIGN,0,0.99999785,True,BENIGN
RUN_109,2026-10-03 23:37:36,2026-10-03 23:37:45,2026-10-03 23:37:45,FLASH_CROWD,DECAY,BENIGN,0,0.999998,True,BENIGN
RUN_109,2026-10-03 23:37:37,2026-10-03 23:37:46,2026-10-03 23:37:46,FLASH_CROWD,DECAY,BENIGN,0,0.99999774,True,BENIGN
RUN_109,2026-10-03 23:37:38,2026-10-03 23:37:47,2026-10-03 23:37:47,FLASH_CROWD,DECAY,BENIGN,0,0.99999774,True,BENIGN
RUN_109,2026-10-03 23:37:39,2026-10-03 23:37:48,2026-10-03 23:37:48,FLASH_CROWD,DECAY,BENIGN,0,0.999998,True,BENIGN
RUN_109,2026-10-03 23:37:40,2026-10-03 23:37:49,2026-10-03 23:37:49,FLASH_CROWD,DECAY,BENIGN,0,0.9999981,True,BENIGN
RUN_109,2026-10-03 23:37:41,2026-10-03 23:37:50,2026-10-03 23:37:50,FLASH_CROWD,RECOVERY,BENIGN,0,0.9999981,True,BENIGN
RUN_109,2026-10-03 23:37:42,2026-10-03 23:37:51,2026-10-03 23:37:51,FLASH_CROWD,RECOVERY,BENIGN,0,0.99999833,True,BENIGN
RUN_109,2026-10-03 23:37:43,2026-10-03 23:37:52,2026-10-03 23:37:52,FLASH_CROWD,RECOVERY,BENIGN,0,0.9999982,True,BENIGN
RUN_109,2026-10-03 23:37:44,2026-10-03 23:37:53,2026-10-03 23:37:53,FLASH_CROWD,RECOVERY,BENIGN,0,0.99999833,True,BENIGN
RUN_109,2026-10-03 23:37:45,2026-10-03 23:37:54,2026-10-03 23:37:54,FLASH_CROWD,RECOVERY,BENIGN,0,0.9999982,True,BENIGN
RUN_109,2026-10-03 23:37:46,2026-10-03 23:37:55,2026-10-03 23:37:55,FLASH_CROWD,RECOVERY,BENIGN,0,0.99999833,True,BENIGN
RUN_109,2026-10-03 23:37:47,2026-10-03 23:37:56,2026-10-03 23:37:56,FLASH_CROWD,RECOVERY,BENIGN,0,0.99999833,True,BENIGN
RUN_109,2026-10-03 23:37:48,2026-10-03 23:37:57,2026-10-03 23:37:57,FLASH_CROWD,RECOVERY,BENIGN,0,0.99999845,True,BENIGN
RUN_109,2026-10-03 23:37:49,2026-10-03 23:37:58,2026-10-03 23:37:58,FLASH_CROWD,RECOVERY,BENIGN,0,0.99999845,True,BENIGN
RUN_109,2026-10-03 23:37:50,2026-10-03 23:37:59,2026-10-03 23:37:59,FLASH_CROWD,RECOVERY,BENIGN,0,0.99999845,True,BENIGN
RUN_111,2026-10-03 23:40:00,2026-10-03 23:40:09,2026-10-03 23:40:09,SLOWLORIS,NORMAL,SLOWLORIS,2,0.999978,True,SLOWLORIS
RUN_111,2026-10-03 23:40:01,2026-10-03 23:40:10,2026-10-03 23:40:10,SLOWLORIS,NORMAL,SLOWLORIS,2,0.99997944,True,SLOWLORIS
RUN_111,2026-10-03 23:40:02,2026-10-03 23:40:11,2026-10-03 23:40:11,SLOWLORIS,NORMAL,SLOWLORIS,2,0.99998003,True,SLOWLORIS
RUN_111,2026-10-03 23:40:03,2026-10-03 23:40:12,2026-10-03 23:40:12,SLOWLORIS,NORMAL,SLOWLORIS,2,0.9999804,True,SLOWLORIS
RUN_111,2026-10-03 23:40:04,2026-10-03 23:40:13,2026-10-03 23:40:13,SLOWLORIS,NORMAL,SLOWLORIS,2,0.9999806,True,SLOWLORIS
RUN_111,2026-10-03 23:40:05,2026-10-03 23:40:14,2026-10-03 23:40:14,SLOWLORIS,NORMAL,SLOWLORIS,2,0.9999812,True,SLOWLORIS
RUN_111,2026-10-03 23:40:06,2026-10-03 23:40:15,2026-10-03 23:40:15,SLOWLORIS,NORMAL,SLOWLORIS,2,0.9999811,True,SLOWLORIS
RUN_111,2026-10-03 23:40:07,2026-10-03 23:40:16,2026-10-03 23:40:16,SLOWLORIS,NORMAL,SLOWLORIS,2,0.99998134,True,SLOWLORIS
RUN_111,2026-10-03 23:40:08,2026-10-03 23:40:17,2026-10-03 23:40:17,SLOWLORIS,NORMAL,SLOWLORIS,2,0.99998146,True,SLOWLORIS
RUN_111,2026-10-03 23:40:09,2026-10-03 23:40:18,2026-10-03 23:40:18,SLOWLORIS,NORMAL,SLOWLORIS,2,0.9999812,True,SLOWLORIS
RUN_111,2026-10-03 23:40:10,2026-10-03 23:40:19,2026-10-03 23:40:19,SLOWLORIS,NORMAL,SLOWLORIS,2,0.99998146,True,SLOWLORIS
RUN_111,2026-10-03 23:40:11,2026-10-03 23:40:20,2026-10-03 23:40:20,SLOWLORIS,EARLY_CHANGE,SLOWLORIS,2,0.99998146,True,SLOWLORIS
RUN_111,2026-10-03 23:40:12,2026-10-03 23:40:21,2026-10-03 23:40:21,SLOWLORIS,EARLY_CHANGE,SLOWLORIS,2,0.9999812,True,SLOWLORIS
RUN_111,2026-10-03 23:40:13,2026-10-03 23:40:22,2026-10-03 23:40:22,SLOWLORIS,EARLY_CHANGE,SLOWLORIS,2,0.9999816,True,SLOWLORIS
RUN_111,2026-10-03 23:40:14,2026-10-03 23:40:23,2026-10-03 23:40:23,SLOWLORIS,EARLY_CHANGE,SLOWLORIS,2,0.9999817,True,SLOWLORIS
RUN_111,2026-10-03 23:40:15,2026-10-03 23:40:24,2026-10-03 23:40:24,SLOWLORIS,EARLY_CHANGE,SLOWLORIS,2,0.9999816,True,SLOWLORIS
RUN_111,2026-10-03 23:40:16,2026-10-03 23:40:25,2026-10-03 23:40:25,SLOWLORIS,EARLY_CHANGE,SLOWLORIS,2,0.99998206,True,SLOWLORIS
RUN_111,2026-10-03 23:40:17,2026-10-03 23:40:26,2026-10-03 23:40:26,SLOWLORIS,EARLY_CHANGE,SLOWLORIS,2,0.99998206,True,SLOWLORIS
RUN_111,2026-10-03 23:40:18,2026-10-03 23:40:27,2026-10-03 23:40:27,SLOWLORIS,EARLY_CHANGE,SLOWLORIS,2,0.9999822,True,SLOWLORIS
RUN_111,2026-10-03 23:40:19,2026-10-03 23:40:28,2026-10-03 23:40:28,SLOWLORIS,EARLY_CHANGE,SLOWLORIS,2,0.9999822,True,SLOWLORIS
RUN_111,2026-10-03 23:40:20,2026-10-03 23:40:29,2026-10-03 23:40:29,SLOWLORIS,EARLY_CHANGE,SLOWLORIS,2,0.9999822,True,SLOWLORIS
RUN_111,2026-10-03 23:40:21,2026-10-03 23:40:30,2026-10-03 23:40:30,SLOWLORIS,ESCALATION,SLOWLORIS,2,0.9999823,True,SLOWLORIS
RUN_111,2026-10-03 23:40:22,2026-10-03 23:40:31,2026-10-03 23:40:31,SLOWLORIS,ESCALATION,SLOWLORIS,2,0.9999824,True,SLOWLORIS
RUN_111,2026-10-03 23:40:23,2026-10-03 23:40:32,2026-10-03 23:40:32,SLOWLORIS,ESCALATION,SLOWLORIS,2,0.99998266,True,SLOWLORIS
RUN_111,2026-10-03 23:40:24,2026-10-03 23:40:33,2026-10-03 23:40:33,SLOWLORIS,ESCALATION,SLOWLORIS,2,0.9999824,True,SLOWLORIS
RUN_111,2026-10-03 23:40:25,2026-10-03 23:40:34,2026-10-03 23:40:34,SLOWLORIS,ESCALATION,SLOWLORIS,2,0.99998254,True,SLOWLORIS
RUN_111,2026-10-03 23:40:26,2026-10-03 23:40:35,2026-10-03 23:40:35,SLOWLORIS,ESCALATION,SLOWLORIS,2,0.9999824,True,SLOWLORIS
RUN_111,2026-10-03 23:40:27,2026-10-03 23:40:36,2026-10-03 23:40:36,SLOWLORIS,ESCALATION,SLOWLORIS,2,0.9999823,True,SLOWLORIS
RUN_111,2026-10-03 23:40:28,2026-10-03 23:40:37,2026-10-03 23:40:37,SLOWLORIS,ESCALATION,SLOWLORIS,2,0.99998206,True,SLOWLORIS
RUN_111,2026-10-03 23:40:29,2026-10-03 23:40:38,2026-10-03 23:40:38,SLOWLORIS,ESCALATION,SLOWLORIS,2,0.99998194,True,SLOWLORIS
RUN_111,2026-10-03 23:40:30,2026-10-03 23:40:39,2026-10-03 23:40:39,SLOWLORIS,ESCALATION,SLOWLORIS,2,0.9999817,True,SLOWLORIS
RUN_111,2026-10-03 23:40:31,2026-10-03 23:40:40,2026-10-03 23:40:40,SLOWLORIS,ESCALATION,SLOWLORIS,2,0.9999817,True,SLOWLORIS
RUN_111,2026-10-03 23:40:32,2026-10-03 23:40:41,2026-10-03 23:40:41,SLOWLORIS,ESCALATION,SLOWLORIS,2,0.9999817,True,SLOWLORIS
RUN_111,2026-10-03 23:40:33,2026-10-03 23:40:42,2026-10-03 23:40:42,SLOWLORIS,ESCALATION,SLOWLORIS,2,0.9999816,True,SLOWLORIS
RUN_111,2026-10-03 23:40:34,2026-10-03 23:40:43,2026-10-03 23:40:43,SLOWLORIS,ESCALATION,SLOWLORIS,2,0.9999818,True,SLOWLORIS
RUN_111,2026-10-03 23:40:35,2026-10-03 23:40:44,2026-10-03 23:40:44,SLOWLORIS,ESCALATION,SLOWLORIS,2,0.9999818,True,SLOWLORIS
RUN_111,2026-10-03 23:40:36,2026-10-03 23:40:45,2026-10-03 23:40:45,SLOWLORIS,ESCALATION,SLOWLORIS,2,0.9999817,True,SLOWLORIS
RUN_111,2026-10-03 23:40:37,2026-10-03 23:40:46,2026-10-03 23:40:46,SLOWLORIS,ESCALATION,SLOWLORIS,2,0.9999817,True,SLOWLORIS
RUN_111,2026-10-03 23:40:38,2026-10-03 23:40:47,2026-10-03 23:40:47,SLOWLORIS,ESCALATION,SLOWLORIS,2,0.99998146,True,SLOWLORIS
RUN_111,2026-10-03 23:40:39,2026-10-03 23:40:48,2026-10-03 23:40:48,SLOWLORIS,ESCALATION,SLOWLORIS,2,0.99998134,True,SLOWLORIS
RUN_111,2026-10-03 23:40:40,2026-10-03 23:40:49,2026-10-03 23:40:49,SLOWLORIS,ESCALATION,SLOWLORIS,2,0.9999816,True,SLOWLORIS
RUN_111,2026-10-03 23:40:41,2026-10-03 23:40:50,2026-10-03 23:40:50,SLOWLORIS,ESCALATION,SLOWLORIS,2,0.99998146,True,SLOWLORIS
RUN_111,2026-10-03 23:40:42,2026-10-03 23:40:51,2026-10-03 23:40:51,SLOWLORIS,ESCALATION,SLOWLORIS,2,0.9999816,True,SLOWLORIS
RUN_111,2026-10-03 23:40:43,2026-10-03 23:40:52,2026-10-03 23:40:52,SLOWLORIS,ESCALATION,SLOWLORIS,2,0.9999822,True,SLOWLORIS
RUN_111,2026-10-03 23:40:44,2026-10-03 23:40:53,2026-10-03 23:40:53,SLOWLORIS,ESCALATION,SLOWLORIS,2,0.99998194,True,SLOWLORIS
RUN_111,2026-10-03 23:40:45,2026-10-03 23:40:54,2026-10-03 23:40:54,SLOWLORIS,ESCALATION,SLOWLORIS,2,0.9999822,True,SLOWLORIS
RUN_111,2026-10-03 23:40:46,2026-10-03 23:40:55,2026-10-03 23:40:55,SLOWLORIS,ESCALATION,SLOWLORIS,2,0.99998254,True,SLOWLORIS
RUN_111,2026-10-03 23:40:47,2026-10-03 23:40:56,2026-10-03 23:40:56,SLOWLORIS,ESCALATION,SLOWLORIS,2,0.99998266,True,SLOWLORIS
RUN_111,2026-10-03 23:40:48,2026-10-03 23:40:57,2026-10-03 23:40:57,SLOWLORIS,ESCALATION,SLOWLORIS,2,0.9999828,True,SLOWLORIS
RUN_111,2026-10-03 23:40:49,2026-10-03 23:40:58,2026-10-03 23:40:58,SLOWLORIS,ESCALATION,SLOWLORIS,2,0.9999829,True,SLOWLORIS
RUN_111,2026-10-03 23:40:50,2026-10-03 23:40:59,2026-10-03 23:40:59,SLOWLORIS,ESCALATION,SLOWLORIS,2,0.9999829,True,SLOWLORIS
RUN_111,2026-10-03 23:40:51,2026-10-03 23:41:00,2026-10-03 23:41:00,SLOWLORIS,SUSTAINED,SLOWLORIS,2,0.999983,True,SLOWLORIS
RUN_111,2026-10-03 23:40:52,2026-10-03 23:41:01,2026-10-03 23:41:01,SLOWLORIS,SUSTAINED,SLOWLORIS,2,0.999983,True,SLOWLORIS
RUN_111,2026-10-03 23:40:53,2026-10-03 23:41:02,2026-10-03 23:41:02,SLOWLORIS,SUSTAINED,SLOWLORIS,2,0.999983,True,SLOWLORIS
RUN_111,2026-10-03 23:40:54,2026-10-03 23:41:03,2026-10-03 23:41:03,SLOWLORIS,SUSTAINED,SLOWLORIS,2,0.99998313,True,SLOWLORIS
RUN_111,2026-10-03 23:40:55,2026-10-03 23:41:04,2026-10-03 23:41:04,SLOWLORIS,SUSTAINED,SLOWLORIS,2,0.99998325,True,SLOWLORIS
RUN_111,2026-10-03 23:40:56,2026-10-03 23:41:05,2026-10-03 23:41:05,SLOWLORIS,SUSTAINED,SLOWLORIS,2,0.99998325,True,SLOWLORIS
RUN_111,2026-10-03 23:40:57,2026-10-03 23:41:06,2026-10-03 23:41:06,SLOWLORIS,SUSTAINED,SLOWLORIS,2,0.9999836,True,SLOWLORIS
RUN_111,2026-10-03 23:40:58,2026-10-03 23:41:07,2026-10-03 23:41:07,SLOWLORIS,SUSTAINED,SLOWLORIS,2,0.99998325,True,SLOWLORIS
RUN_111,2026-10-03 23:40:59,2026-10-03 23:41:08,2026-10-03 23:41:08,SLOWLORIS,SUSTAINED,SLOWLORIS,2,0.99998313,True,SLOWLORIS
RUN_111,2026-10-03 23:41:00,2026-10-03 23:41:09,2026-10-03 23:41:09,SLOWLORIS,SUSTAINED,SLOWLORIS,2,0.99998325,True,SLOWLORIS
RUN_111,2026-10-03 23:41:01,2026-10-03 23:41:10,2026-10-03 23:41:10,SLOWLORIS,SUSTAINED,SLOWLORIS,2,0.9999837,True,SLOWLORIS
RUN_111,2026-10-03 23:41:02,2026-10-03 23:41:11,2026-10-03 23:41:11,SLOWLORIS,SUSTAINED,SLOWLORIS,2,0.99998385,True,SLOWLORIS
RUN_111,2026-10-03 23:41:03,2026-10-03 23:41:12,2026-10-03 23:41:12,SLOWLORIS,SUSTAINED,SLOWLORIS,2,0.9999837,True,SLOWLORIS
RUN_111,2026-10-03 23:41:04,2026-10-03 23:41:13,2026-10-03 23:41:13,SLOWLORIS,SUSTAINED,SLOWLORIS,2,0.99998385,True,SLOWLORIS
RUN_111,2026-10-03 23:41:05,2026-10-03 23:41:14,2026-10-03 23:41:14,SLOWLORIS,SUSTAINED,SLOWLORIS,2,0.9999834,True,SLOWLORIS
RUN_111,2026-10-03 23:41:06,2026-10-03 23:41:15,2026-10-03 23:41:15,SLOWLORIS,SUSTAINED,SLOWLORIS,2,0.9999835,True,SLOWLORIS
RUN_111,2026-10-03 23:41:07,2026-10-03 23:41:16,2026-10-03 23:41:16,SLOWLORIS,SUSTAINED,SLOWLORIS,2,0.999983,True,SLOWLORIS
RUN_111,2026-10-03 23:41:08,2026-10-03 23:41:17,2026-10-03 23:41:17,SLOWLORIS,SUSTAINED,SLOWLORIS,2,0.999983,True,SLOWLORIS
RUN_111,2026-10-03 23:41:09,2026-10-03 23:41:18,2026-10-03 23:41:18,SLOWLORIS,SUSTAINED,SLOWLORIS,2,0.99998254,True,SLOWLORIS
RUN_111,2026-10-03 23:41:10,2026-10-03 23:41:19,2026-10-03 23:41:19,SLOWLORIS,SUSTAINED,SLOWLORIS,2,0.9999828,True,SLOWLORIS
RUN_111,2026-10-03 23:41:11,2026-10-03 23:41:20,2026-10-03 23:41:20,SLOWLORIS,SUSTAINED,SLOWLORIS,2,0.999983,True,SLOWLORIS
RUN_111,2026-10-03 23:41:12,2026-10-03 23:41:21,2026-10-03 23:41:21,SLOWLORIS,SUSTAINED,SLOWLORIS,2,0.999983,True,SLOWLORIS
RUN_111,2026-10-03 23:41:13,2026-10-03 23:41:22,2026-10-03 23:41:22,SLOWLORIS,SUSTAINED,SLOWLORIS,2,0.999983,True,SLOWLORIS
RUN_111,2026-10-03 23:41:14,2026-10-03 23:41:23,2026-10-03 23:41:23,SLOWLORIS,SUSTAINED,SLOWLORIS,2,0.999983,True,SLOWLORIS
RUN_111,2026-10-03 23:41:15,2026-10-03 23:41:24,2026-10-03 23:41:24,SLOWLORIS,SUSTAINED,SLOWLORIS,2,0.99998313,True,SLOWLORIS
RUN_111,2026-10-03 23:41:16,2026-10-03 23:41:25,2026-10-03 23:41:25,SLOWLORIS,SUSTAINED,SLOWLORIS,2,0.999983,True,SLOWLORIS
RUN_111,2026-10-03 23:41:17,2026-10-03 23:41:26,2026-10-03 23:41:26,SLOWLORIS,SUSTAINED,SLOWLORIS,2,0.99998325,True,SLOWLORIS
RUN_111,2026-10-03 23:41:18,2026-10-03 23:41:27,2026-10-03 23:41:27,SLOWLORIS,SUSTAINED,SLOWLORIS,2,0.99998325,True,SLOWLORIS
RUN_111,2026-10-03 23:41:19,2026-10-03 23:41:28,2026-10-03 23:41:28,SLOWLORIS,SUSTAINED,SLOWLORIS,2,0.9999834,True,SLOWLORIS
RUN_111,2026-10-03 23:41:20,2026-10-03 23:41:29,2026-10-03 23:41:29,SLOWLORIS,SUSTAINED,SLOWLORIS,2,0.9999834,True,SLOWLORIS
RUN_111,2026-10-03 23:41:21,2026-10-03 23:41:30,2026-10-03 23:41:30,SLOWLORIS,DECAY,SLOWLORIS,2,0.9999834,True,SLOWLORIS
RUN_111,2026-10-03 23:41:22,2026-10-03 23:41:31,2026-10-03 23:41:31,SLOWLORIS,DECAY,SLOWLORIS,2,0.9999834,True,SLOWLORIS
RUN_111,2026-10-03 23:41:23,2026-10-03 23:41:32,2026-10-03 23:41:32,SLOWLORIS,DECAY,SLOWLORIS,2,0.9999835,True,SLOWLORIS
RUN_111,2026-10-03 23:41:24,2026-10-03 23:41:33,2026-10-03 23:41:33,SLOWLORIS,DECAY,SLOWLORIS,2,0.9999836,True,SLOWLORIS
RUN_111,2026-10-03 23:41:25,2026-10-03 23:41:34,2026-10-03 23:41:34,SLOWLORIS,DECAY,SLOWLORIS,2,0.9999835,True,SLOWLORIS
RUN_111,2026-10-03 23:41:26,2026-10-03 23:41:35,2026-10-03 23:41:35,SLOWLORIS,DECAY,SLOWLORIS,2,0.9999836,True,SLOWLORIS
RUN_111,2026-10-03 23:41:27,2026-10-03 23:41:36,2026-10-03 23:41:36,SLOWLORIS,DECAY,SLOWLORIS,2,0.9999835,True,SLOWLORIS
RUN_111,2026-10-03 23:41:28,2026-10-03 23:41:37,2026-10-03 23:41:37,SLOWLORIS,DECAY,SLOWLORIS,2,0.9999834,True,SLOWLORIS
RUN_111,2026-10-03 23:41:29,2026-10-03 23:41:38,2026-10-03 23:41:38,SLOWLORIS,DECAY,SLOWLORIS,2,0.99998313,True,SLOWLORIS
RUN_111,2026-10-03 23:41:30,2026-10-03 23:41:39,2026-10-03 23:41:39,SLOWLORIS,DECAY,SLOWLORIS,2,0.9999829,True,SLOWLORIS
RUN_111,2026-10-03 23:41:31,2026-10-03 23:41:40,2026-10-03 23:41:40,SLOWLORIS,DECAY,SLOWLORIS,2,0.9999829,True,SLOWLORIS
RUN_111,2026-10-03 23:41:32,2026-10-03 23:41:41,2026-10-03 23:41:41,SLOWLORIS,DECAY,SLOWLORIS,2,0.99998266,True,SLOWLORIS
RUN_111,2026-10-03 23:41:33,2026-10-03 23:41:42,2026-10-03 23:41:42,SLOWLORIS,DECAY,SLOWLORIS,2,0.999983,True,SLOWLORIS
RUN_111,2026-10-03 23:41:34,2026-10-03 23:41:43,2026-10-03 23:41:43,SLOWLORIS,DECAY,SLOWLORIS,2,0.9999829,True,SLOWLORIS
RUN_111,2026-10-03 23:41:35,2026-10-03 23:41:44,2026-10-03 23:41:44,SLOWLORIS,DECAY,SLOWLORIS,2,0.99998325,True,SLOWLORIS
RUN_111,2026-10-03 23:41:36,2026-10-03 23:41:45,2026-10-03 23:41:45,SLOWLORIS,DECAY,SLOWLORIS,2,0.99998325,True,SLOWLORIS
RUN_111,2026-10-03 23:41:37,2026-10-03 23:41:46,2026-10-03 23:41:46,SLOWLORIS,DECAY,SLOWLORIS,2,0.9999834,True,SLOWLORIS
RUN_111,2026-10-03 23:41:38,2026-10-03 23:41:47,2026-10-03 23:41:47,SLOWLORIS,DECAY,SLOWLORIS,2,0.99998325,True,SLOWLORIS
RUN_111,2026-10-03 23:41:39,2026-10-03 23:41:48,2026-10-03 23:41:48,SLOWLORIS,DECAY,SLOWLORIS,2,0.99998325,True,SLOWLORIS
RUN_111,2026-10-03 23:41:40,2026-10-03 23:41:49,2026-10-03 23:41:49,SLOWLORIS,DECAY,SLOWLORIS,2,0.9999836,True,SLOWLORIS
RUN_111,2026-10-03 23:41:41,2026-10-03 23:41:50,2026-10-03 23:41:50,SLOWLORIS,RECOVERY,SLOWLORIS,2,0.9999836,True,SLOWLORIS
RUN_111,2026-10-03 23:41:42,2026-10-03 23:41:51,2026-10-03 23:41:51,SLOWLORIS,RECOVERY,SLOWLORIS,2,0.9999835,True,SLOWLORIS
RUN_111,2026-10-03 23:41:43,2026-10-03 23:41:52,2026-10-03 23:41:52,SLOWLORIS,RECOVERY,SLOWLORIS,2,0.9999836,True,SLOWLORIS
RUN_111,2026-10-03 23:41:44,2026-10-03 23:41:53,2026-10-03 23:41:53,SLOWLORIS,RECOVERY,SLOWLORIS,2,0.99998325,True,SLOWLORIS
RUN_111,2026-10-03 23:41:45,2026-10-03 23:41:54,2026-10-03 23:41:54,SLOWLORIS,RECOVERY,SLOWLORIS,2,0.999983,True,SLOWLORIS
RUN_111,2026-10-03 23:41:46,2026-10-03 23:41:55,2026-10-03 23:41:55,SLOWLORIS,RECOVERY,SLOWLORIS,2,0.999983,True,SLOWLORIS
RUN_111,2026-10-03 23:41:47,2026-10-03 23:41:56,2026-10-03 23:41:56,SLOWLORIS,RECOVERY,SLOWLORIS,2,0.9999829,True,SLOWLORIS
RUN_111,2026-10-03 23:41:48,2026-10-03 23:41:57,2026-10-03 23:41:57,SLOWLORIS,RECOVERY,SLOWLORIS,2,0.9999834,True,SLOWLORIS
RUN_111,2026-10-03 23:41:49,2026-10-03 23:41:58,2026-10-03 23:41:58,SLOWLORIS,RECOVERY,SLOWLORIS,2,0.9999834,True,SLOWLORIS
RUN_111,2026-10-03 23:41:50,2026-10-03 23:41:59,2026-10-03 23:41:59,SLOWLORIS,RECOVERY,SLOWLORIS,2,0.99998313,True,SLOWLORIS
RUN_119,2026-10-03 23:56:00,2026-10-03 23:56:09,2026-10-03 23:56:09,NORMAL,NORMAL,BENIGN,0,0.99999774,True,BENIGN
RUN_119,2026-10-03 23:56:01,2026-10-03 23:56:10,2026-10-03 23:56:10,NORMAL,NORMAL,BENIGN,0,0.99999857,True,BENIGN
RUN_119,2026-10-03 23:56:02,2026-10-03 23:56:11,2026-10-03 23:56:11,NORMAL,NORMAL,BENIGN,0,0.99999857,True,BENIGN
RUN_119,2026-10-03 23:56:03,2026-10-03 23:56:12,2026-10-03 23:56:12,NORMAL,NORMAL,BENIGN,0,0.9999988,True,BENIGN
RUN_119,2026-10-03 23:56:04,2026-10-03 23:56:13,2026-10-03 23:56:13,NORMAL,NORMAL,BENIGN,0,0.99999857,True,BENIGN
RUN_119,2026-10-03 23:56:05,2026-10-03 23:56:14,2026-10-03 23:56:14,NORMAL,NORMAL,BENIGN,0,0.9999988,True,BENIGN
RUN_119,2026-10-03 23:56:06,2026-10-03 23:56:15,2026-10-03 23:56:15,NORMAL,NORMAL,BENIGN,0,0.9999988,True,BENIGN
RUN_119,2026-10-03 23:56:07,2026-10-03 23:56:16,2026-10-03 23:56:16,NORMAL,NORMAL,BENIGN,0,0.9999988,True,BENIGN
RUN_119,2026-10-03 23:56:08,2026-10-03 23:56:17,2026-10-03 23:56:17,NORMAL,NORMAL,BENIGN,0,0.99999857,True,BENIGN
RUN_119,2026-10-03 23:56:09,2026-10-03 23:56:18,2026-10-03 23:56:18,NORMAL,NORMAL,BENIGN,0,0.9999987,True,BENIGN
RUN_119,2026-10-03 23:56:10,2026-10-03 23:56:19,2026-10-03 23:56:19,NORMAL,NORMAL,BENIGN,0,0.99999857,True,BENIGN
RUN_119,2026-10-03 23:56:11,2026-10-03 23:56:20,2026-10-03 23:56:20,NORMAL,EARLY_CHANGE,BENIGN,0,0.99999833,True,BENIGN
RUN_119,2026-10-03 23:56:12,2026-10-03 23:56:21,2026-10-03 23:56:21,NORMAL,EARLY_CHANGE,BENIGN,0,0.99999833,True,BENIGN
RUN_119,2026-10-03 23:56:13,2026-10-03 23:56:22,2026-10-03 23:56:22,NORMAL,EARLY_CHANGE,BENIGN,0,0.9999988,True,BENIGN
RUN_119,2026-10-03 23:56:14,2026-10-03 23:56:23,2026-10-03 23:56:23,NORMAL,EARLY_CHANGE,BENIGN,0,0.9999989,True,BENIGN
RUN_119,2026-10-03 23:56:15,2026-10-03 23:56:24,2026-10-03 23:56:24,NORMAL,EARLY_CHANGE,BENIGN,0,0.9999989,True,BENIGN
RUN_119,2026-10-03 23:56:16,2026-10-03 23:56:25,2026-10-03 23:56:25,NORMAL,EARLY_CHANGE,BENIGN,0,0.9999987,True,BENIGN
RUN_119,2026-10-03 23:56:17,2026-10-03 23:56:26,2026-10-03 23:56:26,NORMAL,EARLY_CHANGE,BENIGN,0,0.9999987,True,BENIGN
RUN_119,2026-10-03 23:56:18,2026-10-03 23:56:27,2026-10-03 23:56:27,NORMAL,EARLY_CHANGE,BENIGN,0,0.99999833,True,BENIGN
RUN_119,2026-10-03 23:56:19,2026-10-03 23:56:28,2026-10-03 23:56:28,NORMAL,EARLY_CHANGE,BENIGN,0,0.99999833,True,BENIGN
RUN_119,2026-10-03 23:56:20,2026-10-03 23:56:29,2026-10-03 23:56:29,NORMAL,EARLY_CHANGE,BENIGN,0,0.9999982,True,BENIGN
RUN_119,2026-10-03 23:56:21,2026-10-03 23:56:30,2026-10-03 23:56:30,NORMAL,ESCALATION,BENIGN,0,0.9999987,True,BENIGN
RUN_119,2026-10-03 23:56:22,2026-10-03 23:56:31,2026-10-03 23:56:31,NORMAL,ESCALATION,BENIGN,0,0.9999987,True,BENIGN
RUN_119,2026-10-03 23:56:23,2026-10-03 23:56:32,2026-10-03 23:56:32,NORMAL,ESCALATION,BENIGN,0,0.99999857,True,BENIGN
RUN_119,2026-10-03 23:56:24,2026-10-03 23:56:33,2026-10-03 23:56:33,NORMAL,ESCALATION,BENIGN,0,0.9999987,True,BENIGN
RUN_119,2026-10-03 23:56:25,2026-10-03 23:56:34,2026-10-03 23:56:34,NORMAL,ESCALATION,BENIGN,0,0.9999987,True,BENIGN
RUN_119,2026-10-03 23:56:26,2026-10-03 23:56:35,2026-10-03 23:56:35,NORMAL,ESCALATION,BENIGN,0,0.99999857,True,BENIGN
RUN_119,2026-10-03 23:56:27,2026-10-03 23:56:36,2026-10-03 23:56:36,NORMAL,ESCALATION,BENIGN,0,0.99999857,True,BENIGN
RUN_119,2026-10-03 23:56:28,2026-10-03 23:56:37,2026-10-03 23:56:37,NORMAL,ESCALATION,BENIGN,0,0.99999857,True,BENIGN
RUN_119,2026-10-03 23:56:29,2026-10-03 23:56:38,2026-10-03 23:56:38,NORMAL,ESCALATION,BENIGN,0,0.99999857,True,BENIGN
RUN_119,2026-10-03 23:56:30,2026-10-03 23:56:39,2026-10-03 23:56:39,NORMAL,ESCALATION,BENIGN,0,0.99999845,True,BENIGN
RUN_119,2026-10-03 23:56:31,2026-10-03 23:56:40,2026-10-03 23:56:40,NORMAL,ESCALATION,BENIGN,0,0.99999833,True,BENIGN
RUN_119,2026-10-03 23:56:32,2026-10-03 23:56:41,2026-10-03 23:56:41,NORMAL,ESCALATION,BENIGN,0,0.999998,True,BENIGN
RUN_119,2026-10-03 23:56:33,2026-10-03 23:56:42,2026-10-03 23:56:42,NORMAL,ESCALATION,BENIGN,0,0.999998,True,BENIGN
RUN_119,2026-10-03 23:56:34,2026-10-03 23:56:43,2026-10-03 23:56:43,NORMAL,ESCALATION,BENIGN,0,0.9999976,True,BENIGN
RUN_119,2026-10-03 23:56:35,2026-10-03 23:56:44,2026-10-03 23:56:44,NORMAL,ESCALATION,BENIGN,0,0.99999726,True,BENIGN
RUN_119,2026-10-03 23:56:36,2026-10-03 23:56:45,2026-10-03 23:56:45,NORMAL,ESCALATION,BENIGN,0,0.9999981,True,BENIGN
RUN_119,2026-10-03 23:56:37,2026-10-03 23:56:46,2026-10-03 23:56:46,NORMAL,ESCALATION,BENIGN,0,0.99999726,True,BENIGN
RUN_119,2026-10-03 23:56:38,2026-10-03 23:56:47,2026-10-03 23:56:47,NORMAL,ESCALATION,BENIGN,0,0.99999774,True,BENIGN
RUN_119,2026-10-03 23:56:39,2026-10-03 23:56:48,2026-10-03 23:56:48,NORMAL,ESCALATION,BENIGN,0,0.9999964,True,BENIGN
RUN_119,2026-10-03 23:56:40,2026-10-03 23:56:49,2026-10-03 23:56:49,NORMAL,ESCALATION,BENIGN,0,0.99999535,True,BENIGN
RUN_119,2026-10-03 23:56:41,2026-10-03 23:56:50,2026-10-03 23:56:50,NORMAL,ESCALATION,BENIGN,0,0.99999785,True,BENIGN
RUN_119,2026-10-03 23:56:42,2026-10-03 23:56:51,2026-10-03 23:56:51,NORMAL,ESCALATION,BENIGN,0,0.999998,True,BENIGN
RUN_119,2026-10-03 23:56:43,2026-10-03 23:56:52,2026-10-03 23:56:52,NORMAL,ESCALATION,BENIGN,0,0.99999785,True,BENIGN
RUN_119,2026-10-03 23:56:44,2026-10-03 23:56:53,2026-10-03 23:56:53,NORMAL,ESCALATION,BENIGN,0,0.999998,True,BENIGN
RUN_119,2026-10-03 23:56:45,2026-10-03 23:56:54,2026-10-03 23:56:54,NORMAL,ESCALATION,BENIGN,0,0.9999981,True,BENIGN
RUN_119,2026-10-03 23:56:46,2026-10-03 23:56:55,2026-10-03 23:56:55,NORMAL,ESCALATION,BENIGN,0,0.9999982,True,BENIGN
RUN_119,2026-10-03 23:56:47,2026-10-03 23:56:56,2026-10-03 23:56:56,NORMAL,ESCALATION,BENIGN,0,0.99999833,True,BENIGN
RUN_119,2026-10-03 23:56:48,2026-10-03 23:56:57,2026-10-03 23:56:57,NORMAL,ESCALATION,BENIGN,0,0.9999981,True,BENIGN
RUN_119,2026-10-03 23:56:49,2026-10-03 23:56:58,2026-10-03 23:56:58,NORMAL,ESCALATION,BENIGN,0,0.9999987,True,BENIGN
RUN_119,2026-10-03 23:56:50,2026-10-03 23:56:59,2026-10-03 23:56:59,NORMAL,ESCALATION,BENIGN,0,0.9999987,True,BENIGN
RUN_119,2026-10-03 23:56:51,2026-10-03 23:57:00,2026-10-03 23:57:00,NORMAL,SUSTAINED,BENIGN,0,0.9999987,True,BENIGN
RUN_119,2026-10-03 23:56:52,2026-10-03 23:57:01,2026-10-03 23:57:01,NORMAL,SUSTAINED,BENIGN,0,0.9999987,True,BENIGN
RUN_119,2026-10-03 23:56:53,2026-10-03 23:57:02,2026-10-03 23:57:02,NORMAL,SUSTAINED,BENIGN,0,0.9999987,True,BENIGN
RUN_119,2026-10-03 23:56:54,2026-10-03 23:57:03,2026-10-03 23:57:03,NORMAL,SUSTAINED,BENIGN,0,0.99999857,True,BENIGN
RUN_119,2026-10-03 23:56:55,2026-10-03 23:57:04,2026-10-03 23:57:04,NORMAL,SUSTAINED,BENIGN,0,0.9999987,True,BENIGN
RUN_119,2026-10-03 23:56:56,2026-10-03 23:57:05,2026-10-03 23:57:05,NORMAL,SUSTAINED,BENIGN,0,0.99999845,True,BENIGN
RUN_119,2026-10-03 23:56:57,2026-10-03 23:57:06,2026-10-03 23:57:06,NORMAL,SUSTAINED,BENIGN,0,0.99999857,True,BENIGN
RUN_119,2026-10-03 23:56:58,2026-10-03 23:57:07,2026-10-03 23:57:07,NORMAL,SUSTAINED,BENIGN,0,0.99999857,True,BENIGN
RUN_119,2026-10-03 23:56:59,2026-10-03 23:57:08,2026-10-03 23:57:08,NORMAL,SUSTAINED,BENIGN,0,0.99999726,True,BENIGN
RUN_119,2026-10-03 23:57:00,2026-10-03 23:57:09,2026-10-03 23:57:09,NORMAL,SUSTAINED,BENIGN,0,0.9999987,True,BENIGN
RUN_119,2026-10-03 23:57:01,2026-10-03 23:57:10,2026-10-03 23:57:10,NORMAL,SUSTAINED,BENIGN,0,0.99999857,True,BENIGN
RUN_119,2026-10-03 23:57:02,2026-10-03 23:57:11,2026-10-03 23:57:11,NORMAL,SUSTAINED,BENIGN,0,0.9999988,True,BENIGN
RUN_119,2026-10-03 23:57:03,2026-10-03 23:57:12,2026-10-03 23:57:12,NORMAL,SUSTAINED,BENIGN,0,0.99999833,True,BENIGN
RUN_119,2026-10-03 23:57:04,2026-10-03 23:57:13,2026-10-03 23:57:13,NORMAL,SUSTAINED,BENIGN,0,0.99999857,True,BENIGN
RUN_119,2026-10-03 23:57:05,2026-10-03 23:57:14,2026-10-03 23:57:14,NORMAL,SUSTAINED,BENIGN,0,0.99999774,True,BENIGN
RUN_119,2026-10-03 23:57:06,2026-10-03 23:57:15,2026-10-03 23:57:15,NORMAL,SUSTAINED,BENIGN,0,0.9999982,True,BENIGN
RUN_119,2026-10-03 23:57:07,2026-10-03 23:57:16,2026-10-03 23:57:16,NORMAL,SUSTAINED,BENIGN,0,0.9999981,True,BENIGN
RUN_119,2026-10-03 23:57:08,2026-10-03 23:57:17,2026-10-03 23:57:17,NORMAL,SUSTAINED,BENIGN,0,0.9999981,True,BENIGN
RUN_119,2026-10-03 23:57:09,2026-10-03 23:57:18,2026-10-03 23:57:18,NORMAL,SUSTAINED,BENIGN,0,0.99999833,True,BENIGN
RUN_119,2026-10-03 23:57:10,2026-10-03 23:57:19,2026-10-03 23:57:19,NORMAL,SUSTAINED,BENIGN,0,0.9999982,True,BENIGN
RUN_119,2026-10-03 23:57:11,2026-10-03 23:57:20,2026-10-03 23:57:20,NORMAL,SUSTAINED,BENIGN,0,0.9999982,True,BENIGN
RUN_119,2026-10-03 23:57:12,2026-10-03 23:57:21,2026-10-03 23:57:21,NORMAL,SUSTAINED,BENIGN,0,0.9999982,True,BENIGN
RUN_119,2026-10-03 23:57:13,2026-10-03 23:57:22,2026-10-03 23:57:22,NORMAL,SUSTAINED,BENIGN,0,0.9999981,True,BENIGN
RUN_119,2026-10-03 23:57:14,2026-10-03 23:57:23,2026-10-03 23:57:23,NORMAL,SUSTAINED,BENIGN,0,0.99999774,True,BENIGN
RUN_119,2026-10-03 23:57:15,2026-10-03 23:57:24,2026-10-03 23:57:24,NORMAL,SUSTAINED,BENIGN,0,0.99999774,True,BENIGN
RUN_119,2026-10-03 23:57:16,2026-10-03 23:57:25,2026-10-03 23:57:25,NORMAL,SUSTAINED,BENIGN,0,0.999998,True,BENIGN
RUN_119,2026-10-03 23:57:17,2026-10-03 23:57:26,2026-10-03 23:57:26,NORMAL,SUSTAINED,BENIGN,0,0.99999833,True,BENIGN
RUN_119,2026-10-03 23:57:18,2026-10-03 23:57:27,2026-10-03 23:57:27,NORMAL,SUSTAINED,BENIGN,0,0.99999833,True,BENIGN
RUN_119,2026-10-03 23:57:19,2026-10-03 23:57:28,2026-10-03 23:57:28,NORMAL,SUSTAINED,BENIGN,0,0.99999833,True,BENIGN
RUN_119,2026-10-03 23:57:20,2026-10-03 23:57:29,2026-10-03 23:57:29,NORMAL,SUSTAINED,BENIGN,0,0.99999857,True,BENIGN
RUN_119,2026-10-03 23:57:21,2026-10-03 23:57:30,2026-10-03 23:57:30,NORMAL,DECAY,BENIGN,0,0.99999857,True,BENIGN
RUN_119,2026-10-03 23:57:22,2026-10-03 23:57:31,2026-10-03 23:57:31,NORMAL,DECAY,BENIGN,0,0.99999857,True,BENIGN
RUN_119,2026-10-03 23:57:23,2026-10-03 23:57:32,2026-10-03 23:57:32,NORMAL,DECAY,BENIGN,0,0.9999987,True,BENIGN
RUN_119,2026-10-03 23:57:24,2026-10-03 23:57:33,2026-10-03 23:57:33,NORMAL,DECAY,BENIGN,0,0.9999987,True,BENIGN
RUN_119,2026-10-03 23:57:25,2026-10-03 23:57:34,2026-10-03 23:57:34,NORMAL,DECAY,BENIGN,0,0.99999857,True,BENIGN
RUN_119,2026-10-03 23:57:26,2026-10-03 23:57:35,2026-10-03 23:57:35,NORMAL,DECAY,BENIGN,0,0.99999833,True,BENIGN
RUN_119,2026-10-03 23:57:27,2026-10-03 23:57:36,2026-10-03 23:57:36,NORMAL,DECAY,BENIGN,0,0.99999845,True,BENIGN
RUN_119,2026-10-03 23:57:28,2026-10-03 23:57:37,2026-10-03 23:57:37,NORMAL,DECAY,BENIGN,0,0.9999982,True,BENIGN
RUN_119,2026-10-03 23:57:29,2026-10-03 23:57:38,2026-10-03 23:57:38,NORMAL,DECAY,BENIGN,0,0.99999845,True,BENIGN
RUN_119,2026-10-03 23:57:30,2026-10-03 23:57:39,2026-10-03 23:57:39,NORMAL,DECAY,BENIGN,0,0.99999857,True,BENIGN
RUN_119,2026-10-03 23:57:31,2026-10-03 23:57:40,2026-10-03 23:57:40,NORMAL,DECAY,BENIGN,0,0.99999857,True,BENIGN
RUN_119,2026-10-03 23:57:32,2026-10-03 23:57:41,2026-10-03 23:57:41,NORMAL,DECAY,BENIGN,0,0.99999845,True,BENIGN
RUN_119,2026-10-03 23:57:33,2026-10-03 23:57:42,2026-10-03 23:57:42,NORMAL,DECAY,BENIGN,0,0.99999845,True,BENIGN
RUN_119,2026-10-03 23:57:34,2026-10-03 23:57:43,2026-10-03 23:57:43,NORMAL,DECAY,BENIGN,0,0.99999857,True,BENIGN
RUN_119,2026-10-03 23:57:35,2026-10-03 23:57:44,2026-10-03 23:57:44,NORMAL,DECAY,BENIGN,0,0.9999988,True,BENIGN
RUN_119,2026-10-03 23:57:36,2026-10-03 23:57:45,2026-10-03 23:57:45,NORMAL,DECAY,BENIGN,0,0.9999987,True,BENIGN
RUN_119,2026-10-03 23:57:37,2026-10-03 23:57:46,2026-10-03 23:57:46,NORMAL,DECAY,BENIGN,0,0.99999857,True,BENIGN
RUN_119,2026-10-03 23:57:38,2026-10-03 23:57:47,2026-10-03 23:57:47,NORMAL,DECAY,BENIGN,0,0.99999845,True,BENIGN
RUN_119,2026-10-03 23:57:39,2026-10-03 23:57:48,2026-10-03 23:57:48,NORMAL,DECAY,BENIGN,0,0.99999857,True,BENIGN
RUN_119,2026-10-03 23:57:40,2026-10-03 23:57:49,2026-10-03 23:57:49,NORMAL,DECAY,BENIGN,0,0.99999774,True,BENIGN
RUN_119,2026-10-03 23:57:41,2026-10-03 23:57:50,2026-10-03 23:57:50,NORMAL,RECOVERY,BENIGN,0,0.99999857,True,BENIGN
RUN_119,2026-10-03 23:57:42,2026-10-03 23:57:51,2026-10-03 23:57:51,NORMAL,RECOVERY,BENIGN,0,0.99999845,True,BENIGN
RUN_119,2026-10-03 23:57:43,2026-10-03 23:57:52,2026-10-03 23:57:52,NORMAL,RECOVERY,BENIGN,0,0.99999857,True,BENIGN
RUN_119,2026-10-03 23:57:44,2026-10-03 23:57:53,2026-10-03 23:57:53,NORMAL,RECOVERY,BENIGN,0,0.99999845,True,BENIGN
RUN_119,2026-10-03 23:57:45,2026-10-03 23:57:54,2026-10-03 23:57:54,NORMAL,RECOVERY,BENIGN,0,0.99999857,True,BENIGN
RUN_119,2026-10-03 23:57:46,2026-10-03 23:57:55,2026-10-03 23:57:55,NORMAL,RECOVERY,BENIGN,0,0.99999833,True,BENIGN
RUN_119,2026-10-03 23:57:47,2026-10-03 23:57:56,2026-10-03 23:57:56,NORMAL,RECOVERY,BENIGN,0,0.9999982,True,BENIGN
RUN_119,2026-10-03 23:57:48,2026-10-03 23:57:57,2026-10-03 23:57:57,NORMAL,RECOVERY,BENIGN,0,0.9999982,True,BENIGN
RUN_119,2026-10-03 23:57:49,2026-10-03 23:57:58,2026-10-03 23:57:58,NORMAL,RECOVERY,BENIGN,0,0.99999774,True,BENIGN
RUN_119,2026-10-03 23:57:50,2026-10-03 23:57:59,2026-10-03 23:57:59,NORMAL,RECOVERY,BENIGN,0,0.9999982,True,BENIGN
RUN_128,2026-10-04 00:14:00,2026-10-04 00:14:09,2026-10-04 00:14:09,NORMAL,NORMAL,BENIGN,0,0.99999666,True,BENIGN
RUN_128,2026-10-04 00:14:01,2026-10-04 00:14:10,2026-10-04 00:14:10,NORMAL,NORMAL,BENIGN,0,0.99999726,True,BENIGN
RUN_128,2026-10-04 00:14:02,2026-10-04 00:14:11,2026-10-04 00:14:11,NORMAL,NORMAL,BENIGN,0,0.9999981,True,BENIGN
RUN_128,2026-10-04 00:14:03,2026-10-04 00:14:12,2026-10-04 00:14:12,NORMAL,NORMAL,BENIGN,0,0.99999833,True,BENIGN
RUN_128,2026-10-04 00:14:04,2026-10-04 00:14:13,2026-10-04 00:14:13,NORMAL,NORMAL,BENIGN,0,0.99999833,True,BENIGN
RUN_128,2026-10-04 00:14:05,2026-10-04 00:14:14,2026-10-04 00:14:14,NORMAL,NORMAL,BENIGN,0,0.99999833,True,BENIGN
RUN_128,2026-10-04 00:14:06,2026-10-04 00:14:15,2026-10-04 00:14:15,NORMAL,NORMAL,BENIGN,0,0.99999833,True,BENIGN
RUN_128,2026-10-04 00:14:07,2026-10-04 00:14:16,2026-10-04 00:14:16,NORMAL,NORMAL,BENIGN,0,0.99999833,True,BENIGN
RUN_128,2026-10-04 00:14:08,2026-10-04 00:14:17,2026-10-04 00:14:17,NORMAL,NORMAL,BENIGN,0,0.99999845,True,BENIGN
RUN_128,2026-10-04 00:14:09,2026-10-04 00:14:18,2026-10-04 00:14:18,NORMAL,NORMAL,BENIGN,0,0.99999833,True,BENIGN
RUN_128,2026-10-04 00:14:10,2026-10-04 00:14:19,2026-10-04 00:14:19,NORMAL,NORMAL,BENIGN,0,0.9999981,True,BENIGN
RUN_128,2026-10-04 00:14:11,2026-10-04 00:14:20,2026-10-04 00:14:20,NORMAL,EARLY_CHANGE,BENIGN,0,0.99999833,True,BENIGN
RUN_128,2026-10-04 00:14:12,2026-10-04 00:14:21,2026-10-04 00:14:21,NORMAL,EARLY_CHANGE,BENIGN,0,0.99999857,True,BENIGN
RUN_128,2026-10-04 00:14:13,2026-10-04 00:14:22,2026-10-04 00:14:22,NORMAL,EARLY_CHANGE,BENIGN,0,0.9999987,True,BENIGN
RUN_128,2026-10-04 00:14:14,2026-10-04 00:14:23,2026-10-04 00:14:23,NORMAL,EARLY_CHANGE,BENIGN,0,0.9999988,True,BENIGN
RUN_128,2026-10-04 00:14:15,2026-10-04 00:14:24,2026-10-04 00:14:24,NORMAL,EARLY_CHANGE,BENIGN,0,0.9999988,True,BENIGN
RUN_128,2026-10-04 00:14:16,2026-10-04 00:14:25,2026-10-04 00:14:25,NORMAL,EARLY_CHANGE,BENIGN,0,0.9999988,True,BENIGN
RUN_128,2026-10-04 00:14:17,2026-10-04 00:14:26,2026-10-04 00:14:26,NORMAL,EARLY_CHANGE,BENIGN,0,0.9999988,True,BENIGN
RUN_128,2026-10-04 00:14:18,2026-10-04 00:14:27,2026-10-04 00:14:27,NORMAL,EARLY_CHANGE,BENIGN,0,0.9999988,True,BENIGN
RUN_128,2026-10-04 00:14:19,2026-10-04 00:14:28,2026-10-04 00:14:28,NORMAL,EARLY_CHANGE,BENIGN,0,0.9999987,True,BENIGN
RUN_128,2026-10-04 00:14:20,2026-10-04 00:14:29,2026-10-04 00:14:29,NORMAL,EARLY_CHANGE,BENIGN,0,0.9999988,True,BENIGN
RUN_128,2026-10-04 00:14:21,2026-10-04 00:14:30,2026-10-04 00:14:30,NORMAL,ESCALATION,BENIGN,0,0.99999857,True,BENIGN
RUN_128,2026-10-04 00:14:22,2026-10-04 00:14:31,2026-10-04 00:14:31,NORMAL,ESCALATION,BENIGN,0,0.99999833,True,BENIGN
RUN_128,2026-10-04 00:14:23,2026-10-04 00:14:32,2026-10-04 00:14:32,NORMAL,ESCALATION,BENIGN,0,0.9999982,True,BENIGN
RUN_128,2026-10-04 00:14:24,2026-10-04 00:14:33,2026-10-04 00:14:33,NORMAL,ESCALATION,BENIGN,0,0.9999982,True,BENIGN
RUN_128,2026-10-04 00:14:25,2026-10-04 00:14:34,2026-10-04 00:14:34,NORMAL,ESCALATION,BENIGN,0,0.9999982,True,BENIGN
RUN_128,2026-10-04 00:14:26,2026-10-04 00:14:35,2026-10-04 00:14:35,NORMAL,ESCALATION,BENIGN,0,0.99999857,True,BENIGN
RUN_128,2026-10-04 00:14:27,2026-10-04 00:14:36,2026-10-04 00:14:36,NORMAL,ESCALATION,BENIGN,0,0.99999833,True,BENIGN
RUN_128,2026-10-04 00:14:28,2026-10-04 00:14:37,2026-10-04 00:14:37,NORMAL,ESCALATION,BENIGN,0,0.9999982,True,BENIGN
RUN_128,2026-10-04 00:14:29,2026-10-04 00:14:38,2026-10-04 00:14:38,NORMAL,ESCALATION,BENIGN,0,0.99999833,True,BENIGN
RUN_128,2026-10-04 00:14:30,2026-10-04 00:14:39,2026-10-04 00:14:39,NORMAL,ESCALATION,BENIGN,0,0.9999976,True,BENIGN
RUN_128,2026-10-04 00:14:31,2026-10-04 00:14:40,2026-10-04 00:14:40,NORMAL,ESCALATION,BENIGN,0,0.9999982,True,BENIGN
RUN_128,2026-10-04 00:14:32,2026-10-04 00:14:41,2026-10-04 00:14:41,NORMAL,ESCALATION,BENIGN,0,0.99999297,True,BENIGN
RUN_128,2026-10-04 00:14:33,2026-10-04 00:14:42,2026-10-04 00:14:42,NORMAL,ESCALATION,BENIGN,0,0.999995,True,BENIGN
RUN_128,2026-10-04 00:14:34,2026-10-04 00:14:43,2026-10-04 00:14:43,NORMAL,ESCALATION,BENIGN,0,0.9999883,True,BENIGN
RUN_128,2026-10-04 00:14:35,2026-10-04 00:14:44,2026-10-04 00:14:44,NORMAL,ESCALATION,BENIGN,0,0.99999666,True,BENIGN
RUN_128,2026-10-04 00:14:36,2026-10-04 00:14:45,2026-10-04 00:14:45,NORMAL,ESCALATION,BENIGN,0,0.9999901,True,BENIGN
RUN_128,2026-10-04 00:14:37,2026-10-04 00:14:46,2026-10-04 00:14:46,NORMAL,ESCALATION,BENIGN,0,0.9999969,True,BENIGN
RUN_128,2026-10-04 00:14:38,2026-10-04 00:14:47,2026-10-04 00:14:47,NORMAL,ESCALATION,BENIGN,0,0.9999938,True,BENIGN
RUN_128,2026-10-04 00:14:39,2026-10-04 00:14:48,2026-10-04 00:14:48,NORMAL,ESCALATION,BENIGN,0,0.9999974,True,BENIGN
RUN_128,2026-10-04 00:14:40,2026-10-04 00:14:49,2026-10-04 00:14:49,NORMAL,ESCALATION,BENIGN,0,0.9999974,True,BENIGN
RUN_128,2026-10-04 00:14:41,2026-10-04 00:14:50,2026-10-04 00:14:50,NORMAL,ESCALATION,BENIGN,0,0.99999714,True,BENIGN
RUN_128,2026-10-04 00:14:42,2026-10-04 00:14:51,2026-10-04 00:14:51,NORMAL,ESCALATION,BENIGN,0,0.9999982,True,BENIGN
RUN_128,2026-10-04 00:14:43,2026-10-04 00:14:52,2026-10-04 00:14:52,NORMAL,ESCALATION,BENIGN,0,0.99999845,True,BENIGN
RUN_128,2026-10-04 00:14:44,2026-10-04 00:14:53,2026-10-04 00:14:53,NORMAL,ESCALATION,BENIGN,0,0.99999845,True,BENIGN
RUN_128,2026-10-04 00:14:45,2026-10-04 00:14:54,2026-10-04 00:14:54,NORMAL,ESCALATION,BENIGN,0,0.99999845,True,BENIGN
RUN_128,2026-10-04 00:14:46,2026-10-04 00:14:55,2026-10-04 00:14:55,NORMAL,ESCALATION,BENIGN,0,0.99999857,True,BENIGN
RUN_128,2026-10-04 00:14:47,2026-10-04 00:14:56,2026-10-04 00:14:56,NORMAL,ESCALATION,BENIGN,0,0.9999987,True,BENIGN
RUN_128,2026-10-04 00:14:48,2026-10-04 00:14:57,2026-10-04 00:14:57,NORMAL,ESCALATION,BENIGN,0,0.99999845,True,BENIGN
RUN_128,2026-10-04 00:14:49,2026-10-04 00:14:58,2026-10-04 00:14:58,NORMAL,ESCALATION,BENIGN,0,0.99999833,True,BENIGN
RUN_128,2026-10-04 00:14:50,2026-10-04 00:14:59,2026-10-04 00:14:59,NORMAL,ESCALATION,BENIGN,0,0.99999774,True,BENIGN
RUN_128,2026-10-04 00:14:51,2026-10-04 00:15:00,2026-10-04 00:15:00,NORMAL,SUSTAINED,BENIGN,0,0.9999949,True,BENIGN
RUN_128,2026-10-04 00:14:52,2026-10-04 00:15:01,2026-10-04 00:15:01,NORMAL,SUSTAINED,BENIGN,0,0.999997,True,BENIGN
RUN_128,2026-10-04 00:14:53,2026-10-04 00:15:02,2026-10-04 00:15:02,NORMAL,SUSTAINED,BENIGN,0,0.99999094,True,BENIGN
RUN_128,2026-10-04 00:14:54,2026-10-04 00:15:03,2026-10-04 00:15:03,NORMAL,SUSTAINED,BENIGN,0,0.9999974,True,BENIGN
RUN_128,2026-10-04 00:14:55,2026-10-04 00:15:04,2026-10-04 00:15:04,NORMAL,SUSTAINED,BENIGN,0,0.99999106,True,BENIGN
RUN_128,2026-10-04 00:14:56,2026-10-04 00:15:05,2026-10-04 00:15:05,NORMAL,SUSTAINED,BENIGN,0,0.9999958,True,BENIGN
RUN_128,2026-10-04 00:14:57,2026-10-04 00:15:06,2026-10-04 00:15:06,NORMAL,SUSTAINED,BENIGN,0,0.9999858,True,BENIGN
RUN_128,2026-10-04 00:14:58,2026-10-04 00:15:07,2026-10-04 00:15:07,NORMAL,SUSTAINED,BENIGN,0,0.999995,True,BENIGN
RUN_128,2026-10-04 00:14:59,2026-10-04 00:15:08,2026-10-04 00:15:08,NORMAL,SUSTAINED,BENIGN,0,0.9999926,True,BENIGN
RUN_128,2026-10-04 00:15:00,2026-10-04 00:15:09,2026-10-04 00:15:09,NORMAL,SUSTAINED,BENIGN,0,0.99999714,True,BENIGN
RUN_128,2026-10-04 00:15:01,2026-10-04 00:15:10,2026-10-04 00:15:10,NORMAL,SUSTAINED,BENIGN,0,0.99999785,True,BENIGN
RUN_128,2026-10-04 00:15:02,2026-10-04 00:15:11,2026-10-04 00:15:11,NORMAL,SUSTAINED,BENIGN,0,0.99999845,True,BENIGN
RUN_128,2026-10-04 00:15:03,2026-10-04 00:15:12,2026-10-04 00:15:12,NORMAL,SUSTAINED,BENIGN,0,0.9999989,True,BENIGN
RUN_128,2026-10-04 00:15:04,2026-10-04 00:15:13,2026-10-04 00:15:13,NORMAL,SUSTAINED,BENIGN,0,0.99999857,True,BENIGN
RUN_128,2026-10-04 00:15:05,2026-10-04 00:15:14,2026-10-04 00:15:14,NORMAL,SUSTAINED,BENIGN,0,0.999998,True,BENIGN
RUN_128,2026-10-04 00:15:06,2026-10-04 00:15:15,2026-10-04 00:15:15,NORMAL,SUSTAINED,BENIGN,0,0.99999785,True,BENIGN
RUN_128,2026-10-04 00:15:07,2026-10-04 00:15:16,2026-10-04 00:15:16,NORMAL,SUSTAINED,BENIGN,0,0.9999938,True,BENIGN
RUN_128,2026-10-04 00:15:08,2026-10-04 00:15:17,2026-10-04 00:15:17,NORMAL,SUSTAINED,BENIGN,0,0.999983,True,BENIGN
RUN_128,2026-10-04 00:15:09,2026-10-04 00:15:18,2026-10-04 00:15:18,NORMAL,SUSTAINED,BENIGN,0,0.99998605,True,BENIGN
RUN_128,2026-10-04 00:15:10,2026-10-04 00:15:19,2026-10-04 00:15:19,NORMAL,SUSTAINED,BENIGN,0,0.9999893,True,BENIGN
RUN_128,2026-10-04 00:15:11,2026-10-04 00:15:20,2026-10-04 00:15:20,NORMAL,SUSTAINED,BENIGN,0,0.999998,True,BENIGN
RUN_128,2026-10-04 00:15:12,2026-10-04 00:15:21,2026-10-04 00:15:21,NORMAL,SUSTAINED,BENIGN,0,0.99999785,True,BENIGN
RUN_128,2026-10-04 00:15:13,2026-10-04 00:15:22,2026-10-04 00:15:22,NORMAL,SUSTAINED,BENIGN,0,0.99999666,True,BENIGN
RUN_128,2026-10-04 00:15:14,2026-10-04 00:15:23,2026-10-04 00:15:23,NORMAL,SUSTAINED,BENIGN,0,0.99999726,True,BENIGN
RUN_128,2026-10-04 00:15:15,2026-10-04 00:15:24,2026-10-04 00:15:24,NORMAL,SUSTAINED,BENIGN,0,0.99999714,True,BENIGN
RUN_128,2026-10-04 00:15:16,2026-10-04 00:15:25,2026-10-04 00:15:25,NORMAL,SUSTAINED,BENIGN,0,0.99999714,True,BENIGN
RUN_128,2026-10-04 00:15:17,2026-10-04 00:15:26,2026-10-04 00:15:26,NORMAL,SUSTAINED,BENIGN,0,0.99999785,True,BENIGN
RUN_128,2026-10-04 00:15:18,2026-10-04 00:15:27,2026-10-04 00:15:27,NORMAL,SUSTAINED,BENIGN,0,0.9999968,True,BENIGN
RUN_128,2026-10-04 00:15:19,2026-10-04 00:15:28,2026-10-04 00:15:28,NORMAL,SUSTAINED,BENIGN,0,0.99999785,True,BENIGN
RUN_128,2026-10-04 00:15:20,2026-10-04 00:15:29,2026-10-04 00:15:29,NORMAL,SUSTAINED,BENIGN,0,0.99999833,True,BENIGN
RUN_128,2026-10-04 00:15:21,2026-10-04 00:15:30,2026-10-04 00:15:30,NORMAL,DECAY,BENIGN,0,0.99999857,True,BENIGN
RUN_128,2026-10-04 00:15:22,2026-10-04 00:15:31,2026-10-04 00:15:31,NORMAL,DECAY,BENIGN,0,0.9999987,True,BENIGN
RUN_128,2026-10-04 00:15:23,2026-10-04 00:15:32,2026-10-04 00:15:32,NORMAL,DECAY,BENIGN,0,0.9999989,True,BENIGN
RUN_128,2026-10-04 00:15:24,2026-10-04 00:15:33,2026-10-04 00:15:33,NORMAL,DECAY,BENIGN,0,0.9999989,True,BENIGN
RUN_128,2026-10-04 00:15:25,2026-10-04 00:15:34,2026-10-04 00:15:34,NORMAL,DECAY,BENIGN,0,0.9999989,True,BENIGN
RUN_128,2026-10-04 00:15:26,2026-10-04 00:15:35,2026-10-04 00:15:35,NORMAL,DECAY,BENIGN,0,0.9999988,True,BENIGN
RUN_128,2026-10-04 00:15:27,2026-10-04 00:15:36,2026-10-04 00:15:36,NORMAL,DECAY,BENIGN,0,0.9999989,True,BENIGN
RUN_128,2026-10-04 00:15:28,2026-10-04 00:15:37,2026-10-04 00:15:37,NORMAL,DECAY,BENIGN,0,0.9999989,True,BENIGN
RUN_128,2026-10-04 00:15:29,2026-10-04 00:15:38,2026-10-04 00:15:38,NORMAL,DECAY,BENIGN,0,0.9999988,True,BENIGN
RUN_128,2026-10-04 00:15:30,2026-10-04 00:15:39,2026-10-04 00:15:39,NORMAL,DECAY,BENIGN,0,0.9999987,True,BENIGN
RUN_128,2026-10-04 00:15:31,2026-10-04 00:15:40,2026-10-04 00:15:40,NORMAL,DECAY,BENIGN,0,0.9999987,True,BENIGN
RUN_128,2026-10-04 00:15:32,2026-10-04 00:15:41,2026-10-04 00:15:41,NORMAL,DECAY,BENIGN,0,0.9999989,True,BENIGN
RUN_128,2026-10-04 00:15:33,2026-10-04 00:15:42,2026-10-04 00:15:42,NORMAL,DECAY,BENIGN,0,0.9999988,True,BENIGN
RUN_128,2026-10-04 00:15:34,2026-10-04 00:15:43,2026-10-04 00:15:43,NORMAL,DECAY,BENIGN,0,0.9999987,True,BENIGN
RUN_128,2026-10-04 00:15:35,2026-10-04 00:15:44,2026-10-04 00:15:44,NORMAL,DECAY,BENIGN,0,0.99999845,True,BENIGN
RUN_128,2026-10-04 00:15:36,2026-10-04 00:15:45,2026-10-04 00:15:45,NORMAL,DECAY,BENIGN,0,0.9999982,True,BENIGN
RUN_128,2026-10-04 00:15:37,2026-10-04 00:15:46,2026-10-04 00:15:46,NORMAL,DECAY,BENIGN,0,0.99999857,True,BENIGN
RUN_128,2026-10-04 00:15:38,2026-10-04 00:15:47,2026-10-04 00:15:47,NORMAL,DECAY,BENIGN,0,0.99999857,True,BENIGN
RUN_128,2026-10-04 00:15:39,2026-10-04 00:15:48,2026-10-04 00:15:48,NORMAL,DECAY,BENIGN,0,0.99999857,True,BENIGN
RUN_128,2026-10-04 00:15:40,2026-10-04 00:15:49,2026-10-04 00:15:49,NORMAL,DECAY,BENIGN,0,0.99999845,True,BENIGN
RUN_128,2026-10-04 00:15:41,2026-10-04 00:15:50,2026-10-04 00:15:50,NORMAL,RECOVERY,BENIGN,0,0.99999857,True,BENIGN
RUN_128,2026-10-04 00:15:42,2026-10-04 00:15:51,2026-10-04 00:15:51,NORMAL,RECOVERY,BENIGN,0,0.99999726,True,BENIGN
RUN_128,2026-10-04 00:15:43,2026-10-04 00:15:52,2026-10-04 00:15:52,NORMAL,RECOVERY,BENIGN,0,0.99999833,True,BENIGN
RUN_128,2026-10-04 00:15:44,2026-10-04 00:15:53,2026-10-04 00:15:53,NORMAL,RECOVERY,BENIGN,0,0.9999981,True,BENIGN
RUN_128,2026-10-04 00:15:45,2026-10-04 00:15:54,2026-10-04 00:15:54,NORMAL,RECOVERY,BENIGN,0,0.999998,True,BENIGN
RUN_128,2026-10-04 00:15:46,2026-10-04 00:15:55,2026-10-04 00:15:55,NORMAL,RECOVERY,BENIGN,0,0.9999981,True,BENIGN
RUN_128,2026-10-04 00:15:47,2026-10-04 00:15:56,2026-10-04 00:15:56,NORMAL,RECOVERY,BENIGN,0,0.99999774,True,BENIGN
RUN_128,2026-10-04 00:15:48,2026-10-04 00:15:57,2026-10-04 00:15:57,NORMAL,RECOVERY,BENIGN,0,0.9999877,True,BENIGN
RUN_128,2026-10-04 00:15:49,2026-10-04 00:15:58,2026-10-04 00:15:58,NORMAL,RECOVERY,BENIGN,0,0.9999876,True,BENIGN
RUN_128,2026-10-04 00:15:50,2026-10-04 00:15:59,2026-10-04 00:15:59,NORMAL,RECOVERY,BENIGN,0,0.9999756,True,BENIGN
RUN_129,2026-10-04 00:16:00,2026-10-04 00:16:09,2026-10-04 00:16:09,NORMAL,NORMAL,BENIGN,0,0.99999833,True,BENIGN
RUN_129,2026-10-04 00:16:01,2026-10-04 00:16:10,2026-10-04 00:16:10,NORMAL,NORMAL,BENIGN,0,0.99999833,True,BENIGN
RUN_129,2026-10-04 00:16:02,2026-10-04 00:16:11,2026-10-04 00:16:11,NORMAL,NORMAL,BENIGN,0,0.9999981,True,BENIGN
RUN_129,2026-10-04 00:16:03,2026-10-04 00:16:12,2026-10-04 00:16:12,NORMAL,NORMAL,BENIGN,0,0.99999833,True,BENIGN
RUN_129,2026-10-04 00:16:04,2026-10-04 00:16:13,2026-10-04 00:16:13,NORMAL,NORMAL,BENIGN,0,0.99999845,True,BENIGN
RUN_129,2026-10-04 00:16:05,2026-10-04 00:16:14,2026-10-04 00:16:14,NORMAL,NORMAL,BENIGN,0,0.9999987,True,BENIGN
RUN_129,2026-10-04 00:16:06,2026-10-04 00:16:15,2026-10-04 00:16:15,NORMAL,NORMAL,BENIGN,0,0.99999857,True,BENIGN
RUN_129,2026-10-04 00:16:07,2026-10-04 00:16:16,2026-10-04 00:16:16,NORMAL,NORMAL,BENIGN,0,0.99999857,True,BENIGN
RUN_129,2026-10-04 00:16:08,2026-10-04 00:16:17,2026-10-04 00:16:17,NORMAL,NORMAL,BENIGN,0,0.99999857,True,BENIGN
RUN_129,2026-10-04 00:16:09,2026-10-04 00:16:18,2026-10-04 00:16:18,NORMAL,NORMAL,BENIGN,0,0.99999845,True,BENIGN
RUN_129,2026-10-04 00:16:10,2026-10-04 00:16:19,2026-10-04 00:16:19,NORMAL,NORMAL,BENIGN,0,0.99999857,True,BENIGN
RUN_129,2026-10-04 00:16:11,2026-10-04 00:16:20,2026-10-04 00:16:20,NORMAL,EARLY_CHANGE,BENIGN,0,0.99999857,True,BENIGN
RUN_129,2026-10-04 00:16:12,2026-10-04 00:16:21,2026-10-04 00:16:21,NORMAL,EARLY_CHANGE,BENIGN,0,0.99999857,True,BENIGN
RUN_129,2026-10-04 00:16:13,2026-10-04 00:16:22,2026-10-04 00:16:22,NORMAL,EARLY_CHANGE,BENIGN,0,0.99999845,True,BENIGN
RUN_129,2026-10-04 00:16:14,2026-10-04 00:16:23,2026-10-04 00:16:23,NORMAL,EARLY_CHANGE,BENIGN,0,0.99999845,True,BENIGN
RUN_129,2026-10-04 00:16:15,2026-10-04 00:16:24,2026-10-04 00:16:24,NORMAL,EARLY_CHANGE,BENIGN,0,0.99999833,True,BENIGN
RUN_129,2026-10-04 00:16:16,2026-10-04 00:16:25,2026-10-04 00:16:25,NORMAL,EARLY_CHANGE,BENIGN,0,0.9999982,True,BENIGN
RUN_129,2026-10-04 00:16:17,2026-10-04 00:16:26,2026-10-04 00:16:26,NORMAL,EARLY_CHANGE,BENIGN,0,0.99999726,True,BENIGN
RUN_129,2026-10-04 00:16:18,2026-10-04 00:16:27,2026-10-04 00:16:27,NORMAL,EARLY_CHANGE,BENIGN,0,0.99999785,True,BENIGN
RUN_129,2026-10-04 00:16:19,2026-10-04 00:16:28,2026-10-04 00:16:28,NORMAL,EARLY_CHANGE,BENIGN,0,0.9999974,True,BENIGN
RUN_129,2026-10-04 00:16:20,2026-10-04 00:16:29,2026-10-04 00:16:29,NORMAL,EARLY_CHANGE,BENIGN,0,0.999997,True,BENIGN
RUN_129,2026-10-04 00:16:21,2026-10-04 00:16:30,2026-10-04 00:16:30,NORMAL,ESCALATION,BENIGN,0,0.9999976,True,BENIGN
RUN_129,2026-10-04 00:16:22,2026-10-04 00:16:31,2026-10-04 00:16:31,NORMAL,ESCALATION,BENIGN,0,0.99999785,True,BENIGN
RUN_129,2026-10-04 00:16:23,2026-10-04 00:16:32,2026-10-04 00:16:32,NORMAL,ESCALATION,BENIGN,0,0.99999714,True,BENIGN
RUN_129,2026-10-04 00:16:24,2026-10-04 00:16:33,2026-10-04 00:16:33,NORMAL,ESCALATION,BENIGN,0,0.999998,True,BENIGN
RUN_129,2026-10-04 00:16:25,2026-10-04 00:16:34,2026-10-04 00:16:34,NORMAL,ESCALATION,BENIGN,0,0.99999714,True,BENIGN
RUN_129,2026-10-04 00:16:26,2026-10-04 00:16:35,2026-10-04 00:16:35,NORMAL,ESCALATION,BENIGN,0,0.9999976,True,BENIGN
RUN_129,2026-10-04 00:16:27,2026-10-04 00:16:36,2026-10-04 00:16:36,NORMAL,ESCALATION,BENIGN,0,0.99999785,True,BENIGN
RUN_129,2026-10-04 00:16:28,2026-10-04 00:16:37,2026-10-04 00:16:37,NORMAL,ESCALATION,BENIGN,0,0.9999976,True,BENIGN
RUN_129,2026-10-04 00:16:29,2026-10-04 00:16:38,2026-10-04 00:16:38,NORMAL,ESCALATION,BENIGN,0,0.9999964,True,BENIGN
RUN_129,2026-10-04 00:16:30,2026-10-04 00:16:39,2026-10-04 00:16:39,NORMAL,ESCALATION,BENIGN,0,0.9999962,True,BENIGN
RUN_129,2026-10-04 00:16:31,2026-10-04 00:16:40,2026-10-04 00:16:40,NORMAL,ESCALATION,BENIGN,0,0.9999957,True,BENIGN
RUN_129,2026-10-04 00:16:32,2026-10-04 00:16:41,2026-10-04 00:16:41,NORMAL,ESCALATION,BENIGN,0,0.9999975,True,BENIGN
RUN_129,2026-10-04 00:16:33,2026-10-04 00:16:42,2026-10-04 00:16:42,NORMAL,ESCALATION,BENIGN,0,0.9999975,True,BENIGN
RUN_129,2026-10-04 00:16:34,2026-10-04 00:16:43,2026-10-04 00:16:43,NORMAL,ESCALATION,BENIGN,0,0.99999654,True,BENIGN
RUN_129,2026-10-04 00:16:35,2026-10-04 00:16:44,2026-10-04 00:16:44,NORMAL,ESCALATION,BENIGN,0,0.99998903,True,BENIGN
RUN_129,2026-10-04 00:16:36,2026-10-04 00:16:45,2026-10-04 00:16:45,NORMAL,ESCALATION,BENIGN,0,0.99999666,True,BENIGN
RUN_129,2026-10-04 00:16:37,2026-10-04 00:16:46,2026-10-04 00:16:46,NORMAL,ESCALATION,BENIGN,0,0.9999958,True,BENIGN
RUN_129,2026-10-04 00:16:38,2026-10-04 00:16:47,2026-10-04 00:16:47,NORMAL,ESCALATION,BENIGN,0,0.9999974,True,BENIGN
RUN_129,2026-10-04 00:16:39,2026-10-04 00:16:48,2026-10-04 00:16:48,NORMAL,ESCALATION,BENIGN,0,0.99999785,True,BENIGN
RUN_129,2026-10-04 00:16:40,2026-10-04 00:16:49,2026-10-04 00:16:49,NORMAL,ESCALATION,BENIGN,0,0.9999976,True,BENIGN
RUN_129,2026-10-04 00:16:41,2026-10-04 00:16:50,2026-10-04 00:16:50,NORMAL,ESCALATION,BENIGN,0,0.99999547,True,BENIGN
RUN_129,2026-10-04 00:16:42,2026-10-04 00:16:51,2026-10-04 00:16:51,NORMAL,ESCALATION,BENIGN,0,0.999997,True,BENIGN
RUN_129,2026-10-04 00:16:43,2026-10-04 00:16:52,2026-10-04 00:16:52,NORMAL,ESCALATION,BENIGN,0,0.9999975,True,BENIGN
RUN_129,2026-10-04 00:16:44,2026-10-04 00:16:53,2026-10-04 00:16:53,NORMAL,ESCALATION,BENIGN,0,0.99999833,True,BENIGN
RUN_129,2026-10-04 00:16:45,2026-10-04 00:16:54,2026-10-04 00:16:54,NORMAL,ESCALATION,BENIGN,0,0.99999857,True,BENIGN
RUN_129,2026-10-04 00:16:46,2026-10-04 00:16:55,2026-10-04 00:16:55,NORMAL,ESCALATION,BENIGN,0,0.99999857,True,BENIGN
RUN_129,2026-10-04 00:16:47,2026-10-04 00:16:56,2026-10-04 00:16:56,NORMAL,ESCALATION,BENIGN,0,0.999998,True,BENIGN
RUN_129,2026-10-04 00:16:48,2026-10-04 00:16:57,2026-10-04 00:16:57,NORMAL,ESCALATION,BENIGN,0,0.99999833,True,BENIGN
RUN_129,2026-10-04 00:16:49,2026-10-04 00:16:58,2026-10-04 00:16:58,NORMAL,ESCALATION,BENIGN,0,0.999998,True,BENIGN
RUN_129,2026-10-04 00:16:50,2026-10-04 00:16:59,2026-10-04 00:16:59,NORMAL,ESCALATION,BENIGN,0,0.9999982,True,BENIGN
RUN_129,2026-10-04 00:16:51,2026-10-04 00:17:00,2026-10-04 00:17:00,NORMAL,SUSTAINED,BENIGN,0,0.99999857,True,BENIGN
RUN_129,2026-10-04 00:16:52,2026-10-04 00:17:01,2026-10-04 00:17:01,NORMAL,SUSTAINED,BENIGN,0,0.99999845,True,BENIGN
RUN_129,2026-10-04 00:16:53,2026-10-04 00:17:02,2026-10-04 00:17:02,NORMAL,SUSTAINED,BENIGN,0,0.99999833,True,BENIGN
RUN_129,2026-10-04 00:16:54,2026-10-04 00:17:03,2026-10-04 00:17:03,NORMAL,SUSTAINED,BENIGN,0,0.9999982,True,BENIGN
RUN_129,2026-10-04 00:16:55,2026-10-04 00:17:04,2026-10-04 00:17:04,NORMAL,SUSTAINED,BENIGN,0,0.9999982,True,BENIGN
RUN_129,2026-10-04 00:16:56,2026-10-04 00:17:05,2026-10-04 00:17:05,NORMAL,SUSTAINED,BENIGN,0,0.99999833,True,BENIGN
RUN_129,2026-10-04 00:16:57,2026-10-04 00:17:06,2026-10-04 00:17:06,NORMAL,SUSTAINED,BENIGN,0,0.99999833,True,BENIGN
RUN_129,2026-10-04 00:16:58,2026-10-04 00:17:07,2026-10-04 00:17:07,NORMAL,SUSTAINED,BENIGN,0,0.99999833,True,BENIGN
RUN_129,2026-10-04 00:16:59,2026-10-04 00:17:08,2026-10-04 00:17:08,NORMAL,SUSTAINED,BENIGN,0,0.99999833,True,BENIGN
RUN_129,2026-10-04 00:17:00,2026-10-04 00:17:09,2026-10-04 00:17:09,NORMAL,SUSTAINED,BENIGN,0,0.99999833,True,BENIGN
RUN_129,2026-10-04 00:17:01,2026-10-04 00:17:10,2026-10-04 00:17:10,NORMAL,SUSTAINED,BENIGN,0,0.99999833,True,BENIGN
RUN_129,2026-10-04 00:17:02,2026-10-04 00:17:11,2026-10-04 00:17:11,NORMAL,SUSTAINED,BENIGN,0,0.9999987,True,BENIGN
RUN_129,2026-10-04 00:17:03,2026-10-04 00:17:12,2026-10-04 00:17:12,NORMAL,SUSTAINED,BENIGN,0,0.9999988,True,BENIGN
RUN_129,2026-10-04 00:17:04,2026-10-04 00:17:13,2026-10-04 00:17:13,NORMAL,SUSTAINED,BENIGN,0,0.9999989,True,BENIGN
RUN_129,2026-10-04 00:17:05,2026-10-04 00:17:14,2026-10-04 00:17:14,NORMAL,SUSTAINED,BENIGN,0,0.9999989,True,BENIGN
RUN_129,2026-10-04 00:17:06,2026-10-04 00:17:15,2026-10-04 00:17:15,NORMAL,SUSTAINED,BENIGN,0,0.9999988,True,BENIGN
RUN_129,2026-10-04 00:17:07,2026-10-04 00:17:16,2026-10-04 00:17:16,NORMAL,SUSTAINED,BENIGN,0,0.99999857,True,BENIGN
RUN_129,2026-10-04 00:17:08,2026-10-04 00:17:17,2026-10-04 00:17:17,NORMAL,SUSTAINED,BENIGN,0,0.99999833,True,BENIGN
RUN_129,2026-10-04 00:17:09,2026-10-04 00:17:18,2026-10-04 00:17:18,NORMAL,SUSTAINED,BENIGN,0,0.99999833,True,BENIGN
RUN_129,2026-10-04 00:17:10,2026-10-04 00:17:19,2026-10-04 00:17:19,NORMAL,SUSTAINED,BENIGN,0,0.9999981,True,BENIGN
RUN_129,2026-10-04 00:17:11,2026-10-04 00:17:20,2026-10-04 00:17:20,NORMAL,SUSTAINED,BENIGN,0,0.999998,True,BENIGN
RUN_129,2026-10-04 00:17:12,2026-10-04 00:17:21,2026-10-04 00:17:21,NORMAL,SUSTAINED,BENIGN,0,0.9999975,True,BENIGN
RUN_129,2026-10-04 00:17:13,2026-10-04 00:17:22,2026-10-04 00:17:22,NORMAL,SUSTAINED,BENIGN,0,0.999997,True,BENIGN
RUN_129,2026-10-04 00:17:14,2026-10-04 00:17:23,2026-10-04 00:17:23,NORMAL,SUSTAINED,BENIGN,0,0.9999969,True,BENIGN
RUN_129,2026-10-04 00:17:15,2026-10-04 00:17:24,2026-10-04 00:17:24,NORMAL,SUSTAINED,BENIGN,0,0.9999969,True,BENIGN
RUN_129,2026-10-04 00:17:16,2026-10-04 00:17:25,2026-10-04 00:17:25,NORMAL,SUSTAINED,BENIGN,0,0.99999475,True,BENIGN
RUN_129,2026-10-04 00:17:17,2026-10-04 00:17:26,2026-10-04 00:17:26,NORMAL,SUSTAINED,BENIGN,0,0.99999785,True,BENIGN
RUN_129,2026-10-04 00:17:18,2026-10-04 00:17:27,2026-10-04 00:17:27,NORMAL,SUSTAINED,BENIGN,0,0.999998,True,BENIGN
RUN_129,2026-10-04 00:17:19,2026-10-04 00:17:28,2026-10-04 00:17:28,NORMAL,SUSTAINED,BENIGN,0,0.9999981,True,BENIGN
RUN_129,2026-10-04 00:17:20,2026-10-04 00:17:29,2026-10-04 00:17:29,NORMAL,SUSTAINED,BENIGN,0,0.9999938,True,BENIGN
RUN_129,2026-10-04 00:17:21,2026-10-04 00:17:30,2026-10-04 00:17:30,NORMAL,DECAY,BENIGN,0,0.9999901,True,BENIGN
RUN_129,2026-10-04 00:17:22,2026-10-04 00:17:31,2026-10-04 00:17:31,NORMAL,DECAY,BENIGN,0,0.9999637,True,BENIGN
RUN_129,2026-10-04 00:17:23,2026-10-04 00:17:32,2026-10-04 00:17:32,NORMAL,DECAY,BENIGN,0,0.9999956,True,BENIGN
RUN_129,2026-10-04 00:17:24,2026-10-04 00:17:33,2026-10-04 00:17:33,NORMAL,DECAY,BENIGN,0,0.9999944,True,BENIGN
RUN_129,2026-10-04 00:17:25,2026-10-04 00:17:34,2026-10-04 00:17:34,NORMAL,DECAY,BENIGN,0,0.99999774,True,BENIGN
RUN_129,2026-10-04 00:17:26,2026-10-04 00:17:35,2026-10-04 00:17:35,NORMAL,DECAY,BENIGN,0,0.99999833,True,BENIGN
RUN_129,2026-10-04 00:17:27,2026-10-04 00:17:36,2026-10-04 00:17:36,NORMAL,DECAY,BENIGN,0,0.9999976,True,BENIGN
RUN_129,2026-10-04 00:17:28,2026-10-04 00:17:37,2026-10-04 00:17:37,NORMAL,DECAY,BENIGN,0,0.9999949,True,BENIGN
RUN_129,2026-10-04 00:17:29,2026-10-04 00:17:38,2026-10-04 00:17:38,NORMAL,DECAY,BENIGN,0,0.9998753,True,BENIGN
RUN_129,2026-10-04 00:17:30,2026-10-04 00:17:39,2026-10-04 00:17:39,NORMAL,DECAY,BENIGN,0,0.9999968,True,BENIGN
RUN_129,2026-10-04 00:17:31,2026-10-04 00:17:40,2026-10-04 00:17:40,NORMAL,DECAY,BENIGN,0,0.99999774,True,BENIGN
RUN_129,2026-10-04 00:17:32,2026-10-04 00:17:41,2026-10-04 00:17:41,NORMAL,DECAY,BENIGN,0,0.99999785,True,BENIGN
RUN_129,2026-10-04 00:17:33,2026-10-04 00:17:42,2026-10-04 00:17:42,NORMAL,DECAY,BENIGN,0,0.99999833,True,BENIGN
RUN_129,2026-10-04 00:17:34,2026-10-04 00:17:43,2026-10-04 00:17:43,NORMAL,DECAY,BENIGN,0,0.9999976,True,BENIGN
RUN_129,2026-10-04 00:17:35,2026-10-04 00:17:44,2026-10-04 00:17:44,NORMAL,DECAY,BENIGN,0,0.9999974,True,BENIGN
RUN_129,2026-10-04 00:17:36,2026-10-04 00:17:45,2026-10-04 00:17:45,NORMAL,DECAY,BENIGN,0,0.9999976,True,BENIGN
RUN_129,2026-10-04 00:17:37,2026-10-04 00:17:46,2026-10-04 00:17:46,NORMAL,DECAY,BENIGN,0,0.9999975,True,BENIGN
RUN_129,2026-10-04 00:17:38,2026-10-04 00:17:47,2026-10-04 00:17:47,NORMAL,DECAY,BENIGN,0,0.99999785,True,BENIGN
RUN_129,2026-10-04 00:17:39,2026-10-04 00:17:48,2026-10-04 00:17:48,NORMAL,DECAY,BENIGN,0,0.9999982,True,BENIGN
RUN_129,2026-10-04 00:17:40,2026-10-04 00:17:49,2026-10-04 00:17:49,NORMAL,DECAY,BENIGN,0,0.9999981,True,BENIGN
RUN_129,2026-10-04 00:17:41,2026-10-04 00:17:50,2026-10-04 00:17:50,NORMAL,RECOVERY,BENIGN,0,0.9999975,True,BENIGN
RUN_129,2026-10-04 00:17:42,2026-10-04 00:17:51,2026-10-04 00:17:51,NORMAL,RECOVERY,BENIGN,0,0.9999982,True,BENIGN
RUN_129,2026-10-04 00:17:43,2026-10-04 00:17:52,2026-10-04 00:17:52,NORMAL,RECOVERY,BENIGN,0,0.99999845,True,BENIGN
RUN_129,2026-10-04 00:17:44,2026-10-04 00:17:53,2026-10-04 00:17:53,NORMAL,RECOVERY,BENIGN,0,0.9999987,True,BENIGN
RUN_129,2026-10-04 00:17:45,2026-10-04 00:17:54,2026-10-04 00:17:54,NORMAL,RECOVERY,BENIGN,0,0.9999987,True,BENIGN
RUN_129,2026-10-04 00:17:46,2026-10-04 00:17:55,2026-10-04 00:17:55,NORMAL,RECOVERY,BENIGN,0,0.99999857,True,BENIGN
RUN_129,2026-10-04 00:17:47,2026-10-04 00:17:56,2026-10-04 00:17:56,NORMAL,RECOVERY,BENIGN,0,0.99999857,True,BENIGN
RUN_129,2026-10-04 00:17:48,2026-10-04 00:17:57,2026-10-04 00:17:57,NORMAL,RECOVERY,BENIGN,0,0.99999857,True,BENIGN
RUN_129,2026-10-04 00:17:49,2026-10-04 00:17:58,2026-10-04 00:17:58,NORMAL,RECOVERY,BENIGN,0,0.99999857,True,BENIGN
RUN_129,2026-10-04 00:17:50,2026-10-04 00:17:59,2026-10-04 00:17:59,NORMAL,RECOVERY,BENIGN,0,0.99999857,True,BENIGN
RUN_132,2026-10-04 00:22:00,2026-10-04 00:22:09,2026-10-04 00:22:09,UDP_FLOOD,NORMAL,BENIGN,4,0.9999834,True,UDP_FLOOD
RUN_132,2026-10-04 00:22:01,2026-10-04 00:22:10,2026-10-04 00:22:10,UDP_FLOOD,NORMAL,BENIGN,4,0.9999837,True,UDP_FLOOD
RUN_132,2026-10-04 00:22:02,2026-10-04 00:22:11,2026-10-04 00:22:11,UDP_FLOOD,NORMAL,BENIGN,4,0.9999852,True,UDP_FLOOD
RUN_132,2026-10-04 00:22:03,2026-10-04 00:22:12,2026-10-04 00:22:12,UDP_FLOOD,NORMAL,BENIGN,4,0.9999857,True,UDP_FLOOD
RUN_132,2026-10-04 00:22:04,2026-10-04 00:22:13,2026-10-04 00:22:13,UDP_FLOOD,NORMAL,BENIGN,4,0.99998534,True,UDP_FLOOD
RUN_132,2026-10-04 00:22:05,2026-10-04 00:22:14,2026-10-04 00:22:14,UDP_FLOOD,NORMAL,BENIGN,4,0.9999857,True,UDP_FLOOD
RUN_132,2026-10-04 00:22:06,2026-10-04 00:22:15,2026-10-04 00:22:15,UDP_FLOOD,NORMAL,BENIGN,4,0.9999856,True,UDP_FLOOD
RUN_132,2026-10-04 00:22:07,2026-10-04 00:22:16,2026-10-04 00:22:16,UDP_FLOOD,NORMAL,BENIGN,4,0.9999863,True,UDP_FLOOD
RUN_132,2026-10-04 00:22:08,2026-10-04 00:22:17,2026-10-04 00:22:17,UDP_FLOOD,NORMAL,BENIGN,4,0.9999864,True,UDP_FLOOD
RUN_132,2026-10-04 00:22:09,2026-10-04 00:22:18,2026-10-04 00:22:18,UDP_FLOOD,NORMAL,BENIGN,4,0.9999869,True,UDP_FLOOD
RUN_132,2026-10-04 00:22:10,2026-10-04 00:22:19,2026-10-04 00:22:19,UDP_FLOOD,NORMAL,BENIGN,4,0.99998677,True,UDP_FLOOD
RUN_132,2026-10-04 00:22:11,2026-10-04 00:22:20,2026-10-04 00:22:20,UDP_FLOOD,EARLY_CHANGE,BENIGN,4,0.9999869,True,UDP_FLOOD
RUN_132,2026-10-04 00:22:12,2026-10-04 00:22:21,2026-10-04 00:22:21,UDP_FLOOD,EARLY_CHANGE,BENIGN,4,0.9999869,True,UDP_FLOOD
RUN_132,2026-10-04 00:22:13,2026-10-04 00:22:22,2026-10-04 00:22:22,UDP_FLOOD,EARLY_CHANGE,BENIGN,4,0.9999871,True,UDP_FLOOD
RUN_132,2026-10-04 00:22:14,2026-10-04 00:22:23,2026-10-04 00:22:23,UDP_FLOOD,EARLY_CHANGE,BENIGN,4,0.9999862,True,UDP_FLOOD
RUN_132,2026-10-04 00:22:15,2026-10-04 00:22:24,2026-10-04 00:22:24,UDP_FLOOD,EARLY_CHANGE,BENIGN,4,0.9999865,True,UDP_FLOOD
RUN_132,2026-10-04 00:22:16,2026-10-04 00:22:25,2026-10-04 00:22:25,UDP_FLOOD,EARLY_CHANGE,BENIGN,4,0.99998397,True,UDP_FLOOD
RUN_132,2026-10-04 00:22:17,2026-10-04 00:22:26,2026-10-04 00:22:26,UDP_FLOOD,EARLY_CHANGE,BENIGN,4,0.99998456,True,UDP_FLOOD
RUN_132,2026-10-04 00:22:18,2026-10-04 00:22:27,2026-10-04 00:22:27,UDP_FLOOD,EARLY_CHANGE,BENIGN,4,0.99998397,True,UDP_FLOOD
RUN_132,2026-10-04 00:22:19,2026-10-04 00:22:28,2026-10-04 00:22:28,UDP_FLOOD,EARLY_CHANGE,BENIGN,4,0.9999834,True,UDP_FLOOD
RUN_132,2026-10-04 00:22:20,2026-10-04 00:22:29,2026-10-04 00:22:29,UDP_FLOOD,EARLY_CHANGE,BENIGN,4,0.99998385,True,UDP_FLOOD
RUN_132,2026-10-04 00:22:21,2026-10-04 00:22:30,2026-10-04 00:22:30,UDP_FLOOD,ESCALATION,BENIGN,4,0.9999829,True,UDP_FLOOD
RUN_132,2026-10-04 00:22:22,2026-10-04 00:22:31,2026-10-04 00:22:31,UDP_FLOOD,ESCALATION,BENIGN,4,0.9999803,True,UDP_FLOOD
RUN_132,2026-10-04 00:22:23,2026-10-04 00:22:32,2026-10-04 00:22:32,UDP_FLOOD,ESCALATION,BENIGN,4,0.9999834,True,UDP_FLOOD
RUN_132,2026-10-04 00:22:24,2026-10-04 00:22:33,2026-10-04 00:22:33,UDP_FLOOD,ESCALATION,BENIGN,4,0.99998486,True,UDP_FLOOD
RUN_132,2026-10-04 00:22:25,2026-10-04 00:22:34,2026-10-04 00:22:34,UDP_FLOOD,ESCALATION,BENIGN,4,0.9999865,True,UDP_FLOOD
RUN_132,2026-10-04 00:22:26,2026-10-04 00:22:35,2026-10-04 00:22:35,UDP_FLOOD,ESCALATION,UDP_FLOOD,4,0.9999869,True,UDP_FLOOD
RUN_132,2026-10-04 00:22:27,2026-10-04 00:22:36,2026-10-04 00:22:36,UDP_FLOOD,ESCALATION,UDP_FLOOD,4,0.99998605,True,UDP_FLOOD
RUN_132,2026-10-04 00:22:28,2026-10-04 00:22:37,2026-10-04 00:22:37,UDP_FLOOD,ESCALATION,UDP_FLOOD,4,0.9999847,True,UDP_FLOOD
RUN_132,2026-10-04 00:22:29,2026-10-04 00:22:38,2026-10-04 00:22:38,UDP_FLOOD,ESCALATION,UDP_FLOOD,4,0.999975,True,UDP_FLOOD
RUN_132,2026-10-04 00:22:30,2026-10-04 00:22:39,2026-10-04 00:22:39,UDP_FLOOD,ESCALATION,BENIGN,4,0.99998486,True,UDP_FLOOD
RUN_132,2026-10-04 00:22:31,2026-10-04 00:22:40,2026-10-04 00:22:40,UDP_FLOOD,ESCALATION,BENIGN,4,0.9999843,True,UDP_FLOOD
RUN_132,2026-10-04 00:22:32,2026-10-04 00:22:41,2026-10-04 00:22:41,UDP_FLOOD,ESCALATION,BENIGN,4,0.99998534,True,UDP_FLOOD
RUN_132,2026-10-04 00:22:33,2026-10-04 00:22:42,2026-10-04 00:22:42,UDP_FLOOD,ESCALATION,BENIGN,4,0.9999836,True,UDP_FLOOD
RUN_132,2026-10-04 00:22:34,2026-10-04 00:22:43,2026-10-04 00:22:43,UDP_FLOOD,ESCALATION,BENIGN,4,0.9999822,True,UDP_FLOOD
RUN_132,2026-10-04 00:22:35,2026-10-04 00:22:44,2026-10-04 00:22:44,UDP_FLOOD,ESCALATION,BENIGN,4,0.99998724,True,UDP_FLOOD
RUN_132,2026-10-04 00:22:36,2026-10-04 00:22:45,2026-10-04 00:22:45,UDP_FLOOD,ESCALATION,BENIGN,4,0.9999864,True,UDP_FLOOD
RUN_132,2026-10-04 00:22:37,2026-10-04 00:22:46,2026-10-04 00:22:46,UDP_FLOOD,ESCALATION,BENIGN,4,0.9999865,True,UDP_FLOOD
RUN_132,2026-10-04 00:22:38,2026-10-04 00:22:47,2026-10-04 00:22:47,UDP_FLOOD,ESCALATION,BENIGN,4,0.99998534,True,UDP_FLOOD
RUN_132,2026-10-04 00:22:39,2026-10-04 00:22:48,2026-10-04 00:22:48,UDP_FLOOD,ESCALATION,BENIGN,4,0.99998397,True,UDP_FLOOD
RUN_132,2026-10-04 00:22:40,2026-10-04 00:22:49,2026-10-04 00:22:49,UDP_FLOOD,ESCALATION,BENIGN,4,0.99998677,True,UDP_FLOOD
RUN_132,2026-10-04 00:22:41,2026-10-04 00:22:50,2026-10-04 00:22:50,UDP_FLOOD,ESCALATION,BENIGN,4,0.9999871,True,UDP_FLOOD
RUN_132,2026-10-04 00:22:42,2026-10-04 00:22:51,2026-10-04 00:22:51,UDP_FLOOD,ESCALATION,BENIGN,4,0.9999881,True,UDP_FLOOD
RUN_132,2026-10-04 00:22:43,2026-10-04 00:22:52,2026-10-04 00:22:52,UDP_FLOOD,ESCALATION,BENIGN,4,0.99998784,True,UDP_FLOOD
RUN_132,2026-10-04 00:22:44,2026-10-04 00:22:53,2026-10-04 00:22:53,UDP_FLOOD,ESCALATION,BENIGN,4,0.9999871,True,UDP_FLOOD
RUN_132,2026-10-04 00:22:45,2026-10-04 00:22:54,2026-10-04 00:22:54,UDP_FLOOD,ESCALATION,BENIGN,4,0.9999865,True,UDP_FLOOD
RUN_132,2026-10-04 00:22:46,2026-10-04 00:22:55,2026-10-04 00:22:55,UDP_FLOOD,ESCALATION,BENIGN,4,0.99998975,True,UDP_FLOOD
RUN_132,2026-10-04 00:22:47,2026-10-04 00:22:56,2026-10-04 00:22:56,UDP_FLOOD,ESCALATION,BENIGN,4,0.9999893,True,UDP_FLOOD
RUN_132,2026-10-04 00:22:48,2026-10-04 00:22:57,2026-10-04 00:22:57,UDP_FLOOD,ESCALATION,BENIGN,4,0.99998987,True,UDP_FLOOD
RUN_132,2026-10-04 00:22:49,2026-10-04 00:22:58,2026-10-04 00:22:58,UDP_FLOOD,ESCALATION,BENIGN,4,0.99998987,True,UDP_FLOOD
RUN_132,2026-10-04 00:22:50,2026-10-04 00:22:59,2026-10-04 00:22:59,UDP_FLOOD,ESCALATION,BENIGN,4,0.9999894,True,UDP_FLOOD
RUN_132,2026-10-04 00:22:51,2026-10-04 00:23:00,2026-10-04 00:23:00,UDP_FLOOD,SUSTAINED,BENIGN,4,0.9999902,True,UDP_FLOOD
RUN_132,2026-10-04 00:22:52,2026-10-04 00:23:01,2026-10-04 00:23:01,UDP_FLOOD,SUSTAINED,BENIGN,4,0.99999046,True,UDP_FLOOD
RUN_132,2026-10-04 00:22:53,2026-10-04 00:23:02,2026-10-04 00:23:02,UDP_FLOOD,SUSTAINED,BENIGN,4,0.99998975,True,UDP_FLOOD
RUN_132,2026-10-04 00:22:54,2026-10-04 00:23:03,2026-10-04 00:23:03,UDP_FLOOD,SUSTAINED,BENIGN,4,0.99998987,True,UDP_FLOOD
RUN_132,2026-10-04 00:22:55,2026-10-04 00:23:04,2026-10-04 00:23:04,UDP_FLOOD,SUSTAINED,UDP_FLOOD,4,0.9999857,True,UDP_FLOOD
RUN_132,2026-10-04 00:22:56,2026-10-04 00:23:05,2026-10-04 00:23:05,UDP_FLOOD,SUSTAINED,BENIGN,4,0.99998903,True,UDP_FLOOD
RUN_132,2026-10-04 00:22:57,2026-10-04 00:23:06,2026-10-04 00:23:06,UDP_FLOOD,SUSTAINED,BENIGN,4,0.9999887,True,UDP_FLOOD
RUN_132,2026-10-04 00:22:58,2026-10-04 00:23:07,2026-10-04 00:23:07,UDP_FLOOD,SUSTAINED,BENIGN,4,0.9999887,True,UDP_FLOOD
RUN_132,2026-10-04 00:22:59,2026-10-04 00:23:08,2026-10-04 00:23:08,UDP_FLOOD,SUSTAINED,UDP_FLOOD,4,0.9999883,True,UDP_FLOOD
RUN_132,2026-10-04 00:23:00,2026-10-04 00:23:09,2026-10-04 00:23:09,UDP_FLOOD,SUSTAINED,BENIGN,4,0.99998915,True,UDP_FLOOD
RUN_132,2026-10-04 00:23:01,2026-10-04 00:23:10,2026-10-04 00:23:10,UDP_FLOOD,SUSTAINED,BENIGN,4,0.9999877,True,UDP_FLOOD
RUN_132,2026-10-04 00:23:02,2026-10-04 00:23:11,2026-10-04 00:23:11,UDP_FLOOD,SUSTAINED,BENIGN,4,0.99999034,True,UDP_FLOOD
RUN_132,2026-10-04 00:23:03,2026-10-04 00:23:12,2026-10-04 00:23:12,UDP_FLOOD,SUSTAINED,BENIGN,4,0.9999901,True,UDP_FLOOD
RUN_132,2026-10-04 00:23:04,2026-10-04 00:23:13,2026-10-04 00:23:13,UDP_FLOOD,SUSTAINED,BENIGN,4,0.9999881,True,UDP_FLOOD
RUN_132,2026-10-04 00:23:05,2026-10-04 00:23:14,2026-10-04 00:23:14,UDP_FLOOD,SUSTAINED,UDP_FLOOD,4,0.99999034,True,UDP_FLOOD
RUN_132,2026-10-04 00:23:06,2026-10-04 00:23:15,2026-10-04 00:23:15,UDP_FLOOD,SUSTAINED,UDP_FLOOD,4,0.9999902,True,UDP_FLOOD
RUN_132,2026-10-04 00:23:07,2026-10-04 00:23:16,2026-10-04 00:23:16,UDP_FLOOD,SUSTAINED,UDP_FLOOD,4,0.9999907,True,UDP_FLOOD
RUN_132,2026-10-04 00:23:08,2026-10-04 00:23:17,2026-10-04 00:23:17,UDP_FLOOD,SUSTAINED,UDP_FLOOD,4,0.9999908,True,UDP_FLOOD
RUN_132,2026-10-04 00:23:09,2026-10-04 00:23:18,2026-10-04 00:23:18,UDP_FLOOD,SUSTAINED,UDP_FLOOD,4,0.9999908,True,UDP_FLOOD
RUN_132,2026-10-04 00:23:10,2026-10-04 00:23:19,2026-10-04 00:23:19,UDP_FLOOD,SUSTAINED,UDP_FLOOD,4,0.99999046,True,UDP_FLOOD
RUN_132,2026-10-04 00:23:11,2026-10-04 00:23:20,2026-10-04 00:23:20,UDP_FLOOD,SUSTAINED,UDP_FLOOD,4,0.9999906,True,UDP_FLOOD
RUN_132,2026-10-04 00:23:12,2026-10-04 00:23:21,2026-10-04 00:23:21,UDP_FLOOD,SUSTAINED,BENIGN,4,0.99998474,True,UDP_FLOOD
RUN_132,2026-10-04 00:23:13,2026-10-04 00:23:22,2026-10-04 00:23:22,UDP_FLOOD,SUSTAINED,BENIGN,4,0.99998987,True,UDP_FLOOD
RUN_132,2026-10-04 00:23:14,2026-10-04 00:23:23,2026-10-04 00:23:23,UDP_FLOOD,SUSTAINED,BENIGN,4,0.9999889,True,UDP_FLOOD
RUN_132,2026-10-04 00:23:15,2026-10-04 00:23:24,2026-10-04 00:23:24,UDP_FLOOD,SUSTAINED,BENIGN,4,0.9999895,True,UDP_FLOOD
RUN_132,2026-10-04 00:23:16,2026-10-04 00:23:25,2026-10-04 00:23:25,UDP_FLOOD,SUSTAINED,BENIGN,4,0.9999902,True,UDP_FLOOD
RUN_132,2026-10-04 00:23:17,2026-10-04 00:23:26,2026-10-04 00:23:26,UDP_FLOOD,SUSTAINED,UDP_FLOOD,4,0.9999907,True,UDP_FLOOD
RUN_132,2026-10-04 00:23:18,2026-10-04 00:23:27,2026-10-04 00:23:27,UDP_FLOOD,SUSTAINED,UDP_FLOOD,4,0.9999902,True,UDP_FLOOD
RUN_132,2026-10-04 00:23:19,2026-10-04 00:23:28,2026-10-04 00:23:28,UDP_FLOOD,SUSTAINED,UDP_FLOOD,4,0.99999034,True,UDP_FLOOD
RUN_132,2026-10-04 00:23:20,2026-10-04 00:23:29,2026-10-04 00:23:29,UDP_FLOOD,SUSTAINED,BENIGN,4,0.9999902,True,UDP_FLOOD
RUN_132,2026-10-04 00:23:21,2026-10-04 00:23:30,2026-10-04 00:23:30,UDP_FLOOD,DECAY,BENIGN,4,0.99999,True,UDP_FLOOD
RUN_132,2026-10-04 00:23:22,2026-10-04 00:23:31,2026-10-04 00:23:31,UDP_FLOOD,DECAY,BENIGN,4,0.99998987,True,UDP_FLOOD
RUN_132,2026-10-04 00:23:23,2026-10-04 00:23:32,2026-10-04 00:23:32,UDP_FLOOD,DECAY,BENIGN,4,0.9999896,True,UDP_FLOOD
RUN_132,2026-10-04 00:23:24,2026-10-04 00:23:33,2026-10-04 00:23:33,UDP_FLOOD,DECAY,UDP_FLOOD,4,0.9999901,True,UDP_FLOOD
RUN_132,2026-10-04 00:23:25,2026-10-04 00:23:34,2026-10-04 00:23:34,UDP_FLOOD,DECAY,UDP_FLOOD,4,0.99999046,True,UDP_FLOOD
RUN_132,2026-10-04 00:23:26,2026-10-04 00:23:35,2026-10-04 00:23:35,UDP_FLOOD,DECAY,UDP_FLOOD,4,0.9999908,True,UDP_FLOOD
RUN_132,2026-10-04 00:23:27,2026-10-04 00:23:36,2026-10-04 00:23:36,UDP_FLOOD,DECAY,UDP_FLOOD,4,0.9999907,True,UDP_FLOOD
RUN_132,2026-10-04 00:23:28,2026-10-04 00:23:37,2026-10-04 00:23:37,UDP_FLOOD,DECAY,UDP_FLOOD,4,0.9999896,True,UDP_FLOOD
RUN_132,2026-10-04 00:23:29,2026-10-04 00:23:38,2026-10-04 00:23:38,UDP_FLOOD,DECAY,UDP_FLOOD,4,0.9999888,True,UDP_FLOOD
RUN_132,2026-10-04 00:23:30,2026-10-04 00:23:39,2026-10-04 00:23:39,UDP_FLOOD,DECAY,UDP_FLOOD,4,0.99998784,True,UDP_FLOOD
RUN_132,2026-10-04 00:23:31,2026-10-04 00:23:40,2026-10-04 00:23:40,UDP_FLOOD,DECAY,UDP_FLOOD,4,0.99998665,True,UDP_FLOOD
RUN_132,2026-10-04 00:23:32,2026-10-04 00:23:41,2026-10-04 00:23:41,UDP_FLOOD,DECAY,UDP_FLOOD,4,0.99998546,True,UDP_FLOOD
RUN_132,2026-10-04 00:23:33,2026-10-04 00:23:42,2026-10-04 00:23:42,UDP_FLOOD,DECAY,UDP_FLOOD,4,0.9999811,True,UDP_FLOOD
RUN_132,2026-10-04 00:23:34,2026-10-04 00:23:43,2026-10-04 00:23:43,UDP_FLOOD,DECAY,UDP_FLOOD,4,0.9999643,True,UDP_FLOOD
RUN_132,2026-10-04 00:23:35,2026-10-04 00:23:44,2026-10-04 00:23:44,UDP_FLOOD,DECAY,UDP_FLOOD,4,0.9999569,True,UDP_FLOOD
RUN_132,2026-10-04 00:23:36,2026-10-04 00:23:45,2026-10-04 00:23:45,UDP_FLOOD,DECAY,UDP_FLOOD,4,0.9998936,True,UDP_FLOOD
RUN_132,2026-10-04 00:23:37,2026-10-04 00:23:46,2026-10-04 00:23:46,UDP_FLOOD,DECAY,UDP_FLOOD,4,0.9998926,True,UDP_FLOOD
RUN_132,2026-10-04 00:23:38,2026-10-04 00:23:47,2026-10-04 00:23:47,UDP_FLOOD,DECAY,BENIGN,4,0.9999242,True,UDP_FLOOD
RUN_132,2026-10-04 00:23:39,2026-10-04 00:23:48,2026-10-04 00:23:48,UDP_FLOOD,DECAY,BENIGN,4,0.99997693,True,UDP_FLOOD
RUN_132,2026-10-04 00:23:40,2026-10-04 00:23:49,2026-10-04 00:23:49,UDP_FLOOD,DECAY,BENIGN,4,0.9999688,True,UDP_FLOOD
RUN_132,2026-10-04 00:23:41,2026-10-04 00:23:50,2026-10-04 00:23:50,UDP_FLOOD,RECOVERY,BENIGN,4,0.9999756,True,UDP_FLOOD
RUN_132,2026-10-04 00:23:42,2026-10-04 00:23:51,2026-10-04 00:23:51,UDP_FLOOD,RECOVERY,BENIGN,4,0.9999805,True,UDP_FLOOD
RUN_132,2026-10-04 00:23:43,2026-10-04 00:23:52,2026-10-04 00:23:52,UDP_FLOOD,RECOVERY,BENIGN,4,0.99998254,True,UDP_FLOOD
RUN_132,2026-10-04 00:23:44,2026-10-04 00:23:53,2026-10-04 00:23:53,UDP_FLOOD,RECOVERY,BENIGN,4,0.9999852,True,UDP_FLOOD
RUN_132,2026-10-04 00:23:45,2026-10-04 00:23:54,2026-10-04 00:23:54,UDP_FLOOD,RECOVERY,BENIGN,4,0.99998474,True,UDP_FLOOD
RUN_132,2026-10-04 00:23:46,2026-10-04 00:23:55,2026-10-04 00:23:55,UDP_FLOOD,RECOVERY,BENIGN,4,0.99998474,True,UDP_FLOOD
RUN_132,2026-10-04 00:23:47,2026-10-04 00:23:56,2026-10-04 00:23:56,UDP_FLOOD,RECOVERY,BENIGN,4,0.9999843,True,UDP_FLOOD
RUN_132,2026-10-04 00:23:48,2026-10-04 00:23:57,2026-10-04 00:23:57,UDP_FLOOD,RECOVERY,BENIGN,4,0.99998444,True,UDP_FLOOD
RUN_132,2026-10-04 00:23:49,2026-10-04 00:23:58,2026-10-04 00:23:58,UDP_FLOOD,RECOVERY,BENIGN,4,0.9999837,True,UDP_FLOOD
RUN_132,2026-10-04 00:23:50,2026-10-04 00:23:59,2026-10-04 00:23:59,UDP_FLOOD,RECOVERY,BENIGN,4,0.9999837,True,UDP_FLOOD
RUN_133,2026-10-04 00:24:00,2026-10-04 00:24:09,2026-10-04 00:24:09,NORMAL,NORMAL,BENIGN,0,0.9999975,True,BENIGN
RUN_133,2026-10-04 00:24:01,2026-10-04 00:24:10,2026-10-04 00:24:10,NORMAL,NORMAL,BENIGN,0,0.9999956,True,BENIGN
RUN_133,2026-10-04 00:24:02,2026-10-04 00:24:11,2026-10-04 00:24:11,NORMAL,NORMAL,BENIGN,0,0.99999785,True,BENIGN
RUN_133,2026-10-04 00:24:03,2026-10-04 00:24:12,2026-10-04 00:24:12,NORMAL,NORMAL,BENIGN,0,0.9999975,True,BENIGN
RUN_133,2026-10-04 00:24:04,2026-10-04 00:24:13,2026-10-04 00:24:13,NORMAL,NORMAL,BENIGN,0,0.9999976,True,BENIGN
RUN_133,2026-10-04 00:24:05,2026-10-04 00:24:14,2026-10-04 00:24:14,NORMAL,NORMAL,BENIGN,0,0.99999785,True,BENIGN
RUN_133,2026-10-04 00:24:06,2026-10-04 00:24:15,2026-10-04 00:24:15,NORMAL,NORMAL,BENIGN,0,0.9999937,True,BENIGN
RUN_133,2026-10-04 00:24:07,2026-10-04 00:24:16,2026-10-04 00:24:16,NORMAL,NORMAL,BENIGN,0,0.9999944,True,BENIGN
RUN_133,2026-10-04 00:24:08,2026-10-04 00:24:17,2026-10-04 00:24:17,NORMAL,NORMAL,BENIGN,0,0.9999962,True,BENIGN
RUN_133,2026-10-04 00:24:09,2026-10-04 00:24:18,2026-10-04 00:24:18,NORMAL,NORMAL,BENIGN,0,0.9999968,True,BENIGN
RUN_133,2026-10-04 00:24:10,2026-10-04 00:24:19,2026-10-04 00:24:19,NORMAL,NORMAL,BENIGN,0,0.99999726,True,BENIGN
RUN_133,2026-10-04 00:24:11,2026-10-04 00:24:20,2026-10-04 00:24:20,NORMAL,EARLY_CHANGE,BENIGN,0,0.999998,True,BENIGN
RUN_133,2026-10-04 00:24:12,2026-10-04 00:24:21,2026-10-04 00:24:21,NORMAL,EARLY_CHANGE,BENIGN,0,0.99999785,True,BENIGN
RUN_133,2026-10-04 00:24:13,2026-10-04 00:24:22,2026-10-04 00:24:22,NORMAL,EARLY_CHANGE,BENIGN,0,0.99999845,True,BENIGN
RUN_133,2026-10-04 00:24:14,2026-10-04 00:24:23,2026-10-04 00:24:23,NORMAL,EARLY_CHANGE,BENIGN,0,0.99999857,True,BENIGN
RUN_133,2026-10-04 00:24:15,2026-10-04 00:24:24,2026-10-04 00:24:24,NORMAL,EARLY_CHANGE,BENIGN,0,0.99999857,True,BENIGN
RUN_133,2026-10-04 00:24:16,2026-10-04 00:24:25,2026-10-04 00:24:25,NORMAL,EARLY_CHANGE,BENIGN,0,0.99999857,True,BENIGN
RUN_133,2026-10-04 00:24:17,2026-10-04 00:24:26,2026-10-04 00:24:26,NORMAL,EARLY_CHANGE,BENIGN,0,0.99999857,True,BENIGN
RUN_133,2026-10-04 00:24:18,2026-10-04 00:24:27,2026-10-04 00:24:27,NORMAL,EARLY_CHANGE,BENIGN,0,0.99999833,True,BENIGN
RUN_133,2026-10-04 00:24:19,2026-10-04 00:24:28,2026-10-04 00:24:28,NORMAL,EARLY_CHANGE,BENIGN,0,0.9999987,True,BENIGN
RUN_133,2026-10-04 00:24:20,2026-10-04 00:24:29,2026-10-04 00:24:29,NORMAL,EARLY_CHANGE,BENIGN,0,0.99999857,True,BENIGN
RUN_133,2026-10-04 00:24:21,2026-10-04 00:24:30,2026-10-04 00:24:30,NORMAL,ESCALATION,BENIGN,0,0.9999987,True,BENIGN
RUN_133,2026-10-04 00:24:22,2026-10-04 00:24:31,2026-10-04 00:24:31,NORMAL,ESCALATION,BENIGN,0,0.9999987,True,BENIGN
RUN_133,2026-10-04 00:24:23,2026-10-04 00:24:32,2026-10-04 00:24:32,NORMAL,ESCALATION,BENIGN,0,0.9999988,True,BENIGN
RUN_133,2026-10-04 00:24:24,2026-10-04 00:24:33,2026-10-04 00:24:33,NORMAL,ESCALATION,BENIGN,0,0.99999857,True,BENIGN
RUN_133,2026-10-04 00:24:25,2026-10-04 00:24:34,2026-10-04 00:24:34,NORMAL,ESCALATION,BENIGN,0,0.99999857,True,BENIGN
RUN_133,2026-10-04 00:24:26,2026-10-04 00:24:35,2026-10-04 00:24:35,NORMAL,ESCALATION,BENIGN,0,0.99999833,True,BENIGN
RUN_133,2026-10-04 00:24:27,2026-10-04 00:24:36,2026-10-04 00:24:36,NORMAL,ESCALATION,BENIGN,0,0.99999774,True,BENIGN
RUN_133,2026-10-04 00:24:28,2026-10-04 00:24:37,2026-10-04 00:24:37,NORMAL,ESCALATION,BENIGN,0,0.9999969,True,BENIGN
RUN_133,2026-10-04 00:24:29,2026-10-04 00:24:38,2026-10-04 00:24:38,NORMAL,ESCALATION,BENIGN,0,0.9999969,True,BENIGN
RUN_133,2026-10-04 00:24:30,2026-10-04 00:24:39,2026-10-04 00:24:39,NORMAL,ESCALATION,BENIGN,0,0.9999958,True,BENIGN
RUN_133,2026-10-04 00:24:31,2026-10-04 00:24:40,2026-10-04 00:24:40,NORMAL,ESCALATION,BENIGN,0,0.9999974,True,BENIGN
RUN_133,2026-10-04 00:24:32,2026-10-04 00:24:41,2026-10-04 00:24:41,NORMAL,ESCALATION,BENIGN,0,0.9999982,True,BENIGN
RUN_133,2026-10-04 00:24:33,2026-10-04 00:24:42,2026-10-04 00:24:42,NORMAL,ESCALATION,BENIGN,0,0.99999654,True,BENIGN
RUN_133,2026-10-04 00:24:34,2026-10-04 00:24:43,2026-10-04 00:24:43,NORMAL,ESCALATION,BENIGN,0,0.9999944,True,BENIGN
RUN_133,2026-10-04 00:24:35,2026-10-04 00:24:44,2026-10-04 00:24:44,NORMAL,ESCALATION,BENIGN,0,0.9999882,True,BENIGN
RUN_133,2026-10-04 00:24:36,2026-10-04 00:24:45,2026-10-04 00:24:45,NORMAL,ESCALATION,BENIGN,0,0.9999957,True,BENIGN
RUN_133,2026-10-04 00:24:37,2026-10-04 00:24:46,2026-10-04 00:24:46,NORMAL,ESCALATION,BENIGN,0,0.9999969,True,BENIGN
RUN_133,2026-10-04 00:24:38,2026-10-04 00:24:47,2026-10-04 00:24:47,NORMAL,ESCALATION,BENIGN,0,0.9999976,True,BENIGN
RUN_133,2026-10-04 00:24:39,2026-10-04 00:24:48,2026-10-04 00:24:48,NORMAL,ESCALATION,BENIGN,0,0.99999785,True,BENIGN
RUN_133,2026-10-04 00:24:40,2026-10-04 00:24:49,2026-10-04 00:24:49,NORMAL,ESCALATION,BENIGN,0,0.99999785,True,BENIGN
RUN_133,2026-10-04 00:24:41,2026-10-04 00:24:50,2026-10-04 00:24:50,NORMAL,ESCALATION,BENIGN,0,0.999998,True,BENIGN
RUN_133,2026-10-04 00:24:42,2026-10-04 00:24:51,2026-10-04 00:24:51,NORMAL,ESCALATION,BENIGN,0,0.99999833,True,BENIGN
RUN_133,2026-10-04 00:24:43,2026-10-04 00:24:52,2026-10-04 00:24:52,NORMAL,ESCALATION,BENIGN,0,0.9999987,True,BENIGN
RUN_133,2026-10-04 00:24:44,2026-10-04 00:24:53,2026-10-04 00:24:53,NORMAL,ESCALATION,BENIGN,0,0.9999988,True,BENIGN
RUN_133,2026-10-04 00:24:45,2026-10-04 00:24:54,2026-10-04 00:24:54,NORMAL,ESCALATION,BENIGN,0,0.9999988,True,BENIGN
RUN_133,2026-10-04 00:24:46,2026-10-04 00:24:55,2026-10-04 00:24:55,NORMAL,ESCALATION,BENIGN,0,0.9999988,True,BENIGN
RUN_133,2026-10-04 00:24:47,2026-10-04 00:24:56,2026-10-04 00:24:56,NORMAL,ESCALATION,BENIGN,0,0.9999988,True,BENIGN
RUN_133,2026-10-04 00:24:48,2026-10-04 00:24:57,2026-10-04 00:24:57,NORMAL,ESCALATION,BENIGN,0,0.9999987,True,BENIGN
RUN_133,2026-10-04 00:24:49,2026-10-04 00:24:58,2026-10-04 00:24:58,NORMAL,ESCALATION,BENIGN,0,0.99999857,True,BENIGN
RUN_133,2026-10-04 00:24:50,2026-10-04 00:24:59,2026-10-04 00:24:59,NORMAL,ESCALATION,BENIGN,0,0.99999857,True,BENIGN
RUN_133,2026-10-04 00:24:51,2026-10-04 00:25:00,2026-10-04 00:25:00,NORMAL,SUSTAINED,BENIGN,0,0.9999987,True,BENIGN
RUN_133,2026-10-04 00:24:52,2026-10-04 00:25:01,2026-10-04 00:25:01,NORMAL,SUSTAINED,BENIGN,0,0.9999988,True,BENIGN
RUN_133,2026-10-04 00:24:53,2026-10-04 00:25:02,2026-10-04 00:25:02,NORMAL,SUSTAINED,BENIGN,0,0.9999987,True,BENIGN
RUN_133,2026-10-04 00:24:54,2026-10-04 00:25:03,2026-10-04 00:25:03,NORMAL,SUSTAINED,BENIGN,0,0.99999857,True,BENIGN
RUN_133,2026-10-04 00:24:55,2026-10-04 00:25:04,2026-10-04 00:25:04,NORMAL,SUSTAINED,BENIGN,0,0.99999833,True,BENIGN
RUN_133,2026-10-04 00:24:56,2026-10-04 00:25:05,2026-10-04 00:25:05,NORMAL,SUSTAINED,BENIGN,0,0.99999833,True,BENIGN
RUN_133,2026-10-04 00:24:57,2026-10-04 00:25:06,2026-10-04 00:25:06,NORMAL,SUSTAINED,BENIGN,0,0.99999857,True,BENIGN
RUN_133,2026-10-04 00:24:58,2026-10-04 00:25:07,2026-10-04 00:25:07,NORMAL,SUSTAINED,BENIGN,0,0.9999987,True,BENIGN
RUN_133,2026-10-04 00:24:59,2026-10-04 00:25:08,2026-10-04 00:25:08,NORMAL,SUSTAINED,BENIGN,0,0.9999987,True,BENIGN
RUN_133,2026-10-04 00:25:00,2026-10-04 00:25:09,2026-10-04 00:25:09,NORMAL,SUSTAINED,BENIGN,0,0.9999987,True,BENIGN
RUN_133,2026-10-04 00:25:01,2026-10-04 00:25:10,2026-10-04 00:25:10,NORMAL,SUSTAINED,BENIGN,0,0.99999857,True,BENIGN
RUN_133,2026-10-04 00:25:02,2026-10-04 00:25:11,2026-10-04 00:25:11,NORMAL,SUSTAINED,BENIGN,0,0.99999845,True,BENIGN
RUN_133,2026-10-04 00:25:03,2026-10-04 00:25:12,2026-10-04 00:25:12,NORMAL,SUSTAINED,BENIGN,0,0.9999987,True,BENIGN
RUN_133,2026-10-04 00:25:04,2026-10-04 00:25:13,2026-10-04 00:25:13,NORMAL,SUSTAINED,BENIGN,0,0.9999987,True,BENIGN
RUN_133,2026-10-04 00:25:05,2026-10-04 00:25:14,2026-10-04 00:25:14,NORMAL,SUSTAINED,BENIGN,0,0.9999987,True,BENIGN
RUN_133,2026-10-04 00:25:06,2026-10-04 00:25:15,2026-10-04 00:25:15,NORMAL,SUSTAINED,BENIGN,0,0.9999987,True,BENIGN
RUN_133,2026-10-04 00:25:07,2026-10-04 00:25:16,2026-10-04 00:25:16,NORMAL,SUSTAINED,BENIGN,0,0.99999857,True,BENIGN
RUN_133,2026-10-04 00:25:08,2026-10-04 00:25:17,2026-10-04 00:25:17,NORMAL,SUSTAINED,BENIGN,0,0.9999987,True,BENIGN
RUN_133,2026-10-04 00:25:09,2026-10-04 00:25:18,2026-10-04 00:25:18,NORMAL,SUSTAINED,BENIGN,0,0.99999857,True,BENIGN
RUN_133,2026-10-04 00:25:10,2026-10-04 00:25:19,2026-10-04 00:25:19,NORMAL,SUSTAINED,BENIGN,0,0.99999785,True,BENIGN
RUN_133,2026-10-04 00:25:11,2026-10-04 00:25:20,2026-10-04 00:25:20,NORMAL,SUSTAINED,BENIGN,0,0.9999962,True,BENIGN
RUN_133,2026-10-04 00:25:12,2026-10-04 00:25:21,2026-10-04 00:25:21,NORMAL,SUSTAINED,BENIGN,0,0.99999785,True,BENIGN
RUN_133,2026-10-04 00:25:13,2026-10-04 00:25:22,2026-10-04 00:25:22,NORMAL,SUSTAINED,BENIGN,0,0.999998,True,BENIGN
RUN_133,2026-10-04 00:25:14,2026-10-04 00:25:23,2026-10-04 00:25:23,NORMAL,SUSTAINED,BENIGN,0,0.99999785,True,BENIGN
RUN_133,2026-10-04 00:25:15,2026-10-04 00:25:24,2026-10-04 00:25:24,NORMAL,SUSTAINED,BENIGN,0,0.99999785,True,BENIGN
RUN_133,2026-10-04 00:25:16,2026-10-04 00:25:25,2026-10-04 00:25:25,NORMAL,SUSTAINED,BENIGN,0,0.99999785,True,BENIGN
RUN_133,2026-10-04 00:25:17,2026-10-04 00:25:26,2026-10-04 00:25:26,NORMAL,SUSTAINED,BENIGN,0,0.999998,True,BENIGN
RUN_133,2026-10-04 00:25:18,2026-10-04 00:25:27,2026-10-04 00:25:27,NORMAL,SUSTAINED,BENIGN,0,0.9999976,True,BENIGN
RUN_133,2026-10-04 00:25:19,2026-10-04 00:25:28,2026-10-04 00:25:28,NORMAL,SUSTAINED,BENIGN,0,0.9999981,True,BENIGN
RUN_133,2026-10-04 00:25:20,2026-10-04 00:25:29,2026-10-04 00:25:29,NORMAL,SUSTAINED,BENIGN,0,0.9999976,True,BENIGN
RUN_133,2026-10-04 00:25:21,2026-10-04 00:25:30,2026-10-04 00:25:30,NORMAL,DECAY,BENIGN,0,0.99999785,True,BENIGN
RUN_133,2026-10-04 00:25:22,2026-10-04 00:25:31,2026-10-04 00:25:31,NORMAL,DECAY,BENIGN,0,0.999998,True,BENIGN
RUN_133,2026-10-04 00:25:23,2026-10-04 00:25:32,2026-10-04 00:25:32,NORMAL,DECAY,BENIGN,0,0.99999833,True,BENIGN
RUN_133,2026-10-04 00:25:24,2026-10-04 00:25:33,2026-10-04 00:25:33,NORMAL,DECAY,BENIGN,0,0.99999857,True,BENIGN
RUN_133,2026-10-04 00:25:25,2026-10-04 00:25:34,2026-10-04 00:25:34,NORMAL,DECAY,BENIGN,0,0.99999857,True,BENIGN
RUN_133,2026-10-04 00:25:26,2026-10-04 00:25:35,2026-10-04 00:25:35,NORMAL,DECAY,BENIGN,0,0.99999845,True,BENIGN
RUN_133,2026-10-04 00:25:27,2026-10-04 00:25:36,2026-10-04 00:25:36,NORMAL,DECAY,BENIGN,0,0.9999982,True,BENIGN
RUN_133,2026-10-04 00:25:28,2026-10-04 00:25:37,2026-10-04 00:25:37,NORMAL,DECAY,BENIGN,0,0.99999845,True,BENIGN
RUN_133,2026-10-04 00:25:29,2026-10-04 00:25:38,2026-10-04 00:25:38,NORMAL,DECAY,BENIGN,0,0.99999774,True,BENIGN
RUN_133,2026-10-04 00:25:30,2026-10-04 00:25:39,2026-10-04 00:25:39,NORMAL,DECAY,BENIGN,0,0.99999845,True,BENIGN
RUN_133,2026-10-04 00:25:31,2026-10-04 00:25:40,2026-10-04 00:25:40,NORMAL,DECAY,BENIGN,0,0.99999857,True,BENIGN
RUN_133,2026-10-04 00:25:32,2026-10-04 00:25:41,2026-10-04 00:25:41,NORMAL,DECAY,BENIGN,0,0.99999857,True,BENIGN
RUN_133,2026-10-04 00:25:33,2026-10-04 00:25:42,2026-10-04 00:25:42,NORMAL,DECAY,BENIGN,0,0.9999982,True,BENIGN
RUN_133,2026-10-04 00:25:34,2026-10-04 00:25:43,2026-10-04 00:25:43,NORMAL,DECAY,BENIGN,0,0.99999845,True,BENIGN
RUN_133,2026-10-04 00:25:35,2026-10-04 00:25:44,2026-10-04 00:25:44,NORMAL,DECAY,BENIGN,0,0.9999982,True,BENIGN
RUN_133,2026-10-04 00:25:36,2026-10-04 00:25:45,2026-10-04 00:25:45,NORMAL,DECAY,BENIGN,0,0.99999833,True,BENIGN
RUN_133,2026-10-04 00:25:37,2026-10-04 00:25:46,2026-10-04 00:25:46,NORMAL,DECAY,BENIGN,0,0.99999857,True,BENIGN
RUN_133,2026-10-04 00:25:38,2026-10-04 00:25:47,2026-10-04 00:25:47,NORMAL,DECAY,BENIGN,0,0.99999857,True,BENIGN
RUN_133,2026-10-04 00:25:39,2026-10-04 00:25:48,2026-10-04 00:25:48,NORMAL,DECAY,BENIGN,0,0.99999857,True,BENIGN
RUN_133,2026-10-04 00:25:40,2026-10-04 00:25:49,2026-10-04 00:25:49,NORMAL,DECAY,BENIGN,0,0.99999857,True,BENIGN
RUN_133,2026-10-04 00:25:41,2026-10-04 00:25:50,2026-10-04 00:25:50,NORMAL,RECOVERY,BENIGN,0,0.99999845,True,BENIGN
RUN_133,2026-10-04 00:25:42,2026-10-04 00:25:51,2026-10-04 00:25:51,NORMAL,RECOVERY,BENIGN,0,0.99999857,True,BENIGN
RUN_133,2026-10-04 00:25:43,2026-10-04 00:25:52,2026-10-04 00:25:52,NORMAL,RECOVERY,BENIGN,0,0.99999857,True,BENIGN
RUN_133,2026-10-04 00:25:44,2026-10-04 00:25:53,2026-10-04 00:25:53,NORMAL,RECOVERY,BENIGN,0,0.99999845,True,BENIGN
RUN_133,2026-10-04 00:25:45,2026-10-04 00:25:54,2026-10-04 00:25:54,NORMAL,RECOVERY,BENIGN,0,0.9999982,True,BENIGN
RUN_133,2026-10-04 00:25:46,2026-10-04 00:25:55,2026-10-04 00:25:55,NORMAL,RECOVERY,BENIGN,0,0.99999666,True,BENIGN
RUN_133,2026-10-04 00:25:47,2026-10-04 00:25:56,2026-10-04 00:25:56,NORMAL,RECOVERY,BENIGN,0,0.9999974,True,BENIGN
RUN_133,2026-10-04 00:25:48,2026-10-04 00:25:57,2026-10-04 00:25:57,NORMAL,RECOVERY,BENIGN,0,0.9999962,True,BENIGN
RUN_133,2026-10-04 00:25:49,2026-10-04 00:25:58,2026-10-04 00:25:58,NORMAL,RECOVERY,BENIGN,0,0.9999982,True,BENIGN
RUN_133,2026-10-04 00:25:50,2026-10-04 00:25:59,2026-10-04 00:25:59,NORMAL,RECOVERY,BENIGN,0,0.9999981,True,BENIGN
RUN_142,2026-10-04 00:42:00,2026-10-04 00:42:09,2026-10-04 00:42:09,NORMAL,NORMAL,BENIGN,0,0.99999785,True,BENIGN
RUN_142,2026-10-04 00:42:01,2026-10-04 00:42:10,2026-10-04 00:42:10,NORMAL,NORMAL,BENIGN,0,0.99999857,True,BENIGN
RUN_142,2026-10-04 00:42:02,2026-10-04 00:42:11,2026-10-04 00:42:11,NORMAL,NORMAL,BENIGN,0,0.99999857,True,BENIGN
RUN_142,2026-10-04 00:42:03,2026-10-04 00:42:12,2026-10-04 00:42:12,NORMAL,NORMAL,BENIGN,0,0.99999857,True,BENIGN
RUN_142,2026-10-04 00:42:04,2026-10-04 00:42:13,2026-10-04 00:42:13,NORMAL,NORMAL,BENIGN,0,0.99999785,True,BENIGN
RUN_142,2026-10-04 00:42:05,2026-10-04 00:42:14,2026-10-04 00:42:14,NORMAL,NORMAL,BENIGN,0,0.9999962,True,BENIGN
RUN_142,2026-10-04 00:42:06,2026-10-04 00:42:15,2026-10-04 00:42:15,NORMAL,NORMAL,BENIGN,0,0.999997,True,BENIGN
RUN_142,2026-10-04 00:42:07,2026-10-04 00:42:16,2026-10-04 00:42:16,NORMAL,NORMAL,BENIGN,0,0.99999774,True,BENIGN
RUN_142,2026-10-04 00:42:08,2026-10-04 00:42:17,2026-10-04 00:42:17,NORMAL,NORMAL,BENIGN,0,0.99999726,True,BENIGN
RUN_142,2026-10-04 00:42:09,2026-10-04 00:42:18,2026-10-04 00:42:18,NORMAL,NORMAL,BENIGN,0,0.99999595,True,BENIGN
RUN_142,2026-10-04 00:42:10,2026-10-04 00:42:19,2026-10-04 00:42:19,NORMAL,NORMAL,BENIGN,0,0.99999774,True,BENIGN
RUN_142,2026-10-04 00:42:11,2026-10-04 00:42:20,2026-10-04 00:42:20,NORMAL,EARLY_CHANGE,BENIGN,0,0.9999969,True,BENIGN
RUN_142,2026-10-04 00:42:12,2026-10-04 00:42:21,2026-10-04 00:42:21,NORMAL,EARLY_CHANGE,BENIGN,0,0.9999976,True,BENIGN
RUN_142,2026-10-04 00:42:13,2026-10-04 00:42:22,2026-10-04 00:42:22,NORMAL,EARLY_CHANGE,BENIGN,0,0.999997,True,BENIGN
RUN_142,2026-10-04 00:42:14,2026-10-04 00:42:23,2026-10-04 00:42:23,NORMAL,EARLY_CHANGE,BENIGN,0,0.99999845,True,BENIGN
RUN_142,2026-10-04 00:42:15,2026-10-04 00:42:24,2026-10-04 00:42:24,NORMAL,EARLY_CHANGE,BENIGN,0,0.9999988,True,BENIGN
RUN_142,2026-10-04 00:42:16,2026-10-04 00:42:25,2026-10-04 00:42:25,NORMAL,EARLY_CHANGE,BENIGN,0,0.9999988,True,BENIGN
RUN_142,2026-10-04 00:42:17,2026-10-04 00:42:26,2026-10-04 00:42:26,NORMAL,EARLY_CHANGE,BENIGN,0,0.9999989,True,BENIGN
RUN_142,2026-10-04 00:42:18,2026-10-04 00:42:27,2026-10-04 00:42:27,NORMAL,EARLY_CHANGE,BENIGN,0,0.9999987,True,BENIGN
RUN_142,2026-10-04 00:42:19,2026-10-04 00:42:28,2026-10-04 00:42:28,NORMAL,EARLY_CHANGE,BENIGN,0,0.9999988,True,BENIGN
RUN_142,2026-10-04 00:42:20,2026-10-04 00:42:29,2026-10-04 00:42:29,NORMAL,EARLY_CHANGE,BENIGN,0,0.9999987,True,BENIGN
RUN_142,2026-10-04 00:42:21,2026-10-04 00:42:30,2026-10-04 00:42:30,NORMAL,ESCALATION,BENIGN,0,0.9999988,True,BENIGN
RUN_142,2026-10-04 00:42:22,2026-10-04 00:42:31,2026-10-04 00:42:31,NORMAL,ESCALATION,BENIGN,0,0.99999833,True,BENIGN
RUN_142,2026-10-04 00:42:23,2026-10-04 00:42:32,2026-10-04 00:42:32,NORMAL,ESCALATION,BENIGN,0,0.99999833,True,BENIGN
RUN_142,2026-10-04 00:42:24,2026-10-04 00:42:33,2026-10-04 00:42:33,NORMAL,ESCALATION,BENIGN,0,0.9999976,True,BENIGN
RUN_142,2026-10-04 00:42:25,2026-10-04 00:42:34,2026-10-04 00:42:34,NORMAL,ESCALATION,BENIGN,0,0.99999857,True,BENIGN
RUN_142,2026-10-04 00:42:26,2026-10-04 00:42:35,2026-10-04 00:42:35,NORMAL,ESCALATION,BENIGN,0,0.9999982,True,BENIGN
RUN_142,2026-10-04 00:42:27,2026-10-04 00:42:36,2026-10-04 00:42:36,NORMAL,ESCALATION,BENIGN,0,0.99999833,True,BENIGN
RUN_142,2026-10-04 00:42:28,2026-10-04 00:42:37,2026-10-04 00:42:37,NORMAL,ESCALATION,BENIGN,0,0.99999833,True,BENIGN
RUN_142,2026-10-04 00:42:29,2026-10-04 00:42:38,2026-10-04 00:42:38,NORMAL,ESCALATION,BENIGN,0,0.99999845,True,BENIGN
RUN_142,2026-10-04 00:42:30,2026-10-04 00:42:39,2026-10-04 00:42:39,NORMAL,ESCALATION,BENIGN,0,0.99999857,True,BENIGN
RUN_142,2026-10-04 00:42:31,2026-10-04 00:42:40,2026-10-04 00:42:40,NORMAL,ESCALATION,BENIGN,0,0.99999833,True,BENIGN
RUN_142,2026-10-04 00:42:32,2026-10-04 00:42:41,2026-10-04 00:42:41,NORMAL,ESCALATION,BENIGN,0,0.99999857,True,BENIGN
RUN_142,2026-10-04 00:42:33,2026-10-04 00:42:42,2026-10-04 00:42:42,NORMAL,ESCALATION,BENIGN,0,0.99999857,True,BENIGN
RUN_142,2026-10-04 00:42:34,2026-10-04 00:42:43,2026-10-04 00:42:43,NORMAL,ESCALATION,BENIGN,0,0.9999987,True,BENIGN
RUN_142,2026-10-04 00:42:35,2026-10-04 00:42:44,2026-10-04 00:42:44,NORMAL,ESCALATION,BENIGN,0,0.99999857,True,BENIGN
RUN_142,2026-10-04 00:42:36,2026-10-04 00:42:45,2026-10-04 00:42:45,NORMAL,ESCALATION,BENIGN,0,0.99999857,True,BENIGN
RUN_142,2026-10-04 00:42:37,2026-10-04 00:42:46,2026-10-04 00:42:46,NORMAL,ESCALATION,BENIGN,0,0.99999857,True,BENIGN
RUN_142,2026-10-04 00:42:38,2026-10-04 00:42:47,2026-10-04 00:42:47,NORMAL,ESCALATION,BENIGN,0,0.9999982,True,BENIGN
RUN_142,2026-10-04 00:42:39,2026-10-04 00:42:48,2026-10-04 00:42:48,NORMAL,ESCALATION,BENIGN,0,0.99999726,True,BENIGN
RUN_142,2026-10-04 00:42:40,2026-10-04 00:42:49,2026-10-04 00:42:49,NORMAL,ESCALATION,BENIGN,0,0.99999785,True,BENIGN
RUN_142,2026-10-04 00:42:41,2026-10-04 00:42:50,2026-10-04 00:42:50,NORMAL,ESCALATION,BENIGN,0,0.99999785,True,BENIGN
RUN_142,2026-10-04 00:42:42,2026-10-04 00:42:51,2026-10-04 00:42:51,NORMAL,ESCALATION,BENIGN,0,0.9999976,True,BENIGN
RUN_142,2026-10-04 00:42:43,2026-10-04 00:42:52,2026-10-04 00:42:52,NORMAL,ESCALATION,BENIGN,0,0.9999962,True,BENIGN
RUN_142,2026-10-04 00:42:44,2026-10-04 00:42:53,2026-10-04 00:42:53,NORMAL,ESCALATION,BENIGN,0,0.9999968,True,BENIGN
RUN_142,2026-10-04 00:42:45,2026-10-04 00:42:54,2026-10-04 00:42:54,NORMAL,ESCALATION,BENIGN,0,0.9999956,True,BENIGN
RUN_142,2026-10-04 00:42:46,2026-10-04 00:42:55,2026-10-04 00:42:55,NORMAL,ESCALATION,BENIGN,0,0.99999785,True,BENIGN
RUN_142,2026-10-04 00:42:47,2026-10-04 00:42:56,2026-10-04 00:42:56,NORMAL,ESCALATION,BENIGN,0,0.99999785,True,BENIGN
RUN_142,2026-10-04 00:42:48,2026-10-04 00:42:57,2026-10-04 00:42:57,NORMAL,ESCALATION,BENIGN,0,0.99999857,True,BENIGN
RUN_142,2026-10-04 00:42:49,2026-10-04 00:42:58,2026-10-04 00:42:58,NORMAL,ESCALATION,BENIGN,0,0.99999857,True,BENIGN
RUN_142,2026-10-04 00:42:50,2026-10-04 00:42:59,2026-10-04 00:42:59,NORMAL,ESCALATION,BENIGN,0,0.99999845,True,BENIGN
RUN_142,2026-10-04 00:42:51,2026-10-04 00:43:00,2026-10-04 00:43:00,NORMAL,SUSTAINED,BENIGN,0,0.9999968,True,BENIGN
RUN_142,2026-10-04 00:42:52,2026-10-04 00:43:01,2026-10-04 00:43:01,NORMAL,SUSTAINED,BENIGN,0,0.9999931,True,BENIGN
RUN_142,2026-10-04 00:42:53,2026-10-04 00:43:02,2026-10-04 00:43:02,NORMAL,SUSTAINED,BENIGN,0,0.99999833,True,BENIGN
RUN_142,2026-10-04 00:42:54,2026-10-04 00:43:03,2026-10-04 00:43:03,NORMAL,SUSTAINED,BENIGN,0,0.99999774,True,BENIGN
RUN_142,2026-10-04 00:42:55,2026-10-04 00:43:04,2026-10-04 00:43:04,NORMAL,SUSTAINED,BENIGN,0,0.999998,True,BENIGN
RUN_142,2026-10-04 00:42:56,2026-10-04 00:43:05,2026-10-04 00:43:05,NORMAL,SUSTAINED,BENIGN,0,0.99999774,True,BENIGN
RUN_142,2026-10-04 00:42:57,2026-10-04 00:43:06,2026-10-04 00:43:06,NORMAL,SUSTAINED,BENIGN,0,0.99999785,True,BENIGN
RUN_142,2026-10-04 00:42:58,2026-10-04 00:43:07,2026-10-04 00:43:07,NORMAL,SUSTAINED,BENIGN,0,0.999998,True,BENIGN
RUN_142,2026-10-04 00:42:59,2026-10-04 00:43:08,2026-10-04 00:43:08,NORMAL,SUSTAINED,BENIGN,0,0.99999785,True,BENIGN
RUN_142,2026-10-04 00:43:00,2026-10-04 00:43:09,2026-10-04 00:43:09,NORMAL,SUSTAINED,BENIGN,0,0.9999982,True,BENIGN
RUN_142,2026-10-04 00:43:01,2026-10-04 00:43:10,2026-10-04 00:43:10,NORMAL,SUSTAINED,BENIGN,0,0.9999987,True,BENIGN
RUN_142,2026-10-04 00:43:02,2026-10-04 00:43:11,2026-10-04 00:43:11,NORMAL,SUSTAINED,BENIGN,0,0.99999857,True,BENIGN
RUN_142,2026-10-04 00:43:03,2026-10-04 00:43:12,2026-10-04 00:43:12,NORMAL,SUSTAINED,BENIGN,0,0.99999857,True,BENIGN
RUN_142,2026-10-04 00:43:04,2026-10-04 00:43:13,2026-10-04 00:43:13,NORMAL,SUSTAINED,BENIGN,0,0.9999988,True,BENIGN
RUN_142,2026-10-04 00:43:05,2026-10-04 00:43:14,2026-10-04 00:43:14,NORMAL,SUSTAINED,BENIGN,0,0.9999988,True,BENIGN
RUN_142,2026-10-04 00:43:06,2026-10-04 00:43:15,2026-10-04 00:43:15,NORMAL,SUSTAINED,BENIGN,0,0.99999845,True,BENIGN
RUN_142,2026-10-04 00:43:07,2026-10-04 00:43:16,2026-10-04 00:43:16,NORMAL,SUSTAINED,BENIGN,0,0.99999845,True,BENIGN
RUN_142,2026-10-04 00:43:08,2026-10-04 00:43:17,2026-10-04 00:43:17,NORMAL,SUSTAINED,BENIGN,0,0.99999833,True,BENIGN
RUN_142,2026-10-04 00:43:09,2026-10-04 00:43:18,2026-10-04 00:43:18,NORMAL,SUSTAINED,BENIGN,0,0.99999774,True,BENIGN
RUN_142,2026-10-04 00:43:10,2026-10-04 00:43:19,2026-10-04 00:43:19,NORMAL,SUSTAINED,BENIGN,0,0.9999975,True,BENIGN
RUN_142,2026-10-04 00:43:11,2026-10-04 00:43:20,2026-10-04 00:43:20,NORMAL,SUSTAINED,BENIGN,0,0.9999969,True,BENIGN
RUN_142,2026-10-04 00:43:12,2026-10-04 00:43:21,2026-10-04 00:43:21,NORMAL,SUSTAINED,BENIGN,0,0.999998,True,BENIGN
RUN_142,2026-10-04 00:43:13,2026-10-04 00:43:22,2026-10-04 00:43:22,NORMAL,SUSTAINED,BENIGN,0,0.9999981,True,BENIGN
RUN_142,2026-10-04 00:43:14,2026-10-04 00:43:23,2026-10-04 00:43:23,NORMAL,SUSTAINED,BENIGN,0,0.9999968,True,BENIGN
RUN_142,2026-10-04 00:43:15,2026-10-04 00:43:24,2026-10-04 00:43:24,NORMAL,SUSTAINED,BENIGN,0,0.9999944,True,BENIGN
RUN_142,2026-10-04 00:43:16,2026-10-04 00:43:25,2026-10-04 00:43:25,NORMAL,SUSTAINED,BENIGN,0,0.9999968,True,BENIGN
RUN_142,2026-10-04 00:43:17,2026-10-04 00:43:26,2026-10-04 00:43:26,NORMAL,SUSTAINED,BENIGN,0,0.99999785,True,BENIGN
RUN_142,2026-10-04 00:43:18,2026-10-04 00:43:27,2026-10-04 00:43:27,NORMAL,SUSTAINED,BENIGN,0,0.99999714,True,BENIGN
RUN_142,2026-10-04 00:43:19,2026-10-04 00:43:28,2026-10-04 00:43:28,NORMAL,SUSTAINED,BENIGN,0,0.99999845,True,BENIGN
RUN_142,2026-10-04 00:43:20,2026-10-04 00:43:29,2026-10-04 00:43:29,NORMAL,SUSTAINED,BENIGN,0,0.9999975,True,BENIGN
RUN_142,2026-10-04 00:43:21,2026-10-04 00:43:30,2026-10-04 00:43:30,NORMAL,DECAY,BENIGN,0,0.9999976,True,BENIGN
RUN_142,2026-10-04 00:43:22,2026-10-04 00:43:31,2026-10-04 00:43:31,NORMAL,DECAY,BENIGN,0,0.999995,True,BENIGN
RUN_142,2026-10-04 00:43:23,2026-10-04 00:43:32,2026-10-04 00:43:32,NORMAL,DECAY,BENIGN,0,0.999997,True,BENIGN
RUN_142,2026-10-04 00:43:24,2026-10-04 00:43:33,2026-10-04 00:43:33,NORMAL,DECAY,BENIGN,0,0.99999785,True,BENIGN
RUN_142,2026-10-04 00:43:25,2026-10-04 00:43:34,2026-10-04 00:43:34,NORMAL,DECAY,BENIGN,0,0.9999963,True,BENIGN
RUN_142,2026-10-04 00:43:26,2026-10-04 00:43:35,2026-10-04 00:43:35,NORMAL,DECAY,BENIGN,0,0.9999974,True,BENIGN
RUN_142,2026-10-04 00:43:27,2026-10-04 00:43:36,2026-10-04 00:43:36,NORMAL,DECAY,BENIGN,0,0.9999951,True,BENIGN
RUN_142,2026-10-04 00:43:28,2026-10-04 00:43:37,2026-10-04 00:43:37,NORMAL,DECAY,BENIGN,0,0.99999714,True,BENIGN
RUN_142,2026-10-04 00:43:29,2026-10-04 00:43:38,2026-10-04 00:43:38,NORMAL,DECAY,BENIGN,0,0.99999595,True,BENIGN
RUN_142,2026-10-04 00:43:30,2026-10-04 00:43:39,2026-10-04 00:43:39,NORMAL,DECAY,BENIGN,0,0.99999714,True,BENIGN
RUN_142,2026-10-04 00:43:31,2026-10-04 00:43:40,2026-10-04 00:43:40,NORMAL,DECAY,BENIGN,0,0.999998,True,BENIGN
RUN_142,2026-10-04 00:43:32,2026-10-04 00:43:41,2026-10-04 00:43:41,NORMAL,DECAY,BENIGN,0,0.999998,True,BENIGN
RUN_142,2026-10-04 00:43:33,2026-10-04 00:43:42,2026-10-04 00:43:42,NORMAL,DECAY,BENIGN,0,0.999998,True,BENIGN
RUN_142,2026-10-04 00:43:34,2026-10-04 00:43:43,2026-10-04 00:43:43,NORMAL,DECAY,BENIGN,0,0.9999976,True,BENIGN
RUN_142,2026-10-04 00:43:35,2026-10-04 00:43:44,2026-10-04 00:43:44,NORMAL,DECAY,BENIGN,0,0.9999964,True,BENIGN
RUN_142,2026-10-04 00:43:36,2026-10-04 00:43:45,2026-10-04 00:43:45,NORMAL,DECAY,BENIGN,0,0.99999774,True,BENIGN
RUN_142,2026-10-04 00:43:37,2026-10-04 00:43:46,2026-10-04 00:43:46,NORMAL,DECAY,BENIGN,0,0.99999774,True,BENIGN
RUN_142,2026-10-04 00:43:38,2026-10-04 00:43:47,2026-10-04 00:43:47,NORMAL,DECAY,BENIGN,0,0.999998,True,BENIGN
RUN_142,2026-10-04 00:43:39,2026-10-04 00:43:48,2026-10-04 00:43:48,NORMAL,DECAY,BENIGN,0,0.99999833,True,BENIGN
RUN_142,2026-10-04 00:43:40,2026-10-04 00:43:49,2026-10-04 00:43:49,NORMAL,DECAY,BENIGN,0,0.99999785,True,BENIGN
RUN_142,2026-10-04 00:43:41,2026-10-04 00:43:50,2026-10-04 00:43:50,NORMAL,RECOVERY,BENIGN,0,0.99999833,True,BENIGN
RUN_142,2026-10-04 00:43:42,2026-10-04 00:43:51,2026-10-04 00:43:51,NORMAL,RECOVERY,BENIGN,0,0.9999974,True,BENIGN
RUN_142,2026-10-04 00:43:43,2026-10-04 00:43:52,2026-10-04 00:43:52,NORMAL,RECOVERY,BENIGN,0,0.99999774,True,BENIGN
RUN_142,2026-10-04 00:43:44,2026-10-04 00:43:53,2026-10-04 00:43:53,NORMAL,RECOVERY,BENIGN,0,0.99999774,True,BENIGN
RUN_142,2026-10-04 00:43:45,2026-10-04 00:43:54,2026-10-04 00:43:54,NORMAL,RECOVERY,BENIGN,0,0.99999785,True,BENIGN
RUN_142,2026-10-04 00:43:46,2026-10-04 00:43:55,2026-10-04 00:43:55,NORMAL,RECOVERY,BENIGN,0,0.999998,True,BENIGN
RUN_142,2026-10-04 00:43:47,2026-10-04 00:43:56,2026-10-04 00:43:56,NORMAL,RECOVERY,BENIGN,0,0.99999833,True,BENIGN
RUN_142,2026-10-04 00:43:48,2026-10-04 00:43:57,2026-10-04 00:43:57,NORMAL,RECOVERY,BENIGN,0,0.99999845,True,BENIGN
RUN_142,2026-10-04 00:43:49,2026-10-04 00:43:58,2026-10-04 00:43:58,NORMAL,RECOVERY,BENIGN,0,0.99999857,True,BENIGN
RUN_142,2026-10-04 00:43:50,2026-10-04 00:43:59,2026-10-04 00:43:59,NORMAL,RECOVERY,BENIGN,0,0.99999845,True,BENIGN
RUN_144,2026-10-04 00:46:00,2026-10-04 00:46:09,2026-10-04 00:46:09,NORMAL,NORMAL,BENIGN,0,0.9999818,True,BENIGN
RUN_144,2026-10-04 00:46:01,2026-10-04 00:46:10,2026-10-04 00:46:10,NORMAL,NORMAL,BENIGN,0,0.99990445,True,BENIGN
RUN_144,2026-10-04 00:46:02,2026-10-04 00:46:11,2026-10-04 00:46:11,NORMAL,NORMAL,BENIGN,0,0.99997157,True,BENIGN
RUN_144,2026-10-04 00:46:03,2026-10-04 00:46:12,2026-10-04 00:46:12,NORMAL,NORMAL,BENIGN,0,0.999906,True,BENIGN
RUN_144,2026-10-04 00:46:04,2026-10-04 00:46:13,2026-10-04 00:46:13,NORMAL,NORMAL,BENIGN,0,0.9999343,True,BENIGN
RUN_144,2026-10-04 00:46:05,2026-10-04 00:46:14,2026-10-04 00:46:14,NORMAL,NORMAL,BENIGN,0,0.99986094,True,BENIGN
RUN_144,2026-10-04 00:46:06,2026-10-04 00:46:15,2026-10-04 00:46:15,NORMAL,NORMAL,BENIGN,0,0.9998991,True,BENIGN
RUN_144,2026-10-04 00:46:07,2026-10-04 00:46:16,2026-10-04 00:46:16,NORMAL,NORMAL,BENIGN,0,0.99998784,True,BENIGN
RUN_144,2026-10-04 00:46:08,2026-10-04 00:46:17,2026-10-04 00:46:17,NORMAL,NORMAL,BENIGN,0,0.99999595,True,BENIGN
RUN_144,2026-10-04 00:46:09,2026-10-04 00:46:18,2026-10-04 00:46:18,NORMAL,NORMAL,BENIGN,0,0.9999968,True,BENIGN
RUN_144,2026-10-04 00:46:10,2026-10-04 00:46:19,2026-10-04 00:46:19,NORMAL,NORMAL,BENIGN,0,0.9999975,True,BENIGN
RUN_144,2026-10-04 00:46:11,2026-10-04 00:46:20,2026-10-04 00:46:20,NORMAL,EARLY_CHANGE,BENIGN,0,0.9999981,True,BENIGN
RUN_144,2026-10-04 00:46:12,2026-10-04 00:46:21,2026-10-04 00:46:21,NORMAL,EARLY_CHANGE,BENIGN,0,0.9999981,True,BENIGN
RUN_144,2026-10-04 00:46:13,2026-10-04 00:46:22,2026-10-04 00:46:22,NORMAL,EARLY_CHANGE,BENIGN,0,0.9999976,True,BENIGN
RUN_144,2026-10-04 00:46:14,2026-10-04 00:46:23,2026-10-04 00:46:23,NORMAL,EARLY_CHANGE,BENIGN,0,0.99999845,True,BENIGN
RUN_144,2026-10-04 00:46:15,2026-10-04 00:46:24,2026-10-04 00:46:24,NORMAL,EARLY_CHANGE,BENIGN,0,0.99999833,True,BENIGN
RUN_144,2026-10-04 00:46:16,2026-10-04 00:46:25,2026-10-04 00:46:25,NORMAL,EARLY_CHANGE,BENIGN,0,0.99999845,True,BENIGN
RUN_144,2026-10-04 00:46:17,2026-10-04 00:46:26,2026-10-04 00:46:26,NORMAL,EARLY_CHANGE,BENIGN,0,0.9999982,True,BENIGN
RUN_144,2026-10-04 00:46:18,2026-10-04 00:46:27,2026-10-04 00:46:27,NORMAL,EARLY_CHANGE,BENIGN,0,0.9999981,True,BENIGN
RUN_144,2026-10-04 00:46:19,2026-10-04 00:46:28,2026-10-04 00:46:28,NORMAL,EARLY_CHANGE,BENIGN,0,0.99999666,True,BENIGN
RUN_144,2026-10-04 00:46:20,2026-10-04 00:46:29,2026-10-04 00:46:29,NORMAL,EARLY_CHANGE,BENIGN,0,0.99999785,True,BENIGN
RUN_144,2026-10-04 00:46:21,2026-10-04 00:46:30,2026-10-04 00:46:30,NORMAL,ESCALATION,BENIGN,0,0.9999976,True,BENIGN
RUN_144,2026-10-04 00:46:22,2026-10-04 00:46:31,2026-10-04 00:46:31,NORMAL,ESCALATION,BENIGN,0,0.99999845,True,BENIGN
RUN_144,2026-10-04 00:46:23,2026-10-04 00:46:32,2026-10-04 00:46:32,NORMAL,ESCALATION,BENIGN,0,0.99999845,True,BENIGN
RUN_144,2026-10-04 00:46:24,2026-10-04 00:46:33,2026-10-04 00:46:33,NORMAL,ESCALATION,BENIGN,0,0.9999987,True,BENIGN
RUN_144,2026-10-04 00:46:25,2026-10-04 00:46:34,2026-10-04 00:46:34,NORMAL,ESCALATION,BENIGN,0,0.99999857,True,BENIGN
RUN_144,2026-10-04 00:46:26,2026-10-04 00:46:35,2026-10-04 00:46:35,NORMAL,ESCALATION,BENIGN,0,0.9999982,True,BENIGN
RUN_144,2026-10-04 00:46:27,2026-10-04 00:46:36,2026-10-04 00:46:36,NORMAL,ESCALATION,BENIGN,0,0.9999981,True,BENIGN
RUN_144,2026-10-04 00:46:28,2026-10-04 00:46:37,2026-10-04 00:46:37,NORMAL,ESCALATION,BENIGN,0,0.9999982,True,BENIGN
RUN_144,2026-10-04 00:46:29,2026-10-04 00:46:38,2026-10-04 00:46:38,NORMAL,ESCALATION,BENIGN,0,0.9999982,True,BENIGN
RUN_144,2026-10-04 00:46:30,2026-10-04 00:46:39,2026-10-04 00:46:39,NORMAL,ESCALATION,BENIGN,0,0.9999975,True,BENIGN
RUN_144,2026-10-04 00:46:31,2026-10-04 00:46:40,2026-10-04 00:46:40,NORMAL,ESCALATION,BENIGN,0,0.99999714,True,BENIGN
RUN_144,2026-10-04 00:46:32,2026-10-04 00:46:41,2026-10-04 00:46:41,NORMAL,ESCALATION,BENIGN,0,0.9999963,True,BENIGN
RUN_144,2026-10-04 00:46:33,2026-10-04 00:46:42,2026-10-04 00:46:42,NORMAL,ESCALATION,BENIGN,0,0.99999714,True,BENIGN
RUN_144,2026-10-04 00:46:34,2026-10-04 00:46:43,2026-10-04 00:46:43,NORMAL,ESCALATION,BENIGN,0,0.99999654,True,BENIGN
RUN_144,2026-10-04 00:46:35,2026-10-04 00:46:44,2026-10-04 00:46:44,NORMAL,ESCALATION,BENIGN,0,0.999997,True,BENIGN
RUN_144,2026-10-04 00:46:36,2026-10-04 00:46:45,2026-10-04 00:46:45,NORMAL,ESCALATION,BENIGN,0,0.9999974,True,BENIGN
RUN_144,2026-10-04 00:46:37,2026-10-04 00:46:46,2026-10-04 00:46:46,NORMAL,ESCALATION,BENIGN,0,0.999998,True,BENIGN
RUN_144,2026-10-04 00:46:38,2026-10-04 00:46:47,2026-10-04 00:46:47,NORMAL,ESCALATION,BENIGN,0,0.99999845,True,BENIGN
RUN_144,2026-10-04 00:46:39,2026-10-04 00:46:48,2026-10-04 00:46:48,NORMAL,ESCALATION,BENIGN,0,0.999998,True,BENIGN
RUN_144,2026-10-04 00:46:40,2026-10-04 00:46:49,2026-10-04 00:46:49,NORMAL,ESCALATION,BENIGN,0,0.99999845,True,BENIGN
RUN_144,2026-10-04 00:46:41,2026-10-04 00:46:50,2026-10-04 00:46:50,NORMAL,ESCALATION,BENIGN,0,0.99999833,True,BENIGN
RUN_144,2026-10-04 00:46:42,2026-10-04 00:46:51,2026-10-04 00:46:51,NORMAL,ESCALATION,BENIGN,0,0.99999857,True,BENIGN
RUN_144,2026-10-04 00:46:43,2026-10-04 00:46:52,2026-10-04 00:46:52,NORMAL,ESCALATION,BENIGN,0,0.99999857,True,BENIGN
RUN_144,2026-10-04 00:46:44,2026-10-04 00:46:53,2026-10-04 00:46:53,NORMAL,ESCALATION,BENIGN,0,0.99999845,True,BENIGN
RUN_144,2026-10-04 00:46:45,2026-10-04 00:46:54,2026-10-04 00:46:54,NORMAL,ESCALATION,BENIGN,0,0.9999981,True,BENIGN
RUN_144,2026-10-04 00:46:46,2026-10-04 00:46:55,2026-10-04 00:46:55,NORMAL,ESCALATION,BENIGN,0,0.9999982,True,BENIGN
RUN_144,2026-10-04 00:46:47,2026-10-04 00:46:56,2026-10-04 00:46:56,NORMAL,ESCALATION,BENIGN,0,0.999998,True,BENIGN
RUN_144,2026-10-04 00:46:48,2026-10-04 00:46:57,2026-10-04 00:46:57,NORMAL,ESCALATION,BENIGN,0,0.999998,True,BENIGN
RUN_144,2026-10-04 00:46:49,2026-10-04 00:46:58,2026-10-04 00:46:58,NORMAL,ESCALATION,BENIGN,0,0.99999785,True,BENIGN
RUN_144,2026-10-04 00:46:50,2026-10-04 00:46:59,2026-10-04 00:46:59,NORMAL,ESCALATION,BENIGN,0,0.99999774,True,BENIGN
RUN_144,2026-10-04 00:46:51,2026-10-04 00:47:00,2026-10-04 00:47:00,NORMAL,SUSTAINED,BENIGN,0,0.99999726,True,BENIGN
RUN_144,2026-10-04 00:46:52,2026-10-04 00:47:01,2026-10-04 00:47:01,NORMAL,SUSTAINED,BENIGN,0,0.99999595,True,BENIGN
RUN_144,2026-10-04 00:46:53,2026-10-04 00:47:02,2026-10-04 00:47:02,NORMAL,SUSTAINED,BENIGN,0,0.9999951,True,BENIGN
RUN_144,2026-10-04 00:46:54,2026-10-04 00:47:03,2026-10-04 00:47:03,NORMAL,SUSTAINED,BENIGN,0,0.9999968,True,BENIGN
RUN_144,2026-10-04 00:46:55,2026-10-04 00:47:04,2026-10-04 00:47:04,NORMAL,SUSTAINED,BENIGN,0,0.99999666,True,BENIGN
RUN_144,2026-10-04 00:46:56,2026-10-04 00:47:05,2026-10-04 00:47:05,NORMAL,SUSTAINED,BENIGN,0,0.9999958,True,BENIGN
RUN_144,2026-10-04 00:46:57,2026-10-04 00:47:06,2026-10-04 00:47:06,NORMAL,SUSTAINED,BENIGN,0,0.99999785,True,BENIGN
RUN_144,2026-10-04 00:46:58,2026-10-04 00:47:07,2026-10-04 00:47:07,NORMAL,SUSTAINED,BENIGN,0,0.99999845,True,BENIGN
RUN_144,2026-10-04 00:46:59,2026-10-04 00:47:08,2026-10-04 00:47:08,NORMAL,SUSTAINED,BENIGN,0,0.99999845,True,BENIGN
RUN_144,2026-10-04 00:47:00,2026-10-04 00:47:09,2026-10-04 00:47:09,NORMAL,SUSTAINED,BENIGN,0,0.99999857,True,BENIGN
RUN_144,2026-10-04 00:47:01,2026-10-04 00:47:10,2026-10-04 00:47:10,NORMAL,SUSTAINED,BENIGN,0,0.9999987,True,BENIGN
RUN_144,2026-10-04 00:47:02,2026-10-04 00:47:11,2026-10-04 00:47:11,NORMAL,SUSTAINED,BENIGN,0,0.9999987,True,BENIGN
RUN_144,2026-10-04 00:47:03,2026-10-04 00:47:12,2026-10-04 00:47:12,NORMAL,SUSTAINED,BENIGN,0,0.9999988,True,BENIGN
RUN_144,2026-10-04 00:47:04,2026-10-04 00:47:13,2026-10-04 00:47:13,NORMAL,SUSTAINED,BENIGN,0,0.9999988,True,BENIGN
RUN_144,2026-10-04 00:47:05,2026-10-04 00:47:14,2026-10-04 00:47:14,NORMAL,SUSTAINED,BENIGN,0,0.9999989,True,BENIGN
RUN_144,2026-10-04 00:47:06,2026-10-04 00:47:15,2026-10-04 00:47:15,NORMAL,SUSTAINED,BENIGN,0,0.9999989,True,BENIGN
RUN_144,2026-10-04 00:47:07,2026-10-04 00:47:16,2026-10-04 00:47:16,NORMAL,SUSTAINED,BENIGN,0,0.9999988,True,BENIGN
RUN_144,2026-10-04 00:47:08,2026-10-04 00:47:17,2026-10-04 00:47:17,NORMAL,SUSTAINED,BENIGN,0,0.9999989,True,BENIGN
RUN_144,2026-10-04 00:47:09,2026-10-04 00:47:18,2026-10-04 00:47:18,NORMAL,SUSTAINED,BENIGN,0,0.9999988,True,BENIGN
RUN_144,2026-10-04 00:47:10,2026-10-04 00:47:19,2026-10-04 00:47:19,NORMAL,SUSTAINED,BENIGN,0,0.9999987,True,BENIGN
RUN_144,2026-10-04 00:47:11,2026-10-04 00:47:20,2026-10-04 00:47:20,NORMAL,SUSTAINED,BENIGN,0,0.99999857,True,BENIGN
RUN_144,2026-10-04 00:47:12,2026-10-04 00:47:21,2026-10-04 00:47:21,NORMAL,SUSTAINED,BENIGN,0,0.99999845,True,BENIGN
RUN_144,2026-10-04 00:47:13,2026-10-04 00:47:22,2026-10-04 00:47:22,NORMAL,SUSTAINED,BENIGN,0,0.9999976,True,BENIGN
RUN_144,2026-10-04 00:47:14,2026-10-04 00:47:23,2026-10-04 00:47:23,NORMAL,SUSTAINED,BENIGN,0,0.99999774,True,BENIGN
RUN_144,2026-10-04 00:47:15,2026-10-04 00:47:24,2026-10-04 00:47:24,NORMAL,SUSTAINED,BENIGN,0,0.9999975,True,BENIGN
RUN_144,2026-10-04 00:47:16,2026-10-04 00:47:25,2026-10-04 00:47:25,NORMAL,SUSTAINED,BENIGN,0,0.9999976,True,BENIGN
RUN_144,2026-10-04 00:47:17,2026-10-04 00:47:26,2026-10-04 00:47:26,NORMAL,SUSTAINED,BENIGN,0,0.9999968,True,BENIGN
RUN_144,2026-10-04 00:47:18,2026-10-04 00:47:27,2026-10-04 00:47:27,NORMAL,SUSTAINED,BENIGN,0,0.9999974,True,BENIGN
RUN_144,2026-10-04 00:47:19,2026-10-04 00:47:28,2026-10-04 00:47:28,NORMAL,SUSTAINED,BENIGN,0,0.99999607,True,BENIGN
RUN_144,2026-10-04 00:47:20,2026-10-04 00:47:29,2026-10-04 00:47:29,NORMAL,SUSTAINED,BENIGN,0,0.99999154,True,BENIGN
RUN_144,2026-10-04 00:47:21,2026-10-04 00:47:30,2026-10-04 00:47:30,NORMAL,DECAY,BENIGN,0,0.99999225,True,BENIGN
RUN_144,2026-10-04 00:47:22,2026-10-04 00:47:31,2026-10-04 00:47:31,NORMAL,DECAY,BENIGN,0,0.99999213,True,BENIGN
RUN_144,2026-10-04 00:47:23,2026-10-04 00:47:32,2026-10-04 00:47:32,NORMAL,DECAY,BENIGN,0,0.99999654,True,BENIGN
RUN_144,2026-10-04 00:47:24,2026-10-04 00:47:33,2026-10-04 00:47:33,NORMAL,DECAY,BENIGN,0,0.9999877,True,BENIGN
RUN_144,2026-10-04 00:47:25,2026-10-04 00:47:34,2026-10-04 00:47:34,NORMAL,DECAY,BENIGN,0,0.99999225,True,BENIGN
RUN_144,2026-10-04 00:47:26,2026-10-04 00:47:35,2026-10-04 00:47:35,NORMAL,DECAY,BENIGN,0,0.9999919,True,BENIGN
RUN_144,2026-10-04 00:47:27,2026-10-04 00:47:36,2026-10-04 00:47:36,NORMAL,DECAY,BENIGN,0,0.99999404,True,BENIGN
RUN_144,2026-10-04 00:47:28,2026-10-04 00:47:37,2026-10-04 00:47:37,NORMAL,DECAY,BENIGN,0,0.9999888,True,BENIGN
RUN_144,2026-10-04 00:47:29,2026-10-04 00:47:38,2026-10-04 00:47:38,NORMAL,DECAY,BENIGN,0,0.9999943,True,BENIGN
RUN_144,2026-10-04 00:47:30,2026-10-04 00:47:39,2026-10-04 00:47:39,NORMAL,DECAY,BENIGN,0,0.99999726,True,BENIGN
RUN_144,2026-10-04 00:47:31,2026-10-04 00:47:40,2026-10-04 00:47:40,NORMAL,DECAY,BENIGN,0,0.9999974,True,BENIGN
RUN_144,2026-10-04 00:47:32,2026-10-04 00:47:41,2026-10-04 00:47:41,NORMAL,DECAY,BENIGN,0,0.999997,True,BENIGN
RUN_144,2026-10-04 00:47:33,2026-10-04 00:47:42,2026-10-04 00:47:42,NORMAL,DECAY,BENIGN,0,0.99999595,True,BENIGN
RUN_144,2026-10-04 00:47:34,2026-10-04 00:47:43,2026-10-04 00:47:43,NORMAL,DECAY,BENIGN,0,0.9999975,True,BENIGN
RUN_144,2026-10-04 00:47:35,2026-10-04 00:47:44,2026-10-04 00:47:44,NORMAL,DECAY,BENIGN,0,0.9999982,True,BENIGN
RUN_144,2026-10-04 00:47:36,2026-10-04 00:47:45,2026-10-04 00:47:45,NORMAL,DECAY,BENIGN,0,0.99999833,True,BENIGN
RUN_144,2026-10-04 00:47:37,2026-10-04 00:47:46,2026-10-04 00:47:46,NORMAL,DECAY,BENIGN,0,0.99999845,True,BENIGN
RUN_144,2026-10-04 00:47:38,2026-10-04 00:47:47,2026-10-04 00:47:47,NORMAL,DECAY,BENIGN,0,0.99999857,True,BENIGN
RUN_144,2026-10-04 00:47:39,2026-10-04 00:47:48,2026-10-04 00:47:48,NORMAL,DECAY,BENIGN,0,0.99999857,True,BENIGN
RUN_144,2026-10-04 00:47:40,2026-10-04 00:47:49,2026-10-04 00:47:49,NORMAL,DECAY,BENIGN,0,0.9999988,True,BENIGN
RUN_144,2026-10-04 00:47:41,2026-10-04 00:47:50,2026-10-04 00:47:50,NORMAL,RECOVERY,BENIGN,0,0.9999987,True,BENIGN
RUN_144,2026-10-04 00:47:42,2026-10-04 00:47:51,2026-10-04 00:47:51,NORMAL,RECOVERY,BENIGN,0,0.9999987,True,BENIGN
RUN_144,2026-10-04 00:47:43,2026-10-04 00:47:52,2026-10-04 00:47:52,NORMAL,RECOVERY,BENIGN,0,0.99999857,True,BENIGN
RUN_144,2026-10-04 00:47:44,2026-10-04 00:47:53,2026-10-04 00:47:53,NORMAL,RECOVERY,BENIGN,0,0.99999845,True,BENIGN
RUN_144,2026-10-04 00:47:45,2026-10-04 00:47:54,2026-10-04 00:47:54,NORMAL,RECOVERY,BENIGN,0,0.9999981,True,BENIGN
RUN_144,2026-10-04 00:47:46,2026-10-04 00:47:55,2026-10-04 00:47:55,NORMAL,RECOVERY,BENIGN,0,0.9999982,True,BENIGN
RUN_144,2026-10-04 00:47:47,2026-10-04 00:47:56,2026-10-04 00:47:56,NORMAL,RECOVERY,BENIGN,0,0.99999833,True,BENIGN
RUN_144,2026-10-04 00:47:48,2026-10-04 00:47:57,2026-10-04 00:47:57,NORMAL,RECOVERY,BENIGN,0,0.9999975,True,BENIGN
RUN_144,2026-10-04 00:47:49,2026-10-04 00:47:58,2026-10-04 00:47:58,NORMAL,RECOVERY,BENIGN,0,0.9999982,True,BENIGN
RUN_144,2026-10-04 00:47:50,2026-10-04 00:47:59,2026-10-04 00:47:59,NORMAL,RECOVERY,BENIGN,0,0.99999714,True,BENIGN
RUN_146,2026-10-04 00:50:00,2026-10-04 00:50:09,2026-10-04 00:50:09,NORMAL,NORMAL,BENIGN,0,0.99999714,True,BENIGN
RUN_146,2026-10-04 00:50:01,2026-10-04 00:50:10,2026-10-04 00:50:10,NORMAL,NORMAL,BENIGN,0,0.99999654,True,BENIGN
RUN_146,2026-10-04 00:50:02,2026-10-04 00:50:11,2026-10-04 00:50:11,NORMAL,NORMAL,BENIGN,0,0.9999951,True,BENIGN
RUN_146,2026-10-04 00:50:03,2026-10-04 00:50:12,2026-10-04 00:50:12,NORMAL,NORMAL,BENIGN,0,0.9999963,True,BENIGN
RUN_146,2026-10-04 00:50:04,2026-10-04 00:50:13,2026-10-04 00:50:13,NORMAL,NORMAL,BENIGN,0,0.99998975,True,BENIGN
RUN_146,2026-10-04 00:50:05,2026-10-04 00:50:14,2026-10-04 00:50:14,NORMAL,NORMAL,BENIGN,0,0.9999937,True,BENIGN
RUN_146,2026-10-04 00:50:06,2026-10-04 00:50:15,2026-10-04 00:50:15,NORMAL,NORMAL,BENIGN,0,0.999997,True,BENIGN
RUN_146,2026-10-04 00:50:07,2026-10-04 00:50:16,2026-10-04 00:50:16,NORMAL,NORMAL,BENIGN,0,0.9999981,True,BENIGN
RUN_146,2026-10-04 00:50:08,2026-10-04 00:50:17,2026-10-04 00:50:17,NORMAL,NORMAL,BENIGN,0,0.9999969,True,BENIGN
RUN_146,2026-10-04 00:50:09,2026-10-04 00:50:18,2026-10-04 00:50:18,NORMAL,NORMAL,BENIGN,0,0.99999785,True,BENIGN
RUN_146,2026-10-04 00:50:10,2026-10-04 00:50:19,2026-10-04 00:50:19,NORMAL,NORMAL,BENIGN,0,0.99999785,True,BENIGN
RUN_146,2026-10-04 00:50:11,2026-10-04 00:50:20,2026-10-04 00:50:20,NORMAL,EARLY_CHANGE,BENIGN,0,0.9999981,True,BENIGN
RUN_146,2026-10-04 00:50:12,2026-10-04 00:50:21,2026-10-04 00:50:21,NORMAL,EARLY_CHANGE,BENIGN,0,0.99999845,True,BENIGN
RUN_146,2026-10-04 00:50:13,2026-10-04 00:50:22,2026-10-04 00:50:22,NORMAL,EARLY_CHANGE,BENIGN,0,0.99999833,True,BENIGN
RUN_146,2026-10-04 00:50:14,2026-10-04 00:50:23,2026-10-04 00:50:23,NORMAL,EARLY_CHANGE,BENIGN,0,0.99999857,True,BENIGN
RUN_146,2026-10-04 00:50:15,2026-10-04 00:50:24,2026-10-04 00:50:24,NORMAL,EARLY_CHANGE,BENIGN,0,0.9999987,True,BENIGN
RUN_146,2026-10-04 00:50:16,2026-10-04 00:50:25,2026-10-04 00:50:25,NORMAL,EARLY_CHANGE,BENIGN,0,0.9999987,True,BENIGN
RUN_146,2026-10-04 00:50:17,2026-10-04 00:50:26,2026-10-04 00:50:26,NORMAL,EARLY_CHANGE,BENIGN,0,0.99999857,True,BENIGN
RUN_146,2026-10-04 00:50:18,2026-10-04 00:50:27,2026-10-04 00:50:27,NORMAL,EARLY_CHANGE,BENIGN,0,0.9999987,True,BENIGN
RUN_146,2026-10-04 00:50:19,2026-10-04 00:50:28,2026-10-04 00:50:28,NORMAL,EARLY_CHANGE,BENIGN,0,0.99999845,True,BENIGN
RUN_146,2026-10-04 00:50:20,2026-10-04 00:50:29,2026-10-04 00:50:29,NORMAL,EARLY_CHANGE,BENIGN,0,0.99999845,True,BENIGN
RUN_146,2026-10-04 00:50:21,2026-10-04 00:50:30,2026-10-04 00:50:30,NORMAL,ESCALATION,BENIGN,0,0.99999857,True,BENIGN
RUN_146,2026-10-04 00:50:22,2026-10-04 00:50:31,2026-10-04 00:50:31,NORMAL,ESCALATION,BENIGN,0,0.99999845,True,BENIGN
RUN_146,2026-10-04 00:50:23,2026-10-04 00:50:32,2026-10-04 00:50:32,NORMAL,ESCALATION,BENIGN,0,0.99999785,True,BENIGN
RUN_146,2026-10-04 00:50:24,2026-10-04 00:50:33,2026-10-04 00:50:33,NORMAL,ESCALATION,BENIGN,0,0.99999774,True,BENIGN
RUN_146,2026-10-04 00:50:25,2026-10-04 00:50:34,2026-10-04 00:50:34,NORMAL,ESCALATION,BENIGN,0,0.9999976,True,BENIGN
RUN_146,2026-10-04 00:50:26,2026-10-04 00:50:35,2026-10-04 00:50:35,NORMAL,ESCALATION,BENIGN,0,0.99999547,True,BENIGN
RUN_146,2026-10-04 00:50:27,2026-10-04 00:50:36,2026-10-04 00:50:36,NORMAL,ESCALATION,BENIGN,0,0.9999938,True,BENIGN
RUN_146,2026-10-04 00:50:28,2026-10-04 00:50:37,2026-10-04 00:50:37,NORMAL,ESCALATION,BENIGN,0,0.999995,True,BENIGN
RUN_146,2026-10-04 00:50:29,2026-10-04 00:50:38,2026-10-04 00:50:38,NORMAL,ESCALATION,BENIGN,0,0.9999931,True,BENIGN
RUN_146,2026-10-04 00:50:30,2026-10-04 00:50:39,2026-10-04 00:50:39,NORMAL,ESCALATION,BENIGN,0,0.999987,True,BENIGN
RUN_146,2026-10-04 00:50:31,2026-10-04 00:50:40,2026-10-04 00:50:40,NORMAL,ESCALATION,BENIGN,0,0.99998677,True,BENIGN
RUN_146,2026-10-04 00:50:32,2026-10-04 00:50:41,2026-10-04 00:50:41,NORMAL,ESCALATION,BENIGN,0,0.9999927,True,BENIGN
RUN_146,2026-10-04 00:50:33,2026-10-04 00:50:42,2026-10-04 00:50:42,NORMAL,ESCALATION,BENIGN,0,0.9999933,True,BENIGN
RUN_146,2026-10-04 00:50:34,2026-10-04 00:50:43,2026-10-04 00:50:43,NORMAL,ESCALATION,BENIGN,0,0.9999956,True,BENIGN
RUN_146,2026-10-04 00:50:35,2026-10-04 00:50:44,2026-10-04 00:50:44,NORMAL,ESCALATION,BENIGN,0,0.99998397,True,BENIGN
RUN_146,2026-10-04 00:50:36,2026-10-04 00:50:45,2026-10-04 00:50:45,NORMAL,ESCALATION,BENIGN,0,0.9999926,True,BENIGN
RUN_146,2026-10-04 00:50:37,2026-10-04 00:50:46,2026-10-04 00:50:46,NORMAL,ESCALATION,BENIGN,0,0.9999865,True,BENIGN
RUN_146,2026-10-04 00:50:38,2026-10-04 00:50:47,2026-10-04 00:50:47,NORMAL,ESCALATION,BENIGN,0,0.99999547,True,BENIGN
RUN_146,2026-10-04 00:50:39,2026-10-04 00:50:48,2026-10-04 00:50:48,NORMAL,ESCALATION,BENIGN,0,0.9999907,True,BENIGN
RUN_146,2026-10-04 00:50:40,2026-10-04 00:50:49,2026-10-04 00:50:49,NORMAL,ESCALATION,BENIGN,0,0.99999225,True,BENIGN
RUN_146,2026-10-04 00:50:41,2026-10-04 00:50:50,2026-10-04 00:50:50,NORMAL,ESCALATION,BENIGN,0,0.9995875,True,BENIGN
RUN_146,2026-10-04 00:50:42,2026-10-04 00:50:51,2026-10-04 00:50:51,NORMAL,ESCALATION,BENIGN,0,0.99950063,True,BENIGN
RUN_146,2026-10-04 00:50:43,2026-10-04 00:50:52,2026-10-04 00:50:52,NORMAL,ESCALATION,BENIGN,0,0.9999528,True,BENIGN
RUN_146,2026-10-04 00:50:44,2026-10-04 00:50:53,2026-10-04 00:50:53,NORMAL,ESCALATION,BENIGN,0,0.99998444,True,BENIGN
RUN_146,2026-10-04 00:50:45,2026-10-04 00:50:54,2026-10-04 00:50:54,NORMAL,ESCALATION,BENIGN,0,0.9999817,True,BENIGN
RUN_146,2026-10-04 00:50:46,2026-10-04 00:50:55,2026-10-04 00:50:55,NORMAL,ESCALATION,BENIGN,0,0.9999875,True,BENIGN
RUN_146,2026-10-04 00:50:47,2026-10-04 00:50:56,2026-10-04 00:50:56,NORMAL,ESCALATION,BENIGN,0,0.99999225,True,BENIGN
RUN_146,2026-10-04 00:50:48,2026-10-04 00:50:57,2026-10-04 00:50:57,NORMAL,ESCALATION,BENIGN,0,0.9999881,True,BENIGN
RUN_146,2026-10-04 00:50:49,2026-10-04 00:50:58,2026-10-04 00:50:58,NORMAL,ESCALATION,BENIGN,0,0.9999964,True,BENIGN
RUN_146,2026-10-04 00:50:50,2026-10-04 00:50:59,2026-10-04 00:50:59,NORMAL,ESCALATION,BENIGN,0,0.99999654,True,BENIGN
RUN_146,2026-10-04 00:50:51,2026-10-04 00:51:00,2026-10-04 00:51:00,NORMAL,SUSTAINED,BENIGN,0,0.9999975,True,BENIGN
RUN_146,2026-10-04 00:50:52,2026-10-04 00:51:01,2026-10-04 00:51:01,NORMAL,SUSTAINED,BENIGN,0,0.99999666,True,BENIGN
RUN_146,2026-10-04 00:50:53,2026-10-04 00:51:02,2026-10-04 00:51:02,NORMAL,SUSTAINED,BENIGN,0,0.9999975,True,BENIGN
RUN_146,2026-10-04 00:50:54,2026-10-04 00:51:03,2026-10-04 00:51:03,NORMAL,SUSTAINED,BENIGN,0,0.999997,True,BENIGN
RUN_146,2026-10-04 00:50:55,2026-10-04 00:51:04,2026-10-04 00:51:04,NORMAL,SUSTAINED,BENIGN,0,0.99999714,True,BENIGN
RUN_146,2026-10-04 00:50:56,2026-10-04 00:51:05,2026-10-04 00:51:05,NORMAL,SUSTAINED,BENIGN,0,0.9999975,True,BENIGN
RUN_146,2026-10-04 00:50:57,2026-10-04 00:51:06,2026-10-04 00:51:06,NORMAL,SUSTAINED,BENIGN,0,0.99999833,True,BENIGN
RUN_146,2026-10-04 00:50:58,2026-10-04 00:51:07,2026-10-04 00:51:07,NORMAL,SUSTAINED,BENIGN,0,0.99999774,True,BENIGN
RUN_146,2026-10-04 00:50:59,2026-10-04 00:51:08,2026-10-04 00:51:08,NORMAL,SUSTAINED,BENIGN,0,0.9999976,True,BENIGN
RUN_146,2026-10-04 00:51:00,2026-10-04 00:51:09,2026-10-04 00:51:09,NORMAL,SUSTAINED,BENIGN,0,0.99999154,True,BENIGN
RUN_146,2026-10-04 00:51:01,2026-10-04 00:51:10,2026-10-04 00:51:10,NORMAL,SUSTAINED,BENIGN,0,0.99999654,True,BENIGN
RUN_146,2026-10-04 00:51:02,2026-10-04 00:51:11,2026-10-04 00:51:11,NORMAL,SUSTAINED,BENIGN,0,0.99999666,True,BENIGN
RUN_146,2026-10-04 00:51:03,2026-10-04 00:51:12,2026-10-04 00:51:12,NORMAL,SUSTAINED,BENIGN,0,0.99999785,True,BENIGN
RUN_146,2026-10-04 00:51:04,2026-10-04 00:51:13,2026-10-04 00:51:13,NORMAL,SUSTAINED,BENIGN,0,0.99999785,True,BENIGN
RUN_146,2026-10-04 00:51:05,2026-10-04 00:51:14,2026-10-04 00:51:14,NORMAL,SUSTAINED,BENIGN,0,0.99999785,True,BENIGN
RUN_146,2026-10-04 00:51:06,2026-10-04 00:51:15,2026-10-04 00:51:15,NORMAL,SUSTAINED,BENIGN,0,0.9999982,True,BENIGN
RUN_146,2026-10-04 00:51:07,2026-10-04 00:51:16,2026-10-04 00:51:16,NORMAL,SUSTAINED,BENIGN,0,0.99999833,True,BENIGN
RUN_146,2026-10-04 00:51:08,2026-10-04 00:51:17,2026-10-04 00:51:17,NORMAL,SUSTAINED,BENIGN,0,0.99999857,True,BENIGN
RUN_146,2026-10-04 00:51:09,2026-10-04 00:51:18,2026-10-04 00:51:18,NORMAL,SUSTAINED,BENIGN,0,0.99999857,True,BENIGN
RUN_146,2026-10-04 00:51:10,2026-10-04 00:51:19,2026-10-04 00:51:19,NORMAL,SUSTAINED,BENIGN,0,0.9999989,True,BENIGN
RUN_146,2026-10-04 00:51:11,2026-10-04 00:51:20,2026-10-04 00:51:20,NORMAL,SUSTAINED,BENIGN,0,0.9999987,True,BENIGN
RUN_146,2026-10-04 00:51:12,2026-10-04 00:51:21,2026-10-04 00:51:21,NORMAL,SUSTAINED,BENIGN,0,0.9999989,True,BENIGN
RUN_146,2026-10-04 00:51:13,2026-10-04 00:51:22,2026-10-04 00:51:22,NORMAL,SUSTAINED,BENIGN,0,0.9999989,True,BENIGN
RUN_146,2026-10-04 00:51:14,2026-10-04 00:51:23,2026-10-04 00:51:23,NORMAL,SUSTAINED,BENIGN,0,0.9999989,True,BENIGN
RUN_146,2026-10-04 00:51:15,2026-10-04 00:51:24,2026-10-04 00:51:24,NORMAL,SUSTAINED,BENIGN,0,0.99999905,True,BENIGN
RUN_146,2026-10-04 00:51:16,2026-10-04 00:51:25,2026-10-04 00:51:25,NORMAL,SUSTAINED,BENIGN,0,0.9999988,True,BENIGN
RUN_146,2026-10-04 00:51:17,2026-10-04 00:51:26,2026-10-04 00:51:26,NORMAL,SUSTAINED,BENIGN,0,0.9999988,True,BENIGN
RUN_146,2026-10-04 00:51:18,2026-10-04 00:51:27,2026-10-04 00:51:27,NORMAL,SUSTAINED,BENIGN,0,0.9999982,True,BENIGN
RUN_146,2026-10-04 00:51:19,2026-10-04 00:51:28,2026-10-04 00:51:28,NORMAL,SUSTAINED,BENIGN,0,0.9999981,True,BENIGN
RUN_146,2026-10-04 00:51:20,2026-10-04 00:51:29,2026-10-04 00:51:29,NORMAL,SUSTAINED,BENIGN,0,0.9999963,True,BENIGN
RUN_146,2026-10-04 00:51:21,2026-10-04 00:51:30,2026-10-04 00:51:30,NORMAL,DECAY,BENIGN,0,0.99999774,True,BENIGN
RUN_146,2026-10-04 00:51:22,2026-10-04 00:51:31,2026-10-04 00:51:31,NORMAL,DECAY,BENIGN,0,0.9999956,True,BENIGN
RUN_146,2026-10-04 00:51:23,2026-10-04 00:51:32,2026-10-04 00:51:32,NORMAL,DECAY,BENIGN,0,0.999998,True,BENIGN
RUN_146,2026-10-04 00:51:24,2026-10-04 00:51:33,2026-10-04 00:51:33,NORMAL,DECAY,BENIGN,0,0.99999774,True,BENIGN
RUN_146,2026-10-04 00:51:25,2026-10-04 00:51:34,2026-10-04 00:51:34,NORMAL,DECAY,BENIGN,0,0.99999774,True,BENIGN
RUN_146,2026-10-04 00:51:26,2026-10-04 00:51:35,2026-10-04 00:51:35,NORMAL,DECAY,BENIGN,0,0.99999547,True,BENIGN
RUN_146,2026-10-04 00:51:27,2026-10-04 00:51:36,2026-10-04 00:51:36,NORMAL,DECAY,BENIGN,0,0.99999356,True,BENIGN
RUN_146,2026-10-04 00:51:28,2026-10-04 00:51:37,2026-10-04 00:51:37,NORMAL,DECAY,BENIGN,0,0.9999937,True,BENIGN
RUN_146,2026-10-04 00:51:29,2026-10-04 00:51:38,2026-10-04 00:51:38,NORMAL,DECAY,BENIGN,0,0.9999956,True,BENIGN
RUN_146,2026-10-04 00:51:30,2026-10-04 00:51:39,2026-10-04 00:51:39,NORMAL,DECAY,BENIGN,0,0.99999595,True,BENIGN
RUN_146,2026-10-04 00:51:31,2026-10-04 00:51:40,2026-10-04 00:51:40,NORMAL,DECAY,BENIGN,0,0.99999404,True,BENIGN
RUN_146,2026-10-04 00:51:32,2026-10-04 00:51:41,2026-10-04 00:51:41,NORMAL,DECAY,BENIGN,0,0.99999523,True,BENIGN
RUN_146,2026-10-04 00:51:33,2026-10-04 00:51:42,2026-10-04 00:51:42,NORMAL,DECAY,BENIGN,0,0.9999956,True,BENIGN
RUN_146,2026-10-04 00:51:34,2026-10-04 00:51:43,2026-10-04 00:51:43,NORMAL,DECAY,BENIGN,0,0.9999968,True,BENIGN
RUN_146,2026-10-04 00:51:35,2026-10-04 00:51:44,2026-10-04 00:51:44,NORMAL,DECAY,BENIGN,0,0.9999964,True,BENIGN
RUN_146,2026-10-04 00:51:36,2026-10-04 00:51:45,2026-10-04 00:51:45,NORMAL,DECAY,BENIGN,0,0.9999963,True,BENIGN
RUN_146,2026-10-04 00:51:37,2026-10-04 00:51:46,2026-10-04 00:51:46,NORMAL,DECAY,BENIGN,0,0.9999957,True,BENIGN
RUN_146,2026-10-04 00:51:38,2026-10-04 00:51:47,2026-10-04 00:51:47,NORMAL,DECAY,BENIGN,0,0.9999606,True,BENIGN
RUN_146,2026-10-04 00:51:39,2026-10-04 00:51:48,2026-10-04 00:51:48,NORMAL,DECAY,BENIGN,0,0.9999762,True,BENIGN
RUN_146,2026-10-04 00:51:40,2026-10-04 00:51:49,2026-10-04 00:51:49,NORMAL,DECAY,BENIGN,0,0.99998605,True,BENIGN
RUN_146,2026-10-04 00:51:41,2026-10-04 00:51:50,2026-10-04 00:51:50,NORMAL,RECOVERY,BENIGN,0,0.9999933,True,BENIGN
RUN_146,2026-10-04 00:51:42,2026-10-04 00:51:51,2026-10-04 00:51:51,NORMAL,RECOVERY,BENIGN,0,0.99999213,True,BENIGN
RUN_146,2026-10-04 00:51:43,2026-10-04 00:51:52,2026-10-04 00:51:52,NORMAL,RECOVERY,BENIGN,0,0.9999823,True,BENIGN
RUN_146,2026-10-04 00:51:44,2026-10-04 00:51:53,2026-10-04 00:51:53,NORMAL,RECOVERY,BENIGN,0,0.9999925,True,BENIGN
RUN_146,2026-10-04 00:51:45,2026-10-04 00:51:54,2026-10-04 00:51:54,NORMAL,RECOVERY,BENIGN,0,0.9999943,True,BENIGN
RUN_146,2026-10-04 00:51:46,2026-10-04 00:51:55,2026-10-04 00:51:55,NORMAL,RECOVERY,BENIGN,0,0.99999595,True,BENIGN
RUN_146,2026-10-04 00:51:47,2026-10-04 00:51:56,2026-10-04 00:51:56,NORMAL,RECOVERY,BENIGN,0,0.9999962,True,BENIGN
RUN_146,2026-10-04 00:51:48,2026-10-04 00:51:57,2026-10-04 00:51:57,NORMAL,RECOVERY,BENIGN,0,0.99999774,True,BENIGN
RUN_146,2026-10-04 00:51:49,2026-10-04 00:51:58,2026-10-04 00:51:58,NORMAL,RECOVERY,BENIGN,0,0.99999774,True,BENIGN
RUN_146,2026-10-04 00:51:50,2026-10-04 00:51:59,2026-10-04 00:51:59,NORMAL,RECOVERY,BENIGN,0,0.999998,True,BENIGN
