run_id,timestamp,scenario,phase,pkts_per_sec,bytes_per_sec,active_flows,inter_arrival_mean,packet_rate_std,byte_rate_std,flow_persistence_sec
RUN_010,2026-10-03 20:18:00,NORMAL,NORMAL,6.8,4310.4,1.0,0.1591269841269841,0.0,0.0,0.0
RUN_010,2026-10-03 20:18:01,NORMAL,NORMAL,10.714285714285714,4557.428571428572,1.5714285714285714,0.10214547357404498,1.6428571428571428,1072.9285714285713,0.0
RUN_010,2026-10-03 20:18:02,NORMAL,NORMAL,9.714285714285714,7312.142857142857,1.5714285714285714,0.11763038548752829,2.717618044392774,2134.1694346458403,0.0
RUN_010,2026-10-03 20:18:03,NORMAL,NORMAL,2.857142857142857,2260.5714285714284,1.5714285714285714,0.44523809523809527,3.748636250962791,2383.1457755808783,0.0
RUN_010,2026-10-03 20:18:04,NORMAL,NORMAL,7.8,5063.6,1.0,0.19833333333333333,3.9543648168872862,2700.7966703556185,0.0
RUN_010,2026-10-03 20:18:05,NORMAL,NORMAL,4.0,2481.6,1.0,0.3285714285714285,3.479889183380947,2388.9112727713486,0.0
RUN_010,2026-10-03 20:18:06,NORMAL,NORMAL,8.666666666666666,6309.166666666667,1.3333333333333333,0.1320165945165945,2.142059864609998,1617.6360114561685,0.0
RUN_010,2026-10-03 20:18:07,NORMAL,NORMAL,7.0,3915.6,1.0,0.23913419913419914,2.517495063022783,2040.3062337043789,0.0
RUN_010,2026-10-03 20:18:08,NORMAL,NORMAL,7.0,5245.2,1.0,0.31507936507936507,2.2803263441144193,1979.1128727118132,0.0
RUN_010,2026-10-03 20:18:09,NORMAL,NORMAL,5.166666666666667,2246.3333333333335,1.3333333333333333,0.2605820105820105,1.938283445376646,1818.1485805866644,0.0
RUN_010,2026-10-03 20:18:10,NORMAL,NORMAL,10.166666666666666,7712.5,1.3333333333333333,0.1392255892255892,4.116779591310039,3774.9288492539476,0.0
RUN_010,2026-10-03 20:18:11,NORMAL,NORMAL,9.5,7625.0,1.3333333333333333,0.1335275835275835,4.101723021586589,3818.6484535942654,0.0
RUN_010,2026-10-03 20:18:12,NORMAL,NORMAL,7.166666666666667,3008.6666666666665,1.3333333333333333,0.2892255892255892,3.126823119436608,2947.613117647757,0.0
RUN_010,2026-10-03 20:18:13,NORMAL,NORMAL,8.285714285714286,5090.571428571428,1.5714285714285714,0.1965899180184894,3.253484448744343,3035.4073945929317,0.0
RUN_010,2026-10-03 20:18:14,NORMAL,NORMAL,8.142857142857142,5679.428571428572,1.5714285714285714,0.30969030969030964,2.0312026865019748,1962.371798767844,0.0
RUN_010,2026-10-03 20:18:15,NORMAL,NORMAL,10.5,5591.625,2.0,0.12265338827838826,3.0778506791060583,2721.864590743076,0.0
RUN_010,2026-10-03 20:18:16,NORMAL,NORMAL,7.25,5052.75,2.0,0.16785714285714282,3.393506677748398,2550.819092659926,0.0
RUN_010,2026-10-03 20:18:17,NORMAL,NORMAL,12.5,10510.375,2.0,0.08485576923076919,3.5172317110314433,3107.1878771410948,0.0
RUN_010,2026-10-03 20:18:18,NORMAL,NORMAL,7.375,3331.875,2.0,0.20042613636363635,3.1292780221249785,2995.5075832290645,0.0
RUN_010,2026-10-03 20:18:19,NORMAL,NORMAL,7.166666666666667,5692.333333333333,1.3333333333333333,0.17175925925925925,3.1062942648733163,2977.9028895478036,0.0
RUN_010,2026-10-03 20:18:20,NORMAL,EARLY_CHANGE,7.5,3643.0,1.3333333333333333,0.21805555555555553,3.6644959768474927,2885.38550818544,0.0
RUN_010,2026-10-03 20:18:21,NORMAL,EARLY_CHANGE,5.0,3664.1666666666665,1.3333333333333333,0.35170940170940174,2.0231506070425893,1478.4490630936755,0.0
RUN_010,2026-10-03 20:18:22,NORMAL,EARLY_CHANGE,6.125,4230.875,1.75,0.3280844155844156,2.540745584663992,1875.4673002416123,0.0
RUN_010,2026-10-03 20:18:23,NORMAL,EARLY_CHANGE,7.714285714285714,4835.142857142857,1.5714285714285714,0.22259585652442795,3.511525697824671,2694.878165154426,0.0
RUN_010,2026-10-03 20:18:24,NORMAL,EARLY_CHANGE,6.333333333333333,3465.1666666666665,1.3333333333333333,0.3055555555555555,3.4509857616192314,2728.0837814237852,0.0
RUN_010,2026-10-03 20:18:25,NORMAL,EARLY_CHANGE,5.625,3956.375,1.75,0.4895833333333333,2.55269731639501,2111.2554720100297,0.0
RUN_010,2026-10-03 20:18:26,NORMAL,EARLY_CHANGE,8.0,4490.111111111111,2.111111111111111,0.2765845265845266,3.333835731172285,2244.9949373219424,0.0
RUN_010,2026-10-03 20:18:27,NORMAL,EARLY_CHANGE,7.888888888888889,4864.777777777777,2.111111111111111,0.14757896424563088,3.03932859886711,2013.8081305839037,0.0
RUN_010,2026-10-03 20:18:28,NORMAL,EARLY_CHANGE,7.0,5145.111111111111,2.111111111111111,0.3595782757547463,3.640498587212548,2506.0524052747664,0.0
RUN_010,2026-10-03 20:18:29,NORMAL,EARLY_CHANGE,6.75,3440.75,2.0,0.20089285714285712,3.7549521128305434,2365.20615676368,0.0
RUN_010,2026-10-03 20:18:30,NORMAL,ESCALATION,5.0,2376.1111111111113,2.111111111111111,0.3671889838556505,3.051075574006844,2017.700124496305,0.0
RUN_010,2026-10-03 20:18:31,NORMAL,ESCALATION,5.1,3415.7,2.2,0.23242424242424237,2.3985918174243057,1605.0476286755177,0.0
RUN_010,2026-10-03 20:18:32,NORMAL,ESCALATION,4.222222222222222,3368.5555555555557,2.111111111111111,0.33086419753086416,2.449640564237711,1981.1413974078762,0.0
RUN_010,2026-10-03 20:18:33,NORMAL,ESCALATION,10.333333333333334,6854.666666666667,2.111111111111111,0.10013227513227513,2.7843334226806182,1993.7720234021185,0.0
RUN_010,2026-10-03 20:18:34,NORMAL,ESCALATION,9.875,7316.25,1.75,0.12531379976232918,3.3407548141525094,3026.939542808552,0.0
RUN_010,2026-10-03 20:18:35,NORMAL,ESCALATION,7.25,5015.625,1.75,0.2235660173160173,3.3886230303100193,3146.8938063856035,0.0
RUN_010,2026-10-03 20:18:36,NORMAL,ESCALATION,10.75,6877.125,1.75,0.10105519480519477,3.280965088814583,2987.1533564684114,0.0
RUN_010,2026-10-03 20:18:37,NORMAL,ESCALATION,6.333333333333333,2933.5555555555557,2.111111111111111,0.21587301587301588,2.8974201146021135,2795.8514164236135,0.0
RUN_010,2026-10-03 20:18:38,NORMAL,ESCALATION,5.888888888888889,2697.5555555555557,2.5555555555555554,0.2288359788359788,3.069899511726678,2263.64784598954,0.0
RUN_010,2026-10-03 20:18:39,NORMAL,ESCALATION,10.11111111111111,8089.222222222223,2.5555555555555554,0.11221186221186219,2.508356017435952,2319.5644146055765,0.0
RUN_010,2026-10-03 20:18:40,NORMAL,ESCALATION,7.75,5973.5,2.0,0.23407738095238095,2.409522388723286,2251.321601486973,0.0
RUN_010,2026-10-03 20:18:41,NORMAL,ESCALATION,10.25,5594.875,2.5,0.11365254435107372,2.473878316696903,2772.0199203442507,0.0
RUN_010,2026-10-03 20:18:42,NORMAL,ESCALATION,9.625,4973.375,2.5,0.11853632478632478,3.0045385688869226,2617.442386796566,0.0
RUN_010,2026-10-03 20:18:43,NORMAL,ESCALATION,4.777777777777778,2651.3333333333335,2.5555555555555554,0.5856481481481481,3.579464493137123,2781.900804890295,0.0
RUN_010,2026-10-03 20:18:44,NORMAL,ESCALATION,8.9,6253.2,2.6,0.13405483405483404,2.7430850160953364,2175.934181005126,0.0
RUN_010,2026-10-03 20:18:45,NORMAL,ESCALATION,8.9,6221.4,2.6,0.29434274059274057,4.28974339536844,3155.753059768569,0.0
RUN_010,2026-10-03 20:18:46,NORMAL,ESCALATION,9.857142857142858,3558.1428571428573,1.5714285714285714,0.13151927437641722,4.559746491737164,2757.5177360727166,0.0
RUN_010,2026-10-03 20:18:47,NORMAL,ESCALATION,7.428571428571429,3436.8571428571427,1.5714285714285714,0.18409863945578228,4.6471012529136075,3103.6661568056597,0.0
RUN_010,2026-10-03 20:18:48,NORMAL,ESCALATION,5.714285714285714,4307.285714285715,1.5714285714285714,0.3242063492063492,4.2463910679500945,2874.35173642018,0.0
RUN_010,2026-10-03 20:18:49,NORMAL,ESCALATION,11.571428571428571,6454.428571428572,1.8571428571428572,0.09575345289631,2.3472325950985504,1710.8984707020431,0.0
RUN_010,2026-10-03 20:18:50,NORMAL,ESCALATION,7.0,3511.1428571428573,1.8571428571428572,0.15741758241758239,2.7802692561776863,2273.9548660404666,0.0
RUN_010,2026-10-03 20:18:51,NORMAL,ESCALATION,6.142857142857143,2715.1428571428573,1.8571428571428572,0.4642857142857143,4.08107674957809,2843.864588790976,0.0
RUN_010,2026-10-03 20:18:52,NORMAL,ESCALATION,5.25,3830.75,2.0,0.22306547619047618,3.5142246567252284,2206.87327502906,0.0
RUN_010,2026-10-03 20:18:53,NORMAL,ESCALATION,8.666666666666666,4838.0,1.3333333333333333,0.12090548340548339,2.009493467637734,938.4193770572057,0.0
RUN_010,2026-10-03 20:18:54,NORMAL,ESCALATION,4.833333333333333,2263.6666666666665,1.3333333333333333,0.3832070707070707,3.0912771486251795,1656.427499103376,0.0
RUN_010,2026-10-03 20:18:55,NORMAL,ESCALATION,6.666666666666667,4639.166666666667,1.3333333333333333,0.20607448107448104,3.334543207311514,1774.4958571949576,0.0
RUN_010,2026-10-03 20:18:56,NORMAL,ESCALATION,7.142857142857143,4371.428571428572,1.5714285714285714,0.19053803339517625,2.6974020542028354,1556.6897671232407,0.0
RUN_010,2026-10-03 20:18:57,NORMAL,ESCALATION,8.0,4520.875,1.75,0.18260281385281385,2.4623008045487915,1317.0113475168005,0.0
RUN_010,2026-10-03 20:18:58,NORMAL,ESCALATION,4.875,2521.625,1.75,0.3408653846153846,3.3350908873753515,2002.4857878235623,0.0
RUN_010,2026-10-03 20:18:59,NORMAL,ESCALATION,8.0,4675.111111111111,2.111111111111111,0.23245273245273243,2.241987122216285,1481.9656659173077,0.0
RUN_010,2026-10-03 20:19:00,NORMAL,SUSTAINED,7.25,5651.5,2.0,0.23606150793650793,2.8804458451416517,2368.6007381621544,0.0
RUN_010,2026-10-03 20:19:01,NORMAL,SUSTAINED,4.5,2441.0,2.0,0.23125,2.877903092638284,2318.319197653784,0.0
RUN_010,2026-10-03 20:19:02,NORMAL,SUSTAINED,8.375,5307.25,1.75,0.13268086080586078,2.6320582963741206,2293.925003106012,0.0
RUN_010,2026-10-03 20:19:03,NORMAL,SUSTAINED,7.75,5558.75,1.75,0.1451808608058608,2.679467842433084,2744.2314792222865,0.0
RUN_010,2026-10-03 20:19:04,NORMAL,SUSTAINED,8.375,5219.125,2.0,0.16032196969696969,2.03507566072137,2242.557567027092,0.0
RUN_010,2026-10-03 20:19:05,NORMAL,SUSTAINED,10.166666666666666,7338.666666666667,1.3333333333333333,0.1001942501942502,2.318600839640417,2535.5636445768605,0.0
RUN_010,2026-10-03 20:19:06,NORMAL,SUSTAINED,9.166666666666666,5463.5,1.3333333333333333,0.1544973544973545,3.0893149385211784,2813.9450960227928,0.0
RUN_010,2026-10-03 20:19:07,NORMAL,SUSTAINED,7.5,4853.833333333333,1.3333333333333333,0.15146103896103894,2.4358727120993673,1855.7188728490194,0.0
RUN_010,2026-10-03 20:19:08,NORMAL,SUSTAINED,6.285714285714286,4405.428571428572,1.5714285714285714,0.41859925788497215,2.6009649464957003,1755.016625758155,0.0
RUN_010,2026-10-03 20:19:09,NORMAL,SUSTAINED,6.0,3486.25,1.75,0.33428030303030304,2.4379158986584306,1667.311517324396,0.0
RUN_010,2026-10-03 20:19:10,NORMAL,SUSTAINED,5.625,2436.0,1.75,0.38372252747252744,2.2907488971475916,1959.788261499591,0.0
RUN_010,2026-10-03 20:19:11,NORMAL,SUSTAINED,8.666666666666666,7032.333333333333,1.3333333333333333,0.2548280423280423,2.987369078289497,2396.698844919733,0.0
RUN_010,2026-10-03 20:19:12,NORMAL,SUSTAINED,10.428571428571429,8429.285714285714,1.5714285714285714,0.1024253524253524,2.992043286948998,2493.5677693645994,0.0
RUN_010,2026-10-03 20:19:13,NORMAL,SUSTAINED,6.333333333333333,2895.1666666666665,1.3333333333333333,0.28928571428571426,2.1987381682870994,2341.0721875983004,0.0
RUN_010,2026-10-03 20:19:14,NORMAL,SUSTAINED,8.333333333333334,5841.333333333333,1.3333333333333333,0.27777777777777773,3.1045052184415085,2741.7850111102175,0.0
RUN_010,2026-10-03 20:19:15,NORMAL,SUSTAINED,8.5,3475.5,1.3333333333333333,0.17208994708994707,2.831902232647959,2555.656057933398,0.0
RUN_010,2026-10-03 20:19:16,NORMAL,SUSTAINED,7.166666666666667,4163.0,1.3333333333333333,0.1519240019240019,2.1431373200615043,1741.516552137893,0.0
RUN_010,2026-10-03 20:19:17,NORMAL,SUSTAINED,6.5,5034.166666666667,1.3333333333333333,0.23352758352758352,2.7311074012629977,2218.281640596659,0.0
RUN_010,2026-10-03 20:19:18,NORMAL,SUSTAINED,4.5,2246.8333333333335,1.3333333333333333,0.5104166666666666,3.1450596231858463,2396.4326759332594,0.0
RUN_010,2026-10-03 20:19:19,NORMAL,SUSTAINED,8.0,6349.8,1.0,0.1404040404040404,3.6415536091932283,2788.571239775745,0.0
RUN_010,2026-10-03 20:19:20,NORMAL,SUSTAINED,8.0,4777.8,1.0,0.14350649350649347,2.857953707402473,2338.6787543481596,0.0
RUN_010,2026-10-03 20:19:21,NORMAL,SUSTAINED,5.6,4252.6,1.0,0.3367532467532467,2.3409019517602663,1981.3592732901275,0.0
RUN_010,2026-10-03 20:19:22,NORMAL,SUSTAINED,7.0,3891.0,1.0,0.21818181818181817,1.716095612607441,1515.242393840936,0.0
RUN_010,2026-10-03 20:19:23,NORMAL,SUSTAINED,8.8,6317.2,1.0,0.17803030303030304,2.285520540999854,1840.9178894762954,0.0
RUN_010,2026-10-03 20:19:24,NORMAL,SUSTAINED,8.333333333333334,3985.6666666666665,1.3333333333333333,0.3149888610414926,2.839419339213905,2059.3392592636246,0.0
RUN_010,2026-10-03 20:19:25,NORMAL,SUSTAINED,7.166666666666667,4234.5,1.3333333333333333,0.1519240019240019,3.3997150308313553,2113.176803544088,0.0
RUN_010,2026-10-03 20:19:26,NORMAL,SUSTAINED,8.8,7228.4,1.0,0.12482905982905983,2.9887492761455583,2530.7194037972577,0.0
RUN_010,2026-10-03 20:19:27,NORMAL,SUSTAINED,7.8,6090.2,1.0,0.13833333333333334,2.7297795917841134,2595.497241058362,0.0
RUN_010,2026-10-03 20:19:28,NORMAL,SUSTAINED,7.0,3161.8,1.0,0.1738888888888889,2.6681074550824357,2365.245976933599,0.0
RUN_010,2026-10-03 20:19:29,NORMAL,SUSTAINED,7.6,3772.8,1.0,0.16064213564213564,1.6206499926967965,1418.7650343155735,0.0
RUN_010,2026-10-03 20:19:30,NORMAL,DECAY,5.4,4488.4,1.0,0.219047619047619,2.059107587918317,1291.9210171123225,0.0
RUN_010,2026-10-03 20:19:31,NORMAL,DECAY,6.0,4923.666666666667,1.3333333333333333,0.44337606837606836,2.08490149137145,1521.2268306785447,0.0
RUN_010,2026-10-03 20:19:32,NORMAL,DECAY,10.166666666666666,5356.333333333333,1.3333333333333333,0.16813371813371814,4.465212884934235,2727.6640570145914,0.0
RUN_010,2026-10-03 20:19:33,NORMAL,DECAY,10.0,6817.333333333333,1.3333333333333333,0.10363340363340362,3.601369707399385,2472.7104308466674,0.0
RUN_010,2026-10-03 20:19:34,NORMAL,DECAY,9.333333333333334,6829.333333333333,1.3333333333333333,0.25503184179654764,4.307380187970904,3142.023229750786,0.0
RUN_010,2026-10-03 20:19:35,NORMAL,DECAY,7.5,4157.833333333333,1.3333333333333333,0.1595899470899471,4.154825476057055,3088.3328576982094,0.0
RUN_010,2026-10-03 20:19:36,NORMAL,DECAY,6.6,4628.2,1.0,0.18833333333333332,2.9229264083340283,2307.7429524302415,0.0
RUN_010,2026-10-03 20:19:37,NORMAL,DECAY,6.0,5001.333333333333,1.3333333333333333,0.3032967032967033,1.0616667966008402,1068.3527510475967,0.0
RUN_010,2026-10-03 20:19:38,NORMAL,DECAY,13.0,7230.0,1.5714285714285714,0.07782217782217779,3.4982043772577898,2188.2170479463643,0.0
RUN_010,2026-10-03 20:19:39,NORMAL,DECAY,8.25,5334.375,2.0,0.2567460317460317,3.3502355030883217,2174.820409689918,0.0
RUN_010,2026-10-03 20:19:40,NORMAL,DECAY,6.25,4435.0,2.0,0.1921626984126984,3.02621538380282,2349.61943119855,0.0
RUN_010,2026-10-03 20:19:41,NORMAL,DECAY,7.75,4006.75,2.0,0.18067094261947203,2.3112175834330912,1846.4569833660607,0.0
RUN_010,2026-10-03 20:19:42,NORMAL,DECAY,9.11111111111111,4953.111111111111,2.3333333333333335,0.12098765432098764,2.2944453630644435,1850.1752246935475,0.0
RUN_010,2026-10-03 20:19:43,NORMAL,DECAY,7.625,3859.125,2.0,0.24791666666666665,3.1824162623489136,2308.005158237245,0.0
RUN_010,2026-10-03 20:19:44,NORMAL,DECAY,6.714285714285714,5043.714285714285,1.8571428571428572,0.2646825396825397,3.0869858597048796,1806.6732509578724,0.0
RUN_010,2026-10-03 20:19:45,NORMAL,DECAY,6.857142857142857,3199.5714285714284,1.8571428571428572,0.1876700680272109,2.5652077573074132,1734.9356491529009,0.0
RUN_010,2026-10-03 20:19:46,NORMAL,DECAY,5.8,3984.0,1.0,0.20523809523809522,3.7848825511659996,2782.470674052488,0.0
RUN_010,2026-10-03 20:19:47,NORMAL,DECAY,7.428571428571429,5026.571428571428,1.5714285714285714,0.20136054421768707,2.177757120150758,1826.9890087361453,0.0
RUN_010,2026-10-03 20:19:48,NORMAL,DECAY,9.428571428571429,5437.0,1.5714285714285714,0.14940476190476187,3.5197427982707197,2238.360696397811,0.0
RUN_010,2026-10-03 20:19:49,NORMAL,DECAY,6.0,3984.8333333333335,1.3333333333333333,0.33968253968253964,4.206861916185768,2694.8722765671887,0.0
RUN_010,2026-10-03 20:19:50,NORMAL,RECOVERY,4.166666666666667,2512.5,1.3333333333333333,0.3765873015873016,4.230324888468199,2945.7427337076624,0.0
RUN_010,2026-10-03 20:19:51,NORMAL,RECOVERY,10.428571428571429,5519.0,1.5714285714285714,0.10600907029478455,3.830036751202709,2473.3118024578644,0.0
RUN_010,2026-10-03 20:19:52,NORMAL,RECOVERY,7.5,5156.75,1.75,0.1411210317460317,2.508731943737793,1598.0198454135596,0.0
RUN_010,2026-10-03 20:19:53,NORMAL,RECOVERY,6.571428571428571,3017.4285714285716,1.5714285714285714,0.24064269064269064,2.6564791734119644,2038.019427583824,0.0
RUN_010,2026-10-03 20:19:54,NORMAL,RECOVERY,6.0,3677.375,2.0,0.31534090909090906,1.9137471030860214,1193.802667491792,0.0
RUN_010,2026-10-03 20:19:55,NORMAL,RECOVERY,4.5,3459.625,2.0,0.36666666666666664,3.082408281016005,1881.2686481916492,0.0
RUN_010,2026-10-03 20:19:56,NORMAL,RECOVERY,8.428571428571429,4207.714285714285,1.5714285714285714,0.14908424908424908,2.864587643603593,1712.387238811197,0.0
RUN_010,2026-10-03 20:19:57,NORMAL,RECOVERY,9.0,5241.5,2.0,0.15258387445887445,2.808278627540456,1868.763071999742,0.0
RUN_010,2026-10-03 20:19:58,NORMAL,RECOVERY,6.111111111111111,2771.5555555555557,2.3333333333333335,0.3928543678543679,2.7998646281370068,1835.3544865495824,0.0
RUN_010,2026-10-03 20:19:59,NORMAL,RECOVERY,7.875,6109.375,2.0,0.20985576923076923,3.1688765061171598,2466.196302990458,0.0
RUN_013,2026-10-03 20:24:00,NORMAL,NORMAL,8.0,5181.833333333333,1.0,0.26952614379084966,0.0,0.0,0.0
RUN_013,2026-10-03 20:24:01,NORMAL,NORMAL,11.166666666666666,7247.833333333333,1.0,0.15800070028011204,4.583333333333333,3357.8333333333335,0.0
RUN_013,2026-10-03 20:24:02,NORMAL,NORMAL,7.75,4561.25,1.5,0.2054563492063492,3.5043145963205116,2538.411833277603,0.0
RUN_013,2026-10-03 20:24:03,NORMAL,NORMAL,7.5,5637.1,2.0,0.15377344877344876,3.1876050552125474,2490.6100934569095,0.0
RUN_013,2026-10-03 20:24:04,NORMAL,NORMAL,6.2,3840.9,2.0,0.2761111111111111,2.884786377977143,2691.6633663139028,0.0
RUN_013,2026-10-03 20:24:05,NORMAL,NORMAL,8.0,5052.7,2.0,0.17245171495171494,3.5577890892473207,2780.846070850209,0.0
RUN_013,2026-10-03 20:24:06,NORMAL,NORMAL,11.181818181818182,8661.181818181818,2.272727272727273,0.09556444743610518,2.728670297734461,2572.4733677304976,0.0
RUN_013,2026-10-03 20:24:07,NORMAL,NORMAL,10.8,8476.9,2.2,0.1203708791208791,2.9464724573365944,3131.7691537718533,0.0
RUN_013,2026-10-03 20:24:08,NORMAL,NORMAL,9.222222222222221,7371.444444444444,1.8888888888888888,0.33019326352659684,2.7824391118648983,2739.511915325827,0.0
RUN_013,2026-10-03 20:24:09,NORMAL,NORMAL,4.111111111111111,2124.0,1.8888888888888888,0.44999999999999996,3.733007145496101,3224.8270771467023,0.0
RUN_013,2026-10-03 20:24:10,NORMAL,NORMAL,12.11111111111111,5818.111111111111,1.8888888888888888,0.08779419563733287,4.436695317538856,3069.971925423227,0.0
RUN_013,2026-10-03 20:24:11,NORMAL,NORMAL,5.125,3409.0,1.5,0.3176136363636363,4.879953256044527,3312.3055729482367,0.0
RUN_013,2026-10-03 20:24:12,NORMAL,NORMAL,8.25,4876.125,1.5,0.16116071428571427,3.943355197577297,2601.714963638487,0.0
RUN_013,2026-10-03 20:24:13,NORMAL,NORMAL,7.5,5271.666666666667,1.0,0.20771103896103896,2.617893224791527,1669.519490554377,0.0
RUN_013,2026-10-03 20:24:14,NORMAL,NORMAL,8.571428571428571,4535.0,1.2857142857142858,0.15986394557823128,2.455787944171463,1890.2402334914534,0.0
RUN_013,2026-10-03 20:24:15,NORMAL,NORMAL,7.0,5353.625,1.5,0.1626488095238095,2.1515298785172954,1240.1822944107498,0.0
RUN_013,2026-10-03 20:24:16,NORMAL,NORMAL,5.818181818181818,4446.181818181818,2.272727272727273,0.2547291092745638,1.996225698964061,1130.3189590599347,0.0
RUN_013,2026-10-03 20:24:17,NORMAL,NORMAL,5.090909090909091,3191.818181818182,2.272727272727273,0.32258953168044074,2.9163355218946365,2114.67663649212,0.0
RUN_013,2026-10-03 20:24:18,NORMAL,NORMAL,5.75,3419.9166666666665,2.5,0.19080687830687826,2.588728493499976,1903.2406331821692,0.0
RUN_013,2026-10-03 20:24:19,NORMAL,NORMAL,6.25,4766.0,2.5,0.3561177248677249,2.67942281473672,2211.3872862886114,0.0
RUN_013,2026-10-03 20:24:20,NORMAL,EARLY_CHANGE,7.166666666666667,4100.833333333333,2.5,0.3858455882352941,3.196661233120663,2397.8222876523732,0.0
RUN_013,2026-10-03 20:24:21,NORMAL,EARLY_CHANGE,6.0,3622.6,2.0,0.38325757575757574,3.760115407303394,2612.229772608546,0.0
RUN_013,2026-10-03 20:24:22,NORMAL,EARLY_CHANGE,7.75,5942.75,1.5,0.2719291125541125,3.4938523431203583,2410.0145546621748,0.0
RUN_013,2026-10-03 20:24:23,NORMAL,EARLY_CHANGE,4.111111111111111,2319.6666666666665,1.6666666666666667,0.30599647266313934,3.433024738815197,2580.6921531261364,0.0
RUN_013,2026-10-03 20:24:24,NORMAL,EARLY_CHANGE,8.0,3855.3333333333335,1.6666666666666667,0.22148026265673323,3.45288414640565,1918.0485751382648,0.0
RUN_013,2026-10-03 20:24:25,NORMAL,EARLY_CHANGE,10.125,6305.875,1.5,0.18675999245852185,4.57646709524115,2825.277454034912,0.0
RUN_013,2026-10-03 20:24:26,NORMAL,EARLY_CHANGE,9.125,7001.625,1.5,0.12545093795093792,4.5404500335093525,3224.859035476829,0.0
RUN_013,2026-10-03 20:24:27,NORMAL,EARLY_CHANGE,6.75,4936.75,1.5,0.1872068903318903,3.4857100364242912,2207.2884667426933,0.0
RUN_013,2026-10-03 20:24:28,NORMAL,EARLY_CHANGE,7.444444444444445,3644.222222222222,1.6666666666666667,0.2569264069264069,3.8203284024778514,2257.614462311791,0.0
RUN_013,2026-10-03 20:24:29,NORMAL,EARLY_CHANGE,10.11111111111111,6496.222222222223,1.6666666666666667,0.10665908165908163,3.7620504271972095,2720.6259717931384,0.0
RUN_013,2026-10-03 20:24:30,NORMAL,ESCALATION,7.7,5708.3,2.0,0.15873737373737373,2.5734171971090554,2329.463935375291,0.0
RUN_013,2026-10-03 20:24:31,NORMAL,ESCALATION,5.545454545454546,2606.090909090909,2.6363636363636362,0.4112137862137862,2.848913750011066,2512.281028803265,0.0
RUN_013,2026-10-03 20:24:32,NORMAL,ESCALATION,6.083333333333333,4483.166666666667,2.6666666666666665,0.2264880952380952,2.1421803647118236,1922.632933412763,0.0
RUN_013,2026-10-03 20:24:33,NORMAL,ESCALATION,7.5,4461.2,2.0,0.18920385170385168,2.949083782380748,2079.3308124267255,0.0
RUN_013,2026-10-03 20:24:34,NORMAL,ESCALATION,5.9,3268.6,2.0,0.369011544011544,3.2353202465328805,2319.9212061236976,0.0
RUN_013,2026-10-03 20:24:35,NORMAL,ESCALATION,7.888888888888889,5441.777777777777,1.6666666666666667,0.16639533306199972,3.074107961798722,1994.731749866967,0.0
RUN_013,2026-10-03 20:24:36,NORMAL,ESCALATION,7.222222222222222,4764.666666666667,1.6666666666666667,0.26477473144139807,3.4534630872019854,2468.9526347857627,0.0
RUN_013,2026-10-03 20:24:37,NORMAL,ESCALATION,10.375,6002.375,1.5,0.11311592818945758,3.8276221348314103,2719.764230031727,0.0
RUN_013,2026-10-03 20:24:38,NORMAL,ESCALATION,8.444444444444445,5800.777777777777,1.8888888888888888,0.18817663817663816,2.7539195856766963,2003.672843148669,0.0
RUN_013,2026-10-03 20:24:39,NORMAL,ESCALATION,6.571428571428571,4640.285714285715,1.2857142857142858,0.22437641723356005,3.192822929308014,2504.2410286027343,0.0
RUN_013,2026-10-03 20:24:40,NORMAL,ESCALATION,8.428571428571429,4856.0,1.2857142857142858,0.18707126207126204,3.3780758915763585,2230.7469697163356,0.0
RUN_013,2026-10-03 20:24:41,NORMAL,ESCALATION,6.833333333333333,4908.833333333333,1.0,0.17851130351130348,2.14927051764927,1086.5051096225409,0.0
RUN_013,2026-10-03 20:24:42,NORMAL,ESCALATION,9.0,7160.666666666667,1.0,0.14120370370370366,2.4242371029992342,1714.7011967495935,0.0
RUN_013,2026-10-03 20:24:43,NORMAL,ESCALATION,9.142857142857142,5485.0,1.2857142857142858,0.15743145743145742,2.320217130316703,2049.820165928176,0.0
RUN_013,2026-10-03 20:24:44,NORMAL,ESCALATION,6.375,3910.875,1.5,0.4202845765345765,2.2729354466904486,2045.2651544379025,0.0
RUN_013,2026-10-03 20:24:45,NORMAL,ESCALATION,6.375,4336.375,1.5,0.3465742590742591,2.9377740880015395,2447.7510777461275,0.0
RUN_013,2026-10-03 20:24:46,NORMAL,ESCALATION,11.0,5629.875,1.5,0.11452609890109887,4.253312428671941,3132.2042437928076,0.0
RUN_013,2026-10-03 20:24:47,NORMAL,ESCALATION,8.857142857142858,5773.857142857143,1.2857142857142858,0.1417985375968569,4.046811387301562,2652.2705083754263,0.0
RUN_013,2026-10-03 20:24:48,NORMAL,ESCALATION,4.0,1565.8333333333333,1.0,0.4873737373737374,3.6576812237483023,2453.4946616327447,0.0
RUN_013,2026-10-03 20:24:49,NORMAL,ESCALATION,6.0,3998.5,1.0,0.2128205128205128,3.133862546416801,2113.2891139168055,0.0
RUN_013,2026-10-03 20:24:50,NORMAL,ESCALATION,7.166666666666667,5676.333333333333,1.0,0.21041666666666667,3.406306914329725,2787.8295463626037,0.0
RUN_013,2026-10-03 20:24:51,NORMAL,ESCALATION,7.0,4159.166666666667,1.0,0.23769841269841266,3.4067035353023463,2791.941446830259,0.0
RUN_013,2026-10-03 20:24:52,NORMAL,ESCALATION,9.875,6569.5,1.5,0.15727137445887446,3.048989544489535,2365.4720178660004,0.0
RUN_013,2026-10-03 20:24:53,NORMAL,ESCALATION,7.625,4396.125,1.5,0.18799603174603172,3.105370856887357,2729.3737733449616,0.0
RUN_013,2026-10-03 20:24:54,NORMAL,ESCALATION,9.11111111111111,6349.111111111111,1.8888888888888888,0.12821191154524486,2.29421363304204,1696.5024619773737,0.0
RUN_013,2026-10-03 20:24:55,NORMAL,ESCALATION,6.2,4895.7,2.0,0.19416666666666665,2.350257532470098,1606.6841516997897,0.0
RUN_013,2026-10-03 20:24:56,NORMAL,ESCALATION,5.333333333333333,3291.1111111111113,1.6666666666666667,0.5111111111111111,3.204853473964875,2372.191663899884,0.0
RUN_013,2026-10-03 20:24:57,NORMAL,ESCALATION,9.555555555555555,6848.555555555556,1.6666666666666667,0.16528136895783951,3.5539832864111243,2746.4319596496043,0.0
RUN_013,2026-10-03 20:24:58,NORMAL,ESCALATION,7.555555555555555,4858.777777777777,1.6666666666666667,0.13968654801988134,3.599916389398468,2510.0285880712026,0.0
RUN_013,2026-10-03 20:24:59,NORMAL,ESCALATION,6.375,2325.125,1.5,0.3859916125541125,3.4971329150457837,2348.921321288238,0.0
RUN_013,2026-10-03 20:25:00,NORMAL,SUSTAINED,8.25,5180.75,1.5,0.17168109668109666,3.217599943894461,2295.026794114392,0.0
RUN_013,2026-10-03 20:25:01,NORMAL,SUSTAINED,9.625,5445.0,1.5,0.22862554112554112,3.826776240985873,3014.0423223895536,0.0
RUN_013,2026-10-03 20:25:02,NORMAL,SUSTAINED,8.1,5523.2,2.2,0.16698523698523698,2.612480442841751,2110.9599041187153,0.0
RUN_013,2026-10-03 20:25:03,NORMAL,SUSTAINED,5.8,4310.9,2.2,0.299041514041514,3.989168950659343,3312.569013985769,0.0
RUN_013,2026-10-03 20:25:04,NORMAL,SUSTAINED,5.625,3477.875,1.5,0.3498263888888889,4.002246336401463,3144.260042164443,0.0
RUN_013,2026-10-03 20:25:05,NORMAL,SUSTAINED,5.875,3728.625,1.5,0.3253066378066378,3.4088655680099116,2432.5615801148415,0.0
RUN_013,2026-10-03 20:25:06,NORMAL,SUSTAINED,8.8,3766.3,1.8,0.13838023088023085,2.9675241168599134,1887.0205333051028,0.0
RUN_013,2026-10-03 20:25:07,NORMAL,SUSTAINED,5.7,4749.7,1.8,0.23595959595959598,2.9484331618392856,1774.677350591876,0.0
RUN_013,2026-10-03 20:25:08,NORMAL,SUSTAINED,8.88888888888889,4871.666666666667,1.6666666666666667,0.23359510859510857,3.262494727302299,1771.0916765756092,0.0
RUN_013,2026-10-03 20:25:09,NORMAL,SUSTAINED,7.6,4167.4,1.8,0.293023088023088,2.781671237748937,1800.5620950783891,0.0
RUN_013,2026-10-03 20:25:10,NORMAL,SUSTAINED,7.0,5537.666666666667,1.6666666666666667,0.33908051824718494,2.9483457394903763,2312.3336973064456,0.0
RUN_013,2026-10-03 20:25:11,NORMAL,SUSTAINED,8.75,6202.375,1.5,0.15853625541125538,2.513269747933727,2162.9393196948836,0.0
RUN_013,2026-10-03 20:25:12,NORMAL,SUSTAINED,6.285714285714286,4485.0,1.2857142857142858,0.38571428571428573,3.187000320599947,2530.2631539840886,0.0
RUN_013,2026-10-03 20:25:13,NORMAL,SUSTAINED,6.5,5505.333333333333,1.0,0.2174501424501424,1.7115479915227738,1416.7653890756903,0.0
RUN_013,2026-10-03 20:25:14,NORMAL,SUSTAINED,4.833333333333333,1949.3333333333333,1.0,0.27626262626262627,2.9268124400768882,2630.837578883824,0.0
RUN_013,2026-10-03 20:25:15,NORMAL,SUSTAINED,8.166666666666666,6812.333333333333,1.0,0.19067044067044062,3.100491549050735,2808.2726535909205,0.0
RUN_013,2026-10-03 20:25:16,NORMAL,SUSTAINED,5.0,2372.0,1.0,0.5637566137566138,3.4908178556373577,2813.0918150559014,0.0
RUN_013,2026-10-03 20:25:17,NORMAL,SUSTAINED,8.5,4899.666666666667,1.0,0.26824379324379327,3.035175480273668,2431.9528313885653,0.0
RUN_013,2026-10-03 20:25:18,NORMAL,SUSTAINED,11.666666666666666,6801.166666666667,1.0,0.09834656084656081,4.039419625095438,2988.3343482977266,0.0
RUN_013,2026-10-03 20:25:19,NORMAL,SUSTAINED,8.833333333333334,6844.666666666667,1.0,0.14675925925925923,3.694013585560436,3376.561372759894,0.0
RUN_013,2026-10-03 20:25:20,NORMAL,SUSTAINED,7.0,5086.833333333333,1.0,0.3263888888888889,3.322580649200631,3033.489034380986,0.0
RUN_013,2026-10-03 20:25:21,NORMAL,SUSTAINED,9.428571428571429,4913.142857142857,1.2857142857142858,0.1950876504447933,2.891575091174009,2847.440659802301,0.0
RUN_013,2026-10-03 20:25:22,NORMAL,SUSTAINED,7.714285714285714,5162.142857142857,1.2857142857142858,0.17667748917748918,4.074246633185948,2707.235068233161,0.0
RUN_013,2026-10-03 20:25:23,NORMAL,SUSTAINED,6.875,5088.875,1.5,0.45178571428571423,4.432323409897576,3529.8103153408015,0.0
RUN_013,2026-10-03 20:25:24,NORMAL,SUSTAINED,7.777777777777778,5921.0,1.6666666666666667,0.1503086419753086,3.125033620033646,2431.9581597936253,0.0
RUN_013,2026-10-03 20:25:25,NORMAL,SUSTAINED,7.0,3199.1111111111113,1.6666666666666667,0.21094276094276093,3.0294068460387513,2308.4020389433595,0.0
RUN_013,2026-10-03 20:25:26,NORMAL,SUSTAINED,6.875,3877.75,1.5,0.3019314019314019,3.139663232486909,2509.001341079973,0.0
RUN_013,2026-10-03 20:25:27,NORMAL,SUSTAINED,9.714285714285714,4731.0,1.2857142857142858,0.11002529216814928,3.0847896169422633,2679.922136373961,0.0
RUN_013,2026-10-03 20:25:28,NORMAL,SUSTAINED,9.714285714285714,5615.857142857143,1.2857142857142858,0.2702773417059131,2.764850817302816,2285.3836010499044,0.0
RUN_013,2026-10-03 20:25:29,NORMAL,SUSTAINED,5.666666666666667,3756.8333333333335,1.0,0.3142857142857142,3.1290850948925706,2336.920834462216,0.0
RUN_013,2026-10-03 20:25:30,NORMAL,DECAY,6.333333333333333,4881.0,1.0,0.29359066859066857,3.549257295530227,2517.9292880461912,0.0
RUN_013,2026-10-03 20:25:31,NORMAL,DECAY,8.666666666666666,3840.5,1.0,0.1621848739495798,3.4603595604250956,2210.122595322304,0.0
RUN_013,2026-10-03 20:25:32,NORMAL,DECAY,10.166666666666666,6991.666666666667,1.0,0.15648148148148147,4.845733615931751,3135.901798453639,0.0
RUN_013,2026-10-03 20:25:33,NORMAL,DECAY,5.142857142857143,3682.1428571428573,1.2857142857142858,0.2215986394557823,2.710264183143297,1700.9769948470932,0.0
RUN_013,2026-10-03 20:25:34,NORMAL,DECAY,6.428571428571429,4304.571428571428,1.2857142857142858,0.1958049886621315,2.785406225991711,2241.536363958783,0.0
RUN_013,2026-10-03 20:25:35,NORMAL,DECAY,7.571428571428571,4539.0,1.2857142857142858,0.16643990929705213,3.0774802147674163,2415.21170599412,0.0
RUN_013,2026-10-03 20:25:36,NORMAL,DECAY,7.142857142857143,5649.428571428572,1.2857142857142858,0.25555555555555554,1.8748095543117331,1668.0440967605207,0.0
RUN_013,2026-10-03 20:25:37,NORMAL,DECAY,7.875,3662.375,1.5,0.1673205266955267,1.8070709766993747,1333.236401650252,0.0
RUN_013,2026-10-03 20:25:38,NORMAL,DECAY,8.777777777777779,6265.111111111111,1.6666666666666667,0.21013431013431014,1.8968589503555673,2026.202074358171,0.0
RUN_013,2026-10-03 20:25:39,NORMAL,DECAY,9.333333333333334,5535.777777777777,1.8888888888888888,0.12264957264957263,2.106047366312501,1862.4976124762466,0.0
RUN_013,2026-10-03 20:25:40,NORMAL,DECAY,5.555555555555555,4070.1111111111113,1.8888888888888888,0.6076755488520195,2.840045676462783,1880.4568302421956,0.0
RUN_013,2026-10-03 20:25:41,NORMAL,DECAY,8.333333333333334,2981.0,1.8888888888888888,0.3138640680307347,4.65678676753005,2680.3304702516707,0.0
RUN_013,2026-10-03 20:25:42,NORMAL,DECAY,7.111111111111111,4790.444444444444,1.8888888888888888,0.17914862914862914,4.231951480907353,2615.155136983992,0.0
RUN_013,2026-10-03 20:25:43,NORMAL,DECAY,7.875,4106.125,1.5,0.21342418546365913,4.356514372939466,2697.559211132613,0.0
RUN_013,2026-10-03 20:25:44,NORMAL,DECAY,10.428571428571429,8432.142857142857,1.2857142857142858,0.114172335600907,4.10809778543286,3427.875232485931,0.0
RUN_013,2026-10-03 20:25:45,NORMAL,DECAY,4.857142857142857,2287.285714285714,1.2857142857142858,0.4990842490842491,4.150376837982038,3312.2200448591925,0.0
RUN_013,2026-10-03 20:25:46,NORMAL,DECAY,10.857142857142858,7140.714285714285,1.2857142857142858,0.11881214024071164,4.520899259781362,4037.743066783073,0.0
RUN_013,2026-10-03 20:25:47,NORMAL,DECAY,7.0,3491.0,1.5,0.15590728715728713,2.6596385924344346,2233.449638000058,0.0
RUN_013,2026-10-03 20:25:48,NORMAL,DECAY,8.428571428571429,5745.285714285715,1.2857142857142858,0.1845238095238095,3.0333972198467016,2853.319621750986,0.0
RUN_013,2026-10-03 20:25:49,NORMAL,DECAY,8.5,6189.625,1.75,0.1854910714285714,2.048070484111968,1949.8731947536,0.0
RUN_013,2026-10-03 20:25:50,NORMAL,RECOVERY,8.875,6013.625,1.75,0.2465570887445887,4.272415880913088,3263.4768396825093,0.0
RUN_013,2026-10-03 20:25:51,NORMAL,RECOVERY,8.125,5642.875,1.75,0.14434523809523808,4.3154770130060705,3183.9073943225194,0.0
RUN_013,2026-10-03 20:25:52,NORMAL,RECOVERY,8.0,6555.0,1.2857142857142858,0.24789377289377287,4.503358260178509,3455.07485816441,0.0
RUN_013,2026-10-03 20:25:53,NORMAL,RECOVERY,8.666666666666666,5598.666666666667,1.0,0.18825910931174084,2.477322300671422,1714.0058542318577,0.0
RUN_013,2026-10-03 20:25:54,NORMAL,RECOVERY,9.833333333333334,6152.666666666667,1.0,0.13293234543234542,4.529436136461973,2851.93510563683,0.0
RUN_013,2026-10-03 20:25:55,NORMAL,RECOVERY,5.428571428571429,3443.1428571428573,1.2857142857142858,0.36217948717948717,3.7779943418645283,2644.838435449097,0.0
RUN_013,2026-10-03 20:25:56,NORMAL,RECOVERY,6.285714285714286,3469.4285714285716,1.2857142857142858,0.18917748917748917,3.7055397417350524,2920.0170515080167,0.0
RUN_013,2026-10-03 20:25:57,NORMAL,RECOVERY,4.571428571428571,3033.285714285714,1.2857142857142858,0.39194139194139194,3.374301786692544,2646.3178187492217,0.0
RUN_013,2026-10-03 20:25:58,NORMAL,RECOVERY,8.375,4993.625,1.75,0.1294191919191919,2.5513855766988938,2054.949400336298,0.0
RUN_013,2026-10-03 20:25:59,NORMAL,RECOVERY,7.875,4401.5,1.75,0.14116300366300363,2.1037530872413175,1383.6403795468314,0.0
RUN_019,2026-10-03 20:36:00,FLASH_CROWD,NORMAL,9.125,6910.25,1.0,0.1425099206349206,0.0,0.0,0.0
RUN_019,2026-10-03 20:36:01,FLASH_CROWD,NORMAL,10.8,8143.4,1.4,0.10613858363858361,2.1,2032.7,0.0
RUN_019,2026-10-03 20:36:02,FLASH_CROWD,NORMAL,5.6,3858.0,1.4,0.35075757575757577,3.4617675579161813,2987.3056574456723,0.0
RUN_019,2026-10-03 20:36:03,FLASH_CROWD,NORMAL,5.2727272727272725,3547.818181818182,1.5454545454545454,0.42952114730189594,3.3973747220474806,2887.626421860872,0.0
RUN_019,2026-10-03 20:36:04,FLASH_CROWD,NORMAL,11.0,5698.090909090909,1.5454545454545454,0.11600221673751085,3.493365182185899,2737.4635194513794,0.0
RUN_019,2026-10-03 20:36:05,FLASH_CROWD,NORMAL,7.555555555555555,6774.0,1.2222222222222223,0.2372134038800705,3.571016560010862,2633.7683064411563,0.0
RUN_019,2026-10-03 20:36:06,FLASH_CROWD,NORMAL,8.88888888888889,6011.777777777777,1.2222222222222223,0.1751984126984127,3.6492139714306098,2622.1297040012164,0.0
RUN_019,2026-10-03 20:36:07,FLASH_CROWD,NORMAL,9.333333333333334,6422.444444444444,1.2222222222222223,0.2511760298525004,3.0186996037836638,2330.1305772581836,0.0
RUN_019,2026-10-03 20:36:08,FLASH_CROWD,NORMAL,6.2,3814.8,1.4,0.2283766233766234,3.0766904366266723,2266.167643786376,0.0
RUN_019,2026-10-03 20:36:09,FLASH_CROWD,NORMAL,8.6,5976.9,1.4,0.16718577174459526,2.7411112236651305,2507.4777979330056,0.0
RUN_019,2026-10-03 20:36:10,FLASH_CROWD,NORMAL,9.777777777777779,6200.777777777777,1.2222222222222223,0.2949294532627866,3.7636619249594028,3091.3509096351772,0.0
RUN_019,2026-10-03 20:36:11,FLASH_CROWD,NORMAL,9.5,5080.1,1.4,0.13330659536541886,3.648934313491703,2925.8815033311084,0.0
RUN_019,2026-10-03 20:36:12,FLASH_CROWD,NORMAL,10.555555555555555,6208.222222222223,1.2222222222222223,0.1044284419284419,2.922686474099931,2246.471826007668,0.0
RUN_019,2026-10-03 20:36:13,FLASH_CROWD,NORMAL,6.222222222222222,5304.333333333333,1.2222222222222223,0.274537037037037,3.8504076906460725,2433.8091842780555,0.0
RUN_019,2026-10-03 20:36:14,FLASH_CROWD,NORMAL,8.333333333333334,8414.333333333334,1.2222222222222223,0.27381532535041303,3.6247138304142386,2451.9744023577045,0.0
RUN_019,2026-10-03 20:36:15,FLASH_CROWD,NORMAL,13.3,9568.4,1.4,0.08660787741670092,3.2372736375679123,2619.410729439644,0.0
RUN_019,2026-10-03 20:36:16,FLASH_CROWD,NORMAL,9.0,7892.0,1.4,0.12976190476190474,4.416294997577469,3615.33742149971,0.0
RUN_019,2026-10-03 20:36:17,FLASH_CROWD,NORMAL,7.8,6331.9,1.4,0.23713675213675214,4.1314383688855685,3705.8979071598924,0.0
RUN_019,2026-10-03 20:36:18,FLASH_CROWD,NORMAL,7.909090909090909,6504.181818181818,1.7272727272727273,0.23472222222222222,2.9194887759257084,2594.973537607666,0.0
RUN_019,2026-10-03 20:36:19,FLASH_CROWD,NORMAL,9.909090909090908,8212.545454545454,2.090909090909091,0.18844971873046737,3.063274405036248,2108.843267128595,0.0
RUN_019,2026-10-03 20:36:20,FLASH_CROWD,EARLY_CHANGE,10.272727272727273,6637.636363636364,2.090909090909091,0.12669947402567722,3.2220665135518414,2498.8043996913334,0.0
RUN_019,2026-10-03 20:36:21,FLASH_CROWD,EARLY_CHANGE,11.538461538461538,10808.307692307691,2.230769230769231,0.224153944346252,3.395004561850574,2987.9481188695654,0.0
RUN_019,2026-10-03 20:36:22,FLASH_CROWD,EARLY_CHANGE,23.307692307692307,20245.153846153848,2.230769230769231,0.06934485093018855,6.633532818016297,5624.763430567547,0.0
RUN_019,2026-10-03 20:36:23,FLASH_CROWD,EARLY_CHANGE,27.53846153846154,18045.76923076923,1.9230769230769231,0.07632958764203158,8.893940901667571,5594.037970130496,0.0
RUN_019,2026-10-03 20:36:24,FLASH_CROWD,EARLY_CHANGE,33.357142857142854,28742.5,2.142857142857143,0.13322415557105852,8.425560908730372,6567.543722982681,0.0
RUN_019,2026-10-03 20:36:25,FLASH_CROWD,EARLY_CHANGE,32.642857142857146,24856.35714285714,2.142857142857143,0.0784112223115356,9.99039951748584,7397.179216406871,0.0
RUN_019,2026-10-03 20:36:26,FLASH_CROWD,EARLY_CHANGE,46.6,39015.2,2.466666666666667,0.12360279356537193,9.760381740686451,8605.150201502955,0.0
RUN_019,2026-10-03 20:36:27,FLASH_CROWD,EARLY_CHANGE,40.9375,34098.875,2.5,0.11871315199170564,9.326262945887699,8207.505719494484,0.0
RUN_019,2026-10-03 20:36:28,FLASH_CROWD,EARLY_CHANGE,40.92857142857143,28996.14285714286,2.142857142857143,0.06884487113729733,8.552688700015308,6889.773613947798,0.0
RUN_019,2026-10-03 20:36:29,FLASH_CROWD,EARLY_CHANGE,50.25,40485.416666666664,1.8333333333333333,0.09046920918831708,10.3246194198108,9986.391759453882,0.0
RUN_019,2026-10-03 20:36:30,FLASH_CROWD,ESCALATION,7.583333333333333,5910.5,1.6666666666666667,0.364078548085901,14.606091628090914,12324.62506340596,0.0
RUN_019,2026-10-03 20:36:31,FLASH_CROWD,ESCALATION,12.363636363636363,8789.181818181818,1.5454545454545454,0.1059533900442991,15.53341643857246,13204.150959512795,0.0
RUN_019,2026-10-03 20:36:32,FLASH_CROWD,ESCALATION,11.909090909090908,9092.272727272728,1.5454545454545454,0.10078312952644501,16.51033845105304,12920.260150318378,0.0
RUN_019,2026-10-03 20:36:33,FLASH_CROWD,ESCALATION,15.818181818181818,12061.545454545454,1.5454545454545454,0.13449484017665833,14.861802114451086,12451.783100900044,0.0
RUN_019,2026-10-03 20:36:34,FLASH_CROWD,ESCALATION,11.8,10314.8,1.4,0.3267399267399267,4.5652102759904185,3845.705501213254,0.0
RUN_019,2026-10-03 20:36:35,FLASH_CROWD,ESCALATION,17.2,13101.2,1.4,0.12820387200182595,4.764464442374658,4501.639763893826,0.0
RUN_019,2026-10-03 20:36:36,FLASH_CROWD,ESCALATION,16.181818181818183,12535.636363636364,1.5454545454545454,0.11707115449278457,4.417648021994963,4407.118189247572,0.0
RUN_019,2026-10-03 20:36:37,FLASH_CROWD,ESCALATION,11.384615384615385,8850.0,1.9230769230769231,0.1766117216117216,3.646147364289948,3910.923334611966,0.0
RUN_019,2026-10-03 20:36:38,FLASH_CROWD,ESCALATION,15.76923076923077,9307.153846153846,1.9230769230769231,0.078119492918824,3.3930320595359964,3062.884215818954,0.0
RUN_019,2026-10-03 20:36:39,FLASH_CROWD,ESCALATION,17.636363636363637,12192.0,1.7272727272727273,0.16986820286078846,4.294867181271018,3397.6720081571284,0.0
RUN_019,2026-10-03 20:36:40,FLASH_CROWD,ESCALATION,17.666666666666668,15810.583333333334,2.1666666666666665,0.19016984596252887,2.941849584762574,2719.836313802333,0.0
RUN_019,2026-10-03 20:36:41,FLASH_CROWD,ESCALATION,14.384615384615385,13666.692307692309,2.230769230769231,0.15456742254401115,3.4888174474222353,2738.5241378910073,0.0
RUN_019,2026-10-03 20:36:42,FLASH_CROWD,ESCALATION,16.23076923076923,10583.0,2.230769230769231,0.16895493897756336,4.238212241778326,4373.03650116835,0.0
RUN_019,2026-10-03 20:36:43,FLASH_CROWD,ESCALATION,19.384615384615383,16226.846153846154,1.9230769230769231,0.18685863560445498,4.043663987202258,3997.0748224146814,0.0
RUN_019,2026-10-03 20:36:44,FLASH_CROWD,ESCALATION,24.0,17530.214285714286,2.0,0.227016559248603,5.8762557798855894,4811.641168825133,0.0
RUN_019,2026-10-03 20:36:45,FLASH_CROWD,ESCALATION,28.866666666666667,23554.8,2.2,0.08073687797672413,5.189717402299958,5001.547457960822,0.0
RUN_019,2026-10-03 20:36:46,FLASH_CROWD,ESCALATION,27.85,26571.55,2.8,0.18540207074674742,4.073483263433553,4713.1326296718735,0.0
RUN_019,2026-10-03 20:36:47,FLASH_CROWD,ESCALATION,33.35,30628.25,3.0,0.10188030274438746,4.749184785708751,5564.627307405904,0.0
RUN_019,2026-10-03 20:36:48,FLASH_CROWD,ESCALATION,37.31578947368421,25890.36842105263,2.8947368421052633,0.08338763077902825,5.45287431767379,6828.939980649193,0.0
RUN_019,2026-10-03 20:36:49,FLASH_CROWD,ESCALATION,37.55555555555556,35724.0,2.6666666666666665,0.0844387011503044,4.928836254827844,6817.664629111133,0.0
RUN_019,2026-10-03 20:36:50,FLASH_CROWD,ESCALATION,42.1578947368421,33806.0,3.1052631578947367,0.09411279198806617,4.9193959216397785,6603.497931216684,0.0
RUN_019,2026-10-03 20:36:51,FLASH_CROWD,ESCALATION,41.333333333333336,29683.777777777777,3.0,0.09614773747255684,5.7053435765494145,6378.55724431012,0.0
RUN_019,2026-10-03 20:36:52,FLASH_CROWD,ESCALATION,46.94444444444444,35165.333333333336,2.888888888888889,0.17924101131204886,6.768476822452065,8290.012395643953,0.0
RUN_019,2026-10-03 20:36:53,FLASH_CROWD,ESCALATION,53.55,34662.55,3.3,0.054612907918099696,7.555502862717658,7833.906708059437,0.0
RUN_019,2026-10-03 20:36:54,FLASH_CROWD,ESCALATION,52.75,35336.45,3.3,0.07911098307394174,7.7488671532750075,5571.802027698266,0.0
RUN_019,2026-10-03 20:36:55,FLASH_CROWD,ESCALATION,55.125,35266.8125,2.625,0.12360576951971919,9.067186996261855,5664.759896315663,0.0
RUN_019,2026-10-03 20:36:56,FLASH_CROWD,ESCALATION,53.4375,35717.25,2.625,0.08107922799218949,8.76149665381572,5872.439635946002,0.0
RUN_019,2026-10-03 20:36:57,FLASH_CROWD,ESCALATION,50.1764705882353,46314.529411764706,2.5294117647058822,0.06752182447577099,6.896497706735523,6034.966432655619,0.0
RUN_019,2026-10-03 20:36:58,FLASH_CROWD,ESCALATION,56.6875,43095.0625,2.5,0.16364063389427141,8.824956459317201,9011.489295297508,0.0
RUN_019,2026-10-03 20:36:59,FLASH_CROWD,ESCALATION,48.0,41151.1875,2.5,0.139448351667043,8.643465072359575,9201.81318288319,0.0
RUN_019,2026-10-03 20:37:00,FLASH_CROWD,SUSTAINED,43.76923076923077,40718.0,1.9230769230769231,0.11996543166086626,8.25017704362892,8990.35046316957,0.0
RUN_019,2026-10-03 20:37:01,FLASH_CROWD,SUSTAINED,54.266666666666666,41356.8,2.466666666666667,0.12654058881951247,7.333853816506776,9620.511699187682,0.0
RUN_019,2026-10-03 20:37:02,FLASH_CROWD,SUSTAINED,67.5,54405.07142857143,2.4285714285714284,0.04321201969121543,8.34134586284831,15095.197585280474,0.0
RUN_019,2026-10-03 20:37:03,FLASH_CROWD,SUSTAINED,67.86666666666666,59606.8,2.466666666666667,0.0603857784359114,9.204585303961181,14433.986094273256,0.0
RUN_019,2026-10-03 20:37:04,FLASH_CROWD,SUSTAINED,65.6,53472.6,2.466666666666667,0.11291689548882797,10.542560750554504,17668.939936668085,0.0
RUN_019,2026-10-03 20:37:05,FLASH_CROWD,SUSTAINED,63.666666666666664,68038.8,2.466666666666667,0.13104156135027004,10.11778803476491,19840.891517492943,0.0
RUN_019,2026-10-03 20:37:06,FLASH_CROWD,SUSTAINED,67.5,76100.25,3.125,0.07801313386486836,10.104593916098949,16377.550008468224,0.0
RUN_019,2026-10-03 20:37:07,FLASH_CROWD,SUSTAINED,71.07142857142857,71022.42857142857,2.857142857142857,0.08047977759657989,12.025465997829567,16885.459997058537,0.0
RUN_019,2026-10-03 20:37:08,FLASH_CROWD,SUSTAINED,77.0,74464.57142857143,3.2857142857142856,0.0847836904613938,7.714540059616324,9445.935282003058,0.0
RUN_019,2026-10-03 20:37:09,FLASH_CROWD,SUSTAINED,56.9375,47842.3125,3.25,0.08980236328549418,9.182915510128971,12219.877142664702,0.0
RUN_019,2026-10-03 20:37:10,FLASH_CROWD,SUSTAINED,56.5,46389.11111111111,3.2222222222222223,0.0647689809626111,10.068928788099926,12848.116942529401,0.0
RUN_019,2026-10-03 20:37:11,FLASH_CROWD,SUSTAINED,60.333333333333336,56403.166666666664,3.7777777777777777,0.1229292298148757,9.732499766217446,13487.993143572394,0.0
RUN_019,2026-10-03 20:37:12,FLASH_CROWD,SUSTAINED,70.11111111111111,48347.833333333336,3.7777777777777777,0.05287998299313767,8.030966552229497,10701.14677338274,0.0
RUN_019,2026-10-03 20:37:13,FLASH_CROWD,SUSTAINED,57.89473684210526,43152.52631578947,3.8421052631578947,0.10401835643385728,8.86617091240286,8959.939321495647,0.0
RUN_019,2026-10-03 20:37:14,FLASH_CROWD,SUSTAINED,55.1578947368421,51216.73684210526,3.8421052631578947,0.14594230208083528,8.150306288302632,8204.201759031797,0.0
RUN_019,2026-10-03 20:37:15,FLASH_CROWD,SUSTAINED,58.529411764705884,50170.882352941175,3.823529411764706,0.057529633368715576,8.882682703757395,9065.935999198855,0.0
RUN_019,2026-10-03 20:37:16,FLASH_CROWD,SUSTAINED,66.05263157894737,50498.05263157895,4.473684210526316,0.23307296939674887,10.218232910668155,9522.865047036092,0.0
RUN_019,2026-10-03 20:37:17,FLASH_CROWD,SUSTAINED,63.35,67600.6,4.1,0.04622088968143942,8.452946970254718,12134.27184800767,0.0
RUN_019,2026-10-03 20:37:18,FLASH_CROWD,SUSTAINED,65.15,38782.15,3.9,0.13593533160789778,8.958647373264306,11584.835493531966,0.0
RUN_019,2026-10-03 20:37:19,FLASH_CROWD,SUSTAINED,60.78947368421053,45583.31578947369,3.0,0.07418617709053114,8.322539144363883,8767.541788630071,0.0
RUN_019,2026-10-03 20:37:20,FLASH_CROWD,SUSTAINED,68.42105263157895,72412.47368421052,3.1052631578947367,0.09644867764570604,8.986389990332793,14260.375599579022,0.0
RUN_019,2026-10-03 20:37:21,FLASH_CROWD,SUSTAINED,63.38095238095238,45907.333333333336,3.380952380952381,0.12484084455059394,8.036685504881836,13903.782942155793,0.0
RUN_019,2026-10-03 20:37:22,FLASH_CROWD,SUSTAINED,68.66666666666667,60795.055555555555,3.2222222222222223,0.09797878803760912,10.384352725017438,15287.805187841574,0.0
RUN_019,2026-10-03 20:37:23,FLASH_CROWD,SUSTAINED,72.4375,57008.25,2.875,0.09808635384983845,9.08231264121614,14210.158772724215,0.0
RUN_019,2026-10-03 20:37:24,FLASH_CROWD,SUSTAINED,59.92307692307692,55717.38461538462,2.3846153846153846,0.08556880792280148,5.621551650223822,11301.89556491526,0.0
RUN_019,2026-10-03 20:37:25,FLASH_CROWD,SUSTAINED,74.25,65467.583333333336,2.0,0.08480901777302398,9.69636864395024,16680.916717661417,0.0
RUN_019,2026-10-03 20:37:26,FLASH_CROWD,SUSTAINED,70.23076923076923,53401.230769230766,2.3846153846153846,0.04144357433929069,9.814912366857506,15085.140970758803,0.0
RUN_019,2026-10-03 20:37:27,FLASH_CROWD,SUSTAINED,62.416666666666664,51122.333333333336,2.0,0.07596409700942443,7.794647821004582,10161.505018659233,0.0
RUN_019,2026-10-03 20:37:28,FLASH_CROWD,SUSTAINED,56.93333333333333,49369.666666666664,2.466666666666667,0.11299413108610015,8.641413857190821,9812.974947654679,0.0
RUN_019,2026-10-03 20:37:29,FLASH_CROWD,SUSTAINED,61.76470588235294,59554.58823529412,3.1176470588235294,0.08406569847831676,7.7739992805135865,7882.45751953762,0.0
RUN_019,2026-10-03 20:37:30,FLASH_CROWD,DECAY,62.44444444444444,43362.38888888889,3.5555555555555554,0.1475107000196501,9.211212986892855,11185.191723094556,0.0
RUN_019,2026-10-03 20:37:31,FLASH_CROWD,DECAY,62.63157894736842,48018.05263157895,3.8421052631578947,0.12150779047821944,9.300567994349331,10303.212575634745,0.0
RUN_019,2026-10-03 20:37:32,FLASH_CROWD,DECAY,68.63636363636364,49849.045454545456,4.636363636363637,0.047781127265962016,10.357514850606874,11997.300404664718,0.0
RUN_019,2026-10-03 20:37:33,FLASH_CROWD,DECAY,61.88461538461539,51093.653846153844,5.0,0.08948927319754321,8.952736770206341,11056.816165774739,0.0
RUN_019,2026-10-03 20:37:34,FLASH_CROWD,DECAY,59.0,48036.181818181816,4.181818181818182,0.07657674256955041,10.93817640766536,11497.822562957515,0.0
RUN_019,2026-10-03 20:37:35,FLASH_CROWD,DECAY,48.90909090909091,48369.63636363636,4.2727272727272725,0.07705867081045437,9.250482626866926,11067.619386270926,0.0
RUN_019,2026-10-03 20:37:36,FLASH_CROWD,DECAY,50.23809523809524,35354.95238095238,4.333333333333333,0.05820764530299746,9.970659470175427,12881.379712517586,0.0
RUN_019,2026-10-03 20:37:37,FLASH_CROWD,DECAY,51.333333333333336,34517.0,4.444444444444445,0.06314184509841897,11.99098611688631,16061.550414194298,0.0
RUN_019,2026-10-03 20:37:38,FLASH_CROWD,DECAY,44.64705882352941,32020.529411764706,3.588235294117647,0.0962962052738792,9.735128437839695,12255.76874591898,0.0
RUN_019,2026-10-03 20:37:39,FLASH_CROWD,DECAY,34.64705882352941,25337.941176470587,2.8823529411764706,0.1240104505650199,8.26677352743647,9620.398736606634,0.0
RUN_019,2026-10-03 20:37:40,FLASH_CROWD,DECAY,38.23529411764706,27475.941176470587,2.8823529411764706,0.05494513689171526,9.01623791014005,6515.382891776923,0.0
RUN_019,2026-10-03 20:37:41,FLASH_CROWD,DECAY,29.555555555555557,22707.11111111111,2.5555555555555554,0.11460279575377966,7.06615265208102,4685.591740323416,0.0
RUN_019,2026-10-03 20:37:42,FLASH_CROWD,DECAY,28.5,26837.833333333332,2.5555555555555554,0.1646864716493838,7.689478759675625,5611.600608250747,0.0
RUN_019,2026-10-03 20:37:43,FLASH_CROWD,DECAY,21.333333333333332,16295.857142857143,2.8095238095238093,0.21645802950952614,6.410536883180384,5297.0211772804605,0.0
RUN_019,2026-10-03 20:37:44,FLASH_CROWD,DECAY,20.0,18851.545454545456,3.090909090909091,0.3089989909433324,7.156260841762816,6450.628900798536,0.0
RUN_019,2026-10-03 20:37:45,FLASH_CROWD,DECAY,17.055555555555557,13102.277777777777,3.0,0.09826594393913674,7.39578424660462,7360.518034263493,0.0
RUN_019,2026-10-03 20:37:46,FLASH_CROWD,DECAY,17.1875,12786.125,2.875,0.23093669942594844,6.3091437218375965,6629.685855505293,0.0
RUN_019,2026-10-03 20:37:47,FLASH_CROWD,DECAY,10.8,8167.2,2.466666666666667,0.20726283846872082,6.076309671130323,6191.478483105903,0.0
RUN_019,2026-10-03 20:37:48,FLASH_CROWD,DECAY,14.307692307692308,10650.692307692309,2.230769230769231,0.10142649218736172,6.925105064457433,7019.196486656216,0.0
RUN_019,2026-10-03 20:37:49,FLASH_CROWD,DECAY,11.615384615384615,8967.0,2.230769230769231,0.15049757361138433,4.82732430364354,4220.0000590144755,0.0
RUN_019,2026-10-03 20:37:50,FLASH_CROWD,RECOVERY,8.461538461538462,6742.615384615385,2.230769230769231,0.2532897657897658,5.446427992697965,4197.779820437368,0.0
RUN_019,2026-10-03 20:37:51,FLASH_CROWD,RECOVERY,8.0,5282.083333333333,1.8333333333333333,0.33651094276094273,4.066230706370121,3211.1907951119215,0.0
RUN_019,2026-10-03 20:37:52,FLASH_CROWD,RECOVERY,10.25,7283.5,1.8333333333333333,0.10431574144809437,4.217044872906932,3273.6233873958863,0.0
RUN_019,2026-10-03 20:37:53,FLASH_CROWD,RECOVERY,11.0,9567.727272727272,2.090909090909091,0.11700638933259251,3.1087449484076775,2852.473787742677,0.0
RUN_019,2026-10-03 20:37:54,FLASH_CROWD,RECOVERY,10.0,7090.181818181818,2.090909090909091,0.17836191586191585,3.2241369084019125,2688.9932184276395,0.0
RUN_019,2026-10-03 20:37:55,FLASH_CROWD,RECOVERY,8.272727272727273,7385.545454545455,2.090909090909091,0.162431129476584,2.992039512575933,2668.171297569801,0.0
RUN_019,2026-10-03 20:37:56,FLASH_CROWD,RECOVERY,10.833333333333334,8736.75,2.1666666666666665,0.23998751613883193,2.995744120246686,3035.891990205757,0.0
RUN_019,2026-10-03 20:37:57,FLASH_CROWD,RECOVERY,7.785714285714286,5646.0,2.2857142857142856,0.15096371882086165,2.99917009239431,2901.3035230474597,0.0
RUN_019,2026-10-03 20:37:58,FLASH_CROWD,RECOVERY,8.733333333333333,7561.4,2.466666666666667,0.15104278074866306,2.701287832489062,2566.9510178892738,0.0
RUN_019,2026-10-03 20:37:59,FLASH_CROWD,RECOVERY,10.941176470588236,9052.941176470587,2.8823529411764706,0.16471120712695858,3.7097056455630186,3486.839836670532,0.0
RUN_020,2026-10-03 20:38:00,NORMAL,NORMAL,4.571428571428571,2270.8571428571427,1.0,0.2928571428571428,0.0,0.0,0.0
RUN_020,2026-10-03 20:38:01,NORMAL,NORMAL,9.0,5557.125,1.25,0.12347582972582971,2.0625,1405.4375,0.0
RUN_020,2026-10-03 20:38:02,NORMAL,NORMAL,5.666666666666667,3087.777777777778,1.4444444444444444,0.4571428571428571,2.503795004105344,1391.7048225832236,0.0
RUN_020,2026-10-03 20:38:03,NORMAL,NORMAL,5.1,4136.5,1.8,0.44218004218004214,3.3934635053669835,2330.4157108206887,0.0
RUN_020,2026-10-03 20:38:04,NORMAL,NORMAL,6.888888888888889,4100.333333333333,1.4444444444444444,0.3286816578483245,3.825244053048596,2628.2939854060974,0.0
RUN_020,2026-10-03 20:38:05,NORMAL,NORMAL,8.222222222222221,4070.0,1.4444444444444444,0.13730559563892897,3.3895441795998247,2053.9454993359077,0.0
RUN_020,2026-10-03 20:38:06,NORMAL,NORMAL,7.9,5498.4,1.8,0.24792429792429793,2.9867863609352407,2096.3999625860497,0.0
RUN_020,2026-10-03 20:38:07,NORMAL,NORMAL,8.363636363636363,6147.545454545455,1.9090909090909092,0.2178604224058769,3.046205890767399,2350.3909834348456,0.0
RUN_020,2026-10-03 20:38:08,NORMAL,NORMAL,11.272727272727273,7160.363636363636,1.9090909090909092,0.10128423270134497,2.8977581211888577,2150.2649785959334,0.0
RUN_020,2026-10-03 20:38:09,NORMAL,NORMAL,11.272727272727273,6530.909090909091,1.9090909090909092,0.09537091696182602,2.955002596803162,2297.0149218833726,0.0
RUN_020,2026-10-03 20:38:10,NORMAL,NORMAL,5.363636363636363,3561.090909090909,1.7272727272727273,0.41659779614325065,2.6834727514820305,1936.753638542148,0.0
RUN_020,2026-10-03 20:38:11,NORMAL,NORMAL,7.666666666666667,5091.888888888889,1.4444444444444444,0.15180097680097676,3.0995372645942547,2101.2224376018157,0.0
RUN_020,2026-10-03 20:38:12,NORMAL,NORMAL,7.285714285714286,4043.8571428571427,1.0,0.18628117913832196,3.242117823133747,2278.863896687285,0.0
RUN_020,2026-10-03 20:38:13,NORMAL,NORMAL,7.875,6096.625,1.25,0.24969474969474967,3.1239424133736953,2269.161291505801,0.0
RUN_020,2026-10-03 20:38:14,NORMAL,NORMAL,5.777777777777778,3202.0,1.4444444444444444,0.3796777296777296,3.4677182385279925,2583.788732349987,0.0
RUN_020,2026-10-03 20:38:15,NORMAL,NORMAL,7.888888888888889,4881.111111111111,1.4444444444444444,0.210239651416122,3.723044905727686,2976.1357746198128,0.0
RUN_020,2026-10-03 20:38:16,NORMAL,NORMAL,6.7,4232.9,1.6,0.19984126984126982,3.1526719371788468,2344.8975874065623,0.0
RUN_020,2026-10-03 20:38:17,NORMAL,NORMAL,7.0,4514.5,1.6,0.20600288600288597,3.167700058639406,2419.248367763651,0.0
RUN_020,2026-10-03 20:38:18,NORMAL,NORMAL,8.181818181818182,3441.909090909091,1.9090909090909092,0.2967454262908808,3.0704061034189647,2138.786449465648,0.0
RUN_020,2026-10-03 20:38:19,NORMAL,NORMAL,4.6,3099.1,1.8,0.3787301587301587,3.2901372555014965,2349.5491792657485,0.0
RUN_020,2026-10-03 20:38:20,NORMAL,EARLY_CHANGE,4.666666666666667,2963.777777777778,1.6666666666666667,0.30396825396825394,2.2413391643382656,1133.2196344869938,0.0
RUN_020,2026-10-03 20:38:21,NORMAL,EARLY_CHANGE,5.909090909090909,3370.090909090909,1.9090909090909092,0.3447363242817788,2.0696235658273916,1118.1343434589874,0.0
RUN_020,2026-10-03 20:38:22,NORMAL,EARLY_CHANGE,8.9,3690.1,1.6,0.12790043290043288,2.1293181322898924,1204.8689724614105,0.0
RUN_020,2026-10-03 20:38:23,NORMAL,EARLY_CHANGE,5.636363636363637,2651.2727272727275,1.9090909090909092,0.46374231828777285,2.892844961167274,1419.1830864881003,0.0
RUN_020,2026-10-03 20:38:24,NORMAL,EARLY_CHANGE,7.25,5157.75,2.1666666666666665,0.20868055555555554,3.5428625374860196,2209.8482797722695,0.0
RUN_020,2026-10-03 20:38:25,NORMAL,EARLY_CHANGE,6.818181818181818,4933.090909090909,1.9090909090909092,0.39439726939726943,3.397314365579392,2409.0124724351244,0.0
RUN_020,2026-10-03 20:38:26,NORMAL,EARLY_CHANGE,6.0,4362.7,1.8,0.32567460317460317,3.7038758729106753,2694.426442342615,0.0
RUN_020,2026-10-03 20:38:27,NORMAL,EARLY_CHANGE,6.333333333333333,4362.111111111111,1.6666666666666667,0.2190957190957191,3.492689223274665,2627.916730622567,0.0
RUN_020,2026-10-03 20:38:28,NORMAL,EARLY_CHANGE,6.8,3839.9,1.8,0.26436507936507936,2.404776411817262,1938.4795055191978,0.0
RUN_020,2026-10-03 20:38:29,NORMAL,EARLY_CHANGE,7.6,4323.2,1.8,0.1792002442002442,2.443588221409985,1742.992727254649,0.0
RUN_020,2026-10-03 20:38:30,NORMAL,ESCALATION,10.444444444444445,7011.111111111111,1.4444444444444444,0.1093847510514177,3.04378805300363,1810.4615947281081,0.0
RUN_020,2026-10-03 20:38:31,NORMAL,ESCALATION,9.11111111111111,5353.333333333333,1.4444444444444444,0.15449457949457948,3.402919192056886,2265.967226178694,0.0
RUN_020,2026-10-03 20:38:32,NORMAL,ESCALATION,5.4,4267.0,1.6,0.292063492063492,2.9464868561952486,1891.6082512498913,0.0
RUN_020,2026-10-03 20:38:33,NORMAL,ESCALATION,6.25,4366.916666666667,1.8333333333333333,0.2997685185185185,2.5443244992169842,1592.2074389987781,0.0
RUN_020,2026-10-03 20:38:34,NORMAL,ESCALATION,9.166666666666666,6972.416666666667,2.0,0.1253414749738279,2.90006867126951,2180.6591045151085,0.0
RUN_020,2026-10-03 20:38:35,NORMAL,ESCALATION,7.916666666666667,4753.833333333333,2.0,0.2630155723905724,2.797305183342931,2258.186376356943,0.0
RUN_020,2026-10-03 20:38:36,NORMAL,ESCALATION,9.384615384615385,5964.0,2.230769230769231,0.14117357001972383,2.3465780593191687,2065.889814506698,0.0
RUN_020,2026-10-03 20:38:37,NORMAL,ESCALATION,6.384615384615385,3346.769230769231,2.076923076923077,0.1999111999111999,2.4286260285406134,2188.8910405873326,0.0
RUN_020,2026-10-03 20:38:38,NORMAL,ESCALATION,6.181818181818182,4574.454545454545,1.7272727272727273,0.21887052341597793,2.6656523071517095,2359.5056003694754,0.0
RUN_020,2026-10-03 20:38:39,NORMAL,ESCALATION,8.166666666666666,4752.166666666667,2.0,0.262643722018722,2.6543003276727957,1634.741963433805,0.0
RUN_020,2026-10-03 20:38:40,NORMAL,ESCALATION,5.9,3838.6,1.6,0.3736397812713602,3.574897037069911,1927.4145558506468,0.0
RUN_020,2026-10-03 20:38:41,NORMAL,ESCALATION,8.875,4723.375,1.25,0.1980623543123543,3.292814704409532,1861.7360183551039,0.0
RUN_020,2026-10-03 20:38:42,NORMAL,ESCALATION,6.444444444444445,2449.4444444444443,1.4444444444444444,0.22565459232125898,3.203890539723397,1745.8378413302362,0.0
RUN_020,2026-10-03 20:38:43,NORMAL,ESCALATION,5.9,3127.4,1.6,0.3075396825396825,2.3554689115633236,949.1253924539858,0.0
RUN_020,2026-10-03 20:38:44,NORMAL,ESCALATION,7.4,5594.4,1.6,0.21948412698412695,2.4232085367189464,1596.240245120016,0.0
RUN_020,2026-10-03 20:38:45,NORMAL,ESCALATION,4.0,2802.1,1.6,0.411025641025641,3.2181736470407665,2338.5353591043895,0.0
RUN_020,2026-10-03 20:38:46,NORMAL,ESCALATION,8.090909090909092,5505.727272727273,2.090909090909091,0.14504662004662003,2.6850804914842588,2022.596665950832,0.0
RUN_020,2026-10-03 20:38:47,NORMAL,ESCALATION,8.454545454545455,5210.0,2.090909090909091,0.15053885508430961,3.3550541112665186,2251.2312529160868,0.0
RUN_020,2026-10-03 20:38:48,NORMAL,ESCALATION,5.363636363636363,4508.545454545455,1.7272727272727273,0.30447658402203853,2.439502209813078,1959.8407970316819,0.0
RUN_020,2026-10-03 20:38:49,NORMAL,ESCALATION,7.818181818181818,5768.272727272727,1.7272727272727273,0.1863164613164613,2.4476959174789767,1741.4951001842799,0.0
RUN_020,2026-10-03 20:38:50,NORMAL,ESCALATION,7.7272727272727275,4535.454545454545,1.7272727272727273,0.16211566211566208,2.051221519204493,1263.7275646064843,0.0
RUN_020,2026-10-03 20:38:51,NORMAL,ESCALATION,6.636363636363637,3723.181818181818,1.7272727272727273,0.3142440892440892,2.8088335140137715,1602.7281027539468,0.0
RUN_020,2026-10-03 20:38:52,NORMAL,ESCALATION,8.214285714285714,6106.714285714285,2.142857142857143,0.22236876531989314,2.6146213097613598,1861.7445882913487,0.0
RUN_020,2026-10-03 20:38:53,NORMAL,ESCALATION,6.923076923076923,4455.461538461538,2.076923076923077,0.1659035409035409,3.167601769982258,2470.542175522549,0.0
RUN_020,2026-10-03 20:38:54,NORMAL,ESCALATION,10.692307692307692,7794.615384615385,2.076923076923077,0.16880398384923273,3.8666710284244163,2977.041428057822,0.0
RUN_020,2026-10-03 20:38:55,NORMAL,ESCALATION,7.2727272727272725,4706.727272727273,1.7272727272727273,0.2748530880883822,3.6706890814014574,2940.741490150824,0.0
RUN_020,2026-10-03 20:38:56,NORMAL,ESCALATION,4.2,2824.2,1.6,0.41004329004329004,2.9569608321949845,2298.245852747078,0.0
RUN_020,2026-10-03 20:38:57,NORMAL,ESCALATION,8.0,4586.727272727273,1.7272727272727273,0.28153614062704974,3.286655929982918,2380.01414422796,0.0
RUN_020,2026-10-03 20:38:58,NORMAL,ESCALATION,7.454545454545454,6356.181818181818,1.9090909090909092,0.15677100677100675,3.223112205526812,2454.3208542886014,0.0
RUN_020,2026-10-03 20:38:59,NORMAL,ESCALATION,9.6,5035.1,1.8,0.20635854341736692,3.460946881826152,2545.924931750068,0.0
RUN_020,2026-10-03 20:39:00,NORMAL,SUSTAINED,8.583333333333334,5443.333333333333,2.3333333333333335,0.19593045843045842,2.4848376630222773,1731.465881720059,0.0
RUN_020,2026-10-03 20:39:01,NORMAL,SUSTAINED,7.5,4658.928571428572,2.4285714285714284,0.27021641990129386,3.351098099970805,1987.3986104903547,0.0
RUN_020,2026-10-03 20:39:02,NORMAL,SUSTAINED,6.214285714285714,3884.8571428571427,2.142857142857143,0.28540249433106574,3.818416230292023,2478.718877901168,0.0
RUN_020,2026-10-03 20:39:03,NORMAL,SUSTAINED,5.5,4088.25,1.8333333333333333,0.262037037037037,4.114074332449161,2845.0479611276255,0.0
RUN_020,2026-10-03 20:39:04,NORMAL,SUSTAINED,6.615384615384615,4637.384615384615,1.9230769230769231,0.2196275946275946,3.1535782122313867,2138.0098511950746,0.0
RUN_020,2026-10-03 20:39:05,NORMAL,SUSTAINED,7.5,4579.0,1.6,0.39253357753357754,2.9814422524196624,2224.8667138947085,0.0
RUN_020,2026-10-03 20:39:06,NORMAL,SUSTAINED,5.2,3288.5,1.6,0.24269230769230768,1.8977693648644987,1312.3308717789866,0.0
RUN_020,2026-10-03 20:39:07,NORMAL,SUSTAINED,9.727272727272727,6657.272727272727,1.9090909090909092,0.18729338842975204,3.2313806058630146,2275.9970499614315,0.0
RUN_020,2026-10-03 20:39:08,NORMAL,SUSTAINED,10.333333333333334,6692.333333333333,2.1666666666666665,0.11752946127946125,2.799794537957858,1988.1866149763719,0.0
RUN_020,2026-10-03 20:39:09,NORMAL,SUSTAINED,7.3076923076923075,4510.2307692307695,2.230769230769231,0.158030858030858,2.572977510339203,1751.6910832798642,0.0
RUN_020,2026-10-03 20:39:10,NORMAL,SUSTAINED,7.5,5200.25,2.0,0.16347853535353535,2.3054727663932,1620.8934160121214,0.0
RUN_020,2026-10-03 20:39:11,NORMAL,SUSTAINED,10.083333333333334,4775.333333333333,2.0,0.10102305102305102,2.4822451432429875,1895.3646806486977,0.0
RUN_020,2026-10-03 20:39:12,NORMAL,SUSTAINED,8.7,5866.4,1.6,0.14456871345029237,2.429383652520232,2106.6051540624026,0.0
RUN_020,2026-10-03 20:39:13,NORMAL,SUSTAINED,8.0,4847.8,1.8,0.21207070707070708,2.1515813085312034,1767.0144783703158,0.0
RUN_020,2026-10-03 20:39:14,NORMAL,SUSTAINED,7.222222222222222,4441.0,1.4444444444444444,0.15171279337946003,3.062416798828224,2118.206772168057,0.0
RUN_020,2026-10-03 20:39:15,NORMAL,SUSTAINED,7.818181818181818,4963.818181818182,1.7272727272727273,0.17142302142302143,2.321821755653259,1762.0641537540591,0.0
RUN_020,2026-10-03 20:39:16,NORMAL,SUSTAINED,9.909090909090908,4277.727272727273,1.7272727272727273,0.1294405089859635,3.1758167736390006,1952.3048177336066,0.0
RUN_020,2026-10-03 20:39:17,NORMAL,SUSTAINED,9.909090909090908,6123.727272727273,1.7272727272727273,0.1217811600164541,3.3780268444496966,2019.1678858435253,0.0
RUN_020,2026-10-03 20:39:18,NORMAL,SUSTAINED,6.5,4399.9,1.6,0.3042460317460317,3.4638237536171452,2193.354114234002,0.0
RUN_020,2026-10-03 20:39:19,NORMAL,SUSTAINED,8.5,5372.3,1.6,0.1253210678210678,2.3093178511940526,1526.3347101779254,0.0
RUN_020,2026-10-03 20:39:20,NORMAL,SUSTAINED,10.5,6134.5,1.25,0.10161210317460316,2.039392830889893,1754.8587059091662,0.0
RUN_020,2026-10-03 20:39:21,NORMAL,SUSTAINED,7.75,5584.375,1.25,0.17738095238095236,2.563968197002251,2033.243608574644,0.0
RUN_020,2026-10-03 20:39:22,NORMAL,SUSTAINED,10.285714285714286,7655.285714285715,1.0,0.10402137544994686,2.580808206404889,2316.4401702702517,0.0
RUN_020,2026-10-03 20:39:23,NORMAL,SUSTAINED,4.714285714285714,3179.5714285714284,1.0,0.2936507936507936,3.153316727890551,2711.2019575125637,0.0
RUN_020,2026-10-03 20:39:24,NORMAL,SUSTAINED,10.625,6894.0,1.25,0.10739942247295188,2.7051356141969007,2450.0392739576146,0.0
RUN_020,2026-10-03 20:39:25,NORMAL,SUSTAINED,7.888888888888889,4166.333333333333,1.4444444444444444,0.26157407407407407,2.7425368284359073,2388.2907065853356,0.0
RUN_020,2026-10-03 20:39:26,NORMAL,SUSTAINED,7.8,4588.6,1.6,0.22504901960784313,3.942662964275604,3027.8465815175396,0.0
RUN_020,2026-10-03 20:39:27,NORMAL,SUSTAINED,6.222222222222222,3334.0,1.4444444444444444,0.19065656565656564,3.7425903230859756,2467.764205128203,0.0
RUN_020,2026-10-03 20:39:28,NORMAL,SUSTAINED,7.181818181818182,4355.909090909091,1.9090909090909092,0.24552997507542962,3.122999542634901,2116.816533557108,0.0
RUN_020,2026-10-03 20:39:29,NORMAL,SUSTAINED,6.545454545454546,5119.090909090909,1.7272727272727273,0.19195854650400104,2.2822165058382677,1510.2272907826837,0.0
RUN_020,2026-10-03 20:39:30,NORMAL,DECAY,6.222222222222222,3856.5555555555557,1.4444444444444444,0.34333937667271,2.0166624060082485,1411.259851229045,0.0
RUN_020,2026-10-03 20:39:31,NORMAL,DECAY,7.571428571428571,4105.857142857143,1.0,0.14563492063492062,1.5391176044474464,1259.7518307616149,0.0
RUN_020,2026-10-03 20:39:32,NORMAL,DECAY,7.0,4581.777777777777,1.4444444444444444,0.17187349687349684,2.078200796193859,1490.4268229822799,0.0
RUN_020,2026-10-03 20:39:33,NORMAL,DECAY,3.6,1683.2,1.6,0.5337301587301587,1.9772060797034634,1459.6042581223714,0.0
RUN_020,2026-10-03 20:39:34,NORMAL,DECAY,10.9,6078.1,1.6,0.12260031635031635,3.1664658358975877,1952.6033018616477,0.0
RUN_020,2026-10-03 20:39:35,NORMAL,DECAY,8.454545454545455,5558.272727272727,1.9090909090909092,0.17551681829756693,3.3926091665984184,2269.412581788407,0.0
RUN_020,2026-10-03 20:39:36,NORMAL,DECAY,7.545454545454546,5535.363636363636,2.090909090909091,0.16385054339599792,2.648482115889017,2051.637555210555,0.0
RUN_020,2026-10-03 20:39:37,NORMAL,DECAY,4.818181818181818,3144.7272727272725,2.090909090909091,0.3722222222222222,2.6761587552340593,2299.6393868841596,0.0
RUN_020,2026-10-03 20:39:38,NORMAL,DECAY,8.818181818181818,5350.0,2.090909090909091,0.22359307359307357,3.4781861210002507,2516.2718569076474,0.0
RUN_020,2026-10-03 20:39:39,NORMAL,DECAY,7.166666666666667,4784.416666666667,2.1666666666666665,0.33396164021164026,3.060622062394346,2169.71487933214,0.0
RUN_020,2026-10-03 20:39:40,NORMAL,DECAY,6.3,3680.8,1.6,0.2683766233766234,3.660967065874209,2434.765162362718,0.0
RUN_020,2026-10-03 20:39:41,NORMAL,DECAY,6.5,4198.5,1.25,0.2896446078431372,3.706332871450553,2416.4562301457368,0.0
RUN_020,2026-10-03 20:39:42,NORMAL,DECAY,6.125,3570.625,1.25,0.30436958874458875,3.6124671017276837,2167.2746753764654,0.0
RUN_020,2026-10-03 20:39:43,NORMAL,DECAY,11.222222222222221,4888.111111111111,1.6666666666666667,0.09446371529704861,2.269933318911372,1708.0471293447918,0.0
RUN_020,2026-10-03 20:39:44,NORMAL,DECAY,7.3,2900.8,1.8,0.1717099567099567,2.9669212783001164,1852.244679368702,0.0
RUN_020,2026-10-03 20:39:45,NORMAL,DECAY,9.0,4306.25,2.0,0.19500661375661377,2.299440425143085,1869.7300194075106,0.0
RUN_020,2026-10-03 20:39:46,NORMAL,DECAY,5.25,2606.0,2.1666666666666665,0.21954365079365076,2.513539811571469,1285.709763456978,0.0
RUN_020,2026-10-03 20:39:47,NORMAL,DECAY,6.2727272727272725,4510.727272727273,2.272727272727273,0.3132460973370064,2.491865449350324,1578.4794948562003,0.0
RUN_020,2026-10-03 20:39:48,NORMAL,DECAY,3.3333333333333335,2151.0,1.6666666666666667,0.5843915343915344,3.317685876071234,2215.321803363775,0.0
RUN_020,2026-10-03 20:39:49,NORMAL,DECAY,6.0,2349.1111111111113,1.4444444444444444,0.26247795414462083,2.3787750634241953,1656.5781930843598,0.0
RUN_020,2026-10-03 20:39:50,NORMAL,RECOVERY,7.0,3620.4285714285716,1.0,0.2854875283446712,1.8182755260283858,1474.4906117414382,0.0
RUN_020,2026-10-03 20:39:51,NORMAL,RECOVERY,9.857142857142858,7276.714285714285,1.0,0.14150121587096376,2.7825449752356755,2224.7118177228326,0.0
RUN_020,2026-10-03 20:39:52,NORMAL,RECOVERY,8.222222222222221,4016.6666666666665,1.4444444444444444,0.15475512142178807,1.2950191123504124,1143.5023927382144,0.0
RUN_020,2026-10-03 20:39:53,NORMAL,RECOVERY,9.333333333333334,5813.0,1.4444444444444444,0.1615397922415466,3.058084749243226,2298.1705007229707,0.0
RUN_020,2026-10-03 20:39:54,NORMAL,RECOVERY,5.333333333333333,3663.222222222222,1.4444444444444444,0.4575396825396825,3.917978209798259,2822.8281200907754,0.0
RUN_020,2026-10-03 20:39:55,NORMAL,RECOVERY,5.222222222222222,3721.222222222222,1.4444444444444444,0.23452380952380947,3.1701180736014933,2329.2267800851605,0.0
RUN_020,2026-10-03 20:39:56,NORMAL,RECOVERY,7.428571428571429,4388.714285714285,1.0,0.1985740450026164,3.051787328937142,2199.947570649173,0.0
RUN_020,2026-10-03 20:39:57,NORMAL,RECOVERY,7.857142857142857,4362.714285714285,1.0,0.15294427794427795,2.559276361758182,1875.0309079265712,0.0
RUN_020,2026-10-03 20:39:58,NORMAL,RECOVERY,7.0,4387.666666666667,1.4444444444444444,0.23016273849607183,2.5775342938122177,1584.4020551085298,0.0
RUN_020,2026-10-03 20:39:59,NORMAL,RECOVERY,7.3,4159.8,1.6,0.2204365079365079,2.3379798744797258,1610.272753244725,0.0
RUN_027,2026-10-03 20:52:00,NORMAL,NORMAL,11.142857142857142,8397.0,1.0,0.14956444116107978,0.0,0.0,0.0
RUN_027,2026-10-03 20:52:01,NORMAL,NORMAL,8.142857142857142,3763.0,1.0,0.15396983968412536,4.214285714285714,3326.4285714285716,0.0
RUN_027,2026-10-03 20:52:02,NORMAL,NORMAL,9.375,5663.0,1.25,0.234375,4.091185479745393,3145.5490512709302,0.0
RUN_027,2026-10-03 20:52:03,NORMAL,NORMAL,6.125,3316.625,1.25,0.4457999108734403,4.791723918000449,3437.8554138749055,0.0
RUN_027,2026-10-03 20:52:04,NORMAL,NORMAL,6.0,3876.875,1.25,0.2163690476190476,4.320890803759439,2936.501603898219,0.0
RUN_027,2026-10-03 20:52:05,NORMAL,NORMAL,6.666666666666667,4268.555555555556,1.4444444444444444,0.26913580246913577,2.476734709515086,1546.43111700688,0.0
RUN_027,2026-10-03 20:52:06,NORMAL,NORMAL,5.1,3372.2,1.8,0.2567857142857143,2.6499912921293127,1900.2555416029268,0.0
RUN_027,2026-10-03 20:52:07,NORMAL,NORMAL,5.545454545454546,4027.0,2.090909090909091,0.44903446226975635,2.2186545110871276,1477.1421985558668,0.0
RUN_027,2026-10-03 20:52:08,NORMAL,NORMAL,5.090909090909091,2920.181818181818,2.090909090909091,0.22698412698412695,2.3883753155248746,1809.4571464029505,0.0
RUN_027,2026-10-03 20:52:09,NORMAL,NORMAL,9.416666666666666,6861.0,2.1666666666666665,0.13141835016835013,2.976757812461417,2256.378554864492,0.0
RUN_027,2026-10-03 20:52:10,NORMAL,NORMAL,7.909090909090909,4935.0,1.9090909090909092,0.2718286763741309,3.334073772275451,2631.234966337969,0.0
RUN_027,2026-10-03 20:52:11,NORMAL,NORMAL,7.7,5473.0,1.6,0.21663419913419912,2.464450122061169,1949.7958768280241,0.0
RUN_027,2026-10-03 20:52:12,NORMAL,NORMAL,5.8,3408.8,1.6,0.26123015873015876,1.9965016514479366,1969.994385664865,0.0
RUN_027,2026-10-03 20:52:13,NORMAL,NORMAL,8.727272727272727,5095.727272727273,1.7272727272727273,0.17313031591106454,3.0857766113092193,2167.703884455627,0.0
RUN_027,2026-10-03 20:52:14,NORMAL,NORMAL,6.4,3638.4,1.6,0.34986111111111107,2.9758748724777115,2003.0614001171919,0.0
RUN_027,2026-10-03 20:52:15,NORMAL,NORMAL,8.818181818181818,4896.454545454545,1.7272727272727273,0.16078088578088578,2.870536866038923,1875.237715485976,0.0
RUN_027,2026-10-03 20:52:16,NORMAL,NORMAL,7.888888888888889,4248.444444444444,1.4444444444444444,0.2085537918871252,3.6035581798372274,3079.8510437901464,0.0
RUN_027,2026-10-03 20:52:17,NORMAL,NORMAL,7.375,4634.0,1.25,0.18616071428571426,3.491656577252681,2662.2770684462703,0.0
RUN_027,2026-10-03 20:52:18,NORMAL,NORMAL,10.625,6248.375,1.25,0.10758616383616382,3.025712475093656,2757.163540577153,0.0
RUN_027,2026-10-03 20:52:19,NORMAL,NORMAL,7.625,4150.875,1.25,0.24226190476190476,3.1415926934897933,2514.5135452579602,0.0
RUN_027,2026-10-03 20:52:20,NORMAL,EARLY_CHANGE,7.25,4054.625,1.25,0.26979166666666665,3.38907978160198,2658.1472360301577,0.0
RUN_027,2026-10-03 20:52:21,NORMAL,EARLY_CHANGE,6.875,3716.625,1.25,0.275748556998557,2.775663952541753,2287.0323610641904,0.0
RUN_027,2026-10-03 20:52:22,NORMAL,EARLY_CHANGE,8.5,5685.875,1.25,0.1618551587301587,2.6088127088109605,2018.1458610018722,0.0
RUN_027,2026-10-03 20:52:23,NORMAL,EARLY_CHANGE,9.5,4980.875,1.25,0.129903083028083,2.089385031855821,1151.1211993104027,0.0
RUN_027,2026-10-03 20:52:24,NORMAL,EARLY_CHANGE,7.25,4642.625,1.25,0.34892491087344024,2.336072740287671,1454.8212528454148,0.0
RUN_027,2026-10-03 20:52:25,NORMAL,EARLY_CHANGE,6.333333333333333,3489.4444444444443,1.4444444444444444,0.27187307971621694,2.13240149684292,1624.7357488638504,0.0
RUN_027,2026-10-03 20:52:26,NORMAL,EARLY_CHANGE,8.727272727272727,6644.272727272727,1.7272727272727273,0.19567755476846385,2.170460788953839,1337.7865065134324,0.0
RUN_027,2026-10-03 20:52:27,NORMAL,EARLY_CHANGE,4.454545454545454,3559.090909090909,1.7272727272727273,0.4022727272727273,3.178308551832475,2311.811740558861,0.0
RUN_027,2026-10-03 20:52:28,NORMAL,EARLY_CHANGE,7.5,5577.4,1.6,0.1953246753246753,3.1166779330173204,2543.795596515723,0.0
RUN_027,2026-10-03 20:52:29,NORMAL,EARLY_CHANGE,6.2727272727272725,4235.727272727273,1.9090909090909092,0.27243640198185654,2.8809015036363954,2372.638826595861,0.0
RUN_027,2026-10-03 20:52:30,NORMAL,ESCALATION,5.4,3045.1,1.8,0.31325757575757573,3.0965512431195323,2843.586404154705,0.0
RUN_027,2026-10-03 20:52:31,NORMAL,ESCALATION,5.2,2713.0,1.6,0.4354700854700854,2.962943749649453,2151.182746834805,0.0
RUN_027,2026-10-03 20:52:32,NORMAL,ESCALATION,7.9,5337.7,1.8,0.25467754467754466,2.999103711833443,2465.774361703296,0.0
RUN_027,2026-10-03 20:52:33,NORMAL,ESCALATION,7.4,3173.0,1.8,0.25587051837051833,2.141445946551923,1770.4517729530278,0.0
RUN_027,2026-10-03 20:52:34,NORMAL,ESCALATION,6.2,3728.8,1.8,0.30004329004329,2.848303863884923,1947.8647532593798,0.0
RUN_027,2026-10-03 20:52:35,NORMAL,ESCALATION,7.5,5126.2,1.6,0.2972853535353535,2.754979015250655,1783.388400171641,0.0
RUN_027,2026-10-03 20:52:36,NORMAL,ESCALATION,6.777777777777778,5130.111111111111,1.4444444444444444,0.30515194681861346,4.113543516848723,3218.2330235079125,0.0
RUN_027,2026-10-03 20:52:37,NORMAL,ESCALATION,5.625,4847.75,1.25,0.5303571428571429,3.52577402877327,2752.2723154938594,0.0
RUN_027,2026-10-03 20:52:38,NORMAL,ESCALATION,6.5,5090.125,1.25,0.3678571428571428,2.9351285299184267,2231.3250013906154,0.0
RUN_027,2026-10-03 20:52:39,NORMAL,ESCALATION,10.5,5972.25,1.25,0.13207296176046174,3.0179717064382876,2167.385038195344,0.0
RUN_027,2026-10-03 20:52:40,NORMAL,ESCALATION,6.888888888888889,3287.1111111111113,1.4444444444444444,0.207360540693874,3.2163607102463256,2442.470343144224,0.0
RUN_027,2026-10-03 20:52:41,NORMAL,ESCALATION,6.444444444444445,3986.1111111111113,1.4444444444444444,0.4580457554141765,3.5980038012899294,2762.424721431245,0.0
RUN_027,2026-10-03 20:52:42,NORMAL,ESCALATION,13.555555555555555,5440.444444444444,1.6666666666666667,0.07955192955192952,3.3593338744361256,2070.380576922956,0.0
RUN_027,2026-10-03 20:52:43,NORMAL,ESCALATION,7.444444444444445,3806.777777777778,1.6666666666666667,0.22729276895943556,4.156017699179605,2042.889225883702,0.0
RUN_027,2026-10-03 20:52:44,NORMAL,ESCALATION,5.625,3858.75,1.25,0.281155303030303,3.277809851072035,1580.729751554083,0.0
RUN_027,2026-10-03 20:52:45,NORMAL,ESCALATION,8.777777777777779,5513.0,1.4444444444444444,0.12591914258580922,2.242865363236371,1581.9009662181174,0.0
RUN_027,2026-10-03 20:52:46,NORMAL,ESCALATION,8.444444444444445,3821.1111111111113,1.4444444444444444,0.15992865159531824,2.7255971721027796,1893.7925804186739,0.0
RUN_027,2026-10-03 20:52:47,NORMAL,ESCALATION,8.818181818181818,6376.0,1.7272727272727273,0.26915357369902826,2.57510400265557,1938.9093242278955,0.0
RUN_027,2026-10-03 20:52:48,NORMAL,ESCALATION,7.0,4842.090909090909,1.7272727272727273,0.30086353040898495,2.7817897248098644,1974.9723648460808,0.0
RUN_027,2026-10-03 20:52:49,NORMAL,ESCALATION,9.909090909090908,5402.545454545455,1.7272727272727273,0.17662993572084482,2.9912296709585235,2149.026120556796,0.0
RUN_027,2026-10-03 20:52:50,NORMAL,ESCALATION,5.454545454545454,3583.6363636363635,1.7272727272727273,0.21028138528138526,3.7536208905385533,2483.2789111633424,0.0
RUN_027,2026-10-03 20:52:51,NORMAL,ESCALATION,7.333333333333333,5094.666666666667,1.8333333333333333,0.2867012617012617,3.6400340038965404,2746.210725438988,0.0
RUN_027,2026-10-03 20:52:52,NORMAL,ESCALATION,7.1,4633.6,1.6,0.2642099567099567,3.398086347135591,2469.081692363248,0.0
RUN_027,2026-10-03 20:52:53,NORMAL,ESCALATION,6.909090909090909,5447.272727272727,1.9090909090909092,0.25390266299357206,1.9304031731202371,1431.7542539848926,0.0
RUN_027,2026-10-03 20:52:54,NORMAL,ESCALATION,7.2727272727272725,4922.818181818182,1.9090909090909092,0.337358979404434,3.0334506576690377,2417.5513365058805,0.0
RUN_027,2026-10-03 20:52:55,NORMAL,ESCALATION,6.0,3145.25,1.25,0.26592261904761905,2.9426693831739303,2542.581295399567,0.0
RUN_027,2026-10-03 20:52:56,NORMAL,ESCALATION,11.375,6029.625,1.25,0.1063997277232571,3.4387615397188807,2558.770729492179,0.0
RUN_027,2026-10-03 20:52:57,NORMAL,ESCALATION,8.875,5854.75,1.25,0.23121657754010694,3.1313667332032478,2234.342458769918,0.0
RUN_027,2026-10-03 20:52:58,NORMAL,ESCALATION,7.5,4667.75,1.25,0.2010957792207792,3.6483420022898603,2600.246324309404,0.0
RUN_027,2026-10-03 20:52:59,NORMAL,ESCALATION,6.555555555555555,3866.5555555555557,1.4444444444444444,0.22699214365881032,2.114678971069879,1289.0916746154467,0.0
RUN_027,2026-10-03 20:53:00,NORMAL,SUSTAINED,8.88888888888889,3842.5555555555557,1.4444444444444444,0.20776815776815774,1.8426122245904146,709.5375703068077,0.0
RUN_027,2026-10-03 20:53:01,NORMAL,SUSTAINED,5.625,2973.875,1.25,0.37083333333333335,3.4845528964366124,1790.9475753674276,0.0
RUN_027,2026-10-03 20:53:02,NORMAL,SUSTAINED,7.555555555555555,3748.5555555555557,1.4444444444444444,0.1712522045855379,2.750678834458069,1229.3352463141086,0.0
RUN_027,2026-10-03 20:53:03,NORMAL,SUSTAINED,8.4,4110.7,1.8,0.18594627594627594,3.2212067978895007,1494.3447101061392,0.0
RUN_027,2026-10-03 20:53:04,NORMAL,SUSTAINED,10.7,4999.5,2.2,0.18020275476157827,2.933599529301671,1627.896133790975,0.0
RUN_027,2026-10-03 20:53:05,NORMAL,SUSTAINED,9.3,3921.3,2.2,0.12290404040404039,3.169131028937592,1715.0152129964704,0.0
RUN_027,2026-10-03 20:53:06,NORMAL,SUSTAINED,6.111111111111111,3675.222222222222,1.6666666666666667,0.2014590347923681,2.5891367014403355,1224.346547366402,0.0
RUN_027,2026-10-03 20:53:07,NORMAL,SUSTAINED,11.0,6252.6,1.8,0.1948351648351648,3.034732923496139,1903.837192164207,0.0
RUN_027,2026-10-03 20:53:08,NORMAL,SUSTAINED,7.9,4729.2,1.8,0.16506715506715502,3.7777362115024937,2391.925397059401,0.0
RUN_027,2026-10-03 20:53:09,NORMAL,SUSTAINED,8.666666666666666,5098.555555555556,1.4444444444444444,0.1449438361203067,2.5021859644284294,1689.1952999196167,0.0
RUN_027,2026-10-03 20:53:10,NORMAL,SUSTAINED,6.333333333333333,4550.666666666667,1.4444444444444444,0.2854938271604938,3.1196241478738393,2285.9416014406825,0.0
RUN_027,2026-10-03 20:53:11,NORMAL,SUSTAINED,9.714285714285714,6718.857142857143,1.0,0.17790449513138587,2.7250053592239536,1986.7101111539232,0.0
RUN_027,2026-10-03 20:53:12,NORMAL,SUSTAINED,6.0,2867.714285714286,1.0,0.27108843537414967,4.344983191553906,3285.045940389033,0.0
RUN_027,2026-10-03 20:53:13,NORMAL,SUSTAINED,7.0,4724.285714285715,1.0,0.19444444444444445,3.89398642685384,3155.9919268086273,0.0
RUN_027,2026-10-03 20:53:14,NORMAL,SUSTAINED,8.0,5837.857142857143,1.0,0.1767486481772196,4.229952897303539,3407.9456302372423,0.0
RUN_027,2026-10-03 20:53:15,NORMAL,SUSTAINED,5.428571428571429,3049.4285714285716,1.0,0.20629251700680268,3.2993854898340165,2537.5207236748042,0.0
RUN_027,2026-10-03 20:53:16,NORMAL,SUSTAINED,7.142857142857143,3893.5714285714284,1.0,0.15703463203463203,2.1976396608032727,1429.2124265267134,0.0
RUN_027,2026-10-03 20:53:17,NORMAL,SUSTAINED,7.555555555555555,5518.444444444444,1.4444444444444444,0.41070750237416903,2.456187752265779,1734.9511765991422,0.0
RUN_027,2026-10-03 20:53:18,NORMAL,SUSTAINED,11.5,6507.875,1.25,0.0997984654234654,3.1949627545246373,2630.4137258841542,0.0
RUN_027,2026-10-03 20:53:19,NORMAL,SUSTAINED,8.333333333333334,5531.333333333333,1.4444444444444444,0.14549586216252883,2.849659775820475,2383.056680749367,0.0
RUN_027,2026-10-03 20:53:20,NORMAL,SUSTAINED,6.888888888888889,4062.1111111111113,1.4444444444444444,0.2014991181657848,2.280353003344056,2154.2954561943075,0.0
RUN_027,2026-10-03 20:53:21,NORMAL,SUSTAINED,5.666666666666667,3029.8888888888887,1.4444444444444444,0.3234567901234568,2.588623463305954,2659.811199448023,0.0
RUN_027,2026-10-03 20:53:22,NORMAL,SUSTAINED,5.875,4223.125,1.25,0.4172619047619047,3.354415328127421,3138.6539278740784,0.0
RUN_027,2026-10-03 20:53:23,NORMAL,SUSTAINED,7.0,5593.625,1.25,0.2616612554112554,2.1612763329056146,2234.8240253884615,0.0
RUN_027,2026-10-03 20:53:24,NORMAL,SUSTAINED,8.444444444444445,5995.222222222223,1.4444444444444444,0.1523512435277141,2.406676694445961,2246.4701876884283,0.0
RUN_027,2026-10-03 20:53:25,NORMAL,SUSTAINED,7.555555555555555,5949.0,1.4444444444444444,0.18028823028823027,2.93617936441005,2407.4932777386784,0.0
RUN_027,2026-10-03 20:53:26,NORMAL,SUSTAINED,6.0,3014.222222222222,1.4444444444444444,0.381705948372615,2.1800198875186956,1955.9313271454796,0.0
RUN_027,2026-10-03 20:53:27,NORMAL,SUSTAINED,8.333333333333334,6240.222222222223,1.4444444444444444,0.2178984595651262,3.7431168784094107,2901.002218270975,0.0
RUN_027,2026-10-03 20:53:28,NORMAL,SUSTAINED,5.555555555555555,3461.6666666666665,1.4444444444444444,0.20648148148148146,3.0277463460911402,2322.1561160738,0.0
RUN_027,2026-10-03 20:53:29,NORMAL,SUSTAINED,8.0,4771.555555555556,1.4444444444444444,0.1471781305114638,2.967386345221773,2252.5078382814295,0.0
RUN_027,2026-10-03 20:53:30,NORMAL,DECAY,9.11111111111111,5849.222222222223,1.4444444444444444,0.11953663620330285,2.801532652258311,2068.544952992912,0.0
RUN_027,2026-10-03 20:53:31,NORMAL,DECAY,6.1,3157.8,1.6,0.3113095238095238,2.371573634490569,1883.141470332165,0.0
RUN_027,2026-10-03 20:53:32,NORMAL,DECAY,7.181818181818182,3911.0,1.7272727272727273,0.23145188145188145,2.575934211266522,2045.771372243543,0.0
RUN_027,2026-10-03 20:53:33,NORMAL,DECAY,7.6923076923076925,4502.2307692307695,2.076923076923077,0.25210985595600977,2.384635473482092,1686.6929175779696,0.0
RUN_027,2026-10-03 20:53:34,NORMAL,DECAY,6.538461538461538,3841.076923076923,2.230769230769231,0.2225533013994552,2.6440593822271987,1907.7837377821897,0.0
RUN_027,2026-10-03 20:53:35,NORMAL,DECAY,8.857142857142858,5290.214285714285,2.4285714285714284,0.15156153370439082,2.731350708614496,1757.7850089500266,0.0
RUN_027,2026-10-03 20:53:36,NORMAL,DECAY,9.272727272727273,6558.727272727273,1.9090909090909092,0.14213858037387447,3.132694720990728,2107.980518460072,0.0
RUN_027,2026-10-03 20:53:37,NORMAL,DECAY,9.083333333333334,4521.916666666667,2.0,0.14221022033522032,3.611785158005113,2296.364776758171,0.0
RUN_027,2026-10-03 20:53:38,NORMAL,DECAY,6.444444444444445,4216.555555555556,1.4444444444444444,0.25497557997557996,3.5531009668219817,2152.0793512725113,0.0
RUN_027,2026-10-03 20:53:39,NORMAL,DECAY,3.8181818181818183,3127.5454545454545,1.7272727272727273,0.6190476190476191,2.6579798790738676,1700.2322245019177,0.0
RUN_027,2026-10-03 20:53:40,NORMAL,DECAY,7.846153846153846,4725.2307692307695,2.076923076923077,0.13385225885225885,2.866386412808932,1778.1786780701536,0.0
RUN_027,2026-10-03 20:53:41,NORMAL,DECAY,8.9,6741.3,1.8,0.1316977466977467,2.737889869653613,2437.6731080233485,0.0
RUN_027,2026-10-03 20:53:42,NORMAL,DECAY,5.7,2115.1,1.8,0.3951165501165501,3.274701956798792,2539.7559103946332,0.0
RUN_027,2026-10-03 20:53:43,NORMAL,DECAY,7.454545454545454,3768.909090909091,1.9090909090909092,0.17630198084743537,2.5891874683380287,1746.1975783141888,0.0
RUN_027,2026-10-03 20:53:44,NORMAL,DECAY,5.333333333333333,3698.3333333333335,1.4444444444444444,0.2927248677248677,2.460237906038249,1972.1811971186294,0.0
RUN_027,2026-10-03 20:53:45,NORMAL,DECAY,6.777777777777778,4529.555555555556,1.4444444444444444,0.36246392496392493,3.2921797165136955,2617.955168949088,0.0
RUN_027,2026-10-03 20:53:46,NORMAL,DECAY,9.25,5990.625,1.25,0.13511141636141635,2.758423278457182,1985.994744039062,0.0
RUN_027,2026-10-03 20:53:47,NORMAL,DECAY,7.111111111111111,4525.222222222223,1.4444444444444444,0.20417915417915414,2.391080153832404,1613.4551972068875,0.0
RUN_027,2026-10-03 20:53:48,NORMAL,DECAY,10.4,5546.8,1.6,0.10702852702852701,3.162182508962325,2271.0830902113985,0.0
RUN_027,2026-10-03 20:53:49,NORMAL,DECAY,5.555555555555555,3714.1111111111113,1.4444444444444444,0.27345679012345675,3.6067103583852917,2463.9557891802287,0.0
RUN_027,2026-10-03 20:53:50,NORMAL,RECOVERY,7.7,6098.7,1.6,0.18844988344988345,3.2816462446848753,2604.0366024834184,0.0
RUN_027,2026-10-03 20:53:51,NORMAL,RECOVERY,6.333333333333333,3201.4444444444443,1.4444444444444444,0.33112874779541446,3.5823519911582986,2696.5338106647264,0.0
RUN_027,2026-10-03 20:53:52,NORMAL,RECOVERY,8.666666666666666,5284.777777777777,1.4444444444444444,0.1630884547551214,2.439381287532977,2190.852504546108,0.0
RUN_027,2026-10-03 20:53:53,NORMAL,RECOVERY,5.571428571428571,3541.4285714285716,1.0,0.393939393939394,2.5531412091783716,1643.5929412118937,0.0
RUN_027,2026-10-03 20:53:54,NORMAL,RECOVERY,4.25,3015.875,1.25,0.3333333333333333,2.534835029224217,1791.6103754291496,0.0
RUN_027,2026-10-03 20:53:55,NORMAL,RECOVERY,4.555555555555555,3607.4444444444443,1.6666666666666667,0.4484126984126984,2.7283890470233647,2203.4404934548224,0.0
RUN_027,2026-10-03 20:53:56,NORMAL,RECOVERY,7.111111111111111,3203.777777777778,1.6666666666666667,0.2125,2.554943777784984,2239.1054144296522,0.0
RUN_027,2026-10-03 20:53:57,NORMAL,RECOVERY,6.454545454545454,4413.0,1.9090909090909092,0.20852026761117665,1.8999204710495419,1753.165439448835,0.0
RUN_027,2026-10-03 20:53:58,NORMAL,RECOVERY,7.777777777777778,5137.777777777777,1.4444444444444444,0.2802410437859354,2.5633240552725813,2113.6960106956726,0.0
RUN_027,2026-10-03 20:53:59,NORMAL,RECOVERY,9.222222222222221,5595.888888888889,1.4444444444444444,0.22888130388130387,3.336674101907567,2586.329965704482,0.0
RUN_030,2026-10-03 20:58:00,SYN_FLOOD,NORMAL,4.6,689.8,1.0,0.22999999999999998,0.0,0.0,0.0
RUN_030,2026-10-03 20:58:01,SYN_FLOOD,NORMAL,4.0,1284.6,1.0,0.2633333333333333,0.3,298.6,0.0
RUN_030,2026-10-03 20:58:02,SYN_FLOOD,NORMAL,4.2,952.6,1.0,0.2733333333333333,0.6599663291074445,262.3106635599934,0.0
RUN_030,2026-10-03 20:58:03,SYN_FLOOD,NORMAL,5.0,2158.3333333333335,1.3333333333333333,0.22685185185185183,0.9723068552933469,623.7811585729117,0.0
RUN_030,2026-10-03 20:58:04,SYN_FLOOD,NORMAL,5.428571428571429,1498.0,1.5714285714285714,0.19557823129251697,0.9970142630214791,535.1422242341533,0.0
RUN_030,2026-10-03 20:58:05,SYN_FLOOD,NORMAL,4.333333333333333,1224.0,1.3333333333333333,0.2793650793650793,0.7643344704038365,340.59778503877595,0.0
RUN_030,2026-10-03 20:58:06,SYN_FLOOD,NORMAL,4.5,989.6666666666666,1.3333333333333333,0.2416666666666666,0.7078698548207746,113.21737047668442,0.0
RUN_030,2026-10-03 20:58:07,SYN_FLOOD,NORMAL,7.666666666666667,3118.0,1.3333333333333333,0.1793650793650793,1.8464335419306261,1104.5178366389252,0.0
RUN_030,2026-10-03 20:58:08,SYN_FLOOD,NORMAL,3.857142857142857,781.7142857142857,1.8571428571428572,0.2833333333333333,1.9317512109817194,917.8832962997338,0.0
RUN_030,2026-10-03 20:58:09,SYN_FLOOD,NORMAL,4.142857142857143,1018.1428571428571,1.8571428571428572,0.33095238095238094,1.5104549179279612,872.4024950788704,0.0
RUN_030,2026-10-03 20:58:10,SYN_FLOOD,NORMAL,6.111111111111111,1589.7777777777778,2.5555555555555554,0.18367928367928366,0.9984779093800233,464.20192872397297,0.0
RUN_030,2026-10-03 20:58:11,SYN_FLOOD,NORMAL,4.909090909090909,553.0909090909091,3.1818181818181817,0.22424242424242422,1.2833665616989913,708.505182241343,0.0
RUN_030,2026-10-03 20:58:12,SYN_FLOOD,NORMAL,4.9,983.2,2.6,0.29333333333333333,0.9781802255788822,453.5875584707834,0.0
RUN_030,2026-10-03 20:58:13,SYN_FLOOD,NORMAL,3.75,327.5,2.0,0.4083333333333333,1.225819172586118,606.0885720411624,0.0
RUN_030,2026-10-03 20:58:14,SYN_FLOOD,NORMAL,5.833333333333333,1886.6666666666667,1.3333333333333333,0.18888888888888888,1.5950353241575943,979.4796774819097,0.0
RUN_030,2026-10-03 20:58:15,SYN_FLOOD,NORMAL,7.2,3236.6,1.0,0.17583333333333334,1.1090351430965741,579.8970238628868,0.0
RUN_030,2026-10-03 20:58:16,SYN_FLOOD,NORMAL,7.2,2508.4,1.0,0.2013888888888889,2.1892051082975725,1694.8340495891098,0.0
RUN_030,2026-10-03 20:58:17,SYN_FLOOD,NORMAL,7.0,2360.2,1.0,0.1676190476190476,2.045669833031828,1515.284926729236,0.0
RUN_030,2026-10-03 20:58:18,SYN_FLOOD,NORMAL,6.2,2911.0,1.0,0.19984848484848486,1.729426988721667,1272.1069479031873,0.0
RUN_030,2026-10-03 20:58:19,SYN_FLOOD,NORMAL,5.333333333333333,1815.0,1.3333333333333333,0.2138888888888889,1.0595409075035325,492.198051318928,0.0
RUN_030,2026-10-03 20:58:20,SYN_FLOOD,EARLY_CHANGE,5.333333333333333,895.8333333333334,1.3333333333333333,0.20853174603174604,0.47767090063073975,545.2333061199485,0.0
RUN_030,2026-10-03 20:58:21,SYN_FLOOD,EARLY_CHANGE,20.666666666666668,2684.6666666666665,1.3333333333333333,0.07199374699374696,7.263855783981295,981.9520966503806,0.6666666666666666
RUN_030,2026-10-03 20:58:22,SYN_FLOOD,EARLY_CHANGE,39.4,3803.0,1.0,0.10168483822024625,14.829136498799869,1654.378802443693,1.2
RUN_030,2026-10-03 20:58:23,SYN_FLOOD,EARLY_CHANGE,43.0,4225.833333333333,1.3333333333333333,0.11739897863057164,10.232723656072016,1323.6059533977761,1.5
RUN_030,2026-10-03 20:58:24,SYN_FLOOD,EARLY_CHANGE,58.375,5497.75,1.75,0.05739859750247781,5.521368572336611,954.6473578071225,2.5
RUN_030,2026-10-03 20:58:25,SYN_FLOOD,EARLY_CHANGE,78.625,8692.0,1.75,0.03432146050243992,11.380743003034311,2138.8094856970324,3.125
RUN_030,2026-10-03 20:58:26,SYN_FLOOD,EARLY_CHANGE,109.9090909090909,7983.818181818182,2.4545454545454546,0.12192293805261464,17.79429167421495,2253.674791963723,4.363636363636363
RUN_030,2026-10-03 20:58:27,SYN_FLOOD,EARLY_CHANGE,138.08333333333334,9179.25,2.8333333333333335,0.06624831646685314,24.613380395498705,2135.082501394722,5.25
RUN_030,2026-10-03 20:58:28,SYN_FLOOD,EARLY_CHANGE,169.07142857142858,11638.285714285714,3.4285714285714284,0.12884773810384317,27.124817395698525,2519.6965823023847,6.285714285714286
RUN_030,2026-10-03 20:58:29,SYN_FLOOD,EARLY_CHANGE,173.0,14080.857142857143,3.142857142857143,0.04116104085239654,26.94095546537041,2469.3697784330084,6.428571428571429
RUN_030,2026-10-03 20:58:30,SYN_FLOOD,ESCALATION,5.538461538461538,2093.846153846154,2.6923076923076925,0.22596153846153844,63.594067199190185,5131.527469730941,6.230769230769231
RUN_030,2026-10-03 20:58:31,SYN_FLOOD,ESCALATION,11.384615384615385,1639.0,2.8461538461538463,0.11647412416643184,50.8547595487426,4285.7224069986905,6.923076923076923
RUN_030,2026-10-03 20:58:32,SYN_FLOOD,ESCALATION,16.1,2343.6,2.4,0.07492585630743524,28.514375204730054,2564.8376211026907,7.7
RUN_030,2026-10-03 20:58:33,SYN_FLOOD,ESCALATION,26.818181818181817,3643.6363636363635,2.272727272727273,0.05703030101670376,17.053986024127518,1685.0518982155968,7.636363636363637
RUN_030,2026-10-03 20:58:34,SYN_FLOOD,ESCALATION,27.6,4167.8,2.2,0.05538101875058395,7.446800979409365,985.1554663712865,7.8
RUN_030,2026-10-03 20:58:35,SYN_FLOOD,ESCALATION,28.444444444444443,3344.6666666666665,2.111111111111111,0.07684822893156225,7.042729654895879,910.4874327776629,7.777777777777778
RUN_030,2026-10-03 20:58:36,SYN_FLOOD,ESCALATION,38.75,3112.625,1.75,0.12673302221264868,7.459761539177284,988.7395128522795,9.375
RUN_030,2026-10-03 20:58:37,SYN_FLOOD,ESCALATION,47.5,3977.1666666666665,1.3333333333333333,0.12101806160629687,4.196115569181136,709.1854407546681,10.666666666666666
RUN_030,2026-10-03 20:58:38,SYN_FLOOD,ESCALATION,64.14285714285714,4323.857142857143,1.8571428571428572,0.175515785476528,12.495425614180734,1124.1831441195577,12.142857142857142
RUN_030,2026-10-03 20:58:39,SYN_FLOOD,ESCALATION,43.44444444444444,3659.4444444444443,2.111111111111111,0.07765623428659346,7.895305372248213,673.9176076061004,12.0
RUN_030,2026-10-03 20:58:40,SYN_FLOOD,ESCALATION,65.3,6842.7,2.6,0.03132680456013032,11.039493999881369,1527.2652307579792,13.3
RUN_030,2026-10-03 20:58:41,SYN_FLOOD,ESCALATION,68.55555555555556,7529.555555555556,2.5555555555555554,0.04507753349355993,9.757209242844546,1602.218315993095,13.333333333333334
RUN_030,2026-10-03 20:58:42,SYN_FLOOD,ESCALATION,76.4,5859.0,2.6,0.05418677452467121,9.029934315296874,1430.4464327392093,14.7
RUN_030,2026-10-03 20:58:43,SYN_FLOOD,ESCALATION,58.90909090909091,6611.272727272727,2.6363636363636362,0.04303278818697634,6.490027073101768,1062.4934078922795,14.0
RUN_030,2026-10-03 20:58:44,SYN_FLOOD,ESCALATION,88.16666666666667,8331.75,2.8333333333333335,0.03008592676329795,10.040821168382555,1268.7282387461191,17.25
RUN_030,2026-10-03 20:58:45,SYN_FLOOD,ESCALATION,107.23076923076923,6925.846153846154,3.4615384615384617,0.024611199987990277,17.425647742080823,1598.9380889856407,20.307692307692307
RUN_030,2026-10-03 20:58:46,SYN_FLOOD,ESCALATION,112.5,7677.928571428572,3.7142857142857144,0.09071450107485303,19.273349992577515,1736.0033584079013,21.428571428571427
RUN_030,2026-10-03 20:58:47,SYN_FLOOD,ESCALATION,129.0,9579.0,3.5714285714285716,0.01690886240143723,30.533495628572236,2131.6220046263397,22.285714285714285
RUN_030,2026-10-03 20:58:48,SYN_FLOOD,ESCALATION,125.23076923076923,9132.153846153846,3.4615384615384617,0.026420498855154413,29.76424216547395,2184.437175049895,22.846153846153847
RUN_030,2026-10-03 20:58:49,SYN_FLOOD,ESCALATION,114.5,8145.166666666667,3.0,0.024321397532767606,21.4377248217986,1684.7900991651675,23.333333333333332
RUN_030,2026-10-03 20:58:50,SYN_FLOOD,ESCALATION,157.33333333333334,10404.111111111111,2.3333333333333335,0.03358568470007317,19.55424296322461,2007.7945058445487,22.555555555555557
RUN_030,2026-10-03 20:58:51,SYN_FLOOD,ESCALATION,124.4,8989.8,2.4,0.04696714907884536,10.870911606679467,1132.9382955788683,24.0
RUN_030,2026-10-03 20:58:52,SYN_FLOOD,ESCALATION,147.45454545454547,10221.545454545454,2.8181818181818183,0.11072509030075288,9.342067624657444,1008.3158623641554,25.363636363636363
RUN_030,2026-10-03 20:58:53,SYN_FLOOD,ESCALATION,172.63636363636363,11550.0,2.8181818181818183,0.05576552466102151,25.54346195042458,1673.6283755594889,26.181818181818183
RUN_030,2026-10-03 20:58:54,SYN_FLOOD,ESCALATION,144.0909090909091,10258.727272727272,2.8181818181818183,0.024315165418353244,25.137738779631025,1663.213137216282,27.0
RUN_030,2026-10-03 20:58:55,SYN_FLOOD,ESCALATION,190.91666666666666,12652.583333333334,3.3333333333333335,0.12870962375824083,24.398477787948284,1927.199368366161,28.333333333333332
RUN_030,2026-10-03 20:58:56,SYN_FLOOD,ESCALATION,190.66666666666666,13381.833333333334,3.0,0.021493498501759467,25.831739809391333,2267.234698393817,29.166666666666668
RUN_030,2026-10-03 20:58:57,SYN_FLOOD,ESCALATION,198.16666666666666,13981.25,3.0,0.0574143215624344,32.58051364043247,2650.4161057047927,30.0
RUN_030,2026-10-03 20:58:58,SYN_FLOOD,ESCALATION,209.92307692307693,14391.307692307691,3.3076923076923075,0.048029451244651286,33.317041930170994,2680.868915901355,31.307692307692307
RUN_030,2026-10-03 20:58:59,SYN_FLOOD,ESCALATION,225.5,14669.9375,4.25,0.05561439038207752,32.83128064925316,2276.0207564473676,33.25
RUN_030,2026-10-03 20:59:00,SYN_FLOOD,SUSTAINED,239.0,15063.0,4.375,0.04094818341962826,37.936546403833304,2417.1598934303374,34.125
RUN_030,2026-10-03 20:59:01,SYN_FLOOD,SUSTAINED,207.53333333333333,14674.4,3.933333333333333,0.025270133619490393,33.65525955601898,2306.5453029746245,34.666666666666664
RUN_030,2026-10-03 20:59:02,SYN_FLOOD,SUSTAINED,226.75,14758.75,4.5,0.025426913336830795,34.0340948916551,2331.7500274882127,35.875
RUN_030,2026-10-03 20:59:03,SYN_FLOOD,SUSTAINED,240.125,15261.4375,4.5,0.03877791951228608,35.756816103448976,2434.8200315038503,36.75
RUN_030,2026-10-03 20:59:04,SYN_FLOOD,SUSTAINED,250.66666666666666,16420.2,4.2,0.07937055206207601,30.208300742501354,2354.510446151479,37.266666666666666
RUN_030,2026-10-03 20:59:05,SYN_FLOOD,SUSTAINED,231.4,15444.533333333333,4.2,0.024828416932591645,24.01172453427737,2246.017340418586,38.13333333333333
RUN_030,2026-10-03 20:59:06,SYN_FLOOD,SUSTAINED,201.4375,13579.4375,4.375,0.016332460251374914,36.966938997999335,2711.8577237952813,39.375
RUN_030,2026-10-03 20:59:07,SYN_FLOOD,SUSTAINED,229.0,15112.8,3.933333333333333,0.027897543257782577,45.188441929920415,3470.757867814377,39.86666666666667
RUN_030,2026-10-03 20:59:08,SYN_FLOOD,SUSTAINED,273.3333333333333,17756.666666666668,3.933333333333333,0.014516668368200588,38.29862057919654,2726.8308721879057,40.733333333333334
RUN_030,2026-10-03 20:59:09,SYN_FLOOD,SUSTAINED,229.42857142857142,15092.0,3.5714285714285716,0.019585440140884616,35.11228557491986,2694.312418745728,41.142857142857146
RUN_030,2026-10-03 20:59:10,SYN_FLOOD,SUSTAINED,206.71428571428572,13486.285714285714,4.0,0.08118275114448502,32.17983484302868,2364.1096707051533,42.0
RUN_030,2026-10-03 20:59:11,SYN_FLOOD,SUSTAINED,197.07142857142858,12637.785714285714,3.7142857142857144,0.0934512396058844,33.84417416564661,2664.490885547831,42.857142857142854
RUN_030,2026-10-03 20:59:12,SYN_FLOOD,SUSTAINED,199.86666666666667,13233.866666666667,4.066666666666666,0.018291581386446522,30.31560050392003,2002.0234095841763,44.2
RUN_030,2026-10-03 20:59:13,SYN_FLOOD,SUSTAINED,237.6,16716.6,3.933333333333333,0.0164131328449037,27.50370723871286,2032.769069108003,45.06666666666667
RUN_030,2026-10-03 20:59:14,SYN_FLOOD,SUSTAINED,183.58823529411765,11119.764705882353,4.647058823529412,0.07164108117414177,25.63600792613363,2211.6151247538196,46.76470588235294
RUN_030,2026-10-03 20:59:15,SYN_FLOOD,SUSTAINED,214.25,14130.9375,4.25,0.011610630917073156,22.029757360897836,1905.26326571241,47.25
RUN_030,2026-10-03 20:59:16,SYN_FLOOD,SUSTAINED,234.7058823529412,14385.64705882353,4.529411764705882,0.014853070760513558,29.83686878685671,2188.7008395461958,48.529411764705884
RUN_030,2026-10-03 20:59:17,SYN_FLOOD,SUSTAINED,212.35714285714286,14964.214285714286,3.5714285714285716,0.020462534383020873,21.85304073226564,1813.1770343487703,48.0
RUN_030,2026-10-03 20:59:18,SYN_FLOOD,SUSTAINED,235.4375,15959.6875,4.25,0.017235819848310043,33.2861892665392,2785.4822944169337,49.875
RUN_030,2026-10-03 20:59:19,SYN_FLOOD,SUSTAINED,222.21428571428572,15009.5,3.5714285714285716,0.030544479835309023,41.460261674766734,2864.0081466998913,49.714285714285715
RUN_030,2026-10-03 20:59:20,SYN_FLOOD,SUSTAINED,206.4,13272.466666666667,3.933333333333333,0.07641995492538182,35.05621440044301,2454.8632564433515,51.13333333333333
RUN_030,2026-10-03 20:59:21,SYN_FLOOD,SUSTAINED,240.6,15366.533333333333,3.933333333333333,0.040069904298677406,28.85649174342863,2323.5846735716427,52.0
RUN_030,2026-10-03 20:59:22,SYN_FLOOD,SUSTAINED,206.73333333333332,14201.0,4.2,0.07661166602886621,34.70236439047796,2357.712595599662,52.86666666666667
RUN_030,2026-10-03 20:59:23,SYN_FLOOD,SUSTAINED,178.94117647058823,12168.588235294117,4.294117647058823,0.02053182100865818,29.87368598122563,2165.456598198655,51.05882352941177
RUN_030,2026-10-03 20:59:24,SYN_FLOOD,SUSTAINED,227.33333333333334,14706.2,3.933333333333333,0.09250451974334555,27.449471428744072,2302.2522756805856,54.6
RUN_030,2026-10-03 20:59:25,SYN_FLOOD,SUSTAINED,225.0625,14893.8125,3.875,0.0290856763256488,28.193587865138173,2318.2201436896057,52.0
RUN_030,2026-10-03 20:59:26,SYN_FLOOD,SUSTAINED,200.05555555555554,14774.777777777777,4.555555555555555,0.023644652608998167,26.7820546313584,2562.3227230499906,54.166666666666664
RUN_030,2026-10-03 20:59:27,SYN_FLOOD,SUSTAINED,208.83333333333334,13395.944444444445,4.555555555555555,0.02646182332999625,32.97707034635348,2552.958746089288,55.0
RUN_030,2026-10-03 20:59:28,SYN_FLOOD,SUSTAINED,251.27777777777777,16559.11111111111,4.555555555555555,0.019602275451362006,40.93541251753052,2818.7708929912314,55.833333333333336
RUN_030,2026-10-03 20:59:29,SYN_FLOOD,SUSTAINED,213.92857142857142,15133.642857142857,3.5714285714285716,0.015070452993936478,36.18132473868622,2408.418625271731,58.285714285714285
RUN_030,2026-10-03 20:59:30,SYN_FLOOD,DECAY,213.92857142857142,14054.142857142857,3.5714285714285716,0.02427873792280407,30.3204102994877,2148.1882040608425,59.142857142857146
RUN_030,2026-10-03 20:59:31,SYN_FLOOD,DECAY,227.0625,15748.5,4.25,0.019409508474941186,31.680068594669578,2218.4796092554725,61.25
RUN_030,2026-10-03 20:59:32,SYN_FLOOD,DECAY,199.5625,14030.75,4.25,0.04024296184599969,38.10159133501192,3082.9078803069488,62.125
RUN_030,2026-10-03 20:59:33,SYN_FLOOD,DECAY,206.6,13734.533333333333,3.933333333333333,0.01469303016111348,29.37854050212901,2530.4436424338232,62.4
RUN_030,2026-10-03 20:59:34,SYN_FLOOD,DECAY,175.53333333333333,11924.8,3.933333333333333,0.01561628861565062,30.450178520374934,2665.5129357100377,63.266666666666666
RUN_030,2026-10-03 20:59:35,SYN_FLOOD,DECAY,174.85714285714286,12338.0,3.7142857142857144,0.016683116106890678,29.0660080937104,2535.726267441118,63.42857142857143
RUN_030,2026-10-03 20:59:36,SYN_FLOOD,DECAY,139.76923076923077,9821.615384615385,3.3076923076923075,0.05237825487243422,29.021447628145435,2551.2328500826306,63.46153846153846
RUN_030,2026-10-03 20:59:37,SYN_FLOOD,DECAY,152.54545454545453,10717.545454545454,2.8181818181818183,0.0249992478060429,16.321580197100012,1438.0268182001346,62.18181818181818
RUN_030,2026-10-03 20:59:38,SYN_FLOOD,DECAY,113.3076923076923,7560.846153846154,3.6153846153846154,0.015954566694745306,25.277466704351575,1774.8771487810404,65.15384615384616
RUN_030,2026-10-03 20:59:39,SYN_FLOOD,DECAY,106.0,7265.0,3.0,0.059706508031431335,22.587367737665108,1629.276239133025,60.0
RUN_030,2026-10-03 20:59:40,SYN_FLOOD,DECAY,86.07692307692308,6363.846153846154,3.0,0.03988819501636586,15.438496302684342,1129.9769102402931,60.76923076923077
RUN_030,2026-10-03 20:59:41,SYN_FLOOD,DECAY,107.1875,7211.8125,3.5,0.13950903205200274,14.111415660249877,1158.6653893109444,60.0
RUN_030,2026-10-03 20:59:42,SYN_FLOOD,DECAY,84.46666666666667,6063.466666666666,3.6666666666666665,0.09261151317702614,15.124172080476624,1289.3490385445189,64.8
RUN_030,2026-10-03 20:59:43,SYN_FLOOD,DECAY,67.8,4775.066666666667,3.533333333333333,0.04938997400148034,15.983834292271341,1487.7906956939291,65.6
RUN_030,2026-10-03 20:59:44,SYN_FLOOD,DECAY,75.78571428571429,5808.0,3.2857142857142856,0.035552806746685504,14.756659727377373,1165.2354592032077,65.21428571428571
RUN_030,2026-10-03 20:59:45,SYN_FLOOD,DECAY,51.857142857142854,4416.071428571428,3.2857142857142856,0.03087014544706965,15.422416694576967,1178.8361334283777,66.0
RUN_030,2026-10-03 20:59:46,SYN_FLOOD,DECAY,48.27272727272727,3645.6363636363635,2.8181818181818183,0.07864593687409431,14.473615917732019,1438.8711033604066,69.54545454545455
RUN_030,2026-10-03 20:59:47,SYN_FLOOD,DECAY,35.09090909090909,2639.2727272727275,2.6363636363636362,0.06376192990303732,16.235884301707983,1523.3459081508743,70.36363636363636
RUN_030,2026-10-03 20:59:48,SYN_FLOOD,DECAY,23.77777777777778,3191.222222222222,2.3333333333333335,0.07502687339288644,11.276323118526953,1491.8876895678304,67.66666666666667
RUN_030,2026-10-03 20:59:49,SYN_FLOOD,DECAY,18.0,3052.5,2.0,0.056858660130718934,5.452831904697819,1170.7262875649792,66.0
RUN_030,2026-10-03 20:59:50,SYN_FLOOD,RECOVERY,5.428571428571429,2392.4285714285716,1.5714285714285714,0.3166666666666667,8.054543302377633,1133.046008134787,61.42857142857143
RUN_030,2026-10-03 20:59:51,SYN_FLOOD,RECOVERY,3.5714285714285716,503.85714285714283,1.5714285714285714,0.38571428571428573,9.096312526224102,2149.4153101406255,60.0
RUN_030,2026-10-03 20:59:52,SYN_FLOOD,RECOVERY,6.5,1967.0,1.3333333333333333,0.16964285714285712,3.463096296649479,1124.4544340107486,54.666666666666664
RUN_030,2026-10-03 20:59:53,SYN_FLOOD,RECOVERY,4.2,1511.2,1.0,0.25666666666666665,3.3852938055044435,1625.9532867342507,48.0
RUN_030,2026-10-03 20:59:54,SYN_FLOOD,RECOVERY,5.0,998.1428571428571,1.5714285714285714,0.21326530612244896,1.3418325227264216,1014.3875959703377,55.714285714285715
RUN_030,2026-10-03 20:59:55,SYN_FLOOD,RECOVERY,4.875,955.625,2.0,0.21666666666666665,1.0682138347599128,441.8851836439835,57.0
RUN_030,2026-10-03 20:59:56,SYN_FLOOD,RECOVERY,4.5,1501.3333333333333,1.3333333333333333,0.2333333333333333,1.1551929377291252,525.4101005810243,49.333333333333336
RUN_030,2026-10-03 20:59:57,SYN_FLOOD,RECOVERY,5.285714285714286,2058.5714285714284,1.5714285714285714,0.31734693877551023,1.2851015190466135,799.7136615886899,51.42857142857143
RUN_030,2026-10-03 20:59:58,SYN_FLOOD,RECOVERY,5.0,1667.4285714285713,1.5714285714285714,0.22142857142857145,1.3415901631606066,881.4254964819729,50.0
RUN_030,2026-10-03 20:59:59,SYN_FLOOD,RECOVERY,4.6,2207.6,1.0,0.37666666666666665,2.0197867160054317,1331.1375689356335,40.8
RUN_031,2026-10-03 21:00:00,NORMAL,NORMAL,9.833333333333334,5186.5,1.0,0.11515151515151513,0.0,0.0,0.0
RUN_031,2026-10-03 21:00:01,NORMAL,NORMAL,6.714285714285714,5158.857142857143,1.2857142857142858,0.37387136672850957,1.6428571428571428,1008.5714285714286,0.0
RUN_031,2026-10-03 21:00:02,NORMAL,NORMAL,5.333333333333333,3408.8888888888887,1.6666666666666667,0.32707631874298543,1.8161485670678355,1060.4753047568859,0.0
RUN_031,2026-10-03 21:00:03,NORMAL,NORMAL,7.888888888888889,4009.0,1.6666666666666667,0.1491995658662325,2.4327024980761642,1614.2319628398466,0.0
RUN_031,2026-10-03 21:00:04,NORMAL,NORMAL,2.875,1867.875,1.5,0.515625,3.007756289243782,1846.684363615217,0.0
RUN_031,2026-10-03 21:00:05,NORMAL,NORMAL,9.2,6485.8,2.0,0.18124999999999997,1.9857589798714712,1426.8985081467638,0.0
RUN_031,2026-10-03 21:00:06,NORMAL,NORMAL,9.333333333333334,5985.444444444444,1.6666666666666667,0.1146103896103896,2.4207342950643445,2313.0104515069997,0.0
RUN_031,2026-10-03 21:00:07,NORMAL,NORMAL,9.625,7531.75,1.5,0.2586015699986288,3.6488242495420056,3042.821274594627,0.0
RUN_031,2026-10-03 21:00:08,NORMAL,NORMAL,8.666666666666666,3727.3333333333335,1.0,0.14067044067044066,2.956313989592949,2488.6898703769634,0.0
RUN_031,2026-10-03 21:00:09,NORMAL,NORMAL,7.666666666666667,5427.166666666667,1.0,0.21630892255892253,2.0303120089002644,1655.2237368420967,0.0
RUN_031,2026-10-03 21:00:10,NORMAL,NORMAL,8.142857142857142,5143.571428571428,1.2857142857142858,0.17080498866213148,1.2339937112516672,731.3127302372219,0.0
RUN_031,2026-10-03 21:00:11,NORMAL,NORMAL,4.571428571428571,1983.0,1.2857142857142858,0.29999999999999993,2.537420805094395,1550.208447388164,0.0
RUN_031,2026-10-03 21:00:12,NORMAL,NORMAL,7.285714285714286,5502.857142857143,1.2857142857142858,0.14835600907029475,1.693317627934663,1385.317671822821,0.0
RUN_031,2026-10-03 21:00:13,NORMAL,NORMAL,4.714285714285714,2600.714285714286,1.2857142857142858,0.33917748917748913,2.149884487786669,1821.9883133456594,0.0
RUN_031,2026-10-03 21:00:14,NORMAL,NORMAL,6.666666666666667,4595.111111111111,1.6666666666666667,0.3172839506172839,1.818783817075795,1304.2157738571566,0.0
RUN_031,2026-10-03 21:00:15,NORMAL,NORMAL,5.5,3594.8,2.0,0.3508823529411764,2.658837554539803,1955.5595277521704,0.0
RUN_031,2026-10-03 21:00:16,NORMAL,NORMAL,9.8,7368.5,2.0,0.13465659340659336,3.775615065647874,3317.512394150094,0.0
RUN_031,2026-10-03 21:00:17,NORMAL,NORMAL,7.2727272727272725,5751.818181818182,2.090909090909091,0.21891508669583537,3.4941999759212994,2978.397246500918,0.0
RUN_031,2026-10-03 21:00:18,NORMAL,NORMAL,7.7272727272727275,4537.909090909091,2.090909090909091,0.14728882228882226,3.2652218627224485,2541.750871718759,0.0
RUN_031,2026-10-03 21:00:19,NORMAL,NORMAL,3.888888888888889,3076.777777777778,1.6666666666666667,0.5098765432098765,2.9807578009113667,2478.9975708190586,0.0
RUN_031,2026-10-03 21:00:20,NORMAL,EARLY_CHANGE,5.875,2922.75,1.5,0.1891865079365079,2.8139861045581203,2436.636992516098,0.0
RUN_031,2026-10-03 21:00:21,NORMAL,EARLY_CHANGE,6.142857142857143,3931.8571428571427,1.2857142857142858,0.2006802721088435,2.273399387599528,1726.333042048749,0.0
RUN_031,2026-10-03 21:00:22,NORMAL,EARLY_CHANGE,3.5,1630.8333333333333,1.0,0.42658730158730157,2.1687831127746526,1505.9338814146222,0.0
RUN_031,2026-10-03 21:00:23,NORMAL,EARLY_CHANGE,6.428571428571429,4023.285714285714,1.2857142857142858,0.18679653679653677,1.4543907445926645,861.0330326944007,0.0
RUN_031,2026-10-03 21:00:24,NORMAL,EARLY_CHANGE,10.571428571428571,6670.571428571428,1.2857142857142858,0.1091553287981859,2.283862120062304,1740.3415287923622,0.0
RUN_031,2026-10-03 21:00:25,NORMAL,EARLY_CHANGE,10.777777777777779,8864.222222222223,1.8888888888888888,0.11882716049382713,2.734151897883041,2191.312904555419,0.0
RUN_031,2026-10-03 21:00:26,NORMAL,EARLY_CHANGE,11.444444444444445,6110.888888888889,1.8888888888888888,0.11224525961368065,3.1541240287293513,2633.5918866003276,0.0
RUN_031,2026-10-03 21:00:27,NORMAL,EARLY_CHANGE,7.4,4394.8,2.0,0.19428571428571426,3.3659567311868495,2406.0455815851924,0.0
RUN_031,2026-10-03 21:00:28,NORMAL,EARLY_CHANGE,6.454545454545454,5273.636363636364,2.272727272727273,0.2927072927072927,3.248085782235799,2420.196136354213,0.0
RUN_031,2026-10-03 21:00:29,NORMAL,EARLY_CHANGE,7.666666666666667,5947.888888888889,1.8888888888888888,0.18342151675485005,3.890351627010646,3248.636806318653,0.0
RUN_031,2026-10-03 21:00:30,NORMAL,ESCALATION,5.818181818181818,2646.2727272727275,2.4545454545454546,0.4097707847707847,3.4301911596499464,2433.827151192564,0.0
RUN_031,2026-10-03 21:00:31,NORMAL,ESCALATION,8.0,4580.0,2.0,0.21769230769230768,4.462569693470109,3118.9656896734496,0.0
RUN_031,2026-10-03 21:00:32,NORMAL,ESCALATION,8.88888888888889,4217.666666666667,1.8888888888888888,0.15530303030303028,4.106615751701458,2772.370114872876,0.0
RUN_031,2026-10-03 21:00:33,NORMAL,ESCALATION,9.8,4729.1,2.2,0.11033480408480405,3.1297750070500454,2073.3440266962075,0.0
RUN_031,2026-10-03 21:00:34,NORMAL,ESCALATION,7.5,5868.25,1.5,0.34556502525252525,4.10517329996361,2900.3632667082143,0.0
RUN_031,2026-10-03 21:00:35,NORMAL,ESCALATION,4.428571428571429,2481.4285714285716,1.2857142857142858,0.2944444444444444,2.9017963052393574,1987.3938646977153,0.0
RUN_031,2026-10-03 21:00:36,NORMAL,ESCALATION,7.25,5201.125,1.5,0.18680555555555556,2.797523477299999,2107.0214251552457,0.0
RUN_031,2026-10-03 21:00:37,NORMAL,ESCALATION,8.142857142857142,5753.285714285715,1.2857142857142858,0.21525458668315808,1.8497865536813143,1175.2765202413723,0.0
RUN_031,2026-10-03 21:00:38,NORMAL,ESCALATION,8.375,4540.5,1.5,0.16565934065934063,3.4810682317168675,2034.8148564194005,0.0
RUN_031,2026-10-03 21:00:39,NORMAL,ESCALATION,4.333333333333333,3151.5,1.0,0.26666666666666666,3.4271540546619086,2156.710629793745,0.0
RUN_031,2026-10-03 21:00:40,NORMAL,ESCALATION,7.666666666666667,4908.333333333333,1.0,0.2748737373737374,3.455493259612023,2080.6910062059455,0.0
RUN_031,2026-10-03 21:00:41,NORMAL,ESCALATION,9.375,6886.625,1.5,0.11043019480519478,2.685457959991234,1869.120055868937,0.0
RUN_031,2026-10-03 21:00:42,NORMAL,ESCALATION,5.875,4884.25,1.5,0.39916841736694675,3.2586609059984397,2342.6057968600803,0.0
RUN_031,2026-10-03 21:00:43,NORMAL,ESCALATION,8.4,3967.6,2.0,0.30106004075044324,3.2472052496623554,2118.4779892662327,0.0
RUN_031,2026-10-03 21:00:44,NORMAL,ESCALATION,4.444444444444445,2852.1111111111113,1.8888888888888888,0.4729938271604939,3.244620985612924,2077.924350045074,0.0
RUN_031,2026-10-03 21:00:45,NORMAL,ESCALATION,7.7,5308.5,2.4,0.21884920634920632,3.9302622334250463,2670.1138358150956,0.0
RUN_031,2026-10-03 21:00:46,NORMAL,ESCALATION,7.875,5524.125,1.75,0.37020016339869277,3.532093079647002,2458.341559958247,0.0
RUN_031,2026-10-03 21:00:47,NORMAL,ESCALATION,6.125,4158.25,1.75,0.29737103174603174,3.089291296186918,2001.7758376681631,0.0
RUN_031,2026-10-03 21:00:48,NORMAL,ESCALATION,9.25,5114.375,1.75,0.15881358225108225,3.1674445043794766,2516.364714606071,0.0
RUN_031,2026-10-03 21:00:49,NORMAL,ESCALATION,5.75,2672.75,1.75,0.28705357142857146,3.9437243818644188,3346.5608447461645,0.0
RUN_031,2026-10-03 21:00:50,NORMAL,ESCALATION,11.125,6881.875,1.5,0.10486515118868057,3.2716634282372925,2577.991531230613,0.0
RUN_031,2026-10-03 21:00:51,NORMAL,ESCALATION,10.88888888888889,8649.888888888889,1.6666666666666667,0.14133597883597881,3.7408710290396616,3173.51202808921,0.0
RUN_031,2026-10-03 21:00:52,NORMAL,ESCALATION,5.7,3705.2,2.0,0.34234848484848485,3.658403829578557,3156.9070478447256,0.0
RUN_031,2026-10-03 21:00:53,NORMAL,ESCALATION,7.25,4926.375,1.5,0.2621527777777778,3.2167339210007735,2394.485084892137,0.0
RUN_031,2026-10-03 21:00:54,NORMAL,ESCALATION,4.625,3653.0,1.5,0.3494047619047619,2.881045442602577,1961.593979097555,0.0
RUN_031,2026-10-03 21:00:55,NORMAL,ESCALATION,7.166666666666667,4236.333333333333,1.0,0.17937710437710438,1.8273352009816222,1070.9931977463748,0.0
RUN_031,2026-10-03 21:00:56,NORMAL,ESCALATION,6.857142857142857,4259.142857142857,1.2857142857142858,0.2493815708101422,1.7191925260221577,1090.521294794373,0.0
RUN_031,2026-10-03 21:00:57,NORMAL,ESCALATION,9.0,5692.125,1.5,0.12028769841269837,1.7354837688365712,1337.2485536486242,0.0
RUN_031,2026-10-03 21:00:58,NORMAL,ESCALATION,8.75,4689.0,1.5,0.14632624320124318,3.0672390863043892,2188.8704434720385,0.0
RUN_031,2026-10-03 21:00:59,NORMAL,ESCALATION,7.428571428571429,5766.142857142857,1.2857142857142858,0.16645021645021643,2.6721451744841533,2328.934384508351,0.0
RUN_031,2026-10-03 21:01:00,NORMAL,SUSTAINED,4.857142857142857,2415.8571428571427,1.2857142857142858,0.4408730158730159,2.789521087522844,2228.0501086623053,0.0
RUN_031,2026-10-03 21:01:01,NORMAL,SUSTAINED,12.571428571428571,7468.571428571428,1.2857142857142858,0.12209383753501399,3.271827877243049,1882.0631463296106,0.0
RUN_031,2026-10-03 21:01:02,NORMAL,SUSTAINED,7.5,3969.625,1.5,0.3751395534290271,3.3919839538733076,2472.764677317148,0.0
RUN_031,2026-10-03 21:01:03,NORMAL,SUSTAINED,7.285714285714286,6161.285714285715,1.2857142857142858,0.19250828536542822,3.019772543490991,2360.2222528502534,0.0
RUN_031,2026-10-03 21:01:04,NORMAL,SUSTAINED,7.111111111111111,5127.777777777777,1.6666666666666667,0.22074514991181657,2.9187039500959013,2008.3593790462173,0.0
RUN_031,2026-10-03 21:01:05,NORMAL,SUSTAINED,7.0,3929.125,1.5,0.2309816919191919,3.9018512103789993,2762.2667233372017,0.0
RUN_031,2026-10-03 21:01:06,NORMAL,SUSTAINED,8.625,5815.25,1.5,0.14440386002886002,3.6441563560587698,3047.025303219422,0.0
RUN_031,2026-10-03 21:01:07,NORMAL,SUSTAINED,6.375,3120.875,1.75,0.19191919191919193,2.6605340144423977,2375.046339990141,0.0
RUN_031,2026-10-03 21:01:08,NORMAL,SUSTAINED,10.0,4855.125,1.75,0.12459242146742144,2.757082126978114,2026.6205251540837,0.0
RUN_031,2026-10-03 21:01:09,NORMAL,SUSTAINED,8.555555555555555,3901.6666666666665,2.3333333333333335,0.1322282655615989,2.094706282212011,1696.553705725445,0.0
RUN_031,2026-10-03 21:01:10,NORMAL,SUSTAINED,7.0,3454.125,1.75,0.16299603174603172,1.7256586476978373,1706.4955234043423,0.0
RUN_031,2026-10-03 21:01:11,NORMAL,SUSTAINED,8.0,5588.375,1.5,0.2543154761904762,1.821243227680947,1740.1759494146972,0.0
RUN_031,2026-10-03 21:01:12,NORMAL,SUSTAINED,5.25,3575.875,1.5,0.3216765873015873,1.9203735509999413,1816.0226490004693,0.0
RUN_031,2026-10-03 21:01:13,NORMAL,SUSTAINED,7.625,4093.125,1.5,0.1557539682539682,2.7439645674292663,2027.7595252707385,0.0
RUN_031,2026-10-03 21:01:14,NORMAL,SUSTAINED,5.8,3435.2,2.0,0.20047619047619042,2.2802665825976307,1668.5460112156604,0.0
RUN_031,2026-10-03 21:01:15,NORMAL,SUSTAINED,4.818181818181818,3112.181818181818,2.090909090909091,0.5380263675718221,2.9139788995937863,2098.971146794933,0.0
RUN_031,2026-10-03 21:01:16,NORMAL,SUSTAINED,8.11111111111111,4115.0,1.8888888888888888,0.13029501362834695,3.0199018120030874,1861.2723832347676,0.0
RUN_031,2026-10-03 21:01:17,NORMAL,SUSTAINED,8.0,3935.0,1.6666666666666667,0.2647927689594356,3.256157451670928,1847.9148275237458,0.0
RUN_031,2026-10-03 21:01:18,NORMAL,SUSTAINED,10.444444444444445,7197.888888888889,1.6666666666666667,0.11086860670194003,3.6725146319651296,2686.943912324407,0.0
RUN_031,2026-10-03 21:01:19,NORMAL,SUSTAINED,6.1,3566.3,1.8,0.2893290043290043,3.1308310136217155,2268.4187858567557,0.0
RUN_031,2026-10-03 21:01:20,NORMAL,SUSTAINED,5.875,3887.125,1.5,0.2767857142857143,3.2563669975604315,2175.96445240029,0.0
RUN_031,2026-10-03 21:01:21,NORMAL,SUSTAINED,8.4,6905.1,2.0,0.4451028138528138,2.7368815890116616,2292.7668068600847,0.0
RUN_031,2026-10-03 21:01:22,NORMAL,SUSTAINED,10.0,6796.9,1.8,0.14955659536541888,4.096183111752287,2966.639750176596,0.0
RUN_031,2026-10-03 21:01:23,NORMAL,SUSTAINED,11.5,7456.5,2.0,0.09732864357864356,3.558077970132916,2964.8994260132195,0.0
RUN_031,2026-10-03 21:01:24,NORMAL,SUSTAINED,8.555555555555555,3860.6666666666665,1.6666666666666667,0.1897085938752605,3.652687625063367,3026.2145009985716,0.0
RUN_031,2026-10-03 21:01:25,NORMAL,SUSTAINED,5.5,3363.375,1.5,0.23348214285714283,3.3322537980172275,2702.963366738514,0.0
RUN_031,2026-10-03 21:01:26,NORMAL,SUSTAINED,9.125,6139.0,1.5,0.21783685064935066,2.1684211425798896,1869.030968634468,0.0
RUN_031,2026-10-03 21:01:27,NORMAL,SUSTAINED,5.0,3214.0,1.0,0.3224206349206349,2.747755771119326,2046.4637815545873,0.0
RUN_031,2026-10-03 21:01:28,NORMAL,SUSTAINED,9.833333333333334,5103.166666666667,1.0,0.11934107559107558,2.7911020756727054,1966.1878173920343,0.0
RUN_031,2026-10-03 21:01:29,NORMAL,SUSTAINED,7.0,5747.166666666667,1.0,0.20218253968253966,3.391957376261537,2981.2157860447674,0.0
RUN_031,2026-10-03 21:01:30,NORMAL,DECAY,7.666666666666667,3162.1666666666665,1.0,0.2894078144078144,2.957697148939715,2380.9963887183635,0.0
RUN_031,2026-10-03 21:01:31,NORMAL,DECAY,10.166666666666666,7748.5,1.0,0.12624643874643873,2.8545859375156666,2610.1918488310307,0.0
RUN_031,2026-10-03 21:01:32,NORMAL,DECAY,9.571428571428571,6301.142857142857,1.2857142857142858,0.34884135472370764,2.866573020460168,2017.4175791527596,0.0
RUN_031,2026-10-03 21:01:33,NORMAL,DECAY,7.0,3531.875,1.5,0.2890963203463203,3.063238591620241,1835.4605831949405,0.0
RUN_031,2026-10-03 21:01:34,NORMAL,DECAY,8.666666666666666,5536.555555555556,1.6666666666666667,0.12972182138848803,2.910969499235908,2044.5602675661637,0.0
RUN_031,2026-10-03 21:01:35,NORMAL,DECAY,7.0,3570.3636363636365,2.090909090909091,0.16709956709956708,2.3492046542334375,1668.0415208290447,0.0
RUN_031,2026-10-03 21:01:36,NORMAL,DECAY,6.666666666666667,5337.75,2.3333333333333335,0.3132915695415695,3.214413871605025,2486.059363187493,0.0
RUN_031,2026-10-03 21:01:37,NORMAL,DECAY,8.909090909090908,4634.727272727273,2.090909090909091,0.15366409242007328,2.917537982185521,2058.8661562107586,0.0
RUN_031,2026-10-03 21:01:38,NORMAL,DECAY,5.6923076923076925,3216.230769230769,2.3846153846153846,0.2161172161172161,2.2586134798220607,1773.8812515238355,0.0
RUN_031,2026-10-03 21:01:39,NORMAL,DECAY,11.11111111111111,7957.444444444444,1.8888888888888888,0.10815696649029981,3.0686681454653746,2244.3024905827106,0.0
RUN_031,2026-10-03 21:01:40,NORMAL,DECAY,7.125,3594.625,1.5,0.278968253968254,3.759686643870928,2372.2222534132275,0.0
RUN_031,2026-10-03 21:01:41,NORMAL,DECAY,9.125,6207.25,1.5,0.1907176028306059,3.630220481308137,2485.122871194257,0.0
RUN_031,2026-10-03 21:01:42,NORMAL,DECAY,7.5,4122.0,1.0,0.19034992784992785,3.0569996578065286,2517.2640836969563,0.0
RUN_031,2026-10-03 21:01:43,NORMAL,DECAY,8.333333333333334,4997.833333333333,1.0,0.17618030118030115,3.4831185825443804,3040.0990657446782,0.0
RUN_031,2026-10-03 21:01:44,NORMAL,DECAY,7.5,5160.333333333333,1.0,0.28271103896103894,2.320436983020902,1914.103903965384,0.0
RUN_031,2026-10-03 21:01:45,NORMAL,DECAY,6.428571428571429,4354.142857142857,1.2857142857142858,0.2813971742543171,2.4994807852691587,1769.3581558757267,0.0
RUN_031,2026-10-03 21:01:46,NORMAL,DECAY,9.714285714285714,7957.0,1.2857142857142858,0.2258503401360544,3.1452345228685274,2522.854437007717,0.0
RUN_031,2026-10-03 21:01:47,NORMAL,DECAY,8.857142857142858,5089.285714285715,1.2857142857142858,0.16613327149041432,3.366981673966484,2605.6036990992216,0.0
RUN_031,2026-10-03 21:01:48,NORMAL,DECAY,6.142857142857143,3936.714285714286,1.2857142857142858,0.20867346938775508,2.5063087358233456,2097.223692164199,0.0
RUN_031,2026-10-03 21:01:49,NORMAL,DECAY,8.857142857142858,6876.428571428572,1.2857142857142858,0.1292001649144506,2.555851600535135,2439.692091063226,0.0
RUN_031,2026-10-03 21:01:50,NORMAL,RECOVERY,10.0,6104.75,1.75,0.24958791208791206,2.706677438335001,2296.7353866121875,0.0
RUN_031,2026-10-03 21:01:51,NORMAL,RECOVERY,5.375,2289.25,1.75,0.24191919191919192,2.90385702837066,2287.120271644039,0.0
RUN_031,2026-10-03 21:01:52,NORMAL,RECOVERY,5.625,2314.25,1.75,0.46875,3.1664312149575298,2276.514944228585,0.0
RUN_031,2026-10-03 21:01:53,NORMAL,RECOVERY,9.428571428571429,6085.428571428572,1.2857142857142858,0.11631780917495202,3.6011235254477785,2569.2723615874397,0.0
RUN_031,2026-10-03 21:01:54,NORMAL,RECOVERY,8.714285714285714,4471.571428571428,1.2857142857142858,0.1383503401360544,3.4726039465054805,2284.578045795813,0.0
RUN_031,2026-10-03 21:01:55,NORMAL,RECOVERY,5.25,2722.25,1.5,0.22043650793650793,2.915034009933158,1806.9023030623525,0.0
RUN_031,2026-10-03 21:01:56,NORMAL,RECOVERY,8.333333333333334,4552.444444444444,1.8888888888888888,0.14620811287477953,2.2482734130680893,1482.8140473767162,0.0
RUN_031,2026-10-03 21:01:57,NORMAL,RECOVERY,4.111111111111111,2455.1111111111113,1.8888888888888888,0.412037037037037,2.950300740575478,1789.9121279887902,0.0
RUN_031,2026-10-03 21:01:58,NORMAL,RECOVERY,6.444444444444445,3642.5555555555557,1.6666666666666667,0.20617283950617285,2.4917630063093346,1597.4135181484098,0.0
RUN_031,2026-10-03 21:01:59,NORMAL,RECOVERY,6.666666666666667,4671.777777777777,1.6666666666666667,0.20396547896547895,2.375557367026234,1888.564455802286,0.0
RUN_032,2026-10-03 21:02:00,NORMAL,NORMAL,7.888888888888889,4932.0,1.0,0.18783870450537116,0.0,0.0,0.0
RUN_032,2026-10-03 21:02:01,NORMAL,NORMAL,6.8,3950.4,1.2,0.3286385836385836,3.5,1975.5,0.0
RUN_032,2026-10-03 21:02:02,NORMAL,NORMAL,6.416666666666667,3772.1666666666665,1.6666666666666667,0.2601139601139601,3.0242970763352943,1823.871870241961,0.0
RUN_032,2026-10-03 21:02:03,NORMAL,NORMAL,7.6923076923076925,4940.153846153846,1.7692307692307692,0.2803505255428332,3.2484545938844955,1969.5372055310302,0.0
RUN_032,2026-10-03 21:02:04,NORMAL,NORMAL,9.25,6599.0,1.6666666666666667,0.16866825304325303,3.6973773977143654,2420.880541412204,0.0
RUN_032,2026-10-03 21:02:05,NORMAL,NORMAL,7.5,4728.75,1.6666666666666667,0.37333780734516026,3.7387797128440052,2545.779799652147,0.0
RUN_032,2026-10-03 21:02:06,NORMAL,NORMAL,7.5,4060.5833333333335,1.6666666666666667,0.2220628908128908,3.4523295974509747,2186.26838289568,0.0
RUN_032,2026-10-03 21:02:07,NORMAL,NORMAL,7.833333333333333,4178.416666666667,1.6666666666666667,0.1854888167388167,2.9171663421349154,1938.0011997061604,0.0
RUN_032,2026-10-03 21:02:08,NORMAL,NORMAL,7.357142857142857,4428.357142857143,2.142857142857143,0.26589385754301714,3.3366573860256716,2266.3835546418263,0.0
RUN_032,2026-10-03 21:02:09,NORMAL,NORMAL,8.6875,6181.4375,2.625,0.23632131757131755,2.9969372659616105,2370.7170628352737,0.0
RUN_032,2026-10-03 21:02:10,NORMAL,NORMAL,9.857142857142858,6321.5,1.8571428571428572,0.1630225924868782,2.703713666910275,2488.861456061152,0.0
RUN_032,2026-10-03 21:02:11,NORMAL,NORMAL,10.666666666666666,6423.133333333333,2.066666666666667,0.10388888888888886,3.1852404524936873,2506.0501093632765,0.0
RUN_032,2026-10-03 21:02:12,NORMAL,NORMAL,6.9375,4713.3125,2.375,0.19980158730158729,2.889406921954214,2494.0811958267186,0.0
RUN_032,2026-10-03 21:02:13,NORMAL,NORMAL,8.142857142857142,5661.428571428572,1.8571428571428572,0.13971346114203256,2.5981326950150465,2489.075716607854,0.0
RUN_032,2026-10-03 21:02:14,NORMAL,NORMAL,7.833333333333333,4386.166666666667,1.6666666666666667,0.28101343101343096,3.1828352304845686,2433.851192172633,0.0
RUN_032,2026-10-03 21:02:15,NORMAL,NORMAL,5.076923076923077,2496.6923076923076,1.7692307692307692,0.3496336996336996,3.1743685561102906,2358.590999426938,0.0
RUN_032,2026-10-03 21:02:16,NORMAL,NORMAL,7.076923076923077,4995.384615384615,1.6153846153846154,0.3160050733580145,2.922490887357346,1946.837202012119,0.0
RUN_032,2026-10-03 21:02:17,NORMAL,NORMAL,6.428571428571429,4860.357142857143,1.8571428571428572,0.4051852908995766,3.214699595197698,2429.9265029487583,0.0
RUN_032,2026-10-03 21:02:18,NORMAL,NORMAL,8.071428571428571,5700.071428571428,2.0,0.15999149659863945,3.189741487617565,2784.542861742778,0.0
RUN_032,2026-10-03 21:02:19,NORMAL,NORMAL,5.571428571428571,3496.4285714285716,2.0,0.39712846677132385,3.084214420747153,2649.969231545354,0.0
RUN_032,2026-10-03 21:02:20,NORMAL,EARLY_CHANGE,3.25,2421.9375,2.375,0.5110119047619047,2.616373710360179,2104.64741777594,0.0
RUN_032,2026-10-03 21:02:21,NORMAL,EARLY_CHANGE,7.368421052631579,3763.4736842105262,2.789473684210526,0.2980036990872904,2.8779360924117148,1867.1212231297911,0.0
RUN_032,2026-10-03 21:02:22,NORMAL,EARLY_CHANGE,11.263157894736842,8012.9473684210525,2.5789473684210527,0.11186822180589494,2.8458527217810112,2406.6246103252006,0.0
RUN_032,2026-10-03 21:02:23,NORMAL,EARLY_CHANGE,7.411764705882353,3998.3529411764707,2.176470588235294,0.21124969801440388,3.5684505676996103,2382.4830221795432,0.0
RUN_032,2026-10-03 21:02:24,NORMAL,EARLY_CHANGE,7.0,4441.0,2.4444444444444446,0.20178232261565593,3.3658668413322594,2420.2079119196083,0.0
RUN_032,2026-10-03 21:02:25,NORMAL,EARLY_CHANGE,10.647058823529411,6031.705882352941,2.411764705882353,0.14442270405892696,3.7429419818673884,2756.0808478944646,0.0
RUN_032,2026-10-03 21:02:26,NORMAL,EARLY_CHANGE,6.4,3517.866666666667,2.2,0.3113739963739964,4.159998280213633,3183.41342011293,0.0
RUN_032,2026-10-03 21:02:27,NORMAL,EARLY_CHANGE,10.9375,6110.0,2.25,0.10190729409479407,4.073665521404792,2742.476180810142,0.0
RUN_032,2026-10-03 21:02:28,NORMAL,EARLY_CHANGE,6.705882352941177,4782.294117647059,2.411764705882353,0.19425770308123247,3.3096519634866883,2371.5889167179657,0.0
RUN_032,2026-10-03 21:02:29,NORMAL,EARLY_CHANGE,6.533333333333333,3747.0,1.9333333333333333,0.2193080993080993,3.192330187447404,2388.0557527608453,0.0
RUN_032,2026-10-03 21:02:30,NORMAL,ESCALATION,4.294117647058823,2695.5882352941176,2.176470588235294,0.35410830999066295,2.9307118599447426,1932.4650161590175,0.0
RUN_032,2026-10-03 21:02:31,NORMAL,ESCALATION,8.722222222222221,5671.222222222223,2.4444444444444446,0.1677952448785782,2.887879829406268,2168.2365940044106,0.0
RUN_032,2026-10-03 21:02:32,NORMAL,ESCALATION,7.5625,4488.0625,2.125,0.16535062160062158,2.560091608395352,2153.0126471740687,0.0
RUN_032,2026-10-03 21:02:33,NORMAL,ESCALATION,6.866666666666666,4057.133333333333,1.9333333333333333,0.19870826341414574,3.0344601843921892,2315.1325228455007,0.0
RUN_032,2026-10-03 21:02:34,NORMAL,ESCALATION,9.785714285714286,6282.357142857143,1.8571428571428572,0.11304112554112551,2.544855055554912,2493.1981330339995,0.0
RUN_032,2026-10-03 21:02:35,NORMAL,ESCALATION,10.071428571428571,6496.714285714285,1.8571428571428572,0.11528266318182281,3.270493992194869,3250.7025556072485,0.0
RUN_032,2026-10-03 21:02:36,NORMAL,ESCALATION,11.583333333333334,7523.666666666667,1.5,0.10323626536861828,3.0413114670757704,2803.769414689866,0.0
RUN_032,2026-10-03 21:02:37,NORMAL,ESCALATION,5.733333333333333,3645.0666666666666,1.9333333333333333,0.3124297924297924,3.108716485780808,2649.095244476598,0.0
RUN_032,2026-10-03 21:02:38,NORMAL,ESCALATION,6.214285714285714,3973.4285714285716,1.7142857142857142,0.187814368171511,2.6798540327004496,2080.3121958271577,0.0
RUN_032,2026-10-03 21:02:39,NORMAL,ESCALATION,6.461538461538462,4097.384615384615,1.6153846153846154,0.23385033769649152,2.7756156860431553,1731.0360367162616,0.0
RUN_032,2026-10-03 21:02:40,NORMAL,ESCALATION,4.416666666666667,3156.6666666666665,1.5,0.49523601398601397,3.142809692024647,2337.065213050783,0.0
RUN_032,2026-10-03 21:02:41,NORMAL,ESCALATION,8.25,5589.0,1.5,0.17636660724896017,3.007437584470954,2565.155527631813,0.0
RUN_032,2026-10-03 21:02:42,NORMAL,ESCALATION,6.25,4181.416666666667,1.5,0.2613074425574426,2.8740707676472836,2364.1005359542482,0.0
RUN_032,2026-10-03 21:02:43,NORMAL,ESCALATION,6.6,3559.9,1.2,0.3476785714285714,2.8710545730692774,2127.6370392401773,0.0
RUN_032,2026-10-03 21:02:44,NORMAL,ESCALATION,10.0,7390.8,1.2,0.18127867016024907,3.3053305973202187,2688.0490001979197,0.0
RUN_032,2026-10-03 21:02:45,NORMAL,ESCALATION,8.1,5577.1,1.2,0.19135642135642134,3.325453751824417,2453.5689683360083,0.0
RUN_032,2026-10-03 21:02:46,NORMAL,ESCALATION,6.4,3535.5,1.2,0.20309523809523808,3.8147272589889716,2605.8197958545975,0.0
RUN_032,2026-10-03 21:02:47,NORMAL,ESCALATION,7.0,3664.0,1.2,0.22095238095238093,3.047888865453679,1955.190280787921,0.0
RUN_032,2026-10-03 21:02:48,NORMAL,ESCALATION,6.333333333333333,4749.666666666667,1.5,0.2905483405483405,3.196344601662814,2274.2019348180725,0.0
RUN_032,2026-10-03 21:02:49,NORMAL,ESCALATION,7.333333333333333,3169.75,1.5,0.2871058679882209,3.035668642145797,2135.0353568623937,0.0
RUN_032,2026-10-03 21:02:50,NORMAL,ESCALATION,7.7272727272727275,4657.818181818182,1.3636363636363635,0.18200183654729107,3.698865107651343,2381.5509658092756,0.0
RUN_032,2026-10-03 21:02:51,NORMAL,ESCALATION,6.538461538461538,4067.0,1.7692307692307692,0.33843349963259467,3.2791890540026714,2036.9626895105757,0.0
RUN_032,2026-10-03 21:02:52,NORMAL,ESCALATION,10.363636363636363,7452.909090909091,1.5454545454545454,0.11541025819100682,2.8398036060881537,2021.3819412730656,0.0
RUN_032,2026-10-03 21:02:53,NORMAL,ESCALATION,7.636363636363637,5325.545454545455,1.3636363636363635,0.24004329004329,3.1264167000486527,2199.1962040071394,0.0
RUN_032,2026-10-03 21:02:54,NORMAL,ESCALATION,7.5,4495.333333333333,1.5,0.23165318477818475,2.7799342622204257,2488.9515009713155,0.0
RUN_032,2026-10-03 21:02:55,NORMAL,ESCALATION,7.230769230769231,4567.461538461538,1.6153846153846154,0.2900058275058275,2.8519823556745783,2703.71001564419,0.0
RUN_032,2026-10-03 21:02:56,NORMAL,ESCALATION,8.142857142857142,5140.785714285715,1.8571428571428572,0.20284219748505464,3.1543466437848013,2719.521590357862,0.0
RUN_032,2026-10-03 21:02:57,NORMAL,ESCALATION,7.4,4354.933333333333,1.9333333333333333,0.2603266178266178,2.974070558136001,2378.718477239129,0.0
RUN_032,2026-10-03 21:02:58,NORMAL,ESCALATION,8.214285714285714,4872.928571428572,1.8571428571428572,0.22447935314476666,3.7783245253186837,2510.6717595800574,0.0
RUN_032,2026-10-03 21:02:59,NORMAL,ESCALATION,7.666666666666667,5783.083333333333,1.5,0.18694927757427757,4.083865859462239,2678.9842275045553,0.0
RUN_032,2026-10-03 21:03:00,NORMAL,SUSTAINED,6.363636363636363,4120.090909090909,1.3636363636363635,0.35237868192413646,3.8471840677853923,2456.0160630834916,0.0
RUN_032,2026-10-03 21:03:01,NORMAL,SUSTAINED,7.636363636363637,5560.181818181818,1.3636363636363635,0.2680853608661095,3.6903409512038636,2794.388649683898,0.0
RUN_032,2026-10-03 21:03:02,NORMAL,SUSTAINED,7.846153846153846,3796.4615384615386,1.6153846153846154,0.30341880341880345,2.608705825764689,1762.9643046231902,0.0
RUN_032,2026-10-03 21:03:03,NORMAL,SUSTAINED,6.25,4355.083333333333,1.5,0.24192612942612943,3.3851973461315517,2616.2445908999694,0.0
RUN_032,2026-10-03 21:03:04,NORMAL,SUSTAINED,7.416666666666667,4501.416666666667,1.5,0.4044385743398901,3.5445812033015662,2342.339588350665,0.0
RUN_032,2026-10-03 21:03:05,NORMAL,SUSTAINED,5.916666666666667,3356.0,1.5,0.3146804584304584,3.0075452404168233,2006.3364652819262,0.0
RUN_032,2026-10-03 21:03:06,NORMAL,SUSTAINED,7.2,5223.5,1.2,0.2249278499278499,3.2206215895383226,1969.9427558013754,0.0
RUN_032,2026-10-03 21:03:07,NORMAL,SUSTAINED,9.0,6831.666666666667,1.0,0.12742627742627743,2.306218472892841,1982.7179095918118,0.0
RUN_032,2026-10-03 21:03:08,NORMAL,SUSTAINED,7.333333333333333,4907.666666666667,1.5,0.2863155363155363,2.093519882244888,1687.0215885205314,0.0
RUN_032,2026-10-03 21:03:09,NORMAL,SUSTAINED,7.833333333333333,4427.833333333333,1.5,0.3079013579013579,2.7539523623335955,1863.3243837080588,0.0
RUN_032,2026-10-03 21:03:10,NORMAL,SUSTAINED,10.5,7406.833333333333,1.5,0.099774531024531,2.8516793025976326,2212.357557815181,0.0
RUN_032,2026-10-03 21:03:11,NORMAL,SUSTAINED,6.909090909090909,4261.636363636364,1.3636363636363635,0.317027417027417,2.6695852803424476,2193.3025151800352,0.0
RUN_032,2026-10-03 21:03:12,NORMAL,SUSTAINED,6.9,4339.4,1.2,0.2767099567099567,2.8320471389034934,2197.7604625820322,0.0
RUN_032,2026-10-03 21:03:13,NORMAL,SUSTAINED,6.454545454545454,4264.454545454545,1.3636363636363635,0.24556277056277054,2.152692799819786,1683.2897249721057,0.0
RUN_032,2026-10-03 21:03:14,NORMAL,SUSTAINED,7.363636363636363,3953.7272727272725,1.3636363636363635,0.2192821067821068,2.499434590743643,1963.410926539051,0.0
RUN_032,2026-10-03 21:03:15,NORMAL,SUSTAINED,9.833333333333334,5731.166666666667,1.5,0.18802701927701926,2.9497961429537742,1986.7837823891466,0.0
RUN_032,2026-10-03 21:03:16,NORMAL,SUSTAINED,8.142857142857142,5008.642857142857,1.8571428571428572,0.14498299319727886,3.168778344490499,2128.722608565845,0.0
RUN_032,2026-10-03 21:03:17,NORMAL,SUSTAINED,7.0,3510.3076923076924,1.6153846153846154,0.3475302475302475,3.677418688366418,2521.953254302074,0.0
RUN_032,2026-10-03 21:03:18,NORMAL,SUSTAINED,6.428571428571429,3393.5,1.8571428571428572,0.28299550589466554,3.4319687779848604,2012.444784707553,0.0
RUN_032,2026-10-03 21:03:19,NORMAL,SUSTAINED,9.666666666666666,7121.8,2.066666666666667,0.12106782106782105,2.442232556195975,1662.470980993306,0.0
RUN_032,2026-10-03 21:03:20,NORMAL,SUSTAINED,6.571428571428571,3502.714285714286,2.0,0.30243585779300064,3.408086604937996,2476.4963385298456,0.0
RUN_032,2026-10-03 21:03:21,NORMAL,SUSTAINED,7.0,5027.307692307692,1.7692307692307692,0.2526126651126651,3.69804905290415,2914.3397385711455,0.0
RUN_032,2026-10-03 21:03:22,NORMAL,SUSTAINED,5.933333333333334,2593.733333333333,1.9333333333333333,0.3007126207126207,2.7449323600653357,2198.153747476258,0.0
RUN_032,2026-10-03 21:03:23,NORMAL,SUSTAINED,8.25,4030.1666666666665,1.5,0.24297723475355051,3.394321890769307,2597.852501655855,0.0
RUN_032,2026-10-03 21:03:24,NORMAL,SUSTAINED,6.166666666666667,4561.083333333333,1.5,0.2484126984126984,2.376115626240824,1919.5453813172392,0.0
RUN_032,2026-10-03 21:03:25,NORMAL,SUSTAINED,7.25,4543.0,1.5,0.1626322751322751,2.697058970039039,1902.2133062799949,0.0
RUN_032,2026-10-03 21:03:26,NORMAL,SUSTAINED,5.571428571428571,3168.5714285714284,1.7142857142857142,0.3128074306645735,2.4567717180647035,1619.5076244713086,0.0
RUN_032,2026-10-03 21:03:27,NORMAL,SUSTAINED,6.266666666666667,3831.4666666666667,1.9333333333333333,0.3081332556332556,2.963702373147248,2254.634360320183,0.0
RUN_032,2026-10-03 21:03:28,NORMAL,SUSTAINED,8.571428571428571,5940.928571428572,1.8571428571428572,0.21318027210884352,2.414165413991398,1992.5653761050187,0.0
RUN_032,2026-10-03 21:03:29,NORMAL,SUSTAINED,6.071428571428571,5082.642857142857,1.8571428571428572,0.4035670678527821,3.5495867511348718,2959.594205442667,0.0
RUN_032,2026-10-03 21:03:30,NORMAL,DECAY,7.083333333333333,4589.166666666667,1.6666666666666667,0.3851521164021164,2.7580145217292675,2303.7267859580907,0.0
RUN_032,2026-10-03 21:03:31,NORMAL,DECAY,9.25,5949.416666666667,1.6666666666666667,0.13410427900559477,2.9833634499775914,2797.278305516584,0.0
RUN_032,2026-10-03 21:03:32,NORMAL,DECAY,7.333333333333333,4842.25,1.6666666666666667,0.301486013986014,3.964671573548989,2842.5823145532145,0.0
RUN_032,2026-10-03 21:03:33,NORMAL,DECAY,10.153846153846153,5402.538461538462,1.7692307692307692,0.12973664093573595,3.3088237869284125,2717.883904691733,0.0
RUN_032,2026-10-03 21:03:34,NORMAL,DECAY,11.923076923076923,7172.153846153846,1.6153846153846154,0.09916333666333663,3.4302292309749296,2942.3464538991925,0.0
RUN_032,2026-10-03 21:03:35,NORMAL,DECAY,7.923076923076923,4229.615384615385,1.6153846153846154,0.22454930690224806,3.168999781507374,2371.5547514871214,0.0
RUN_032,2026-10-03 21:03:36,NORMAL,DECAY,5.769230769230769,3013.3076923076924,1.6153846153846154,0.24148159532774915,3.7961013274382727,2756.22222326393,0.0
RUN_032,2026-10-03 21:03:37,NORMAL,DECAY,5.7272727272727275,3583.181818181818,1.3636363636363635,0.3562354312354312,4.066817319712587,2867.5730030830846,0.0
RUN_032,2026-10-03 21:03:38,NORMAL,DECAY,6.5,4766.2,1.2,0.305,3.7056224378692932,2582.348900450915,0.0
RUN_032,2026-10-03 21:03:39,NORMAL,DECAY,9.444444444444445,5443.0,1.0,0.15083774250440915,3.544999815951956,2425.930338436482,0.0
RUN_032,2026-10-03 21:03:40,NORMAL,DECAY,9.2,6783.3,1.2,0.13087301587301586,2.9276211241892516,2266.0277474157388,0.0
RUN_032,2026-10-03 21:03:41,NORMAL,DECAY,5.6,3569.2,1.2,0.2767099567099567,2.9705699199527125,2341.804315534178,0.0
RUN_032,2026-10-03 21:03:42,NORMAL,DECAY,5.777777777777778,3448.5555555555557,1.0,0.27954545454545454,2.6782321390305857,2051.152806246722,0.0
RUN_032,2026-10-03 21:03:43,NORMAL,DECAY,6.4,4328.8,1.2,0.37625,2.483605793392641,2108.8861253502246,0.0
RUN_032,2026-10-03 21:03:44,NORMAL,DECAY,7.666666666666667,3599.3333333333335,1.6666666666666667,0.27699557387057383,2.266529113551972,1554.154847022688,0.0
RUN_032,2026-10-03 21:03:45,NORMAL,DECAY,5.2727272727272725,3094.6363636363635,1.3636363636363635,0.42859274563820016,2.485278670842231,1726.6669515618987,0.0
RUN_032,2026-10-03 21:03:46,NORMAL,DECAY,6.230769230769231,4356.0,1.7692307692307692,0.2883089133089133,2.68882709849742,1844.5312481989135,0.0
RUN_032,2026-10-03 21:03:47,NORMAL,DECAY,7.538461538461538,5867.153846153846,1.7692307692307692,0.2582523245984784,3.837822187058472,2983.341901422034,0.0
RUN_032,2026-10-03 21:03:48,NORMAL,DECAY,10.4,4884.133333333333,2.3333333333333335,0.21989198709786942,3.5429620710711283,2323.6055925603328,0.0
RUN_032,2026-10-03 21:03:49,NORMAL,DECAY,7.5,4277.571428571428,2.0,0.22119130869130868,3.5546731708244583,2173.765174712702,0.0
RUN_032,2026-10-03 21:03:50,NORMAL,RECOVERY,9.4,7002.133333333333,2.2,0.20184852184852184,3.59881081766928,2672.4566144135038,0.0
RUN_032,2026-10-03 21:03:51,NORMAL,RECOVERY,6.461538461538462,3691.846153846154,1.7692307692307692,0.21938616938616937,3.4732207126343146,2581.339651322591,0.0
RUN_032,2026-10-03 21:03:52,NORMAL,RECOVERY,8.333333333333334,6441.416666666667,1.6666666666666667,0.17570589133089132,4.008219240093216,3145.386060326373,0.0
RUN_032,2026-10-03 21:03:53,NORMAL,RECOVERY,5.230769230769231,2704.076923076923,1.7692307692307692,0.5108622147083686,3.832126244534062,3028.142571651425,0.0
RUN_032,2026-10-03 21:03:54,NORMAL,RECOVERY,9.5,6949.416666666667,1.5,0.11276455026455025,3.8362904564252935,3184.833120863939,0.0
RUN_032,2026-10-03 21:03:55,NORMAL,RECOVERY,7.909090909090909,6579.090909090909,1.3636363636363635,0.17871900826446277,3.4575630314436707,2851.1868939245537,0.0
RUN_032,2026-10-03 21:03:56,NORMAL,RECOVERY,9.545454545454545,5995.909090909091,1.3636363636363635,0.15027750027750028,2.872415744893591,2711.522876164937,0.0
RUN_032,2026-10-03 21:03:57,NORMAL,RECOVERY,3.5384615384615383,2943.6153846153848,1.7692307692307692,0.5822344322344322,2.8837621980671324,2334.7140385764064,0.0
RUN_032,2026-10-03 21:03:58,NORMAL,RECOVERY,9.0,6096.153846153846,1.7692307692307692,0.16368353868353866,3.444437164259183,2865.8947008047867,0.0
RUN_032,2026-10-03 21:03:59,NORMAL,RECOVERY,5.833333333333333,3068.75,1.5,0.3008627946127946,3.5939140074685305,2760.4039866268395,0.0
RUN_037,2026-10-03 21:12:00,UDP_FLOOD,NORMAL,8.333333333333334,5207.833333333333,1.0,0.1310185185185185,0.0,0.0,0.0
RUN_037,2026-10-03 21:12:01,UDP_FLOOD,NORMAL,8.333333333333334,2905.0,1.0,0.15178155178155175,1.5,1196.5833333333333,0.0
RUN_037,2026-10-03 21:12:02,UDP_FLOOD,NORMAL,7.142857142857143,2996.714285714286,1.2857142857142858,0.3645743145743146,1.3977550955995894,1637.821530624564,0.0
RUN_037,2026-10-03 21:12:03,UDP_FLOOD,NORMAL,10.714285714285714,7848.0,1.2857142857142858,0.1016542980828695,3.0552188802345053,3023.2958092032354,0.0
RUN_037,2026-10-03 21:12:04,UDP_FLOOD,NORMAL,9.88888888888889,4017.6666666666665,1.6666666666666667,0.10358345358345357,1.7897375060234906,1634.257349758425,0.0
RUN_037,2026-10-03 21:12:05,UDP_FLOOD,NORMAL,7.444444444444445,5294.444444444444,1.6666666666666667,0.2084736251402918,2.412473303523589,2294.480297388092,0.0
RUN_037,2026-10-03 21:12:06,UDP_FLOOD,NORMAL,8.444444444444445,4328.555555555556,1.6666666666666667,0.17028619528619526,2.3362214402000103,2302.649427500528,0.0
RUN_037,2026-10-03 21:12:07,UDP_FLOOD,NORMAL,10.75,4265.625,1.5,0.09552496114996113,2.3064228428163434,2273.3312724217976,0.0
RUN_037,2026-10-03 21:12:08,UDP_FLOOD,NORMAL,8.428571428571429,6340.285714285715,1.2857142857142858,0.12307771593485876,1.4063198981986154,2520.330809698943,0.0
RUN_037,2026-10-03 21:12:09,UDP_FLOOD,NORMAL,10.142857142857142,3975.4285714285716,1.2857142857142858,0.09898989898989899,1.5903060489466394,3121.391393024925,0.0
RUN_037,2026-10-03 21:12:10,UDP_FLOOD,NORMAL,10.5,4416.666666666667,1.0,0.0988155363155363,0.4289781741778012,732.0917648188084,0.0
RUN_037,2026-10-03 21:12:11,UDP_FLOOD,NORMAL,10.0,8340.25,1.5,0.10446879509379507,1.0147542485937369,1874.1316355823217,0.0
RUN_037,2026-10-03 21:12:12,UDP_FLOOD,NORMAL,10.222222222222221,4937.111111111111,1.6666666666666667,0.10035396702063368,1.329210212452252,2160.3299405185194,0.0
RUN_037,2026-10-03 21:12:13,UDP_FLOOD,NORMAL,9.222222222222221,2891.5555555555557,1.6666666666666667,0.12266313932980598,1.4085663835112034,2457.0243688625933,0.0
RUN_037,2026-10-03 21:12:14,UDP_FLOOD,NORMAL,8.88888888888889,4172.444444444444,1.6666666666666667,0.11552829886163218,1.138735119464717,2137.2959876355676,0.0
RUN_037,2026-10-03 21:12:15,UDP_FLOOD,NORMAL,8.777777777777779,3229.222222222222,1.6666666666666667,0.1168911335578002,1.1619291897242772,2126.60031975703,0.0
RUN_037,2026-10-03 21:12:16,UDP_FLOOD,NORMAL,7.181818181818182,4757.181818181818,2.090909090909091,0.3518037518037518,1.5772989932045378,2241.155377089573,0.0
RUN_037,2026-10-03 21:12:17,UDP_FLOOD,NORMAL,6.333333333333333,3348.222222222222,1.8888888888888888,0.24797178130511466,1.5383621624750148,1784.5941780340281,0.0
RUN_037,2026-10-03 21:12:18,UDP_FLOOD,NORMAL,8.333333333333334,3200.5555555555557,1.8888888888888888,0.2186480186480186,2.0944940236034877,2126.1916450430426,0.0
RUN_037,2026-10-03 21:12:19,UDP_FLOOD,NORMAL,8.75,3919.75,1.5,0.12127664002664,2.4526761667534047,2533.4756220825,0.0
RUN_037,2026-10-03 21:12:20,UDP_FLOOD,EARLY_CHANGE,7.833333333333333,3113.8333333333335,1.0,0.15205026455026452,1.5372163314219567,1325.6134643466364,0.0
RUN_037,2026-10-03 21:12:21,UDP_FLOOD,EARLY_CHANGE,32.833333333333336,9297.166666666666,1.0,0.20170632473361427,9.723292264682103,2357.6436595852933,0.6666666666666666
RUN_037,2026-10-03 21:12:22,UDP_FLOOD,EARLY_CHANGE,57.0,29884.0,1.0,0.1752983737613453,20.914473933696332,12384.838282353643,1.3333333333333333
RUN_037,2026-10-03 21:12:23,UDP_FLOOD,EARLY_CHANGE,80.375,13777.75,1.5,0.04427689157868388,17.012870332945496,7941.750540909535,1.875
RUN_037,2026-10-03 21:12:24,UDP_FLOOD,EARLY_CHANGE,113.44444444444444,83750.22222222222,1.6666666666666667,0.03644582550992478,19.90679307945887,25955.446734762067,2.6666666666666665
RUN_037,2026-10-03 21:12:25,UDP_FLOOD,EARLY_CHANGE,130.66666666666666,57792.22222222222,1.6666666666666667,0.10920936684344258,29.922179307588163,34233.79948723166,3.3333333333333335
RUN_037,2026-10-03 21:12:26,UDP_FLOOD,EARLY_CHANGE,174.63636363636363,17437.454545454544,2.272727272727273,0.18497670933899962,29.94970118798516,31466.29406448138,4.363636363636363
RUN_037,2026-10-03 21:12:27,UDP_FLOOD,EARLY_CHANGE,182.3,168603.1,2.0,0.058461216199451695,34.69685570717179,69286.13420149345,4.9
RUN_037,2026-10-03 21:12:28,UDP_FLOOD,EARLY_CHANGE,230.4,102948.2,2.0,0.05505720344459777,25.905808319609275,46304.47878062519,5.6
RUN_037,2026-10-03 21:12:29,UDP_FLOOD,EARLY_CHANGE,249.0,213280.81818181818,2.272727272727273,0.03923090858015315,28.1619761662563,69107.95449225641,7.363636363636363
RUN_037,2026-10-03 21:12:30,UDP_FLOOD,ESCALATION,7.909090909090909,3274.4545454545455,2.272727272727273,0.14295981795981794,106.88035124207846,98879.3485285496,7.363636363636363
RUN_037,2026-10-03 21:12:31,UDP_FLOOD,ESCALATION,20.0,5080.545454545455,2.272727272727273,0.054893897968060615,115.84676859241584,98100.55494684576,8.181818181818182
RUN_037,2026-10-03 21:12:32,UDP_FLOOD,ESCALATION,28.666666666666668,13111.083333333334,2.6666666666666665,0.05655062863239924,103.60466239923245,85747.06477846137,9.166666666666666
RUN_037,2026-10-03 21:12:33,UDP_FLOOD,ESCALATION,40.15384615384615,34373.38461538462,2.8461538461538463,0.03535840159408135,65.65548859953365,59674.15722818977,10.153846153846153
RUN_037,2026-10-03 21:12:34,UDP_FLOOD,ESCALATION,41.916666666666664,22623.916666666668,2.5,0.04543417275834252,11.870857490122686,11277.311051373263,10.833333333333334
RUN_037,2026-10-03 21:12:35,UDP_FLOOD,ESCALATION,55.916666666666664,46852.666666666664,2.5,0.03650748141464364,13.305528254761617,18056.63755868086,11.666666666666666
RUN_037,2026-10-03 21:12:36,UDP_FLOOD,ESCALATION,69.63636363636364,51004.36363636364,2.272727272727273,0.03677716231918705,16.090055720550136,22377.881600531095,12.272727272727273
RUN_037,2026-10-03 21:12:37,UDP_FLOOD,ESCALATION,66.1,19148.9,2.0,0.04900962399078979,16.440873115226744,21689.981685575265,12.8
RUN_037,2026-10-03 21:12:38,UDP_FLOOD,ESCALATION,80.14285714285714,42528.42857142857,1.2857142857142858,0.03719943570697627,15.557573046708034,17729.15159912373,12.142857142857142
RUN_037,2026-10-03 21:12:39,UDP_FLOOD,ESCALATION,77.85714285714286,38314.42857142857,1.2857142857142858,0.06547143761363498,8.211238685660334,10069.920699136073,12.857142857142858
RUN_037,2026-10-03 21:12:40,UDP_FLOOD,ESCALATION,105.0,36307.71428571428,1.2857142857142858,0.02976435922583573,21.0125175133326,15905.158921169603,13.571428571428571
RUN_037,2026-10-03 21:12:41,UDP_FLOOD,ESCALATION,120.22222222222223,52561.11111111111,1.6666666666666667,0.05533327370958922,16.538467626083833,14690.851749458476,15.555555555555555
RUN_037,2026-10-03 21:12:42,UDP_FLOOD,ESCALATION,111.77777777777777,33335.444444444445,1.6666666666666667,0.0392795578220248,19.0199412319544,21542.16268596506,16.333333333333332
RUN_037,2026-10-03 21:12:43,UDP_FLOOD,ESCALATION,121.5,79209.625,1.5,0.150568150375257,22.574360774950833,38109.3340423125,16.5
RUN_037,2026-10-03 21:12:44,UDP_FLOOD,ESCALATION,184.25,53330.625,1.5,0.022923738728071588,29.312937533366494,36816.63417619742,17.25
RUN_037,2026-10-03 21:12:45,UDP_FLOOD,ESCALATION,126.88888888888889,46166.0,1.6666666666666667,0.12869683332520843,34.12116197772317,35842.93326201212,16.0
RUN_037,2026-10-03 21:12:46,UDP_FLOOD,ESCALATION,148.75,125505.625,1.5,0.08167720714054214,19.799947848722596,25034.17306511519,15.625
RUN_037,2026-10-03 21:12:47,UDP_FLOOD,ESCALATION,144.66666666666666,65600.11111111111,1.6666666666666667,0.07380911092784609,25.0348011209293,37356.510886286116,17.333333333333332
RUN_037,2026-10-03 21:12:48,UDP_FLOOD,ESCALATION,187.75,64817.375,1.75,0.14893560313173945,16.5500403129436,46591.44974107181,20.25
RUN_037,2026-10-03 21:12:49,UDP_FLOOD,ESCALATION,156.6,69122.5,2.4,0.12077917243704021,19.609048313016537,46318.538424680315,19.6
RUN_037,2026-10-03 21:12:50,UDP_FLOOD,ESCALATION,205.23076923076923,114257.76923076923,3.0,0.02872272138308453,21.07209969307877,39241.32453328344,24.53846153846154
RUN_037,2026-10-03 21:12:51,UDP_FLOOD,ESCALATION,192.21428571428572,133335.64285714287,3.142857142857143,0.04996072818426096,24.268936688937636,43532.20984750936,23.571428571428573
RUN_037,2026-10-03 21:12:52,UDP_FLOOD,ESCALATION,248.23076923076923,104543.69230769231,3.0,0.055861422088841636,34.12464914422686,55656.52418793467,23.846153846153847
RUN_037,2026-10-03 21:12:53,UDP_FLOOD,ESCALATION,209.4375,74062.6875,3.625,0.04619040182005731,35.33688323332972,55400.48667254073,26.0
RUN_037,2026-10-03 21:12:54,UDP_FLOOD,ESCALATION,277.875,49157.625,3.25,0.041700235865636225,48.52586554630463,45850.34997653305,26.8125
RUN_037,2026-10-03 21:12:55,UDP_FLOOD,ESCALATION,244.86666666666667,125007.0,2.8666666666666667,0.04684741388984296,49.681193623359995,58896.51519852978,27.2
RUN_037,2026-10-03 21:12:56,UDP_FLOOD,ESCALATION,250.5625,172271.5625,3.125,0.10118095868560549,50.74617933650163,65299.09393864903,28.4375
RUN_037,2026-10-03 21:12:57,UDP_FLOOD,ESCALATION,259.8,40744.73333333333,3.1333333333333333,0.09929692635650629,51.02188653916867,59269.04123258656,28.8
RUN_037,2026-10-03 21:12:58,UDP_FLOOD,ESCALATION,339.375,312731.6875,3.375,0.029256780627893126,53.240724931543596,93749.31503338032,30.0625
RUN_037,2026-10-03 21:12:59,UDP_FLOOD,ESCALATION,295.3333333333333,207701.33333333334,3.7777777777777777,0.04229426767906461,52.501069212160196,77991.92761523004,29.555555555555557
RUN_037,2026-10-03 21:13:00,UDP_FLOOD,SUSTAINED,340.9,177760.35,4.5,0.02973744813777631,72.7654679972446,93702.50068136309,31.2
RUN_037,2026-10-03 21:13:01,UDP_FLOOD,SUSTAINED,325.94736842105266,197287.52631578947,4.157894736842105,0.01826334748829046,69.53725034231809,121742.47829558027,33.68421052631579
RUN_037,2026-10-03 21:13:02,UDP_FLOOD,SUSTAINED,400.1578947368421,105634.84210526316,4.052631578947368,0.012972357852912453,75.35288759587044,122185.1749459341,36.68421052631579
RUN_037,2026-10-03 21:13:03,UDP_FLOOD,SUSTAINED,389.6470588235294,235322.35294117648,3.588235294117647,0.018432630081704288,74.37152037986773,125648.26876493922,37.05882352941177
RUN_037,2026-10-03 21:13:04,UDP_FLOOD,SUSTAINED,301.5,113565.3,4.2,0.031981763361180714,62.32988499574535,98203.57986751653,38.7
RUN_037,2026-10-03 21:13:05,UDP_FLOOD,SUSTAINED,300.3,173490.65,4.0,0.12759254287669125,73.91882628255013,93533.24093692789,37.4
RUN_037,2026-10-03 21:13:06,UDP_FLOOD,SUSTAINED,303.0,180449.86666666667,2.8666666666666667,0.03471367014644207,63.940017441315405,79978.27164762863,36.0
RUN_037,2026-10-03 21:13:07,UDP_FLOOD,SUSTAINED,320.0769230769231,169339.15384615384,2.5384615384615383,0.056792842837908517,59.455702196134524,101350.71644020655,35.38461538461539
RUN_037,2026-10-03 21:13:08,UDP_FLOOD,SUSTAINED,250.16666666666666,101722.25,2.1666666666666665,0.033093921990701575,38.908151783256834,88828.83906356322,35.25
RUN_037,2026-10-03 21:13:09,UDP_FLOOD,SUSTAINED,260.5833333333333,171911.5,2.3333333333333335,0.02439372192901379,34.66532644923715,86360.39526865109,36.0
RUN_037,2026-10-03 21:13:10,UDP_FLOOD,SUSTAINED,308.9,146219.7,2.2,0.034631160205622964,25.75827887072225,59720.30749807031,39.2
RUN_037,2026-10-03 21:13:11,UDP_FLOOD,SUSTAINED,349.7,109411.3,2.0,0.07689867089926261,40.07823597048887,78364.25327616895,40.0
RUN_037,2026-10-03 21:13:12,UDP_FLOOD,SUSTAINED,337.45454545454544,134023.0,2.272727272727273,0.026572613307597973,36.04509128197847,66812.61901481122,41.72727272727273
RUN_037,2026-10-03 21:13:13,UDP_FLOOD,SUSTAINED,371.9230769230769,127330.23076923077,2.8461538461538463,0.020041653430385033,48.21824906471049,65230.619435807275,44.0
RUN_037,2026-10-03 21:13:14,UDP_FLOOD,SUSTAINED,262.26666666666665,174735.93333333332,3.533333333333333,0.04168249823738965,72.26696431917323,73348.51058888143,45.93333333333333
RUN_037,2026-10-03 21:13:15,UDP_FLOOD,SUSTAINED,325.7142857142857,184364.35714285713,3.4285714285714284,0.020669646307744167,60.763055004933186,74716.75425550804,46.285714285714285
RUN_037,2026-10-03 21:13:16,UDP_FLOOD,SUSTAINED,382.8,282726.93333333335,3.2666666666666666,0.20178107633774453,60.82454401342366,90799.28565713349,44.0
RUN_037,2026-10-03 21:13:17,UDP_FLOOD,SUSTAINED,284.25,171230.125,3.0,0.03985518654433764,85.84321990928686,128292.77965517878,42.0
RUN_037,2026-10-03 21:13:18,UDP_FLOOD,SUSTAINED,276.6923076923077,118948.0,2.5384615384615383,0.027177120562938917,67.24480379344025,96340.64543355911,39.46153846153846
RUN_037,2026-10-03 21:13:19,UDP_FLOOD,SUSTAINED,203.42857142857142,33005.42857142857,3.142857142857143,0.05396418088916681,50.26338349969626,73382.6071938269,37.285714285714285
RUN_037,2026-10-03 21:13:20,UDP_FLOOD,SUSTAINED,229.35714285714286,29023.0,3.4285714285714284,0.15064346715282623,50.95617762908531,63848.41188000528,37.92857142857143
RUN_037,2026-10-03 21:13:21,UDP_FLOOD,SUSTAINED,228.76923076923077,123581.84615384616,2.6923076923076925,0.0945432830996745,20.947783158311342,33070.232715543,41.53846153846154
RUN_037,2026-10-03 21:13:22,UDP_FLOOD,SUSTAINED,296.6666666666667,114641.66666666667,2.6666666666666665,0.026721431833735376,64.22029553782592,43429.474856296125,40.666666666666664
RUN_037,2026-10-03 21:13:23,UDP_FLOOD,SUSTAINED,273.15384615384613,183418.15384615384,2.8461538461538463,0.05279160604927782,52.01628347569396,46858.55972057687,42.92307692307692
RUN_037,2026-10-03 21:13:24,UDP_FLOOD,SUSTAINED,248.5,65581.41666666667,2.6666666666666665,0.03517619510917163,53.0454309464914,77584.5547164392,47.25
RUN_037,2026-10-03 21:13:25,UDP_FLOOD,SUSTAINED,295.3636363636364,40252.63636363636,2.4545454545454546,0.09582353468888352,63.49219314068943,61906.352083811,46.54545454545455
RUN_037,2026-10-03 21:13:26,UDP_FLOOD,SUSTAINED,261.8333333333333,195477.33333333334,3.1666666666666665,0.07233503352612684,57.26880303561493,63836.30922139453,54.166666666666664
RUN_037,2026-10-03 21:13:27,UDP_FLOOD,SUSTAINED,262.0,120279.46153846153,2.5384615384615383,0.03374990949407148,36.619570413867336,45087.52063478276,50.76923076923077
RUN_037,2026-10-03 21:13:28,UDP_FLOOD,SUSTAINED,327.0,87269.6,3.1333333333333333,0.051713322134711394,52.416729157430396,47244.1750406296,49.13333333333333
RUN_037,2026-10-03 21:13:29,UDP_FLOOD,SUSTAINED,330.8,219640.93333333332,3.2666666666666666,0.05170006099089799,55.70318851460672,82173.0081697142,49.86666666666667
RUN_037,2026-10-03 21:13:30,UDP_FLOOD,DECAY,315.7857142857143,212695.2142857143,2.7142857142857144,0.03289544928401688,47.83525423680029,82359.5473796797,49.285714285714285
RUN_037,2026-10-03 21:13:31,UDP_FLOOD,DECAY,255.9090909090909,190047.36363636365,2.272727272727273,0.0292513363140914,55.29802244965636,88679.46094757359,44.54545454545455
RUN_037,2026-10-03 21:13:32,UDP_FLOOD,DECAY,189.54545454545453,72503.36363636363,2.272727272727273,0.08346797661595454,28.25410686520605,58076.27426866242,45.18181818181818
RUN_037,2026-10-03 21:13:33,UDP_FLOOD,DECAY,269.0,118136.0,1.8888888888888888,0.057910748474999045,49.92696269209523,77227.85690004352,56.0
RUN_037,2026-10-03 21:13:34,UDP_FLOOD,DECAY,244.375,27455.375,1.75,0.13435829861146742,40.71250223698469,66053.78356653075,54.75
RUN_037,2026-10-03 21:13:35,UDP_FLOOD,DECAY,272.77777777777777,199713.55555555556,1.8888888888888888,0.08012639303643285,45.25838317605922,85709.823032399,57.55555555555556
RUN_037,2026-10-03 21:13:36,UDP_FLOOD,DECAY,231.5,59041.0,2.0,0.02242240844632198,43.7184015440598,59349.54197758271,60.0
RUN_037,2026-10-03 21:13:37,UDP_FLOOD,DECAY,243.66666666666666,193549.22222222222,1.8888888888888888,0.07067978673182604,41.26615541626843,64147.11706777935,59.111111111111114
RUN_037,2026-10-03 21:13:38,UDP_FLOOD,DECAY,193.5,76011.875,1.5,0.0458347325354595,48.885985110536474,83677.28381888615,57.75
RUN_037,2026-10-03 21:13:39,UDP_FLOOD,DECAY,166.22222222222223,91216.11111111111,1.6666666666666667,0.02169769578405671,44.70589173551965,55813.62621804582,60.666666666666664
RUN_037,2026-10-03 21:13:40,UDP_FLOOD,DECAY,158.44444444444446,78072.33333333333,1.6666666666666667,0.05041411622073203,34.34297593754853,48742.285444904024,61.44444444444444
RUN_037,2026-10-03 21:13:41,UDP_FLOOD,DECAY,156.66666666666666,103397.44444444444,1.8888888888888888,0.02136253985445509,29.968316224719974,58539.352186490054,62.22222222222222
RUN_037,2026-10-03 21:13:42,UDP_FLOOD,DECAY,102.9,66373.1,2.0,0.034464081875511074,36.47549106357443,49781.67230352671,64.8
RUN_037,2026-10-03 21:13:43,UDP_FLOOD,DECAY,132.63636363636363,48193.545454545456,2.272727272727273,0.09616781367004004,31.691602137807045,45785.62908849117,67.0909090909091
RUN_037,2026-10-03 21:13:44,UDP_FLOOD,DECAY,93.41666666666667,27502.083333333332,2.6666666666666665,0.030765214795394083,32.39511221847383,42128.06035714696,69.16666666666667
RUN_037,2026-10-03 21:13:45,UDP_FLOOD,DECAY,80.5,34576.916666666664,2.5,0.07869190145218719,26.567945045920435,29043.039489987917,70.0
RUN_037,2026-10-03 21:13:46,UDP_FLOOD,DECAY,60.76923076923077,37453.307692307695,2.3846153846153846,0.1968194643566751,19.355742757950914,21977.12407316298,58.84615384615385
RUN_037,2026-10-03 21:13:47,UDP_FLOOD,DECAY,54.2,25952.7,2.0,0.03825372761951475,21.87699311709438,18909.18717577996,60.2
RUN_037,2026-10-03 21:13:48,UDP_FLOOD,DECAY,35.333333333333336,15584.666666666666,1.6666666666666667,0.049997771053638056,15.992914265994033,16186.278568980018,58.0
RUN_037,2026-10-03 21:13:49,UDP_FLOOD,DECAY,25.11111111111111,14043.111111111111,1.6666666666666667,0.15447469694781518,13.910544078954217,14447.053836693847,58.666666666666664
RUN_037,2026-10-03 21:13:50,UDP_FLOOD,RECOVERY,9.0,4968.714285714285,1.2857142857142858,0.11327561327561328,18.601587793446495,14123.329285094762,61.42857142857143
RUN_037,2026-10-03 21:13:51,UDP_FLOOD,RECOVERY,8.666666666666666,4734.166666666667,1.0,0.12659932659932657,12.482831521281268,5456.768495962956,56.0
RUN_037,2026-10-03 21:13:52,UDP_FLOOD,RECOVERY,11.0,7746.333333333333,1.0,0.10503184179654768,3.629427618885646,1473.1533936633139,54.666666666666664
RUN_037,2026-10-03 21:13:53,UDP_FLOOD,RECOVERY,5.5,1624.3333333333333,1.0,0.3144841269841269,4.533030011659712,3414.517943582614,53.333333333333336
RUN_037,2026-10-03 21:13:54,UDP_FLOOD,RECOVERY,9.5,8151.0,1.0,0.11289266289266287,2.985584053994961,3458.8924033799995,52.0
RUN_037,2026-10-03 21:13:55,UDP_FLOOD,RECOVERY,9.333333333333334,4802.166666666667,1.0,0.11429773929773927,2.2638784708915707,3522.5361925115963,50.666666666666664
RUN_037,2026-10-03 21:13:56,UDP_FLOOD,RECOVERY,8.428571428571429,2338.8571428571427,1.2857142857142858,0.13169449598021024,1.358497626788021,1777.8095612765271,52.857142857142854
RUN_037,2026-10-03 21:13:57,UDP_FLOOD,RECOVERY,8.666666666666666,6179.666666666667,1.0,0.1443121693121693,2.215499846769458,2336.203404606748,48.0
RUN_037,2026-10-03 21:13:58,UDP_FLOOD,RECOVERY,8.285714285714286,3743.285714285714,1.2857142857142858,0.23713667285095855,1.8104434665291211,2471.678097039141,50.0
RUN_037,2026-10-03 21:13:59,UDP_FLOOD,RECOVERY,7.666666666666667,4149.833333333333,1.0,0.15436507936507934,1.72341737342695,2311.4263765826213,45.333333333333336
RUN_046,2026-10-03 21:30:00,FLASH_CROWD,NORMAL,12.8,9339.8,1.0,0.08234126984126981,0.0,0.0,0.0
RUN_046,2026-10-03 21:30:01,FLASH_CROWD,NORMAL,9.8,6099.2,1.0,0.11561771561771558,1.9,1742.5,0.0
RUN_046,2026-10-03 21:30:02,FLASH_CROWD,NORMAL,11.2,8916.8,1.0,0.1063492063492063,2.6200387349551684,2000.242079623693,0.0
RUN_046,2026-10-03 21:30:03,FLASH_CROWD,NORMAL,11.8,8581.2,1.0,0.11205128205128204,3.1142566532322853,2654.4949481427393,0.0
RUN_046,2026-10-03 21:30:04,FLASH_CROWD,NORMAL,9.6,7727.0,1.0,0.1206535947712418,1.9626236258808554,1727.2538589372718,0.0
RUN_046,2026-10-03 21:30:05,FLASH_CROWD,NORMAL,11.2,10941.6,1.0,0.09662698412698409,2.622117814289874,2819.684471816173,0.0
RUN_046,2026-10-03 21:30:06,FLASH_CROWD,NORMAL,11.8,11071.6,1.0,0.0884313725490196,3.3108122376063647,3962.71489525215,0.0
RUN_046,2026-10-03 21:30:07,FLASH_CROWD,NORMAL,10.8,8530.4,1.0,0.10687229437229433,3.386500917992182,3965.29758601199,0.0
RUN_046,2026-10-03 21:30:08,FLASH_CROWD,NORMAL,8.6,7177.8,1.0,0.11897546897546896,3.102673137826239,3992.144111582363,0.0
RUN_046,2026-10-03 21:30:09,FLASH_CROWD,NORMAL,11.6,11177.0,1.0,0.09247474747474746,2.077727718903729,2816.130913780073,0.0
RUN_046,2026-10-03 21:30:10,FLASH_CROWD,NORMAL,13.4,12113.8,1.0,0.08631996658312446,2.7850969054424417,3197.7509650752454,0.0
RUN_046,2026-10-03 21:30:11,FLASH_CROWD,NORMAL,13.5,11537.666666666666,1.3333333333333333,0.10116041366041362,3.2731651722341044,3108.6231821072447,0.0
RUN_046,2026-10-03 21:30:12,FLASH_CROWD,NORMAL,14.833333333333334,11049.833333333334,1.3333333333333333,0.06983847765581508,4.037077401894027,3904.499781611293,0.0
RUN_046,2026-10-03 21:30:13,FLASH_CROWD,NORMAL,9.666666666666666,7504.333333333333,1.3333333333333333,0.1422486772486772,4.957705825648898,4396.53860115426,0.0
RUN_046,2026-10-03 21:30:14,FLASH_CROWD,NORMAL,8.5,7338.166666666667,1.3333333333333333,0.13705259881730467,4.23959629232104,3685.320880100162,0.0
RUN_046,2026-10-03 21:30:15,FLASH_CROWD,NORMAL,13.6,10367.8,1.0,0.08619047619047616,4.177161565591494,3910.503600099547,0.0
RUN_046,2026-10-03 21:30:16,FLASH_CROWD,NORMAL,7.0,7107.2,1.0,0.17564213564213563,5.09550348538802,3566.8236391801925,0.0
RUN_046,2026-10-03 21:30:17,FLASH_CROWD,NORMAL,12.0,9929.8,1.0,0.08606643356643356,4.81964266117865,3530.9411409938243,0.0
RUN_046,2026-10-03 21:30:18,FLASH_CROWD,NORMAL,10.0,7010.2,1.0,0.1361694677871148,3.3648015199817167,3052.6033443990773,0.0
RUN_046,2026-10-03 21:30:19,FLASH_CROWD,NORMAL,10.8,11025.2,1.0,0.10687229437229433,3.3435518907474533,3451.4909050912624,0.0
RUN_046,2026-10-03 21:30:20,FLASH_CROWD,EARLY_CHANGE,12.8,7861.6,1.0,0.10080086580086578,3.1481245203234645,2866.65514511512,0.0
RUN_046,2026-10-03 21:30:21,FLASH_CROWD,EARLY_CHANGE,20.2,15508.4,1.0,0.05312671045429662,5.8606391540508085,4804.174945745543,0.0
RUN_046,2026-10-03 21:30:22,FLASH_CROWD,EARLY_CHANGE,31.0,29802.14285714286,1.5714285714285714,0.03334800691675656,6.3061637092148555,6984.540033811981,0.0
RUN_046,2026-10-03 21:30:23,FLASH_CROWD,EARLY_CHANGE,36.57142857142857,25435.714285714286,1.5714285714285714,0.027738164316139402,7.098643611753593,6433.17583021652,0.0
RUN_046,2026-10-03 21:30:24,FLASH_CROWD,EARLY_CHANGE,50.0,31960.0,1.75,0.02090982846813324,9.765637919658088,7068.3231925435075,0.0
RUN_046,2026-10-03 21:30:25,FLASH_CROWD,EARLY_CHANGE,55.333333333333336,55479.22222222222,2.111111111111111,0.018305984064497977,9.454708949902173,11011.602826994531,0.0
RUN_046,2026-10-03 21:30:26,FLASH_CROWD,EARLY_CHANGE,63.0,54349.77777777778,2.111111111111111,0.0159990635000963,10.74243616058232,12253.891454213212,0.0
RUN_046,2026-10-03 21:30:27,FLASH_CROWD,EARLY_CHANGE,68.1,64750.5,2.2,0.01494247483112802,8.953529850656237,12373.173913761038,0.0
RUN_046,2026-10-03 21:30:28,FLASH_CROWD,EARLY_CHANGE,87.81818181818181,69324.63636363637,2.6363636363636362,0.011734052478309309,12.02626849383691,9782.897750764934,0.0
RUN_046,2026-10-03 21:30:29,FLASH_CROWD,EARLY_CHANGE,96.78571428571429,90968.85714285714,3.0,0.010584346376982499,12.641491218623946,12248.003753075074,0.0
RUN_046,2026-10-03 21:30:30,FLASH_CROWD,ESCALATION,11.071428571428571,7361.785714285715,3.0,0.10906322165720658,35.494464525359994,32511.92365096618,0.0
RUN_046,2026-10-03 21:30:31,FLASH_CROWD,ESCALATION,17.642857142857142,14892.92857142857,3.0,0.06577506160578951,37.65133030594309,34069.86785359724,0.0
RUN_046,2026-10-03 21:30:32,FLASH_CROWD,ESCALATION,21.416666666666668,19548.666666666668,2.6666666666666665,0.04927351190094815,37.57213189257504,34962.29404415818,0.0
RUN_046,2026-10-03 21:30:33,FLASH_CROWD,ESCALATION,18.181818181818183,12570.363636363636,2.6363636363636362,0.056492696428635414,31.78747802116367,32069.05145284309,0.0
RUN_046,2026-10-03 21:30:34,FLASH_CROWD,ESCALATION,20.181818181818183,15991.545454545454,2.6363636363636362,0.05243952582662256,4.890054353431759,5243.300147924267,0.0
RUN_046,2026-10-03 21:30:35,FLASH_CROWD,ESCALATION,22.5,20256.8,2.4,0.04576988186578978,3.353514563176833,4651.483773964093,0.0
RUN_046,2026-10-03 21:30:36,FLASH_CROWD,ESCALATION,36.25,24578.625,1.75,0.029498427332188538,5.305182910504907,4300.887649320235,0.0
RUN_046,2026-10-03 21:30:37,FLASH_CROWD,ESCALATION,33.125,27115.625,1.75,0.030775886662595363,6.083816011934179,5985.192127993249,0.0
RUN_046,2026-10-03 21:30:38,FLASH_CROWD,ESCALATION,38.625,31679.25,1.75,0.02647741003345566,7.423279916667319,7321.51406853351,0.0
RUN_046,2026-10-03 21:30:39,FLASH_CROWD,ESCALATION,42.666666666666664,41973.666666666664,2.111111111111111,0.024240730427469877,5.845142724557601,8436.818002771859,0.0
RUN_046,2026-10-03 21:30:40,FLASH_CROWD,ESCALATION,43.6,47722.7,2.6,0.02372086864506638,5.588681682451212,10012.804329541408,0.0
RUN_046,2026-10-03 21:30:41,FLASH_CROWD,ESCALATION,41.888888888888886,40219.77777777778,2.5555555555555554,0.024396670682598234,5.089743601597503,8420.605286648184,0.0
RUN_046,2026-10-03 21:30:42,FLASH_CROWD,ESCALATION,50.54545454545455,37563.454545454544,2.6363636363636362,0.020354701518299746,6.185130765217142,6620.988394081913,0.0
RUN_046,2026-10-03 21:30:43,FLASH_CROWD,ESCALATION,51.63636363636363,40600.63636363636,2.6363636363636362,0.019663835705583773,6.555751366909837,6028.419099810691,0.0
RUN_046,2026-10-03 21:30:44,FLASH_CROWD,ESCALATION,58.6,42501.0,2.6,0.01743004120502305,7.966070327230805,6946.532467593036,0.0
RUN_046,2026-10-03 21:30:45,FLASH_CROWD,ESCALATION,57.63636363636363,43059.0,2.8181818181818183,0.018795474288940253,8.533889585989916,7395.749746138882,0.0
RUN_046,2026-10-03 21:30:46,FLASH_CROWD,ESCALATION,61.18181818181818,52751.818181818184,2.6363636363636362,0.016862274669122337,8.217584091379168,9971.699901139566,0.0
RUN_046,2026-10-03 21:30:47,FLASH_CROWD,ESCALATION,58.7,47824.8,2.2,0.01791073051146649,8.15300696546974,10936.686631586883,0.0
RUN_046,2026-10-03 21:30:48,FLASH_CROWD,ESCALATION,72.85714285714286,50145.28571428572,1.8571428571428572,0.014419852535154773,13.05974542790051,13811.446128071433,0.0
RUN_046,2026-10-03 21:30:49,FLASH_CROWD,ESCALATION,65.375,69056.0,2.0,0.016355561261023402,10.099961173329497,12854.097879308265,0.0
RUN_046,2026-10-03 21:30:50,FLASH_CROWD,ESCALATION,77.0,63282.444444444445,2.111111111111111,0.013192812704601434,10.631867489798744,9346.602695256217,0.0
RUN_046,2026-10-03 21:30:51,FLASH_CROWD,ESCALATION,77.11111111111111,78432.66666666667,2.111111111111111,0.01363767813868869,9.93084302455601,12249.41508623578,0.0
RUN_046,2026-10-03 21:30:52,FLASH_CROWD,ESCALATION,75.11111111111111,66937.66666666667,2.111111111111111,0.013730544387534733,9.9471671166568,15918.545302815832,0.0
RUN_046,2026-10-03 21:30:53,FLASH_CROWD,ESCALATION,85.25,63206.625,1.75,0.011990649732657024,8.625558481694684,12194.994793649033,0.0
RUN_046,2026-10-03 21:30:54,FLASH_CROWD,ESCALATION,79.125,72739.75,2.0,0.013113073050430525,8.558733813292756,10426.711134620966,0.0
RUN_046,2026-10-03 21:30:55,FLASH_CROWD,ESCALATION,93.8,88871.3,2.6,0.010928039972202161,10.034083834912996,13646.027601846688,0.0
RUN_046,2026-10-03 21:30:56,FLASH_CROWD,ESCALATION,86.63636363636364,84813.72727272728,2.6363636363636362,0.011855624668394465,10.960900173176379,13247.58547326905,0.0
RUN_046,2026-10-03 21:30:57,FLASH_CROWD,ESCALATION,94.85714285714286,81749.78571428571,3.4285714285714284,0.011194740051713609,10.33021202807316,16472.095802735097,0.0
RUN_046,2026-10-03 21:30:58,FLASH_CROWD,ESCALATION,99.23076923076923,78687.46153846153,3.923076923076923,0.010717001363743832,15.883247558457382,19589.307726963354,0.0
RUN_046,2026-10-03 21:30:59,FLASH_CROWD,ESCALATION,101.4,94767.66666666667,3.933333333333333,0.010174793865645506,14.089115003418923,19240.15623095957,0.0
RUN_046,2026-10-03 21:31:00,FLASH_CROWD,SUSTAINED,105.6470588235294,108540.41176470589,4.647058823529412,0.010146964202170311,16.766331731433567,23702.605034297118,0.0
RUN_046,2026-10-03 21:31:01,FLASH_CROWD,SUSTAINED,100.11764705882354,75210.58823529411,4.176470588235294,0.010341350732850599,15.811553961944256,20712.213309969215,0.0
RUN_046,2026-10-03 21:31:02,FLASH_CROWD,SUSTAINED,118.26666666666667,131101.53333333333,3.4,0.00885286011702204,19.114591692533658,27181.15684418025,0.0
RUN_046,2026-10-03 21:31:03,FLASH_CROWD,SUSTAINED,104.5,114699.5,3.5,0.009796175552996675,13.52941082098894,20958.687822516884,0.0
RUN_046,2026-10-03 21:31:04,FLASH_CROWD,SUSTAINED,108.94117647058823,79861.35294117648,3.588235294117647,0.009483879210595752,16.054844660406772,25298.47072682914,0.0
RUN_046,2026-10-03 21:31:05,FLASH_CROWD,SUSTAINED,106.25,102018.6875,3.5,0.00969963249297665,16.491362986033533,24578.502429500197,0.0
RUN_046,2026-10-03 21:31:06,FLASH_CROWD,SUSTAINED,104.72222222222223,95126.66666666667,3.888888888888889,0.009881173657229172,15.179169525485978,23369.33024010727,0.0
RUN_046,2026-10-03 21:31:07,FLASH_CROWD,SUSTAINED,105.94117647058823,77221.0,4.0588235294117645,0.009853926092592282,13.233559663427764,21140.26918683364,0.0
RUN_046,2026-10-03 21:31:08,FLASH_CROWD,SUSTAINED,108.72222222222223,99530.05555555556,4.0,0.009417143281635306,12.964729853219616,17943.750386565924,0.0
RUN_046,2026-10-03 21:31:09,FLASH_CROWD,SUSTAINED,98.44444444444444,92901.44444444444,3.6666666666666665,0.010644067239592717,13.584685007644147,17854.54536633097,0.0
RUN_046,2026-10-03 21:31:10,FLASH_CROWD,SUSTAINED,101.14285714285714,94534.71428571429,4.333333333333333,0.010619116471750028,15.14259004891301,18284.2075631531,0.0
RUN_046,2026-10-03 21:31:11,FLASH_CROWD,SUSTAINED,106.44444444444444,80437.33333333333,3.7777777777777777,0.0096885294968861,17.796223096001803,22164.316751581093,0.0
RUN_046,2026-10-03 21:31:12,FLASH_CROWD,SUSTAINED,102.77777777777777,70978.83333333333,3.7777777777777777,0.009912867672358428,17.883273795820802,21551.033940056557,0.0
RUN_046,2026-10-03 21:31:13,FLASH_CROWD,SUSTAINED,101.94736842105263,88233.0,4.157894736842105,0.0101839246762661,16.626520226649905,20635.584344319734,0.0
RUN_046,2026-10-03 21:31:14,FLASH_CROWD,SUSTAINED,105.14285714285714,90567.92857142857,4.0,0.009668167229052728,15.572225339316974,22590.694834170456,0.0
RUN_046,2026-10-03 21:31:15,FLASH_CROWD,SUSTAINED,103.46153846153847,83712.92307692308,3.6153846153846154,0.009819933908525123,11.32445192846681,19345.30635962966,0.0
RUN_046,2026-10-03 21:31:16,FLASH_CROWD,SUSTAINED,98.93333333333334,87500.2,3.533333333333333,0.01044390149949986,12.322696506820026,19274.42133355478,0.0
RUN_046,2026-10-03 21:31:17,FLASH_CROWD,SUSTAINED,90.71428571428571,69746.64285714286,3.0,0.01188217329040732,14.47959604939103,21102.44833326358,0.0
RUN_046,2026-10-03 21:31:18,FLASH_CROWD,SUSTAINED,115.6923076923077,99432.38461538461,2.6923076923076925,0.008746918838982862,14.585664741712995,22672.913955020835,0.0
RUN_046,2026-10-03 21:31:19,FLASH_CROWD,SUSTAINED,97.73333333333333,83851.13333333333,3.533333333333333,0.01095648653970276,13.49520613430887,18228.669118648162,0.0
RUN_046,2026-10-03 21:31:20,FLASH_CROWD,SUSTAINED,102.4,99611.0,3.6666666666666665,0.010219988406048047,11.979981001167003,16724.80629641672,0.0
RUN_046,2026-10-03 21:31:21,FLASH_CROWD,SUSTAINED,99.76470588235294,84913.4705882353,3.7058823529411766,0.010543161366681476,15.960740480291683,18876.941116578713,0.0
RUN_046,2026-10-03 21:31:22,FLASH_CROWD,SUSTAINED,109.94444444444444,83523.16666666667,4.111111111111111,0.009439003148217821,15.80259449484337,20778.425154271365,0.0
RUN_046,2026-10-03 21:31:23,FLASH_CROWD,SUSTAINED,99.42105263157895,93056.47368421052,4.368421052631579,0.01055032170284311,16.991307903357864,24898.123998063464,0.0
RUN_046,2026-10-03 21:31:24,FLASH_CROWD,SUSTAINED,101.0,85539.6,4.4,0.010248144239808316,17.256228940126327,23776.02766377354,0.0
RUN_046,2026-10-03 21:31:25,FLASH_CROWD,SUSTAINED,103.7,96794.5,4.9,0.01005282674373497,16.26991714522152,19672.832323370392,0.0
RUN_046,2026-10-03 21:31:26,FLASH_CROWD,SUSTAINED,102.05,95839.8,4.5,0.010063790348582676,14.667645397765295,16424.391753758217,0.0
RUN_046,2026-10-03 21:31:27,FLASH_CROWD,SUSTAINED,105.63157894736842,92926.57894736843,4.684210526315789,0.009803388142188568,13.786409457102955,21224.293338185635,0.0
RUN_046,2026-10-03 21:31:28,FLASH_CROWD,SUSTAINED,98.2,81846.75,5.2,0.010352006704932795,13.208994646294249,19679.09083552167,0.0
RUN_046,2026-10-03 21:31:29,FLASH_CROWD,SUSTAINED,106.15,77157.7,5.2,0.009695961234224924,13.214535218934875,21596.4307951873,0.0
RUN_046,2026-10-03 21:31:30,FLASH_CROWD,DECAY,101.2,82366.5,5.7,0.010176514774965765,12.67567509308569,18508.614112952033,0.0
RUN_046,2026-10-03 21:31:31,FLASH_CROWD,DECAY,87.57894736842105,81605.0,4.578947368421052,0.011730426112250374,12.196401935486609,16379.231706947043,0.0
RUN_046,2026-10-03 21:31:32,FLASH_CROWD,DECAY,96.72727272727273,71641.63636363637,4.818181818181818,0.010694037873323809,11.678706900617629,14529.333472801947,0.0
RUN_046,2026-10-03 21:31:33,FLASH_CROWD,DECAY,88.33333333333333,75312.33333333333,4.904761904761905,0.011473026056785785,11.163098969261334,13649.270234958538,0.0
RUN_046,2026-10-03 21:31:34,FLASH_CROWD,DECAY,88.5909090909091,76086.18181818182,5.545454545454546,0.011612683616666387,10.306248749428345,12731.887824046806,0.0
RUN_046,2026-10-03 21:31:35,FLASH_CROWD,DECAY,71.81818181818181,57166.36363636364,5.545454545454546,0.014542271488335473,12.885051178467434,15429.41746936767,0.0
RUN_046,2026-10-03 21:31:36,FLASH_CROWD,DECAY,78.52380952380952,59191.0,5.190476190476191,0.013276880696890824,12.117306988100879,12209.494564704519,0.0
RUN_046,2026-10-03 21:31:37,FLASH_CROWD,DECAY,70.94444444444444,62348.38888888889,4.222222222222222,0.014657156982218096,12.427074524655758,11425.728096116141,0.0
RUN_046,2026-10-03 21:31:38,FLASH_CROWD,DECAY,64.73333333333333,70556.0,3.933333333333333,0.016486592188518587,12.992966607712894,13856.576033177456,0.0
RUN_046,2026-10-03 21:31:39,FLASH_CROWD,DECAY,62.5,55754.28571428572,3.7142857142857144,0.01628422361856501,10.88296540591133,10130.26277511176,0.0
RUN_046,2026-10-03 21:31:40,FLASH_CROWD,DECAY,61.54545454545455,57840.545454545456,2.8181818181818183,0.01707333085404342,12.015803918077289,11284.609136403109,0.0
RUN_046,2026-10-03 21:31:41,FLASH_CROWD,DECAY,54.2,37868.1,2.4,0.0197840450832499,9.492077809064943,12253.884293019462,0.0
RUN_046,2026-10-03 21:31:42,FLASH_CROWD,DECAY,53.4,35100.9,2.4,0.01943190103124005,9.585401908128144,12142.46608461034,0.0
RUN_046,2026-10-03 21:31:43,FLASH_CROWD,DECAY,45.45454545454545,39478.63636363636,2.8181818181818183,0.022654427382823545,8.753009347499233,10747.814866590588,0.0
RUN_046,2026-10-03 21:31:44,FLASH_CROWD,DECAY,37.36363636363637,30447.090909090908,2.8181818181818183,0.02754398099580368,9.94977968150501,9701.656894154794,0.0
RUN_046,2026-10-03 21:31:45,FLASH_CROWD,DECAY,36.72727272727273,33732.90909090909,2.8181818181818183,0.02789078858297922,10.318316229968048,8747.941936735757,0.0
RUN_046,2026-10-03 21:31:46,FLASH_CROWD,DECAY,29.083333333333332,22509.666666666668,3.0,0.03585366801125994,8.918363451584353,7999.73694599478,0.0
RUN_046,2026-10-03 21:31:47,FLASH_CROWD,DECAY,29.916666666666668,28118.416666666668,3.0,0.0351162478734186,7.81748387135638,8804.07478209461,0.0
RUN_046,2026-10-03 21:31:48,FLASH_CROWD,DECAY,19.0,13588.636363636364,2.8181818181818183,0.05649964320946587,7.679748951337033,8054.958774404427,0.0
RUN_046,2026-10-03 21:31:49,FLASH_CROWD,DECAY,16.727272727272727,18688.18181818182,2.8181818181818183,0.06277243997832231,8.054084176948688,8195.727641375915,0.0
RUN_046,2026-10-03 21:31:50,FLASH_CROWD,RECOVERY,9.0,8319.545454545454,2.8181818181818183,0.14520823798898663,7.546187431258187,6916.772185316699,0.0
RUN_046,2026-10-03 21:31:51,FLASH_CROWD,RECOVERY,13.222222222222221,12273.0,2.111111111111111,0.08213062116570886,5.781128243769256,5622.7541746780125,0.0
RUN_046,2026-10-03 21:31:52,FLASH_CROWD,RECOVERY,8.666666666666666,8344.555555555555,2.111111111111111,0.13122895622895625,4.133189771961993,3835.1880267993383,0.0
RUN_046,2026-10-03 21:31:53,FLASH_CROWD,RECOVERY,11.555555555555555,8609.333333333334,2.111111111111111,0.11026658526658523,3.6102065449354463,3839.43978521182,0.0
RUN_046,2026-10-03 21:31:54,FLASH_CROWD,RECOVERY,13.11111111111111,9628.444444444445,2.111111111111111,0.09001224571400007,3.853103602168002,3196.8593963298695,0.0
RUN_046,2026-10-03 21:31:55,FLASH_CROWD,RECOVERY,13.555555555555555,10597.333333333334,2.111111111111111,0.07734857734857732,3.532303993798846,3261.7876115482395,0.0
RUN_046,2026-10-03 21:31:56,FLASH_CROWD,RECOVERY,10.125,10126.375,2.0,0.12451298701298698,3.427309582743636,3337.771187939282,0.0
RUN_046,2026-10-03 21:31:57,FLASH_CROWD,RECOVERY,11.666666666666666,9501.444444444445,2.111111111111111,0.10538000488980878,2.8587275345674685,2703.7134999123136,0.0
RUN_046,2026-10-03 21:31:58,FLASH_CROWD,RECOVERY,8.3,8006.2,2.2,0.12726551226551225,3.286270186799561,3384.857969207535,0.0
RUN_046,2026-10-03 21:31:59,FLASH_CROWD,RECOVERY,11.5,9999.6,2.2,0.1023351648351648,3.271438378503003,3989.6526608002614,0.0
RUN_056,2026-10-03 21:50:00,NORMAL,NORMAL,9.166666666666666,5417.333333333333,1.0,0.11826599326599323,0.0,0.0,0.0
RUN_056,2026-10-03 21:50:01,NORMAL,NORMAL,5.857142857142857,3752.5714285714284,1.2857142857142858,0.22108843537414963,2.642857142857143,1366.2857142857142,0.0
RUN_056,2026-10-03 21:50:02,NORMAL,NORMAL,9.25,4121.5,1.75,0.12584776334776332,2.474883168508972,1607.5647947785787,0.0
RUN_056,2026-10-03 21:50:03,NORMAL,NORMAL,4.375,3039.375,1.75,0.484375,3.797802284435814,2145.354759499349,0.0
RUN_056,2026-10-03 21:50:04,NORMAL,NORMAL,8.25,5203.0,1.75,0.15604395604395604,2.499905530333539,1427.9916207320834,0.0
RUN_056,2026-10-03 21:50:05,NORMAL,NORMAL,6.714285714285714,3687.8571428571427,1.2857142857142858,0.3064935064935065,3.154189952049599,1870.8496665433393,0.0
RUN_056,2026-10-03 21:50:06,NORMAL,NORMAL,7.857142857142857,4928.857142857143,1.2857142857142858,0.13951762523191094,3.7568611402602987,2075.195999094969,0.0
RUN_056,2026-10-03 21:50:07,NORMAL,NORMAL,6.142857142857143,4011.285714285714,1.2857142857142858,0.3939393939393939,3.030082666347585,1993.842768457726,0.0
RUN_056,2026-10-03 21:50:08,NORMAL,NORMAL,7.428571428571429,4269.428571428572,1.2857142857142858,0.21336996336996333,2.9598496599384463,2095.912681658229,0.0
RUN_056,2026-10-03 21:50:09,NORMAL,NORMAL,6.125,2908.25,1.5,0.24910402097902096,2.8231519650741475,1766.3863251283126,0.0
RUN_056,2026-10-03 21:50:10,NORMAL,NORMAL,6.285714285714286,5076.142857142857,1.2857142857142858,0.18475572047000613,2.5506054518785137,1883.305687991819,0.0
RUN_056,2026-10-03 21:50:11,NORMAL,NORMAL,7.625,4619.625,1.5,0.1700892857142857,2.1247158172601934,1210.173931419082,0.0
RUN_056,2026-10-03 21:50:12,NORMAL,NORMAL,6.0,3096.8571428571427,1.2857142857142858,0.32051282051282054,3.3320968022324613,1535.0500953745345,0.0
RUN_056,2026-10-03 21:50:13,NORMAL,NORMAL,7.111111111111111,4758.222222222223,1.6666666666666667,0.16331970498637163,2.5310864896209977,1486.309729350431,0.0
RUN_056,2026-10-03 21:50:14,NORMAL,NORMAL,10.666666666666666,7428.333333333333,1.6666666666666667,0.10848087098087095,2.559949355063682,1487.250320600686,0.0
RUN_056,2026-10-03 21:50:15,NORMAL,NORMAL,7.111111111111111,3990.1111111111113,1.6666666666666667,0.26111111111111107,2.2663787497269117,1699.035937925695,0.0
RUN_056,2026-10-03 21:50:16,NORMAL,NORMAL,7.0,3499.3636363636365,2.090909090909091,0.27060868424504786,2.3512198923817738,1403.451198369747,0.0
RUN_056,2026-10-03 21:50:17,NORMAL,NORMAL,7.0,4893.9,1.8,0.18844988344988342,3.077681292094399,1923.9524536156023,0.0
RUN_056,2026-10-03 21:50:18,NORMAL,NORMAL,8.9,4426.4,2.0,0.1474242424242424,2.6009014835672852,1587.111583816517,0.0
RUN_056,2026-10-03 21:50:19,NORMAL,NORMAL,8.6,5173.6,2.0,0.1487240537240537,3.1121362740297314,1541.7953676527582,0.0
RUN_056,2026-10-03 21:50:20,NORMAL,EARLY_CHANGE,6.545454545454546,3291.2727272727275,2.272727272727273,0.3405876951331497,3.201738219851712,1840.6711695209503,0.0
RUN_056,2026-10-03 21:50:21,NORMAL,EARLY_CHANGE,8.75,6290.833333333333,2.3333333333333335,0.1383967883967884,2.6914280720396717,2018.278028182435,0.0
RUN_056,2026-10-03 21:50:22,NORMAL,EARLY_CHANGE,9.090909090909092,6879.636363636364,2.090909090909091,0.13618654073199524,3.520201570159276,3139.0627335307713,0.0
RUN_056,2026-10-03 21:50:23,NORMAL,EARLY_CHANGE,7.6,3807.0,1.8,0.2488131313131313,3.3682156332654416,2972.0012492349765,0.0
RUN_056,2026-10-03 21:50:24,NORMAL,EARLY_CHANGE,7.0,4088.6363636363635,2.090909090909091,0.22269447723993177,2.6083563820720688,2190.5793328993295,0.0
RUN_056,2026-10-03 21:50:25,NORMAL,EARLY_CHANGE,6.444444444444445,3882.4444444444443,1.8888888888888888,0.28217338217338217,3.2824745541554248,2767.8051344441137,0.0
RUN_056,2026-10-03 21:50:26,NORMAL,EARLY_CHANGE,7.375,5630.25,1.5,0.16351686507936508,3.3720292833908565,2590.2411423432004,0.0
RUN_056,2026-10-03 21:50:27,NORMAL,EARLY_CHANGE,5.888888888888889,3125.5555555555557,1.6666666666666667,0.35123456790123453,2.0420136263717215,1192.5099078646024,0.0
RUN_056,2026-10-03 21:50:28,NORMAL,EARLY_CHANGE,7.5,4878.125,1.5,0.3427579365079365,2.766833381890394,2130.3733202208828,0.0
RUN_056,2026-10-03 21:50:29,NORMAL,EARLY_CHANGE,4.888888888888889,3653.3333333333335,1.6666666666666667,0.3595238095238095,2.86289955318054,1942.033202307823,0.0
RUN_056,2026-10-03 21:50:30,NORMAL,ESCALATION,8.9,5838.6,1.8,0.14480519480519477,2.9867639883451544,2496.5804762557345,0.0
RUN_056,2026-10-03 21:50:31,NORMAL,ESCALATION,6.333333333333333,3702.222222222222,1.8888888888888888,0.3303062678062678,2.9566292637805103,2203.470887907396,0.0
RUN_056,2026-10-03 21:50:32,NORMAL,ESCALATION,9.25,5957.125,1.5,0.2807832792207792,3.26378623899162,2395.8970503513146,0.0
RUN_056,2026-10-03 21:50:33,NORMAL,ESCALATION,6.777777777777778,4889.666666666667,1.6666666666666667,0.1908221408221408,4.125253566963696,2707.908454757416,0.0
RUN_056,2026-10-03 21:50:34,NORMAL,ESCALATION,7.75,5956.125,1.5,0.2703125,4.4109106654522146,3053.3343004412336,0.0
RUN_056,2026-10-03 21:50:35,NORMAL,ESCALATION,5.777777777777778,2017.3333333333333,1.8888888888888888,0.4424242424242424,4.304041896019864,3068.3020479912334,0.0
RUN_056,2026-10-03 21:50:36,NORMAL,ESCALATION,6.666666666666667,3791.8888888888887,1.8888888888888888,0.16216931216931213,4.141235974460226,2999.2348874859053,0.0
RUN_056,2026-10-03 21:50:37,NORMAL,ESCALATION,4.25,2897.0,1.75,0.496875,2.3699527737641843,1806.7358865510816,0.0
RUN_056,2026-10-03 21:50:38,NORMAL,ESCALATION,8.125,5359.75,1.75,0.17097902097902096,2.9516372498940653,2435.3199074964054,0.0
RUN_056,2026-10-03 21:50:39,NORMAL,ESCALATION,9.625,7436.75,1.5,0.11076076701076698,2.7138369922495054,2394.590788283892,0.0
RUN_056,2026-10-03 21:50:40,NORMAL,ESCALATION,11.555555555555555,6987.555555555556,1.6666666666666667,0.10177763413057529,2.5015434915399988,2195.4061496416302,0.0
RUN_056,2026-10-03 21:50:41,NORMAL,ESCALATION,7.333333333333333,5514.888888888889,1.8888888888888888,0.1461239377906044,2.880855064995594,2278.0965946832625,0.0
RUN_056,2026-10-03 21:50:42,NORMAL,ESCALATION,7.111111111111111,4850.888888888889,1.8888888888888888,0.16296296296296298,3.0113045187512557,2768.9365907592164,0.0
RUN_056,2026-10-03 21:50:43,NORMAL,ESCALATION,9.444444444444445,5294.666666666667,2.3333333333333335,0.12133761300427966,2.852194935346335,2324.1943018292486,0.0
RUN_056,2026-10-03 21:50:44,NORMAL,ESCALATION,6.0,4574.1,2.4,0.2274242424242424,3.0170067653946204,2429.0711116503853,0.0
RUN_056,2026-10-03 21:50:45,NORMAL,ESCALATION,3.1818181818181817,1624.090909090909,2.6363636363636362,0.4956709956709957,2.9184577425299465,2348.8780145300957,0.0
RUN_056,2026-10-03 21:50:46,NORMAL,ESCALATION,5.090909090909091,3063.0,2.6363636363636362,0.4255355755355756,2.9089875221594834,1927.3225191401666,0.0
RUN_056,2026-10-03 21:50:47,NORMAL,ESCALATION,10.153846153846153,5439.384615384615,3.0,0.1065257392180469,2.9380382147120634,1711.6676982965134,0.0
RUN_056,2026-10-03 21:50:48,NORMAL,ESCALATION,9.285714285714286,6760.714285714285,2.7142857142857144,0.11674991674991674,2.609838205734966,1882.2439285609178,0.0
RUN_056,2026-10-03 21:50:49,NORMAL,ESCALATION,8.384615384615385,6050.846153846154,2.3846153846153846,0.13980271864887248,3.2962621879848943,2685.191501172968,0.0
RUN_056,2026-10-03 21:50:50,NORMAL,ESCALATION,8.090909090909092,4607.090909090909,2.272727272727273,0.15411911321002228,3.1077963354025475,2855.5019008046393,0.0
RUN_056,2026-10-03 21:50:51,NORMAL,ESCALATION,6.9,4689.0,2.0,0.28913419913419913,2.303526766708676,2544.866133993138,0.0
RUN_056,2026-10-03 21:50:52,NORMAL,ESCALATION,5.7,3141.9,1.8,0.22079365079365076,2.400151678734068,2379.202198275207,0.0
RUN_056,2026-10-03 21:50:53,NORMAL,ESCALATION,6.4,2781.3,2.0,0.3025,2.6601873729540815,1931.8566436262183,0.0
RUN_056,2026-10-03 21:50:54,NORMAL,ESCALATION,7.833333333333333,5449.666666666667,2.3333333333333335,0.27241855366855366,2.4152425261733517,1254.7498959039797,0.0
RUN_056,2026-10-03 21:50:55,NORMAL,ESCALATION,5.538461538461538,3695.5384615384614,2.5384615384615383,0.2741147741147741,2.0399317757085047,1661.4727085458856,0.0
RUN_056,2026-10-03 21:50:56,NORMAL,ESCALATION,6.142857142857143,3307.214285714286,2.5714285714285716,0.2018707482993197,2.6404988997737737,1920.0561539955945,0.0
RUN_056,2026-10-03 21:50:57,NORMAL,ESCALATION,3.5714285714285716,2185.714285714286,2.5714285714285716,0.4202380952380952,3.412670735184762,2121.314049083104,0.0
RUN_056,2026-10-03 21:50:58,NORMAL,ESCALATION,8.5,5687.583333333333,2.3333333333333335,0.15394897858133152,3.4098708699314346,2392.3787042052163,0.0
RUN_056,2026-10-03 21:50:59,NORMAL,ESCALATION,3.5454545454545454,2680.6363636363635,2.090909090909091,0.6182211727666274,3.093464970401324,1973.0159786435559,0.0
RUN_056,2026-10-03 21:51:00,NORMAL,SUSTAINED,9.090909090909092,6021.454545454545,2.090909090909091,0.12143185097730552,3.1159702392309057,1948.3041395592181,0.0
RUN_056,2026-10-03 21:51:01,NORMAL,SUSTAINED,3.0,2271.0,1.8,0.5291666666666666,3.0018597104190525,2114.9519895645763,0.0
RUN_056,2026-10-03 21:51:02,NORMAL,SUSTAINED,8.333333333333334,3860.222222222222,1.6666666666666667,0.24981006647673315,3.877681722900336,2559.901055411982,0.0
RUN_056,2026-10-03 21:51:03,NORMAL,SUSTAINED,9.5,5775.625,1.5,0.170528083028083,2.789915659636705,1843.5526063905431,0.0
RUN_056,2026-10-03 21:51:04,NORMAL,SUSTAINED,5.571428571428571,3841.5714285714284,1.2857142857142858,0.5020408163265306,3.982974397989473,2735.7861154905913,0.0
RUN_056,2026-10-03 21:51:05,NORMAL,SUSTAINED,7.571428571428571,4098.571428571428,1.2857142857142858,0.28024891774891775,3.121716380946694,2242.0784212727594,0.0
RUN_056,2026-10-03 21:51:06,NORMAL,SUSTAINED,5.142857142857143,2859.285714285714,1.2857142857142858,0.4633699633699634,3.8437677101772545,2654.2607325722706,0.0
RUN_056,2026-10-03 21:51:07,NORMAL,SUSTAINED,6.142857142857143,4081.714285714286,1.2857142857142858,0.19676870748299316,2.812289588225642,1852.755544772858,0.0
RUN_056,2026-10-03 21:51:08,NORMAL,SUSTAINED,4.5,2228.3333333333335,1.0,0.33101851851851855,1.7455366298226496,1320.6667510015038,0.0
RUN_056,2026-10-03 21:51:09,NORMAL,SUSTAINED,12.428571428571429,8639.142857142857,1.2857142857142858,0.10113840407958052,3.6570113569113234,2666.8503536105904,0.0
RUN_056,2026-10-03 21:51:10,NORMAL,SUSTAINED,10.142857142857142,5085.714285714285,1.2857142857142858,0.12958826887398314,3.9408368956692406,3125.869187135852,0.0
RUN_056,2026-10-03 21:51:11,NORMAL,SUSTAINED,8.714285714285714,5552.142857142857,1.2857142857142858,0.24006132756132756,2.4728991026113785,2229.465324558912,0.0
RUN_056,2026-10-03 21:51:12,NORMAL,SUSTAINED,7.333333333333333,3215.0,1.0,0.26337535014005603,3.048283638108281,1831.3280067921896,0.0
RUN_056,2026-10-03 21:51:13,NORMAL,SUSTAINED,9.714285714285714,4936.142857142857,1.2857142857142858,0.18506069094304387,1.8166714904604342,1455.528807342182,0.0
RUN_056,2026-10-03 21:51:14,NORMAL,SUSTAINED,6.333333333333333,4429.5,1.0,0.21547619047619046,2.889655754631297,1875.0768349695607,0.0
RUN_056,2026-10-03 21:51:15,NORMAL,SUSTAINED,8.666666666666666,5002.166666666667,1.0,0.15750661375661376,3.9435755925575013,2141.955834515797,0.0
RUN_056,2026-10-03 21:51:16,NORMAL,SUSTAINED,6.285714285714286,3655.285714285714,1.2857142857142858,0.2347985347985348,3.9115179526797164,1967.8817600670266,0.0
RUN_056,2026-10-03 21:51:17,NORMAL,SUSTAINED,9.25,6077.125,1.75,0.21900252525252523,2.9666810720965575,1799.732220703718,0.0
RUN_056,2026-10-03 21:51:18,NORMAL,SUSTAINED,7.0,3649.75,1.75,0.20312499999999997,2.814532386525017,1892.380683269404,0.0
RUN_056,2026-10-03 21:51:19,NORMAL,SUSTAINED,5.5,4482.125,1.75,0.35025252525252526,3.472265381656548,2142.176385755244,0.0
RUN_056,2026-10-03 21:51:20,NORMAL,SUSTAINED,4.142857142857143,2292.4285714285716,1.2857142857142858,0.33945578231292517,2.8193925419526766,2090.6310321841197,0.0
RUN_056,2026-10-03 21:51:21,NORMAL,SUSTAINED,8.0,3899.8571428571427,1.2857142857142858,0.1680272108843537,2.555801665073481,1825.025277399997,0.0
RUN_056,2026-10-03 21:51:22,NORMAL,SUSTAINED,7.833333333333333,5530.666666666667,1.0,0.2826388888888889,2.712126199298686,1939.392703458696,0.0
RUN_056,2026-10-03 21:51:23,NORMAL,SUSTAINED,12.166666666666666,8315.166666666666,1.0,0.10811546840958604,3.8239253268913114,2638.3970220222977,0.0
RUN_056,2026-10-03 21:51:24,NORMAL,SUSTAINED,8.0,4408.333333333333,1.0,0.196021571021571,3.8492672093671767,2718.4263781527234,0.0
RUN_056,2026-10-03 21:51:25,NORMAL,SUSTAINED,9.666666666666666,5291.666666666667,1.0,0.16455026455026453,2.7744510493147057,2081.9255510866155,0.0
RUN_056,2026-10-03 21:51:26,NORMAL,SUSTAINED,7.0,3907.0,1.0,0.2917388167388167,0.4166666666666667,881.75,0.0
RUN_056,2026-10-03 21:51:27,NORMAL,SUSTAINED,10.0,5995.5,1.0,0.10957977207977206,2.5739867147959914,2411.1175041150295,0.0
RUN_056,2026-10-03 21:51:28,NORMAL,SUSTAINED,5.833333333333333,3936.5,1.0,0.17380952380952377,2.8078659185574053,2233.5694095503954,0.0
RUN_056,2026-10-03 21:51:29,NORMAL,SUSTAINED,5.857142857142857,3387.8571428571427,1.2857142857142858,0.19603174603174603,2.405709687171322,1876.8288032858086,0.0
RUN_056,2026-10-03 21:51:30,NORMAL,DECAY,7.428571428571429,5188.857142857143,1.2857142857142858,0.24512987012987011,1.794039837962348,1732.0836264800114,0.0
RUN_056,2026-10-03 21:51:31,NORMAL,DECAY,5.285714285714286,3709.4285714285716,1.2857142857142858,0.2575396825396825,1.9036581129053007,1534.9943733967177,0.0
RUN_056,2026-10-03 21:51:32,NORMAL,DECAY,8.125,4893.75,1.5,0.14300595238095234,1.8935654612091015,1928.3588089096029,0.0
RUN_056,2026-10-03 21:51:33,NORMAL,DECAY,6.625,3900.25,1.5,0.3075017507002801,2.1929185958945876,1973.0727031126905,0.0
RUN_056,2026-10-03 21:51:34,NORMAL,DECAY,6.714285714285714,4245.857142857143,1.2857142857142858,0.37626262626262624,1.795088422059209,1509.8192053666403,0.0
RUN_056,2026-10-03 21:51:35,NORMAL,DECAY,10.875,8009.625,1.5,0.1823697136197136,3.114520383204478,1981.04612002411,0.0
RUN_056,2026-10-03 21:51:36,NORMAL,DECAY,4.428571428571429,2342.1428571428573,1.2857142857142858,0.3619047619047619,3.7285456092604083,2661.045580341569,0.0
RUN_056,2026-10-03 21:51:37,NORMAL,DECAY,5.444444444444445,2305.8888888888887,1.8888888888888888,0.30930735930735925,2.8866065288607112,2074.9218861441204,0.0
RUN_056,2026-10-03 21:51:38,NORMAL,DECAY,6.111111111111111,4950.0,1.8888888888888888,0.34378306878306875,3.5155604725473513,2537.015182699176,0.0
RUN_056,2026-10-03 21:51:39,NORMAL,DECAY,7.571428571428571,5373.714285714285,1.2857142857142858,0.15793650793650796,3.610250593347886,2750.5181596471266,0.0
RUN_056,2026-10-03 21:51:40,NORMAL,DECAY,3.857142857142857,2158.714285714286,1.2857142857142858,0.47517006802721085,2.0779233027330855,1427.0127743598955,0.0
RUN_056,2026-10-03 21:51:41,NORMAL,DECAY,9.0,5989.5,2.0,0.13286236424394318,2.137226399973037,1519.3920987774222,0.0
RUN_056,2026-10-03 21:51:42,NORMAL,DECAY,6.090909090909091,3036.3636363636365,2.090909090909091,0.30998723498723496,2.898462017250134,2467.173407911228,0.0
RUN_056,2026-10-03 21:51:43,NORMAL,DECAY,7.666666666666667,5826.166666666667,2.1666666666666665,0.1580387205387205,2.97993103911565,2867.5046436729804,0.0
RUN_056,2026-10-03 21:51:44,NORMAL,DECAY,6.7272727272727275,3785.2727272727275,2.090909090909091,0.22642197374817694,3.0419508288598776,2548.851403238347,0.0
RUN_056,2026-10-03 21:51:45,NORMAL,DECAY,7.583333333333333,3984.75,2.3333333333333335,0.15437286025521316,2.8716997228139616,2528.487486289587,0.0
RUN_056,2026-10-03 21:51:46,NORMAL,DECAY,7.454545454545454,6355.363636363636,2.4545454545454546,0.18640819964349375,2.556133734606009,2328.4829557247685,0.0
RUN_056,2026-10-03 21:51:47,NORMAL,DECAY,7.818181818181818,5778.545454545455,2.4545454545454546,0.16865735274826182,2.339726306399897,2434.5187731623846,0.0
RUN_056,2026-10-03 21:51:48,NORMAL,DECAY,7.0,3094.5833333333335,3.0,0.3478785103785103,2.2382043717873508,1743.7407190929225,0.0
RUN_056,2026-10-03 21:51:49,NORMAL,DECAY,9.636363636363637,5692.727272727273,3.0,0.13794311748857202,3.388271717633364,1909.5954542450186,0.0
RUN_056,2026-10-03 21:51:50,NORMAL,RECOVERY,7.8,5926.0,2.4,0.2365151515151515,3.1171934962648398,1953.62352584304,0.0
RUN_056,2026-10-03 21:51:51,NORMAL,RECOVERY,9.7,6441.2,2.4,0.14053321678321679,3.036881001634097,2336.736070861797,0.0
RUN_056,2026-10-03 21:51:52,NORMAL,RECOVERY,3.9166666666666665,2734.5833333333335,2.5,0.42870370370370364,3.2994997165643896,2307.7318317440236,0.0
RUN_056,2026-10-03 21:51:53,NORMAL,RECOVERY,4.666666666666667,2796.222222222222,1.6666666666666667,0.41710758377425045,3.6244093085853057,2902.363119300962,0.0
RUN_056,2026-10-03 21:51:54,NORMAL,RECOVERY,5.714285714285714,2875.1428571428573,1.2857142857142858,0.3299319727891156,3.293510681731139,2746.2549854944177,0.0
RUN_056,2026-10-03 21:51:55,NORMAL,RECOVERY,4.833333333333333,1592.6666666666667,1.0,0.36792929292929294,3.1192793046842127,2324.3745208242703,0.0
RUN_056,2026-10-03 21:51:56,NORMAL,RECOVERY,7.333333333333333,4083.0,1.0,0.19755892255892257,1.6833333333333336,890.9349904493143,0.0
RUN_056,2026-10-03 21:51:57,NORMAL,RECOVERY,6.5,4004.5,1.0,0.33134920634920634,2.7177460084560394,1811.1733924797743,0.0
RUN_056,2026-10-03 21:51:58,NORMAL,RECOVERY,5.857142857142857,3867.285714285714,1.2857142857142858,0.29087301587301584,2.299965321943639,1779.6151903865707,0.0
RUN_056,2026-10-03 21:51:59,NORMAL,RECOVERY,6.444444444444445,3637.222222222222,1.8888888888888888,0.43333333333333335,2.6613540232138853,1907.9076133616425,0.0
RUN_057,2026-10-03 21:52:00,NORMAL,NORMAL,7.0,3245.375,1.0,0.3055555555555555,0.0,0.0,0.0
RUN_057,2026-10-03 21:52:01,NORMAL,NORMAL,10.875,7209.625,1.0,0.10058396464646463,2.4375,1995.375,0.0
RUN_057,2026-10-03 21:52:02,NORMAL,NORMAL,5.875,4753.0,1.0,0.29910714285714285,3.593185449315462,2668.0734856410663,0.0
RUN_057,2026-10-03 21:52:03,NORMAL,NORMAL,7.875,4217.125,1.0,0.24830586080586078,4.205608251397103,2847.332929650117,0.0
RUN_057,2026-10-03 21:52:04,NORMAL,NORMAL,5.875,3860.5,1.0,0.3456196581196581,3.9757145109456395,2681.543204627887,0.0
RUN_057,2026-10-03 21:52:05,NORMAL,NORMAL,9.25,5617.375,1.0,0.13903457653457651,3.7497490846588577,2893.6813092144835,0.0
RUN_057,2026-10-03 21:52:06,NORMAL,NORMAL,6.75,3509.25,1.0,0.34563943001443,2.6208741447119492,2264.168499825663,0.0
RUN_057,2026-10-03 21:52:07,NORMAL,NORMAL,8.125,5199.375,1.0,0.18337218337218336,3.6601009544559404,3086.871266853156,0.0
RUN_057,2026-10-03 21:52:08,NORMAL,NORMAL,10.3,5754.1,1.4,0.1651821789321789,3.3863202656873868,2691.4735486935583,0.0
RUN_057,2026-10-03 21:52:09,NORMAL,NORMAL,9.2,5827.0,1.4,0.13292027417027413,3.075867134443668,2822.0530043565827,0.0
RUN_057,2026-10-03 21:52:10,NORMAL,NORMAL,8.166666666666666,5731.666666666667,1.8333333333333333,0.1337797619047619,2.5095848282068007,2063.695195954329,0.0
RUN_057,2026-10-03 21:52:11,NORMAL,NORMAL,6.0,2627.3333333333335,1.8333333333333333,0.3215277777777778,3.698686114527091,2909.317424246994,0.0
RUN_057,2026-10-03 21:52:12,NORMAL,NORMAL,5.0,2650.0,1.6666666666666667,0.3548280423280423,3.2336469689736287,2479.702123043151,0.0
RUN_057,2026-10-03 21:52:13,NORMAL,NORMAL,5.7272727272727275,2944.5454545454545,1.5454545454545454,0.2699888495343041,3.0671635574488145,2214.2789102104057,0.0
RUN_057,2026-10-03 21:52:14,NORMAL,NORMAL,7.818181818181818,5230.545454545455,1.5454545454545454,0.17975963430508884,3.01705857367038,2432.8870746836883,0.0
RUN_057,2026-10-03 21:52:15,NORMAL,NORMAL,8.0,5320.636363636364,1.7272727272727273,0.2665561711016256,1.8149602875810797,1391.3068348792835,0.0
RUN_057,2026-10-03 21:52:16,NORMAL,NORMAL,5.923076923076923,3995.6153846153848,2.076923076923077,0.2724617263078801,2.463081595269055,2023.9287433918994,0.0
RUN_057,2026-10-03 21:52:17,NORMAL,NORMAL,6.6923076923076925,4036.153846153846,2.076923076923077,0.22459847844463227,2.6671271074834313,1983.7331469468013,0.0
RUN_057,2026-10-03 21:52:18,NORMAL,NORMAL,9.846153846153847,5967.923076923077,2.076923076923077,0.17176712176712175,3.68589333969008,2485.92410078477,0.0
RUN_057,2026-10-03 21:52:19,NORMAL,NORMAL,5.2,3969.733333333333,2.7333333333333334,0.4019030969030969,2.2927154068246636,1395.3131358901562,0.0
RUN_057,2026-10-03 21:52:20,NORMAL,EARLY_CHANGE,4.428571428571429,2255.285714285714,2.142857142857143,0.4296485260770975,3.049838909146335,2181.71410518106,0.0
RUN_057,2026-10-03 21:52:21,NORMAL,EARLY_CHANGE,7.3076923076923075,4985.384615384615,1.9230769230769231,0.26574870579395465,3.1340140198514272,2236.532816978268,0.0
RUN_057,2026-10-03 21:52:22,NORMAL,EARLY_CHANGE,5.5,3617.285714285714,2.142857142857143,0.2854591836734694,2.7842063295982706,1739.4605432877668,0.0
RUN_057,2026-10-03 21:52:23,NORMAL,EARLY_CHANGE,6.428571428571429,4776.071428571428,2.142857142857143,0.328047052154195,3.5559982220022834,2710.2033779335616,0.0
RUN_057,2026-10-03 21:52:24,NORMAL,EARLY_CHANGE,5.3076923076923075,3452.153846153846,2.076923076923077,0.45773001508295624,3.305357112816787,2442.2456791604327,0.0
RUN_057,2026-10-03 21:52:25,NORMAL,EARLY_CHANGE,11.846153846153847,7342.076923076923,1.9230769230769231,0.10555572969540579,3.0821663511314386,1978.4335802228109,0.0
RUN_057,2026-10-03 21:52:26,NORMAL,EARLY_CHANGE,5.636363636363637,4154.636363636364,1.5454545454545454,0.34794145248690705,3.763059384635424,2412.9941122427267,0.0
RUN_057,2026-10-03 21:52:27,NORMAL,EARLY_CHANGE,8.916666666666666,4578.583333333333,1.6666666666666667,0.12987490450725744,3.289622500602706,2003.7536230609537,0.0
RUN_057,2026-10-03 21:52:28,NORMAL,EARLY_CHANGE,7.833333333333333,5106.5,1.6666666666666667,0.1736171236171236,3.06838277653396,2314.0638168020337,0.0
RUN_057,2026-10-03 21:52:29,NORMAL,EARLY_CHANGE,9.181818181818182,6184.454545454545,1.5454545454545454,0.19396991896991891,3.36879088813064,2460.359962355248,0.0
RUN_057,2026-10-03 21:52:30,NORMAL,ESCALATION,9.636363636363637,6369.636363636364,1.5454545454545454,0.13185198639744092,2.8602917002668686,2429.5624505466703,0.0
RUN_057,2026-10-03 21:52:31,NORMAL,ESCALATION,5.846153846153846,3282.230769230769,2.076923076923077,0.2275058275058275,2.5884324153794767,2186.6453188724067,0.0
RUN_057,2026-10-03 21:52:32,NORMAL,ESCALATION,8.636363636363637,4938.0,1.7272727272727273,0.13170440670440667,2.4260993785494143,2107.8071931267773,0.0
RUN_057,2026-10-03 21:52:33,NORMAL,ESCALATION,8.416666666666666,4078.8333333333335,2.0,0.22642288267288266,2.793183582140325,2227.2924306752916,0.0
RUN_057,2026-10-03 21:52:34,NORMAL,ESCALATION,10.0,4873.333333333333,1.8333333333333333,0.20991488767224062,2.5591261789984823,1655.8362621455187,0.0
RUN_057,2026-10-03 21:52:35,NORMAL,ESCALATION,8.76923076923077,4672.307692307692,1.9230769230769231,0.18095238095238092,2.8039062579126224,1711.1721621078675,0.0
RUN_057,2026-10-03 21:52:36,NORMAL,ESCALATION,7.3076923076923075,4039.846153846154,1.9230769230769231,0.178021978021978,3.3727093255525187,2085.59949965792,0.0
RUN_057,2026-10-03 21:52:37,NORMAL,ESCALATION,9.0,6400.071428571428,2.0,0.13127190270047412,2.7547661706872426,2393.0996629214924,0.0
RUN_057,2026-10-03 21:52:38,NORMAL,ESCALATION,5.75,3388.0,1.6666666666666667,0.3726851851851852,3.406938071622704,2945.0746681994083,0.0
RUN_057,2026-10-03 21:52:39,NORMAL,ESCALATION,8.538461538461538,4545.846153846154,1.9230769230769231,0.1473349300272377,2.827193178947415,2398.3440427869687,0.0
RUN_057,2026-10-03 21:52:40,NORMAL,ESCALATION,4.75,2915.75,1.8333333333333333,0.2577380952380952,3.2215591104804893,2358.396329942149,0.0
RUN_057,2026-10-03 21:52:41,NORMAL,ESCALATION,9.909090909090908,5911.363636363636,1.7272727272727273,0.12457558781088193,3.1882563265085904,2494.018952377453,0.0
RUN_057,2026-10-03 21:52:42,NORMAL,ESCALATION,7.1,3727.1,1.4,0.1630988455988456,3.4070694681398535,2266.5984233364165,0.0
RUN_057,2026-10-03 21:52:43,NORMAL,ESCALATION,5.75,4388.125,1.0,0.32291666666666663,2.8693585614910457,1755.1514569536705,0.0
RUN_057,2026-10-03 21:52:44,NORMAL,ESCALATION,7.666666666666667,4934.888888888889,1.2222222222222223,0.23594276094276095,2.245824529618265,1447.4507214443565,0.0
RUN_057,2026-10-03 21:52:45,NORMAL,ESCALATION,8.0,4772.555555555556,1.2222222222222223,0.1985021151687818,3.6388774963345023,2030.3818694086274,0.0
RUN_057,2026-10-03 21:52:46,NORMAL,ESCALATION,6.444444444444445,4371.444444444444,1.2222222222222223,0.19836182336182334,2.5042881340297174,1735.9029231162904,0.0
RUN_057,2026-10-03 21:52:47,NORMAL,ESCALATION,7.090909090909091,5553.363636363636,1.5454545454545454,0.17567987567987567,2.3376697429160487,1871.5409442900739,0.0
RUN_057,2026-10-03 21:52:48,NORMAL,ESCALATION,7.9,4824.7,1.4,0.13488455988455988,1.6798795787840628,1694.1104400781926,0.0
RUN_057,2026-10-03 21:52:49,NORMAL,ESCALATION,9.181818181818182,5845.909090909091,1.5454545454545454,0.13083633538178993,2.3521121221179366,2155.7822531201996,0.0
RUN_057,2026-10-03 21:52:50,NORMAL,ESCALATION,8.416666666666666,6009.916666666667,1.8333333333333333,0.1670232545232545,2.6154424967714855,2474.5185886973204,0.0
RUN_057,2026-10-03 21:52:51,NORMAL,ESCALATION,6.363636363636363,3110.2727272727275,1.7272727272727273,0.3653745244654335,2.454314039823952,2467.0493424998676,0.0
RUN_057,2026-10-03 21:52:52,NORMAL,ESCALATION,5.090909090909091,4212.727272727273,1.7272727272727273,0.3851959444064707,2.788829143029298,2374.541713739376,0.0
RUN_057,2026-10-03 21:52:53,NORMAL,ESCALATION,5.7272727272727275,3703.4545454545455,1.7272727272727273,0.28268398268398265,2.551485134581306,2098.6960047951643,0.0
RUN_057,2026-10-03 21:52:54,NORMAL,ESCALATION,6.888888888888889,3992.4444444444443,1.2222222222222223,0.2902260230691603,2.6823760814020847,2082.9955276449596,0.0
RUN_057,2026-10-03 21:52:55,NORMAL,ESCALATION,10.11111111111111,5693.333333333333,1.2222222222222223,0.19485565269878993,3.7815793551925014,2892.458628735492,0.0
RUN_057,2026-10-03 21:52:56,NORMAL,ESCALATION,8.125,5006.625,1.0,0.16373244810744808,2.9698133341878092,2270.464219382958,0.0
RUN_057,2026-10-03 21:52:57,NORMAL,ESCALATION,5.375,3557.125,1.0,0.5588541666666667,4.522510688865404,3050.8438766602776,0.0
RUN_057,2026-10-03 21:52:58,NORMAL,ESCALATION,7.125,4723.875,1.0,0.2995535714285714,4.748130226616078,3309.19815279869,0.0
RUN_057,2026-10-03 21:52:59,NORMAL,ESCALATION,8.666666666666666,4822.777777777777,1.2222222222222223,0.24256288373935433,3.7806769516316376,2593.080620336853,0.0
RUN_057,2026-10-03 21:53:00,NORMAL,SUSTAINED,9.666666666666666,4497.333333333333,1.8333333333333333,0.12566406904642197,3.2602571782179677,1933.277088173533,0.0
RUN_057,2026-10-03 21:53:01,NORMAL,SUSTAINED,5.0,2998.4285714285716,2.0,0.39069858712715855,2.986011445362038,1811.4974535346626,0.0
RUN_057,2026-10-03 21:53:02,NORMAL,SUSTAINED,8.642857142857142,6037.571428571428,2.0,0.21324211502782928,3.6782533870829286,2436.998887443629,0.0
RUN_057,2026-10-03 21:53:03,NORMAL,SUSTAINED,5.3076923076923075,4138.692307692308,1.9230769230769231,0.3384920634920635,2.813697618890091,1793.4445211788482,0.0
RUN_057,2026-10-03 21:53:04,NORMAL,SUSTAINED,7.7272727272727275,5923.727272727273,1.5454545454545454,0.2660894660894661,3.8493821588591173,3306.7152648520455,0.0
RUN_057,2026-10-03 21:53:05,NORMAL,SUSTAINED,5.833333333333333,3563.75,1.6666666666666667,0.2775132275132275,3.4889006599752883,2967.8034369957404,0.0
RUN_057,2026-10-03 21:53:06,NORMAL,SUSTAINED,8.1,4505.6,1.4,0.22405483405483406,3.4054812945789137,3057.4850208494363,0.0
RUN_057,2026-10-03 21:53:07,NORMAL,SUSTAINED,7.3,4638.5,1.4,0.32451770451770445,3.355870220849545,2761.0060524126748,0.0
RUN_057,2026-10-03 21:53:08,NORMAL,SUSTAINED,7.2,5170.8,1.4,0.2316147741147741,3.1568651779006247,2681.7418450278205,0.0
RUN_057,2026-10-03 21:53:09,NORMAL,SUSTAINED,5.3,2737.6,1.4,0.3715018315018315,2.795041299062299,2233.0583901414543,0.0
RUN_057,2026-10-03 21:53:10,NORMAL,SUSTAINED,7.0,4473.555555555556,1.2222222222222223,0.27559246309246305,1.861938201331239,1716.8260431731796,0.0
RUN_057,2026-10-03 21:53:11,NORMAL,SUSTAINED,6.3,3588.0,1.4,0.20778138528138523,1.991424315009791,1742.8874327510166,0.0
RUN_057,2026-10-03 21:53:12,NORMAL,SUSTAINED,5.666666666666667,3630.0,1.2222222222222223,0.35404965404965405,2.1997520285366874,1917.1506134569495,0.0
RUN_057,2026-10-03 21:53:13,NORMAL,SUSTAINED,7.5,4527.6,1.4,0.17925324675324675,2.4039136144456865,2098.8636332108485,0.0
RUN_057,2026-10-03 21:53:14,NORMAL,SUSTAINED,8.0,5374.090909090909,1.5454545454545454,0.21551327460418365,2.3858559019016905,1832.69316726177,0.0
RUN_057,2026-10-03 21:53:15,NORMAL,SUSTAINED,6.7272727272727275,4447.454545454545,1.7272727272727273,0.22387385341930796,2.5440202085376598,1830.200227037145,0.0
RUN_057,2026-10-03 21:53:16,NORMAL,SUSTAINED,5.636363636363637,2802.4545454545455,1.7272727272727273,0.34826284826284826,2.2676606689793415,1640.4485141394048,0.0
RUN_057,2026-10-03 21:53:17,NORMAL,SUSTAINED,6.7272727272727275,4869.727272727273,1.7272727272727273,0.2931129476584022,2.269218761847633,1770.0979766695507,0.0
RUN_057,2026-10-03 21:53:18,NORMAL,SUSTAINED,11.25,5026.25,2.1666666666666665,0.09796418858918855,3.0326615751296107,2032.0565689888083,0.0
RUN_057,2026-10-03 21:53:19,NORMAL,SUSTAINED,8.333333333333334,5428.416666666667,1.8333333333333333,0.12923072298072294,3.063344814934015,1751.658954830439,0.0
RUN_057,2026-10-03 21:53:20,NORMAL,SUSTAINED,9.363636363636363,6394.818181818182,1.7272727272727273,0.15648795648795646,2.9685949237566747,2775.771400842609,0.0
RUN_057,2026-10-03 21:53:21,NORMAL,SUSTAINED,6.285714285714286,2714.285714285714,2.2857142857142856,0.22403885796742937,2.572737419413817,2200.0144052291553,0.0
RUN_057,2026-10-03 21:53:22,NORMAL,SUSTAINED,6.933333333333334,3926.266666666667,2.7333333333333334,0.3205844155844156,2.588707756485049,2105.8533075937685,0.0
RUN_057,2026-10-03 21:53:23,NORMAL,SUSTAINED,7.785714285714286,4564.0,2.2857142857142856,0.18877372627372627,2.956357266157308,2448.5202898908906,0.0
RUN_057,2026-10-03 21:53:24,NORMAL,SUSTAINED,4.583333333333333,2713.4166666666665,2.1666666666666665,0.38823529411764707,2.981587671253754,2445.5553577691653,0.0
RUN_057,2026-10-03 21:53:25,NORMAL,SUSTAINED,5.666666666666667,3849.25,1.8333333333333333,0.2782106782106782,2.534631130324425,1760.4507793702032,0.0
RUN_057,2026-10-03 21:53:26,NORMAL,SUSTAINED,8.636363636363637,6114.727272727273,1.7272727272727273,0.1261183261183261,3.371049579494948,2293.5232511757363,0.0
RUN_057,2026-10-03 21:53:27,NORMAL,SUSTAINED,8.727272727272727,4467.090909090909,1.7272727272727273,0.13519775678866586,2.060147376042471,1553.172704886968,0.0
RUN_057,2026-10-03 21:53:28,NORMAL,SUSTAINED,8.8,7119.0,1.6,0.2160851648351648,3.0472118656391856,2894.587006391566,0.0
RUN_057,2026-10-03 21:53:29,NORMAL,SUSTAINED,8.636363636363637,5551.363636363636,1.7272727272727273,0.23176873631419082,3.4086019413164674,2976.905723482827,0.0
RUN_057,2026-10-03 21:53:30,NORMAL,DECAY,8.272727272727273,4346.454545454545,1.7272727272727273,0.13594877344877343,2.646319700193406,2351.537053639144,0.0
RUN_057,2026-10-03 21:53:31,NORMAL,DECAY,5.9,3657.2,1.4,0.3125,2.7329237266395454,2077.650939126304,0.0
RUN_057,2026-10-03 21:53:32,NORMAL,DECAY,6.111111111111111,4698.888888888889,1.2222222222222223,0.22103575436908768,2.618960538355155,2019.92447762332,0.0
RUN_057,2026-10-03 21:53:33,NORMAL,DECAY,7.4,3943.6,1.6,0.19857142857142857,2.5322394342902292,1827.4177827214867,0.0
RUN_057,2026-10-03 21:53:34,NORMAL,DECAY,5.615384615384615,4046.3846153846152,1.9230769230769231,0.27578895463510844,1.9297411570736145,1253.5085974662006,0.0
RUN_057,2026-10-03 21:53:35,NORMAL,DECAY,6.076923076923077,4269.307692307692,2.076923076923077,0.21184371184371184,2.223407581063632,1442.7871831081752,0.0
RUN_057,2026-10-03 21:53:36,NORMAL,DECAY,8.214285714285714,6411.357142857143,2.4285714285714284,0.1866392170903449,3.1819941081478693,2347.349447419543,0.0
RUN_057,2026-10-03 21:53:37,NORMAL,DECAY,8.4,4212.266666666666,2.7333333333333334,0.21165177415177414,2.8304403973468624,1871.4805179902894,0.0
RUN_057,2026-10-03 21:53:38,NORMAL,DECAY,8.538461538461538,5221.7692307692305,2.230769230769231,0.18388086272701656,2.3658494448337617,1705.2969066900027,0.0
RUN_057,2026-10-03 21:53:39,NORMAL,DECAY,5.142857142857143,3039.3571428571427,2.4285714285714284,0.37556253270538986,2.8241500280434506,2229.9609944684785,0.0
RUN_057,2026-10-03 21:53:40,NORMAL,DECAY,6.285714285714286,4639.071428571428,2.2857142857142856,0.2946526687598116,2.6622360746262674,1861.4797113872398,0.0
RUN_057,2026-10-03 21:53:41,NORMAL,DECAY,8.8,5827.666666666667,2.6,0.19501103471691705,3.3997475336902414,2558.3728537943457,0.0
RUN_057,2026-10-03 21:53:42,NORMAL,DECAY,8.384615384615385,4341.846153846154,2.3846153846153846,0.28150460650460646,3.315974201181005,2473.177496461863,0.0
RUN_057,2026-10-03 21:53:43,NORMAL,DECAY,8.642857142857142,6394.0,2.4285714285714284,0.1600605743462886,3.751173516721309,3057.2801661932904,0.0
RUN_057,2026-10-03 21:53:44,NORMAL,DECAY,7.3076923076923075,4592.153846153846,1.9230769230769231,0.23250662735956856,2.774527129252605,2362.32205064922,0.0
RUN_057,2026-10-03 21:53:45,NORMAL,DECAY,7.384615384615385,4555.076923076923,1.9230769230769231,0.2160084573546112,2.4175195381345542,2484.573842858269,0.0
RUN_057,2026-10-03 21:53:46,NORMAL,DECAY,10.714285714285714,6890.0,2.2857142857142856,0.11229487715832252,3.387228259530886,2563.632934752167,0.0
RUN_057,2026-10-03 21:53:47,NORMAL,DECAY,6.666666666666667,4349.866666666667,2.2,0.36186341436341435,3.156338555903635,2264.4938224196585,0.0
RUN_057,2026-10-03 21:53:48,NORMAL,DECAY,7.0,3994.9375,2.25,0.3154741347296494,4.279633944911718,2764.8840584155887,0.0
RUN_057,2026-10-03 21:53:49,NORMAL,DECAY,7.266666666666667,4866.533333333334,2.3333333333333335,0.1609283309283309,3.583371539024263,2396.6623694116524,0.0
RUN_057,2026-10-03 21:53:50,NORMAL,RECOVERY,6.25,5420.4375,2.375,0.22671581890331888,3.725133591277518,2365.320154226572,0.0
RUN_057,2026-10-03 21:53:51,NORMAL,RECOVERY,8.5,5567.625,2.375,0.24406296828171825,3.838528091971685,2459.2747527945426,0.0
RUN_057,2026-10-03 21:53:52,NORMAL,RECOVERY,7.928571428571429,6502.5,2.142857142857143,0.2179655953290407,3.3085235438895566,2433.4418168025736,0.0
RUN_057,2026-10-03 21:53:53,NORMAL,RECOVERY,9.923076923076923,6580.384615384615,1.9230769230769231,0.1415426453887992,3.0769296887129305,2232.402146349748,0.0
RUN_057,2026-10-03 21:53:54,NORMAL,RECOVERY,10.7,5615.8,1.4,0.15746354952237301,4.575753288109008,2605.6066623248503,0.0
RUN_057,2026-10-03 21:53:55,NORMAL,RECOVERY,7.454545454545454,5285.181818181818,1.7272727272727273,0.21854584809130262,3.2519043846292677,1937.6018726403274,0.0
RUN_057,2026-10-03 21:53:56,NORMAL,RECOVERY,5.636363636363637,3166.2727272727275,1.7272727272727273,0.34036569491114943,3.935911436516042,2491.3825614405782,0.0
RUN_057,2026-10-03 21:53:57,NORMAL,RECOVERY,11.181818181818182,6881.636363636364,1.7272727272727273,0.12875836284927192,3.9018663347928495,2424.4042427906606,0.0
RUN_057,2026-10-03 21:53:58,NORMAL,RECOVERY,7.6923076923076925,4113.461538461538,2.076923076923077,0.18330558330558328,3.310805289340078,2189.355906258938,0.0
RUN_057,2026-10-03 21:53:59,NORMAL,RECOVERY,8.461538461538462,4656.615384615385,2.076923076923077,0.13921804691035458,2.9116800785857597,2280.076666669803,0.0
RUN_065,2026-10-03 22:08:00,NORMAL,NORMAL,12.2,6492.0,1.0,0.12648591174906962,0.0,0.0,0.0
RUN_065,2026-10-03 22:08:01,NORMAL,NORMAL,10.333333333333334,7559.5,1.3333333333333333,0.15277777777777776,1.4166666666666667,1535.0,0.0
RUN_065,2026-10-03 22:08:02,NORMAL,NORMAL,5.714285714285714,3869.1428571428573,1.8571428571428572,0.22149041434755717,2.582999146091915,2093.3161834734174,0.0
RUN_065,2026-10-03 22:08:03,NORMAL,NORMAL,6.714285714285714,3535.4285714285716,1.8571428571428572,0.20452642595499734,2.984337260474436,2292.547045173576,0.0
RUN_065,2026-10-03 22:08:04,NORMAL,NORMAL,8.714285714285714,4597.142857142857,1.8571428571428572,0.14001910787625071,3.4013420962915295,2212.891539079615,0.0
RUN_065,2026-10-03 22:08:05,NORMAL,NORMAL,5.857142857142857,3725.0,1.8571428571428572,0.39847454133168414,3.480535039533474,2532.4629561129814,0.0
RUN_065,2026-10-03 22:08:06,NORMAL,NORMAL,7.8,3176.6,1.0,0.14857142857142852,2.840096120224543,1724.7211011543386,0.0
RUN_065,2026-10-03 22:08:07,NORMAL,NORMAL,4.5,2971.1666666666665,1.3333333333333333,0.36706349206349204,2.70546807380674,1589.80109579157,0.0
RUN_065,2026-10-03 22:08:08,NORMAL,NORMAL,4.333333333333333,2765.8333333333335,1.3333333333333333,0.4707070707070707,2.6522109950156656,1776.430814354683,0.0
RUN_065,2026-10-03 22:08:09,NORMAL,NORMAL,9.666666666666666,7013.166666666667,1.3333333333333333,0.11196673696673694,2.6480352006689967,2145.164214924503,0.0
RUN_065,2026-10-03 22:08:10,NORMAL,NORMAL,11.166666666666666,5075.666666666667,1.3333333333333333,0.23069638694638692,2.0955910432671145,964.6919465083209,0.0
RUN_065,2026-10-03 22:08:11,NORMAL,NORMAL,6.6,4375.2,1.0,0.31619047619047613,3.4679839453757153,2705.5631219947873,0.0
RUN_065,2026-10-03 22:08:12,NORMAL,NORMAL,6.8,2853.6,1.0,0.2033333333333333,2.4487492202580916,2038.2748078395866,0.0
RUN_065,2026-10-03 22:08:13,NORMAL,NORMAL,10.375,6434.625,1.75,0.12872474747474746,3.0162157339739917,2132.4480801029113,0.0
RUN_065,2026-10-03 22:08:14,NORMAL,NORMAL,6.25,4671.125,1.75,0.23224206349206347,3.404969009082076,2268.521417714198,0.0
RUN_065,2026-10-03 22:08:15,NORMAL,NORMAL,6.571428571428571,4635.714285714285,1.5714285714285714,0.314625850340136,3.4833964442060483,2298.680368074834,0.0
RUN_065,2026-10-03 22:08:16,NORMAL,NORMAL,4.142857142857143,2811.285714285714,1.5714285714285714,0.3333333333333333,3.50146937555482,2493.5909008229073,0.0
RUN_065,2026-10-03 22:08:17,NORMAL,NORMAL,7.333333333333333,5233.833333333333,1.3333333333333333,0.15007215007215005,2.8266299111778523,1958.996684365401,0.0
RUN_065,2026-10-03 22:08:18,NORMAL,NORMAL,6.166666666666667,3736.6666666666665,1.3333333333333333,0.28968253968253965,2.0926681671525134,1366.0085604828191,0.0
RUN_065,2026-10-03 22:08:19,NORMAL,NORMAL,9.666666666666666,5100.833333333333,1.3333333333333333,0.10701659451659451,1.9419285986743144,1065.8646607368566,0.0
RUN_065,2026-10-03 22:08:20,NORMAL,EARLY_CHANGE,9.857142857142858,7590.571428571428,1.8571428571428572,0.10618944547515974,2.044934513206118,2032.3472277466192,0.0
RUN_065,2026-10-03 22:08:21,NORMAL,EARLY_CHANGE,6.0,4286.25,2.0,0.3,2.649480727771641,2235.1076586075524,0.0
RUN_065,2026-10-03 22:08:22,NORMAL,EARLY_CHANGE,2.875,1556.25,2.0,0.69375,3.4214867689602926,2889.3742416474515,0.0
RUN_065,2026-10-03 22:08:23,NORMAL,EARLY_CHANGE,7.75,4851.125,2.0,0.26881677350427347,3.6993888289571513,3159.861348656048,0.0
RUN_065,2026-10-03 22:08:24,NORMAL,EARLY_CHANGE,5.75,3449.375,2.0,0.2586805555555555,3.0047869430660064,2528.8910035572167,0.0
RUN_065,2026-10-03 22:08:25,NORMAL,EARLY_CHANGE,8.125,6014.625,2.0,0.16212797619047617,1.723281576601157,1191.6852127423024,0.0
RUN_065,2026-10-03 22:08:26,NORMAL,EARLY_CHANGE,4.285714285714286,2833.714285714286,1.8571428571428572,0.3577097505668934,2.427535828950607,2156.474651795931,0.0
RUN_065,2026-10-03 22:08:27,NORMAL,EARLY_CHANGE,10.285714285714286,8093.142857142857,1.5714285714285714,0.1275404420141262,3.4061858719101465,3116.6612809632497,0.0
RUN_065,2026-10-03 22:08:28,NORMAL,EARLY_CHANGE,9.571428571428571,4296.428571428572,1.5714285714285714,0.1175082853654282,3.6095712792744132,3162.1758624671215,0.0
RUN_065,2026-10-03 22:08:29,NORMAL,EARLY_CHANGE,5.571428571428571,2781.714285714286,1.5714285714285714,0.43888888888888883,2.5600662118178934,1881.7522146353615,0.0
RUN_065,2026-10-03 22:08:30,NORMAL,ESCALATION,5.666666666666667,3436.5,1.3333333333333333,0.2212301587301587,3.5899410690208313,2892.985336124457,0.0
RUN_065,2026-10-03 22:08:31,NORMAL,ESCALATION,6.333333333333333,3909.1666666666665,1.3333333333333333,0.3035113035113035,3.5958713528620625,2812.0943211455265,0.0
RUN_065,2026-10-03 22:08:32,NORMAL,ESCALATION,8.8,5485.6,1.0,0.2838095238095238,3.49965241404288,2677.2293248681503,0.0
RUN_065,2026-10-03 22:08:33,NORMAL,ESCALATION,7.6,3976.4,1.0,0.22176470588235295,2.8963420442428385,1721.9366853141678,0.0
RUN_065,2026-10-03 22:08:34,NORMAL,ESCALATION,6.0,4110.8,1.0,0.18333333333333332,2.395509818367305,1223.8347484230094,0.0
RUN_065,2026-10-03 22:08:35,NORMAL,ESCALATION,6.4,4336.0,1.0,0.2276190476190476,2.4172321661260217,1458.4188917970725,0.0
RUN_065,2026-10-03 22:08:36,NORMAL,ESCALATION,7.142857142857143,3700.5714285714284,1.5714285714285714,0.24194139194139194,1.8953508847789184,987.8492407856423,0.0
RUN_065,2026-10-03 22:08:37,NORMAL,ESCALATION,7.375,2885.25,2.0,0.29996206816059756,2.036295289912965,1145.217924267057,0.0
RUN_065,2026-10-03 22:08:38,NORMAL,ESCALATION,7.5,4644.25,2.0,0.13909181096681092,2.822414494490536,2022.4916295155517,0.0
RUN_065,2026-10-03 22:08:39,NORMAL,ESCALATION,7.875,4218.375,2.0,0.2327020202020202,3.2282140656264025,2000.2728423123635,0.0
RUN_065,2026-10-03 22:08:40,NORMAL,ESCALATION,10.666666666666666,8858.666666666666,1.3333333333333333,0.16666666666666663,3.5018410762959653,3289.901215684846,0.0
RUN_065,2026-10-03 22:08:41,NORMAL,ESCALATION,5.166666666666667,2804.0,1.3333333333333333,0.33240740740740743,3.041342172026551,2867.453935665189,0.0
RUN_065,2026-10-03 22:08:42,NORMAL,ESCALATION,6.8,4092.0,1.0,0.298015873015873,3.7301652324913332,3300.3531445963986,0.0
RUN_065,2026-10-03 22:08:43,NORMAL,ESCALATION,8.2,3727.4,1.0,0.22038461538461535,2.964528835104077,2209.7349969785346,0.0
RUN_065,2026-10-03 22:08:44,NORMAL,ESCALATION,8.6,5001.8,1.0,0.12636363636363637,3.1123236143580706,2764.0154709448875,0.0
RUN_065,2026-10-03 22:08:45,NORMAL,ESCALATION,8.0,5614.6,1.0,0.22788461538461538,2.892018863823237,1828.7451333188594,0.0
RUN_065,2026-10-03 22:08:46,NORMAL,ESCALATION,7.4,4020.0,1.0,0.16746031746031742,4.061281590538142,2802.0563314478554,0.0
RUN_065,2026-10-03 22:08:47,NORMAL,ESCALATION,8.666666666666666,3699.3333333333335,1.3333333333333333,0.13171296296296295,3.188627893234461,2253.650314323315,0.0
RUN_065,2026-10-03 22:08:48,NORMAL,ESCALATION,9.833333333333334,5404.333333333333,1.3333333333333333,0.11964285714285712,2.351918830368351,1481.890740323229,0.0
RUN_065,2026-10-03 22:08:49,NORMAL,ESCALATION,9.666666666666666,4901.333333333333,1.3333333333333333,0.12209595959595959,2.6828693819185965,1862.996184963635,0.0
RUN_065,2026-10-03 22:08:50,NORMAL,ESCALATION,9.0,6786.333333333333,1.3333333333333333,0.303792735042735,3.816918456674442,2972.2375539758395,0.0
RUN_065,2026-10-03 22:08:51,NORMAL,ESCALATION,6.2,4692.0,1.0,0.20888888888888885,3.028976744972492,2552.1553309056035,0.0
RUN_065,2026-10-03 22:08:52,NORMAL,ESCALATION,7.0,4366.8,1.0,0.16818181818181818,3.4113138688729236,2872.413887519261,0.0
RUN_065,2026-10-03 22:08:53,NORMAL,ESCALATION,6.8,3752.4,1.0,0.2072222222222222,1.8867880187634622,1517.894490832507,0.0
RUN_065,2026-10-03 22:08:54,NORMAL,ESCALATION,5.166666666666667,2464.8333333333335,1.3333333333333333,0.5687229437229437,2.8552890178921917,1879.0523800844667,0.0
RUN_065,2026-10-03 22:08:55,NORMAL,ESCALATION,5.5,3630.3333333333335,1.3333333333333333,0.2437169312169312,2.5273354718279877,1575.4480361755934,0.0
RUN_065,2026-10-03 22:08:56,NORMAL,ESCALATION,8.833333333333334,5522.0,1.3333333333333333,0.14774114774114772,2.7541437640778614,2370.713282805787,0.0
RUN_065,2026-10-03 22:08:57,NORMAL,ESCALATION,7.5,5452.5,1.3333333333333333,0.18413299663299662,2.962900038396743,2521.2251097973044,0.0
RUN_065,2026-10-03 22:08:58,NORMAL,ESCALATION,6.285714285714286,4435.571428571428,1.5714285714285714,0.1880952380952381,2.4122498592467805,2067.554047780814,0.0
RUN_065,2026-10-03 22:08:59,NORMAL,ESCALATION,9.222222222222221,6162.888888888889,2.111111111111111,0.1192720859387526,1.8780850467909258,1717.8363693958881,0.0
RUN_065,2026-10-03 22:09:00,NORMAL,SUSTAINED,9.0,5390.75,1.75,0.1609375,2.168619948416015,1563.2840211141886,0.0
RUN_065,2026-10-03 22:09:01,NORMAL,SUSTAINED,6.571428571428571,4234.857142857143,1.5714285714285714,0.20027472527472526,3.1755785999335706,2513.158110573393,0.0
RUN_065,2026-10-03 22:09:02,NORMAL,SUSTAINED,9.222222222222221,6427.444444444444,2.111111111111111,0.12992424242424241,2.7059043423061544,2212.1049551315996,0.0
RUN_065,2026-10-03 22:09:03,NORMAL,SUSTAINED,8.333333333333334,4720.0,2.111111111111111,0.2052882302882303,4.296678514978935,2874.64111574969,0.0
RUN_065,2026-10-03 22:09:04,NORMAL,SUSTAINED,4.25,2686.625,1.75,0.4213293650793651,3.3463732026873902,2244.359392615563,0.0
RUN_065,2026-10-03 22:09:05,NORMAL,SUSTAINED,12.222222222222221,7788.222222222223,2.111111111111111,0.09150957067623731,3.8472785056405963,2607.391581760288,0.0
RUN_065,2026-10-03 22:09:06,NORMAL,SUSTAINED,8.666666666666666,5247.111111111111,2.111111111111111,0.21495510662177328,3.477876356306859,2319.3974550791727,0.0
RUN_065,2026-10-03 22:09:07,NORMAL,SUSTAINED,9.666666666666666,7601.777777777777,2.111111111111111,0.13435781720095444,4.092023969996777,2775.671017868822,0.0
RUN_065,2026-10-03 22:09:08,NORMAL,SUSTAINED,7.3,5718.3,2.2,0.25325396825396823,4.124086537951932,3187.8597414859278,0.0
RUN_065,2026-10-03 22:09:09,NORMAL,SUSTAINED,7.875,4618.625,2.0,0.23963744588744587,3.6313861938679155,2684.725692987224,0.0
RUN_065,2026-10-03 22:09:10,NORMAL,SUSTAINED,6.333333333333333,4317.166666666667,1.3333333333333333,0.18876262626262622,3.0570085145629924,2484.0589070577976,0.0
RUN_065,2026-10-03 22:09:11,NORMAL,SUSTAINED,8.666666666666666,4372.333333333333,1.3333333333333333,0.12394781144781142,3.1799052606996034,2531.6340882384225,0.0
RUN_065,2026-10-03 22:09:12,NORMAL,SUSTAINED,10.0,7191.166666666667,1.3333333333333333,0.11745014245014244,2.9700591368405234,2438.163208366243,0.0
RUN_065,2026-10-03 22:09:13,NORMAL,SUSTAINED,7.857142857142857,4444.857142857143,1.5714285714285714,0.21695526695526693,2.56841744463757,2008.8370571533003,0.0
RUN_065,2026-10-03 22:09:14,NORMAL,SUSTAINED,9.0,4986.833333333333,1.3333333333333333,0.165009065009065,2.710111363668545,1864.0862886608304,0.0
RUN_065,2026-10-03 22:09:15,NORMAL,SUSTAINED,8.833333333333334,4840.666666666667,1.3333333333333333,0.15033670033670032,2.637178375840618,1981.2250161051015,0.0
RUN_065,2026-10-03 22:09:16,NORMAL,SUSTAINED,9.571428571428571,7621.428571428572,1.8571428571428572,0.22533656819371103,2.9310974952171516,2325.765005454387,0.0
RUN_065,2026-10-03 22:09:17,NORMAL,SUSTAINED,2.7142857142857144,1275.857142857143,1.8571428571428572,0.5238095238095238,3.690563806738804,2905.9007754515333,0.0
RUN_065,2026-10-03 22:09:18,NORMAL,SUSTAINED,7.166666666666667,3741.1666666666665,1.3333333333333333,0.28520074696545283,4.1500683522040855,3396.0908027883634,0.0
RUN_065,2026-10-03 22:09:19,NORMAL,SUSTAINED,7.333333333333333,4781.0,1.3333333333333333,0.21296296296296294,4.066727043954681,3112.665924782749,0.0
RUN_065,2026-10-03 22:09:20,NORMAL,SUSTAINED,8.571428571428571,4251.428571428572,1.8571428571428572,0.12221350078492933,3.1549413118677934,2763.533794029311,0.0
RUN_065,2026-10-03 22:09:21,NORMAL,SUSTAINED,8.857142857142858,6860.571428571428,1.8571428571428572,0.12480674087816943,2.4818389458574024,2062.942921509252,0.0
RUN_065,2026-10-03 22:09:22,NORMAL,SUSTAINED,4.6,2940.6,1.0,0.49079365079365084,2.4310754524925313,2275.8660440775798,0.0
RUN_065,2026-10-03 22:09:23,NORMAL,SUSTAINED,7.8,6336.6,1.0,0.18151515151515146,2.1981329844018767,2078.994869358576,0.0
RUN_065,2026-10-03 22:09:24,NORMAL,SUSTAINED,8.166666666666666,5769.5,1.3333333333333333,0.13664622414622415,2.4212371020540813,2655.134902136022,0.0
RUN_065,2026-10-03 22:09:25,NORMAL,SUSTAINED,8.5,5182.666666666667,1.3333333333333333,0.15099807599807596,2.296297126081337,2174.091504716464,0.0
RUN_065,2026-10-03 22:09:26,NORMAL,SUSTAINED,5.2,3296.0,1.0,0.3783333333333333,2.927845233591893,2103.635040876946,0.0
RUN_065,2026-10-03 22:09:27,NORMAL,SUSTAINED,8.6,5490.8,1.0,0.1352380952380952,2.729821814304433,2262.6574930993675,0.0
RUN_065,2026-10-03 22:09:28,NORMAL,SUSTAINED,7.2,3986.4,1.0,0.17111111111111113,1.7446773634180777,1355.776123521348,0.0
RUN_065,2026-10-03 22:09:29,NORMAL,SUSTAINED,6.8,4108.2,1.0,0.37301587301587297,3.5115043031961917,2273.17552276039,0.0
RUN_065,2026-10-03 22:09:30,NORMAL,DECAY,7.6,4782.0,1.0,0.2966269841269841,3.186288732011762,2247.9767507566085,0.0
RUN_065,2026-10-03 22:09:31,NORMAL,DECAY,6.2,3842.0,1.0,0.2106227106227106,3.618466864533154,2444.3611311894037,0.0
RUN_065,2026-10-03 22:09:32,NORMAL,DECAY,9.0,5767.4,1.0,0.14990842490842488,3.34182047289062,2283.064564962394,0.0
RUN_065,2026-10-03 22:09:33,NORMAL,DECAY,7.0,3857.2,1.0,0.3327380952380952,3.135661175145885,2127.3256516499214,0.0
RUN_065,2026-10-03 22:09:34,NORMAL,DECAY,6.2,3211.4,1.0,0.25857142857142856,1.7180974014979937,1477.3459391165156,0.0
RUN_065,2026-10-03 22:09:35,NORMAL,DECAY,8.8,6320.2,1.0,0.16052631578947368,2.8622375581955666,1980.7502192006675,0.0
RUN_065,2026-10-03 22:09:36,NORMAL,DECAY,7.4,5729.8,1.0,0.20341991341991342,3.103126988038401,2205.748383856386,0.0
RUN_065,2026-10-03 22:09:37,NORMAL,DECAY,6.8,3993.4,1.0,0.328030303030303,3.313547272016595,2624.7807100046916,0.0
RUN_065,2026-10-03 22:09:38,NORMAL,DECAY,4.2,1450.0,1.0,0.643956043956044,3.5913993671804105,2221.734773609369,0.0
RUN_065,2026-10-03 22:09:39,NORMAL,DECAY,7.833333333333333,3825.0,1.3333333333333333,0.13564814814814816,0.9978531924720896,325.07464836510616,0.0
RUN_065,2026-10-03 22:09:40,NORMAL,DECAY,7.571428571428571,5481.0,1.5714285714285714,0.16594304388422035,2.0059891174984092,1184.4682139485328,0.0
RUN_065,2026-10-03 22:09:41,NORMAL,DECAY,11.125,9034.75,2.0,0.09831800144300143,2.452605038359506,2161.9222559895707,0.0
RUN_065,2026-10-03 22:09:42,NORMAL,DECAY,10.285714285714286,5241.142857142857,1.8571428571428572,0.12639979068550494,3.1663960906553514,3525.916857380255,0.0
RUN_065,2026-10-03 22:09:43,NORMAL,DECAY,7.714285714285714,5309.571428571428,1.8571428571428572,0.28594262879977167,3.494995770788757,3492.657838608867,0.0
RUN_065,2026-10-03 22:09:44,NORMAL,DECAY,6.285714285714286,2805.0,1.8571428571428572,0.20822510822510823,4.087347143886974,3886.112806657036,0.0
RUN_065,2026-10-03 22:09:45,NORMAL,DECAY,8.333333333333334,3247.8333333333335,1.3333333333333333,0.30726495726495723,3.08827116001406,2478.3796559596,0.0
RUN_065,2026-10-03 22:09:46,NORMAL,DECAY,5.0,3624.5,1.3333333333333333,0.28226495726495726,1.50093637192744,1177.4741880017514,0.0
RUN_065,2026-10-03 22:09:47,NORMAL,DECAY,5.833333333333333,3781.3333333333335,1.3333333333333333,0.42117003367003364,2.5855466141482197,2084.281741532828,0.0
RUN_065,2026-10-03 22:09:48,NORMAL,DECAY,7.833333333333333,5323.5,1.3333333333333333,0.21865618042088628,2.8305686638740752,2150.7272778166807,0.0
RUN_065,2026-10-03 22:09:49,NORMAL,DECAY,7.5,3817.6666666666665,1.3333333333333333,0.16137566137566137,3.2291239890206156,1957.0570033237682,0.0
RUN_065,2026-10-03 22:09:50,NORMAL,RECOVERY,9.571428571428571,4843.714285714285,1.5714285714285714,0.24904605198722846,3.5744327674464373,1809.5648185518578,0.0
RUN_065,2026-10-03 22:09:51,NORMAL,RECOVERY,8.0,4772.428571428572,1.5714285714285714,0.18130282415996699,3.9553756567872225,1854.6698995070124,0.0
RUN_065,2026-10-03 22:09:52,NORMAL,RECOVERY,4.0,2901.6666666666665,1.3333333333333333,0.2986111111111111,3.6123724677579108,1877.3945674554027,0.0
RUN_065,2026-10-03 22:09:53,NORMAL,RECOVERY,6.2,3447.4,1.0,0.1721428571428571,2.5111444680023465,1863.3061517092112,0.0
RUN_065,2026-10-03 22:09:54,NORMAL,RECOVERY,5.6,3801.6,1.0,0.24151515151515152,3.079142076734348,2121.9091599345693,0.0
RUN_065,2026-10-03 22:09:55,NORMAL,RECOVERY,5.2,3333.2,1.0,0.3269047619047619,1.25540825141187,1004.5035876044464,0.0
RUN_065,2026-10-03 22:09:56,NORMAL,RECOVERY,8.5,5010.0,1.3333333333333333,0.15852758352758353,2.0364024161192797,1342.8051489036848,0.0
RUN_065,2026-10-03 22:09:57,NORMAL,RECOVERY,6.666666666666667,4625.166666666667,1.3333333333333333,0.3521825396825397,3.5206018909177565,2394.604915506697,0.0
RUN_065,2026-10-03 22:09:58,NORMAL,RECOVERY,10.0,6629.166666666667,1.3333333333333333,0.12508903133903132,3.531496863623841,2516.5776008590105,0.0
RUN_065,2026-10-03 22:09:59,NORMAL,RECOVERY,9.166666666666666,5563.666666666667,1.3333333333333333,0.16745014245014245,3.4997874800823894,2648.650445204225,0.0
RUN_069,2026-10-03 22:16:00,SLOWLORIS,NORMAL,4.0,3205.5714285714284,1.0,0.45294784580498865,0.0,0.0,0.0
RUN_069,2026-10-03 22:16:01,SLOWLORIS,NORMAL,5.142857142857143,3981.8571428571427,1.0,0.6122448979591837,2.0,1726.4285714285713,0.0
RUN_069,2026-10-03 22:16:02,SLOWLORIS,NORMAL,5.0,3534.375,1.25,0.5955650252525253,2.2950360572391393,1747.3126400958104,0.0
RUN_069,2026-10-03 22:16:03,SLOWLORIS,NORMAL,4.3,2388.1,1.6,0.6406818181818182,1.8533269255301241,1427.4595989110708,0.0
RUN_069,2026-10-03 22:16:04,SLOWLORIS,NORMAL,3.6,2164.1,1.6,0.5521825396825397,1.9673047208493712,1536.1292029853441,0.0
RUN_069,2026-10-03 22:16:05,SLOWLORIS,NORMAL,3.5454545454545454,2584.6363636363635,1.7272727272727273,0.6204545454545455,1.7941869115196205,1366.3709368445182,0.0
RUN_069,2026-10-03 22:16:06,SLOWLORIS,NORMAL,3.5833333333333335,2641.5,2.0,0.6640572390572391,1.546423306928259,1154.6493995973372,0.0
RUN_069,2026-10-03 22:16:07,SLOWLORIS,NORMAL,2.8461538461538463,1045.5384615384614,2.230769230769231,0.6082750582750582,1.0199273879182869,698.3977732023452,0.0
RUN_069,2026-10-03 22:16:08,SLOWLORIS,NORMAL,3.0,1612.5454545454545,1.9090909090909092,0.6787878787878788,1.1264464583297875,753.5262860314461,0.0
RUN_069,2026-10-03 22:16:09,SLOWLORIS,NORMAL,1.8181818181818181,699.9090909090909,1.9090909090909092,0.7402597402597402,1.32318763522103,833.8621741930172,0.0
RUN_069,2026-10-03 22:16:10,SLOWLORIS,NORMAL,3.272727272727273,1495.1818181818182,1.9090909090909092,0.7411483253588517,1.3372075779135149,626.9274674864672,0.0
RUN_069,2026-10-03 22:16:11,SLOWLORIS,NORMAL,3.1818181818181817,1675.4545454545455,1.9090909090909092,0.6426078971533516,2.037056593034888,880.8471204154813,0.0
RUN_069,2026-10-03 22:16:12,SLOWLORIS,NORMAL,2.6363636363636362,981.0,1.9090909090909092,0.6537190082644628,1.66514067836898,706.0709935738897,0.0
RUN_069,2026-10-03 22:16:13,SLOWLORIS,NORMAL,3.0833333333333335,1541.25,2.1666666666666665,0.6389249639249639,1.7351923948709918,807.3178497372173,0.0
RUN_069,2026-10-03 22:16:14,SLOWLORIS,NORMAL,4.181818181818182,2390.0,2.090909090909091,0.6727666273120818,1.7895794998426737,972.2686076297384,0.0
RUN_069,2026-10-03 22:16:15,SLOWLORIS,NORMAL,3.4545454545454546,2183.2727272727275,1.9090909090909092,0.5953168044077135,1.4022474857072427,989.4543204111574,0.0
RUN_069,2026-10-03 22:16:16,SLOWLORIS,NORMAL,3.75,2664.3333333333335,2.1666666666666665,0.6911375661375662,1.758320983094426,1372.481036696089,0.0
RUN_069,2026-10-03 22:16:17,SLOWLORIS,NORMAL,1.8181818181818181,1002.1818181818181,2.090909090909091,0.7772727272727273,1.8318755197670133,1223.8921501753337,0.0
RUN_069,2026-10-03 22:16:18,SLOWLORIS,NORMAL,2.8333333333333335,1282.3333333333333,2.5,0.7007936507936509,1.883024265899408,1201.3431639870062,0.0
RUN_069,2026-10-03 22:16:19,SLOWLORIS,NORMAL,3.3076923076923075,1727.6153846153845,2.8461538461538463,0.6990842490842492,1.817513380298311,1048.7254359334304,0.0
RUN_069,2026-10-03 22:16:20,SLOWLORIS,EARLY_CHANGE,3.076923076923077,1548.076923076923,2.8461538461538463,0.6057109557109557,1.2757226750122672,729.8047207788604,0.0
RUN_069,2026-10-03 22:16:21,SLOWLORIS,EARLY_CHANGE,3.4615384615384617,2034.6153846153845,2.8461538461538463,0.7305275167266116,1.3928069780374916,545.6859725741202,0.6923076923076923
RUN_069,2026-10-03 22:16:22,SLOWLORIS,EARLY_CHANGE,2.3076923076923075,1051.4615384615386,2.8461538461538463,0.7294871794871794,1.3455473111634804,580.2597011777148,1.3846153846153846
RUN_069,2026-10-03 22:16:23,SLOWLORIS,EARLY_CHANGE,2.0,1113.357142857143,3.2857142857142856,0.7207792207792207,1.0861938240291953,504.3230512800825,2.142857142857143
RUN_069,2026-10-03 22:16:24,SLOWLORIS,EARLY_CHANGE,3.0,1447.0,3.2666666666666666,0.765485347985348,0.8832007380441408,396.0279938385353,2.6666666666666665
RUN_069,2026-10-03 22:16:25,SLOWLORIS,EARLY_CHANGE,3.4,1649.2666666666667,3.2666666666666666,0.597037037037037,1.534405553665384,620.1884936929841,3.3333333333333335
RUN_069,2026-10-03 22:16:26,SLOWLORIS,EARLY_CHANGE,3.6666666666666665,2023.6666666666667,3.8,0.6139309764309765,1.3668684403520208,483.10676001274015,4.4
RUN_069,2026-10-03 22:16:27,SLOWLORIS,EARLY_CHANGE,3.0,2223.0666666666666,3.8,0.7040138224348751,1.6391108307221152,761.5945602017688,5.133333333333334
RUN_069,2026-10-03 22:16:28,SLOWLORIS,EARLY_CHANGE,3.75,2096.5625,3.75,0.5777243589743589,1.6936161164357204,781.3743826744026,5.5
RUN_069,2026-10-03 22:16:29,SLOWLORIS,EARLY_CHANGE,1.7647058823529411,1056.5882352941176,3.7058823529411766,0.7676470588235293,1.513626633369133,728.3799454197033,6.352941176470588
RUN_069,2026-10-03 22:16:30,SLOWLORIS,ESCALATION,3.4705882352941178,1930.5882352941176,3.7058823529411766,0.7124183006535948,1.181650962678265,423.0104378534376,6.352941176470588
RUN_069,2026-10-03 22:16:31,SLOWLORIS,ESCALATION,3.7058823529411766,2331.470588235294,3.7058823529411766,0.7829095740860447,1.795673946705084,758.3847217796623,7.0588235294117645
RUN_069,2026-10-03 22:16:32,SLOWLORIS,ESCALATION,1.75,863.625,3.75,0.8552083333333333,1.8273591026987255,717.8223533340225,8.25
RUN_069,2026-10-03 22:16:33,SLOWLORIS,ESCALATION,2.8421052631578947,1055.2105263157894,4.052631578947368,0.6798473456368194,1.4475372454774749,612.581414895922,8.842105263157896
RUN_069,2026-10-03 22:16:34,SLOWLORIS,ESCALATION,1.8,992.75,4.1,0.7642857142857142,1.3660161126358015,502.77809407125244,9.1
RUN_069,2026-10-03 22:16:35,SLOWLORIS,ESCALATION,1.9,649.35,4.1,0.7780555555555556,1.3387391489687133,552.2297889666397,9.8
RUN_069,2026-10-03 22:16:36,SLOWLORIS,ESCALATION,2.55,1482.25,4.1,0.7293650793650793,1.3374701044584412,577.3526672684499,10.5
RUN_069,2026-10-03 22:16:37,SLOWLORIS,ESCALATION,2.05,1202.5,4.1,0.7279166666666667,1.157723488466297,461.39233647164446,11.2
RUN_069,2026-10-03 22:16:38,SLOWLORIS,ESCALATION,2.6842105263157894,1019.3157894736842,4.052631578947368,0.7083959899749374,1.0539319817147512,331.07133879784294,12.526315789473685
RUN_069,2026-10-03 22:16:39,SLOWLORIS,ESCALATION,2.95,1162.9,4.4,0.7833333333333333,1.1674130697824208,370.2613568261383,13.5
RUN_069,2026-10-03 22:16:40,SLOWLORIS,ESCALATION,3.4444444444444446,1543.2222222222222,3.7777777777777777,0.5606060606060606,1.520908793087806,540.5378821133122,13.722222222222221
RUN_069,2026-10-03 22:16:41,SLOWLORIS,ESCALATION,2.736842105263158,1452.8947368421052,4.052631578947368,0.6958333333333333,1.2040360080506591,354.4467926410495,14.736842105263158
RUN_069,2026-10-03 22:16:42,SLOWLORIS,ESCALATION,1.3157894736842106,715.7368421052631,3.8421052631578947,0.7926065162907269,1.3612754910096774,422.22952767633416,15.473684210526315
RUN_069,2026-10-03 22:16:43,SLOWLORIS,ESCALATION,1.5789473684210527,712.5263157894736,3.8421052631578947,0.7953216374269005,1.4203325120886756,479.61361097688564,16.210526315789473
RUN_069,2026-10-03 22:16:44,SLOWLORIS,ESCALATION,2.0,883.5263157894736,3.8421052631578947,0.7171052631578947,1.1441531925796844,500.3851365077261,16.94736842105263
RUN_069,2026-10-03 22:16:45,SLOWLORIS,ESCALATION,3.1578947368421053,2047.7894736842106,3.8421052631578947,0.7645363408521303,1.362089994998663,745.4023633152043,17.68421052631579
RUN_069,2026-10-03 22:16:46,SLOWLORIS,ESCALATION,2.789473684210526,1232.2105263157894,4.157894736842105,0.7156015037593985,1.2780641124876193,618.2407526063391,19.736842105263158
RUN_069,2026-10-03 22:16:47,SLOWLORIS,ESCALATION,2.0526315789473686,831.2105263157895,4.157894736842105,0.7896825396825397,1.0587042704804717,429.90185340708064,20.526315789473685
RUN_069,2026-10-03 22:16:48,SLOWLORIS,ESCALATION,2.0526315789473686,836.1052631578947,4.157894736842105,0.8160818713450292,1.0095235734312082,382.34407548449184,21.31578947368421
RUN_069,2026-10-03 22:16:49,SLOWLORIS,ESCALATION,3.4,2852.3,4.1,0.7259649122807017,1.0365205464200253,610.7279270772312,21.0
RUN_069,2026-10-03 22:16:50,SLOWLORIS,ESCALATION,3.55,2921.05,3.9,0.72510101010101,1.144806089872495,810.1389021306268,20.3
RUN_069,2026-10-03 22:16:51,SLOWLORIS,ESCALATION,3.473684210526316,2176.2631578947367,3.8421052631578947,0.6595097369091176,0.7755125426522099,494.8850881392679,22.105263157894736
RUN_069,2026-10-03 22:16:52,SLOWLORIS,ESCALATION,4.35,1826.2,3.8,0.649942092221504,0.7638717904954714,762.0301090829013,21.7
RUN_069,2026-10-03 22:16:53,SLOWLORIS,ESCALATION,2.5454545454545454,1175.590909090909,4.363636363636363,0.7531718281718282,1.2739000581579867,945.1957473036761,23.272727272727273
RUN_069,2026-10-03 22:16:54,SLOWLORIS,ESCALATION,2.3333333333333335,893.5,4.111111111111111,0.7945566778900113,1.162848885720691,770.7396800245476,25.666666666666668
RUN_069,2026-10-03 22:16:55,SLOWLORIS,ESCALATION,1.6666666666666667,1023.0555555555555,3.6666666666666665,0.8349867724867726,1.40717057728955,771.9535822498548,24.555555555555557
RUN_069,2026-10-03 22:16:56,SLOWLORIS,ESCALATION,2.1666666666666665,1291.888888888889,3.6666666666666665,0.7519166019166019,1.46699359961785,786.1701982183962,25.27777777777778
RUN_069,2026-10-03 22:16:57,SLOWLORIS,ESCALATION,1.6111111111111112,609.7222222222222,3.6666666666666665,0.7865740740740741,1.3386970881705094,702.3969103875994,26.0
RUN_069,2026-10-03 22:16:58,SLOWLORIS,ESCALATION,2.25,984.9,3.7,0.6757575757575758,1.1628576921747253,643.6928967639866,24.05
RUN_069,2026-10-03 22:16:59,SLOWLORIS,ESCALATION,2.736842105263158,1237.3684210526317,3.6315789473684212,0.6641414141414141,1.0754900817401443,643.1555130256303,26.0
RUN_069,2026-10-03 22:17:00,SLOWLORIS,SUSTAINED,2.4285714285714284,1011.6666666666666,4.142857142857143,0.7910052910052909,1.3326391165781402,603.6475241491937,27.857142857142858
RUN_069,2026-10-03 22:17:01,SLOWLORIS,SUSTAINED,2.15,1558.3,4.2,0.7243055555555555,1.3163858968787776,667.5309508116368,30.0
RUN_069,2026-10-03 22:17:02,SLOWLORIS,SUSTAINED,1.1363636363636365,530.8636363636364,4.363636363636363,0.8765151515151515,1.2189783522873419,578.0282271421896,29.818181818181817
RUN_069,2026-10-03 22:17:03,SLOWLORIS,SUSTAINED,1.6363636363636365,511.3636363636364,4.7272727272727275,0.7277056277056277,1.0549848988945028,387.02208113492867,32.45454545454545
RUN_069,2026-10-03 22:17:04,SLOWLORIS,SUSTAINED,2.1363636363636362,1480.090909090909,4.454545454545454,0.8015348288075561,1.2091880261040424,534.2233763621241,31.272727272727273
RUN_069,2026-10-03 22:17:05,SLOWLORIS,SUSTAINED,2.1363636363636362,793.6363636363636,4.454545454545454,0.7433954933954934,0.9442658933959112,368.4182014710434,32.0
RUN_069,2026-10-03 22:17:06,SLOWLORIS,SUSTAINED,3.6818181818181817,1889.409090909091,4.454545454545454,0.6035883308610581,1.1696325456955898,564.2215152349692,32.72727272727273
RUN_069,2026-10-03 22:17:07,SLOWLORIS,SUSTAINED,2.6956521739130435,1494.0869565217392,4.391304347826087,0.746874502309285,1.1926511504109576,531.1203080643005,32.0
RUN_069,2026-10-03 22:17:08,SLOWLORIS,SUSTAINED,2.7083333333333335,1690.875,4.333333333333333,0.6940160533910533,1.2478037806616527,662.9212941333078,31.333333333333332
RUN_069,2026-10-03 22:17:09,SLOWLORIS,SUSTAINED,2.25,760.5416666666666,4.583333333333333,0.7673791486291486,1.1222805366468216,672.2141728213332,34.0
RUN_069,2026-10-03 22:17:10,SLOWLORIS,SUSTAINED,1.7916666666666667,849.75,5.0,0.8053819444444444,1.3609941633563547,587.474462596126,36.75
RUN_069,2026-10-03 22:17:11,SLOWLORIS,SUSTAINED,1.44,753.96,5.4,0.815,1.1110977322969844,533.3728961242706,38.0
RUN_069,2026-10-03 22:17:12,SLOWLORIS,SUSTAINED,2.08,783.88,5.4,0.7440769230769232,1.4268928927843043,710.3950252376048,38.76
RUN_069,2026-10-03 22:17:13,SLOWLORIS,SUSTAINED,3.1481481481481484,1882.7037037037037,5.296296296296297,0.7361859334081556,1.2319001951379898,535.6620162104153,36.592592592592595
RUN_069,2026-10-03 22:17:14,SLOWLORIS,SUSTAINED,2.925925925925926,1360.962962962963,5.296296296296297,0.6875050875050875,1.2644086535559156,647.0653468054026,37.2962962962963
RUN_069,2026-10-03 22:17:15,SLOWLORIS,SUSTAINED,2.0384615384615383,1124.8076923076924,5.384615384615385,0.6923076923076923,0.910071726519507,438.4706357888066,39.46153846153846
RUN_069,2026-10-03 22:17:16,SLOWLORIS,SUSTAINED,4.08,1622.04,5.24,0.5603417138417138,1.3137165654050766,653.3621195991407,39.6
RUN_069,2026-10-03 22:17:17,SLOWLORIS,SUSTAINED,3.0833333333333335,1575.5,5.0,0.6661350223850223,1.4302729590224195,704.550016658461,39.666666666666664
RUN_069,2026-10-03 22:17:18,SLOWLORIS,SUSTAINED,2.0434782608695654,1250.3478260869565,4.565217391304348,0.738095238095238,1.4494328087876727,516.3458957732998,39.65217391304348
RUN_069,2026-10-03 22:17:19,SLOWLORIS,SUSTAINED,1.625,986.4166666666666,4.833333333333333,0.8035563973063974,1.699297298595252,813.4634473872893,41.083333333333336
RUN_069,2026-10-03 22:17:20,SLOWLORIS,SUSTAINED,2.4347826086956523,1185.2608695652175,5.173913043478261,0.7240338164251208,1.3866833493592898,687.076975317307,43.608695652173914
RUN_069,2026-10-03 22:17:21,SLOWLORIS,SUSTAINED,1.6521739130434783,899.2173913043479,5.608695652173913,0.841959972394755,1.2475399331216304,654.5820818163667,46.95652173913044
RUN_069,2026-10-03 22:17:22,SLOWLORIS,SUSTAINED,1.76,866.44,5.96,0.7983333333333333,1.1580143773267582,549.4294472337648,46.36
RUN_069,2026-10-03 22:17:23,SLOWLORIS,SUSTAINED,2.4615384615384617,1490.6923076923076,6.461538461538462,0.7399433899433899,1.0783631069530115,603.1825557353519,50.07692307692308
RUN_069,2026-10-03 22:17:24,SLOWLORIS,SUSTAINED,1.76,704.48,6.44,0.8215714285714286,0.8340875271455759,444.6949143976747,50.4
RUN_069,2026-10-03 22:17:25,SLOWLORIS,SUSTAINED,1.4583333333333333,643.75,6.083333333333333,0.8472222222222222,1.0391220607503808,642.7923231296695,50.666666666666664
RUN_069,2026-10-03 22:17:26,SLOWLORIS,SUSTAINED,2.3043478260869565,1440.3478260869565,6.217391304347826,0.7500506739637175,1.005951396837121,622.4846130799243,53.69565217391305
RUN_069,2026-10-03 22:17:27,SLOWLORIS,SUSTAINED,1.9130434782608696,1025.2173913043478,6.217391304347826,0.7852657004830917,0.915510833194889,468.80688505925804,54.52173913043478
RUN_069,2026-10-03 22:17:28,SLOWLORIS,SUSTAINED,1.2173913043478262,422.1304347826087,6.217391304347826,0.8685300207039337,1.0437090362771855,399.9269564987368,55.34782608695652
RUN_069,2026-10-03 22:17:29,SLOWLORIS,SUSTAINED,2.36,645.92,6.12,0.701547619047619,1.1197999466526658,402.4991553743096,54.4
RUN_069,2026-10-03 22:17:30,SLOWLORIS,DECAY,2.076923076923077,586.0384615384615,6.230769230769231,0.7517094017094017,0.9632251702995962,191.96611717667054,55.73076923076923
RUN_069,2026-10-03 22:17:31,SLOWLORIS,DECAY,2.3461538461538463,1032.7307692307693,6.230769230769231,0.7562881562881564,1.026253281983646,298.8210678492304,56.53846153846154
RUN_069,2026-10-03 22:17:32,SLOWLORIS,DECAY,1.75,809.25,6.428571428571429,0.7532738095238095,0.9295040922789014,305.9679956236032,55.785714285714285
RUN_069,2026-10-03 22:17:33,SLOWLORIS,DECAY,2.9310344827586206,1479.9655172413793,6.586206896551724,0.7458482609344679,0.8191033896708029,417.9424265102909,57.10344827586207
RUN_069,2026-10-03 22:17:34,SLOWLORIS,DECAY,2.357142857142857,873.5,6.714285714285714,0.7712797619047619,1.0256437010222323,426.78798330485154,59.964285714285715
RUN_069,2026-10-03 22:17:35,SLOWLORIS,DECAY,1.8214285714285714,1189.142857142857,6.714285714285714,0.8509344821844822,1.0174981002243684,457.67194341054994,60.785714285714285
RUN_069,2026-10-03 22:17:36,SLOWLORIS,DECAY,1.9642857142857142,793.5357142857143,7.214285714285714,0.8054292929292929,0.8728951031827207,327.3989254230558,64.28571428571429
RUN_069,2026-10-03 22:17:37,SLOWLORIS,DECAY,1.6333333333333333,923.9666666666667,7.466666666666667,0.7414529914529915,0.9707798108932031,395.7568181533556,63.333333333333336
RUN_069,2026-10-03 22:17:38,SLOWLORIS,DECAY,2.838709677419355,1647.3870967741937,7.387096774193548,0.7540174878884556,0.9285803347879716,327.76971415918666,62.096774193548384
RUN_069,2026-10-03 22:17:39,SLOWLORIS,DECAY,2.6363636363636362,1411.3333333333333,7.909090909090909,0.7908850408850409,1.0105369454887738,447.46004537791634,63.81818181818182
RUN_069,2026-10-03 22:17:40,SLOWLORIS,DECAY,2.40625,1462.375,7.75,0.7387772817460317,0.9429722678925371,366.5465993857072,64.1875
RUN_069,2026-10-03 22:17:41,SLOWLORIS,DECAY,2.0,1252.8181818181818,7.363636363636363,0.7890102321920504,0.9156082238657555,307.61116428500134,63.03030303030303
RUN_069,2026-10-03 22:17:42,SLOWLORIS,DECAY,1.2058823529411764,493.8529411764706,7.294117647058823,0.8088235294117647,1.1717360234701841,546.1494721146898,61.94117647058823
RUN_069,2026-10-03 22:17:43,SLOWLORIS,DECAY,2.4705882352941178,1342.3235294117646,7.294117647058823,0.7045672992904827,1.7016324505330627,917.3684244368237,62.705882352941174
RUN_069,2026-10-03 22:17:44,SLOWLORIS,DECAY,2.0,865.3333333333334,7.363636363636363,0.7751563251563252,1.5196468059802197,754.4395372066483,65.39393939393939
RUN_069,2026-10-03 22:17:45,SLOWLORIS,DECAY,1.911764705882353,983.5588235294117,7.294117647058823,0.756734360410831,1.3394363823522852,629.7247643973104,64.23529411764706
RUN_069,2026-10-03 22:17:46,SLOWLORIS,DECAY,1.8387096774193548,584.7741935483871,6.806451612903226,0.7350358422939068,1.1321938730548353,452.4518545207399,65.80645161290323
RUN_069,2026-10-03 22:17:47,SLOWLORIS,DECAY,2.225806451612903,1611.3225806451612,6.806451612903226,0.8020684960201089,1.184125522308795,645.3531678955284,66.58064516129032
RUN_069,2026-10-03 22:17:48,SLOWLORIS,DECAY,1.793103448275862,1011.7931034482758,6.931034482758621,0.8149164054336469,0.9519090352425302,502.90551804140546,72.0
RUN_069,2026-10-03 22:17:49,SLOWLORIS,DECAY,1.3225806451612903,808.2903225806451,7.645161290322581,0.8502443792766374,0.9517602810165225,556.0595539926328,73.80645161290323
RUN_069,2026-10-03 22:17:50,SLOWLORIS,RECOVERY,2.15625,1520.125,7.5625,0.7602794774669774,0.9965346043340914,564.5647478938992,69.875
RUN_069,2026-10-03 22:17:51,SLOWLORIS,RECOVERY,1.935483870967742,911.4193548387096,7.645161290322581,0.852010892333473,1.031695468089561,566.8999687810973,70.45161290322581
RUN_069,2026-10-03 22:17:52,SLOWLORIS,RECOVERY,1.6875,1151.71875,7.625,0.7719257305194805,1.062363463244201,543.658541304338,66.625
RUN_069,2026-10-03 22:17:53,SLOWLORIS,RECOVERY,2.0303030303030303,1171.1515151515152,7.484848484848484,0.7896686646686647,1.0652134581269106,508.0137061646243,63.03030303030303
RUN_069,2026-10-03 22:17:54,SLOWLORIS,RECOVERY,0.9696969696969697,525.3636363636364,7.484848484848484,0.9227994227994228,1.0751522336749297,525.49361707081,61.45454545454545
RUN_069,2026-10-03 22:17:55,SLOWLORIS,RECOVERY,2.90625,1617.3125,6.75,0.8078210851648352,1.5439544332581097,789.5993726796094,57.0
RUN_069,2026-10-03 22:17:56,SLOWLORIS,RECOVERY,1.8333333333333333,1088.6666666666667,6.933333333333334,0.8025,1.4440742160028899,819.6603747666218,59.2
RUN_069,2026-10-03 22:17:57,SLOWLORIS,RECOVERY,1.8275862068965518,644.9655172413793,7.068965517241379,0.7768199233716475,1.2907698440888462,664.7744693996208,59.58620689655172
RUN_069,2026-10-03 22:17:58,SLOWLORIS,RECOVERY,1.6785714285714286,534.8214285714286,7.214285714285714,0.8918841575091575,0.9826600666576883,421.7540410267801,60.0
RUN_069,2026-10-03 22:17:59,SLOWLORIS,RECOVERY,1.8214285714285714,809.7142857142857,7.214285714285714,0.7922619047619047,1.092889270449745,443.6866309931871,58.285714285714285
RUN_070,2026-10-03 22:18:00,FLASH_CROWD,NORMAL,10.5,8911.75,1.0,0.13551812770562768,0.0,0.0,0.0
RUN_070,2026-10-03 22:18:01,FLASH_CROWD,NORMAL,10.3,6570.2,1.4,0.10896575646575643,2.05,2542.15,0.0
RUN_070,2026-10-03 22:18:02,FLASH_CROWD,NORMAL,11.3,7120.8,1.4,0.14428571428571427,3.233082909303736,3255.9895129760853,0.0
RUN_070,2026-10-03 22:18:03,FLASH_CROWD,NORMAL,7.4,5964.6,1.4,0.21859649122807015,4.2918529899296125,3655.5988052316657,0.0
RUN_070,2026-10-03 22:18:04,FLASH_CROWD,NORMAL,10.1,9714.2,1.4,0.21941770647652997,3.931658573359921,3869.8884561098253,0.0
RUN_070,2026-10-03 22:18:05,FLASH_CROWD,NORMAL,9.0,8238.8,1.4,0.21984848484848482,3.450531238009178,3192.5263575042627,0.0
RUN_070,2026-10-03 22:18:06,FLASH_CROWD,NORMAL,5.7272727272727275,3662.2727272727275,1.5454545454545454,0.5237678987678988,3.514460060224428,2907.9937576492794,0.0
RUN_070,2026-10-03 22:18:07,FLASH_CROWD,NORMAL,7.2,5146.4,1.4,0.22373015873015872,3.438818595052279,2903.8202047615446,0.0
RUN_070,2026-10-03 22:18:08,FLASH_CROWD,NORMAL,10.166666666666666,8653.583333333334,1.8333333333333333,0.10244801494801493,2.938361479952779,2637.8162664548518,0.0
RUN_070,2026-10-03 22:18:09,FLASH_CROWD,NORMAL,8.076923076923077,6155.076923076923,1.7692307692307692,0.13590021090021087,2.421280082405896,2138.517099855675,0.0
RUN_070,2026-10-03 22:18:10,FLASH_CROWD,NORMAL,12.307692307692308,8452.538461538461,1.7692307692307692,0.09365164749780132,3.7278532483496893,2841.8200753493793,0.0
RUN_070,2026-10-03 22:18:11,FLASH_CROWD,NORMAL,11.0,9135.0,1.7692307692307692,0.16675741930266816,3.975083848481584,3400.5938078714466,0.0
RUN_070,2026-10-03 22:18:12,FLASH_CROWD,NORMAL,10.142857142857142,6743.428571428572,2.0,0.16743712636569777,2.6512276867592277,2146.5609318910588,0.0
RUN_070,2026-10-03 22:18:13,FLASH_CROWD,NORMAL,8.461538461538462,6643.0,1.7692307692307692,0.28626373626373625,3.8206228739273493,3210.600272711296,0.0
RUN_070,2026-10-03 22:18:14,FLASH_CROWD,NORMAL,10.6,8223.8,2.2,0.2128405853405853,3.732204248576213,3085.285080599067,0.0
RUN_070,2026-10-03 22:18:15,FLASH_CROWD,NORMAL,8.1875,5965.75,2.375,0.14787608225108223,3.95017719781014,3436.484977951982,0.0
RUN_070,2026-10-03 22:18:16,FLASH_CROWD,NORMAL,11.0,8760.866666666667,2.466666666666667,0.11529315999904233,3.364801871174954,3557.639657705032,0.0
RUN_070,2026-10-03 22:18:17,FLASH_CROWD,NORMAL,8.083333333333334,5906.5,1.8333333333333333,0.14901872365107657,3.3760185981979447,3341.5845070985415,0.0
RUN_070,2026-10-03 22:18:18,FLASH_CROWD,NORMAL,8.5,5606.071428571428,2.4285714285714284,0.1459449280877852,2.1359004611211847,2118.999507206493,0.0
RUN_070,2026-10-03 22:18:19,FLASH_CROWD,NORMAL,10.166666666666666,8170.083333333333,2.1666666666666665,0.2069934694934695,2.906584430776244,2442.588868013742,0.0
RUN_070,2026-10-03 22:18:20,FLASH_CROWD,EARLY_CHANGE,11.0,8884.25,2.1666666666666665,0.11504120879120876,3.475095463328021,2736.9543127360253,0.0
RUN_070,2026-10-03 22:18:21,FLASH_CROWD,EARLY_CHANGE,16.923076923076923,15227.307692307691,2.230769230769231,0.08888769176900665,4.71867351732951,4321.66566206162,0.0
RUN_070,2026-10-03 22:18:22,FLASH_CROWD,EARLY_CHANGE,22.0,15745.142857142857,2.142857142857143,0.0669565135597744,5.013824668828943,4075.350264569271,0.0
RUN_070,2026-10-03 22:18:23,FLASH_CROWD,EARLY_CHANGE,26.071428571428573,21352.14285714286,2.2857142857142856,0.05446007163733939,5.591398648365825,4211.203593100966,0.0
RUN_070,2026-10-03 22:18:24,FLASH_CROWD,EARLY_CHANGE,26.416666666666668,20952.0,1.8333333333333333,0.1238476926496745,5.743396929855674,4520.933608726159,0.0
RUN_070,2026-10-03 22:18:25,FLASH_CROWD,EARLY_CHANGE,37.86666666666667,30334.666666666668,2.2,0.07555717288197815,5.976870464952143,5036.0409894626355,0.0
RUN_070,2026-10-03 22:18:26,FLASH_CROWD,EARLY_CHANGE,36.0625,34472.875,2.5,0.07023964786340751,7.249231603735368,7160.367459341374,0.0
RUN_070,2026-10-03 22:18:27,FLASH_CROWD,EARLY_CHANGE,42.588235294117645,42871.05882352941,2.6470588235294117,0.0940661209100114,7.003151984015658,7967.563362472559,0.0
RUN_070,2026-10-03 22:18:28,FLASH_CROWD,EARLY_CHANGE,52.64705882352941,52102.64705882353,2.6470588235294117,0.05265144360396277,10.47068739322411,11544.472469650784,0.0
RUN_070,2026-10-03 22:18:29,FLASH_CROWD,EARLY_CHANGE,56.15,48565.0,2.9,0.110516254263664,9.578032150248024,8871.157001329344,0.0
RUN_070,2026-10-03 22:18:30,FLASH_CROWD,ESCALATION,10.2,7857.55,2.9,0.12243131868131867,18.96985941108251,17757.02613551078,0.0
RUN_070,2026-10-03 22:18:31,FLASH_CROWD,ESCALATION,9.11111111111111,6540.777777777777,2.7777777777777777,0.13063422931843982,20.962064570280987,19981.140932721304,0.0
RUN_070,2026-10-03 22:18:32,FLASH_CROWD,ESCALATION,14.055555555555555,11649.166666666666,2.7777777777777777,0.26251711760207513,20.475793248819315,18762.372269541254,0.0
RUN_070,2026-10-03 22:18:33,FLASH_CROWD,ESCALATION,15.125,9987.8125,2.375,0.0911114369376753,19.573931968696094,17054.944466134883,0.0
RUN_070,2026-10-03 22:18:34,FLASH_CROWD,ESCALATION,17.9375,12805.8125,2.5,0.06760926915876637,5.262514190892213,4591.776827407079,0.0
RUN_070,2026-10-03 22:18:35,FLASH_CROWD,ESCALATION,21.125,16393.1875,2.5,0.05742621596581592,5.584748654755174,5097.489549833112,0.0
RUN_070,2026-10-03 22:18:36,FLASH_CROWD,ESCALATION,20.529411764705884,15898.176470588236,2.6470588235294117,0.14144406554892486,5.151610981541012,4969.009710464481,0.0
RUN_070,2026-10-03 22:18:37,FLASH_CROWD,ESCALATION,27.533333333333335,21592.066666666666,2.466666666666667,0.06251124052257981,4.7351046528091825,4669.4969001842255,0.0
RUN_070,2026-10-03 22:18:38,FLASH_CROWD,ESCALATION,26.285714285714285,22827.64285714286,2.4285714285714284,0.06876963522228331,5.52224125566804,5384.206994936273,0.0
RUN_070,2026-10-03 22:18:39,FLASH_CROWD,ESCALATION,24.857142857142858,18360.64285714286,2.4285714285714284,0.17724560207944787,5.880541599273775,5205.44512620635,0.0
RUN_070,2026-10-03 22:18:40,FLASH_CROWD,ESCALATION,30.071428571428573,26570.64285714286,2.4285714285714284,0.05191362035800458,4.718945123022855,5069.682736279928,0.0
RUN_070,2026-10-03 22:18:41,FLASH_CROWD,ESCALATION,33.285714285714285,26362.85714285714,2.4285714285714284,0.07604739942851406,4.756923709586727,4281.368198394616,0.0
RUN_070,2026-10-03 22:18:42,FLASH_CROWD,ESCALATION,36.8,27841.2,2.8666666666666667,0.11429336634832121,5.758329751742222,4915.536191011548,0.0
RUN_070,2026-10-03 22:18:43,FLASH_CROWD,ESCALATION,36.86666666666667,27407.133333333335,2.8666666666666667,0.11610643598234759,7.037248826690967,6815.544654752236,0.0
RUN_070,2026-10-03 22:18:44,FLASH_CROWD,ESCALATION,47.285714285714285,43102.78571428572,2.4285714285714284,0.06066364466815777,8.235363573721624,9903.654106898759,0.0
RUN_070,2026-10-03 22:18:45,FLASH_CROWD,ESCALATION,35.857142857142854,31807.0,2.142857142857143,0.10224607917752945,6.793467890091293,8381.122422516035,0.0
RUN_070,2026-10-03 22:18:46,FLASH_CROWD,ESCALATION,46.92307692307692,41551.307692307695,2.076923076923077,0.1269917982827043,8.16506513530867,10840.047904428504,0.0
RUN_070,2026-10-03 22:18:47,FLASH_CROWD,ESCALATION,49.0,35407.5,1.8333333333333333,0.07988941629467759,9.460625036194083,10297.179914016477,0.0
RUN_070,2026-10-03 22:18:48,FLASH_CROWD,ESCALATION,44.0,37241.46153846154,1.9230769230769231,0.0652880644441168,7.282947024307916,9122.864514776233,0.0
RUN_070,2026-10-03 22:18:49,FLASH_CROWD,ESCALATION,53.53846153846154,35392.307692307695,1.9230769230769231,0.07718568148931333,8.258369074387852,7724.1169026239595,0.0
RUN_070,2026-10-03 22:18:50,FLASH_CROWD,ESCALATION,49.57142857142857,37232.07142857143,2.0,0.054376112525201636,7.0162814405440646,7412.479900818646,0.0
RUN_070,2026-10-03 22:18:51,FLASH_CROWD,ESCALATION,42.785714285714285,36491.21428571428,2.0,0.08638796032221555,8.782914171852848,8625.060649428768,0.0
RUN_070,2026-10-03 22:18:52,FLASH_CROWD,ESCALATION,52.357142857142854,43930.42857142857,2.0,0.17224121025691005,9.633814928778907,9421.693237137186,0.0
RUN_070,2026-10-03 22:18:53,FLASH_CROWD,ESCALATION,54.4375,44466.8125,2.375,0.06600211356994183,8.237804799744909,9827.035782362449,0.0
RUN_070,2026-10-03 22:18:54,FLASH_CROWD,ESCALATION,60.588235294117645,47463.23529411765,2.5294117647058822,0.04665220906525716,8.166608315710217,11700.564908773162,0.0
RUN_070,2026-10-03 22:18:55,FLASH_CROWD,ESCALATION,62.5,51267.25,2.625,0.04650174835476108,8.948585075553575,11882.04632156794,0.0
RUN_070,2026-10-03 22:18:56,FLASH_CROWD,ESCALATION,77.86666666666666,53996.2,2.3333333333333335,0.05318000650010231,11.63731199959207,13806.215348314205,0.0
RUN_070,2026-10-03 22:18:57,FLASH_CROWD,ESCALATION,66.29411764705883,62331.529411764706,2.764705882352941,0.06673767023460724,10.142694386232517,11795.742526640965,0.0
RUN_070,2026-10-03 22:18:58,FLASH_CROWD,ESCALATION,64.16666666666667,60378.333333333336,2.7777777777777777,0.047047925742232086,10.14460382334324,12481.512030315675,0.0
RUN_070,2026-10-03 22:18:59,FLASH_CROWD,ESCALATION,66.52941176470588,48294.35294117647,2.6470588235294117,0.060107233759491716,10.250144764346839,12068.780441347626,0.0
RUN_070,2026-10-03 22:19:00,FLASH_CROWD,SUSTAINED,79.22222222222223,66711.16666666667,3.0,0.10780913149330011,11.224543784544226,12583.383708476988,0.0
RUN_070,2026-10-03 22:19:01,FLASH_CROWD,SUSTAINED,75.3157894736842,68207.73684210527,3.1052631578947367,0.039609951488160364,10.44249489233297,13254.763707572121,0.0
RUN_070,2026-10-03 22:19:02,FLASH_CROWD,SUSTAINED,82.77272727272727,61014.90909090909,3.8181818181818183,0.11824552542248773,10.55931862787641,14001.715796442546,0.0
RUN_070,2026-10-03 22:19:03,FLASH_CROWD,SUSTAINED,88.0,69588.04347826086,4.217391304347826,0.02553700358255437,11.21452519048394,15019.861722330219,0.0
RUN_070,2026-10-03 22:19:04,FLASH_CROWD,SUSTAINED,79.2,77810.56,4.52,0.04743097598767805,11.395110330643474,16615.27106131943,0.0
RUN_070,2026-10-03 22:19:05,FLASH_CROWD,SUSTAINED,80.12,66719.32,4.12,0.031388473544323496,11.547183002871392,18659.326964075048,0.0
RUN_070,2026-10-03 22:19:06,FLASH_CROWD,SUSTAINED,85.73076923076923,83512.96153846153,4.6923076923076925,0.10769311848963083,10.311551045737007,16455.122722350185,0.0
RUN_070,2026-10-03 22:19:07,FLASH_CROWD,SUSTAINED,83.76923076923077,70839.53846153847,4.6923076923076925,0.02937145502206046,10.190879921746639,14269.923701674366,0.0
RUN_070,2026-10-03 22:19:08,FLASH_CROWD,SUSTAINED,79.22222222222223,74222.62962962964,4.925925925925926,0.05960184859145771,12.056301258288558,14223.052947429174,0.0
RUN_070,2026-10-03 22:19:09,FLASH_CROWD,SUSTAINED,75.55555555555556,64568.81481481482,4.62962962962963,0.08005234605180647,10.88985990573357,16854.880615952432,0.0
RUN_070,2026-10-03 22:19:10,FLASH_CROWD,SUSTAINED,72.88888888888889,71223.66666666667,4.703703703703703,0.028459680585237904,12.312538105935106,15991.118084201184,0.0
RUN_070,2026-10-03 22:19:11,FLASH_CROWD,SUSTAINED,81.25,73207.75,3.9166666666666665,0.040683654302111176,13.631790264654263,16995.75517375361,0.0
RUN_070,2026-10-03 22:19:12,FLASH_CROWD,SUSTAINED,64.61904761904762,63645.333333333336,3.380952380952381,0.0835086263029882,12.203377276364408,14637.532072809054,0.0
RUN_070,2026-10-03 22:19:13,FLASH_CROWD,SUSTAINED,72.625,65608.875,2.625,0.12871328921160416,12.934405249547014,14881.08850675433,0.0
RUN_070,2026-10-03 22:19:14,FLASH_CROWD,SUSTAINED,67.41176470588235,45245.294117647056,2.6470588235294117,0.1926797482659352,11.583677926653897,13557.287981446592,0.0
RUN_070,2026-10-03 22:19:15,FLASH_CROWD,SUSTAINED,75.5625,65659.5625,2.625,0.07003611181689107,11.219190958274458,13901.708513976517,0.0
RUN_070,2026-10-03 22:19:16,FLASH_CROWD,SUSTAINED,78.875,60533.5,2.625,0.10664816786006273,11.460178209458295,13972.953875668232,0.0
RUN_070,2026-10-03 22:19:17,FLASH_CROWD,SUSTAINED,73.94117647058823,42283.23529411765,3.0,0.144302420894638,10.00938344296059,13804.482886397247,0.0
RUN_070,2026-10-03 22:19:18,FLASH_CROWD,SUSTAINED,69.7,56456.85,3.3,0.055762266054654695,9.929951022686819,12227.984800974386,0.0
RUN_070,2026-10-03 22:19:19,FLASH_CROWD,SUSTAINED,78.73684210526316,68003.31578947368,3.1052631578947367,0.04316883254036029,10.074059718804685,15065.752521903298,0.0
RUN_070,2026-10-03 22:19:20,FLASH_CROWD,SUSTAINED,74.44444444444444,61536.5,2.888888888888889,0.15477066355750468,10.490007704535902,15583.974643246765,0.0
RUN_070,2026-10-03 22:19:21,FLASH_CROWD,SUSTAINED,71.66666666666667,59507.04761904762,3.1904761904761907,0.1684364048271952,10.284812325893496,14536.67295757958,0.0
RUN_070,2026-10-03 22:19:22,FLASH_CROWD,SUSTAINED,67.05,51001.0,2.8,0.08214934748652047,11.27031135830714,13436.034213582543,0.0
RUN_070,2026-10-03 22:19:23,FLASH_CROWD,SUSTAINED,60.4,49231.3,2.7,0.1562644681205991,9.8220286208491,11234.251341054243,0.0
RUN_070,2026-10-03 22:19:24,FLASH_CROWD,SUSTAINED,65.7,55319.15,2.8,0.06812586264463391,10.650053433054948,12536.635808265857,0.0
RUN_070,2026-10-03 22:19:25,FLASH_CROWD,SUSTAINED,68.34782608695652,56801.391304347824,3.347826086956522,0.08948641599654962,8.470603279447174,11267.198239918276,0.0
RUN_070,2026-10-03 22:19:26,FLASH_CROWD,SUSTAINED,66.15384615384616,54479.692307692305,3.923076923076923,0.12244858690831371,7.335316649099454,11886.012713397738,0.0
RUN_070,2026-10-03 22:19:27,FLASH_CROWD,SUSTAINED,62.19230769230769,48312.807692307695,3.6923076923076925,0.059728238965108545,9.004522324924093,12427.782740084609,0.0
RUN_070,2026-10-03 22:19:28,FLASH_CROWD,SUSTAINED,67.4074074074074,51644.2962962963,3.962962962962963,0.1641153009820201,8.675056042194475,11368.508372899107,0.0
RUN_070,2026-10-03 22:19:29,FLASH_CROWD,SUSTAINED,75.14814814814815,57046.74074074074,4.481481481481482,0.057939774986173906,8.776409896408055,14215.654455816226,0.0
RUN_070,2026-10-03 22:19:30,FLASH_CROWD,DECAY,79.85185185185185,70120.77777777778,4.851851851851852,0.02807041280402634,9.08810402184208,13064.944422927163,0.0
RUN_070,2026-10-03 22:19:31,FLASH_CROWD,DECAY,78.6,56957.24,4.84,0.04574024700162036,11.351705284115047,14627.905641196761,0.0
RUN_070,2026-10-03 22:19:32,FLASH_CROWD,DECAY,81.5925925925926,59374.62962962963,5.592592592592593,0.08055455861016411,10.411692555151278,14596.06126490203,0.0
RUN_070,2026-10-03 22:19:33,FLASH_CROWD,DECAY,68.36,51052.12,5.0,0.042855815948721857,12.780558433610246,14115.446914644697,0.0
RUN_070,2026-10-03 22:19:34,FLASH_CROWD,DECAY,64.33333333333333,59093.42857142857,4.809523809523809,0.049545099697980086,13.626757177770704,15295.503707865797,0.0
RUN_070,2026-10-03 22:19:35,FLASH_CROWD,DECAY,59.26086956521739,54088.65217391304,4.6521739130434785,0.06028094406778973,12.122813363939029,13664.592776992584,0.0
RUN_070,2026-10-03 22:19:36,FLASH_CROWD,DECAY,61.81818181818182,50813.09090909091,4.7272727272727275,0.10182505527810126,11.37138048179567,13406.697419634549,0.0
RUN_070,2026-10-03 22:19:37,FLASH_CROWD,DECAY,59.35,49883.75,4.1,0.043437966540350356,8.738327038013646,10811.95995855752,0.0
RUN_070,2026-10-03 22:19:38,FLASH_CROWD,DECAY,50.2,43683.25,3.8,0.05995010368200778,9.002054303447878,10546.93999243202,0.0
RUN_070,2026-10-03 22:19:39,FLASH_CROWD,DECAY,46.77777777777778,37410.444444444445,3.2222222222222223,0.036416993571538804,10.021576856657028,12601.734341146344,0.0
RUN_070,2026-10-03 22:19:40,FLASH_CROWD,DECAY,48.5,39063.055555555555,3.0,0.1042258423035491,8.91878976391409,10832.798758901095,0.0
RUN_070,2026-10-03 22:19:41,FLASH_CROWD,DECAY,39.15,36672.55,3.3,0.10301525746308608,9.181620802944824,10704.577578519351,0.0
RUN_070,2026-10-03 22:19:42,FLASH_CROWD,DECAY,37.55555555555556,31170.444444444445,3.111111111111111,0.03889264034642075,7.980784599157265,9275.749205758022,0.0
RUN_070,2026-10-03 22:19:43,FLASH_CROWD,DECAY,33.26315789473684,27356.263157894737,3.1052631578947367,0.04569221854570539,7.077167281908737,8163.0063901005415,0.0
RUN_070,2026-10-03 22:19:44,FLASH_CROWD,DECAY,28.5,25135.75,2.625,0.0863019879381472,7.5658933712849565,8250.263128192717,0.0
RUN_070,2026-10-03 22:19:45,FLASH_CROWD,DECAY,27.0625,26606.8125,2.625,0.08311622717980742,5.694576919503996,6410.717120653974,0.0
RUN_070,2026-10-03 22:19:46,FLASH_CROWD,DECAY,20.733333333333334,17381.466666666667,2.6,0.1473987830237337,6.199792324700495,6844.673677812126,0.0
RUN_070,2026-10-03 22:19:47,FLASH_CROWD,DECAY,22.0,15636.857142857143,2.4285714285714284,0.19288426908851117,6.173149984589586,6670.022035358232,0.0
RUN_070,2026-10-03 22:19:48,FLASH_CROWD,DECAY,16.5,12006.285714285714,2.4285714285714284,0.15051837589021203,5.675186281911464,6089.368675011424,0.0
RUN_070,2026-10-03 22:19:49,FLASH_CROWD,DECAY,13.0625,10478.125,2.875,0.18001879234895538,5.045361958656865,5516.745560191572,0.0
RUN_070,2026-10-03 22:19:50,FLASH_CROWD,RECOVERY,9.6875,7188.875,2.875,0.1832895658263305,5.449469933736886,4787.736411394304,0.0
RUN_070,2026-10-03 22:19:51,FLASH_CROWD,RECOVERY,11.833333333333334,6809.777777777777,3.111111111111111,0.15146555434307263,5.095675803416368,4074.946965922585,0.0
RUN_070,2026-10-03 22:19:52,FLASH_CROWD,RECOVERY,10.0,6599.125,2.875,0.18349832357185297,3.6170744588964707,3342.6254628173283,0.0
RUN_070,2026-10-03 22:19:53,FLASH_CROWD,RECOVERY,7.466666666666667,6256.866666666667,2.3333333333333335,0.28131701631701633,3.325129794187093,2864.9761009615177,0.0
RUN_070,2026-10-03 22:19:54,FLASH_CROWD,RECOVERY,8.1875,6931.1875,2.625,0.21480273199023198,2.8268732374332797,1734.698398024577,0.0
RUN_070,2026-10-03 22:19:55,FLASH_CROWD,RECOVERY,11.277777777777779,7372.833333333333,3.111111111111111,0.12090472951541059,2.9664296343705296,1802.9930408351017,0.0
RUN_070,2026-10-03 22:19:56,FLASH_CROWD,RECOVERY,10.941176470588236,8608.411764705883,3.1176470588235294,0.12071044103916073,3.679237668886197,2337.4858645394434,0.0
RUN_070,2026-10-03 22:19:57,FLASH_CROWD,RECOVERY,10.8,9176.8,3.1,0.21013888888888888,3.0697798162053465,2362.0723511179526,0.0
RUN_070,2026-10-03 22:19:58,FLASH_CROWD,RECOVERY,13.176470588235293,10647.0,2.5294117647058822,0.12021853428653487,3.6611369364369444,3292.5922639532528,0.0
RUN_070,2026-10-03 22:19:59,FLASH_CROWD,RECOVERY,10.733333333333333,8114.2,2.3333333333333335,0.10779448621553883,3.4617623297346136,3195.4352292108656,0.0
RUN_074,2026-10-03 22:26:00,NORMAL,NORMAL,9.444444444444445,6212.333333333333,1.0,0.21975667759981482,0.0,0.0,0.0
RUN_074,2026-10-03 22:26:01,NORMAL,NORMAL,6.555555555555555,4322.111111111111,1.0,0.2181522181522181,2.111111111111111,1704.4444444444443,0.0
RUN_074,2026-10-03 22:26:02,NORMAL,NORMAL,5.1,3371.7,1.2,0.2576923076923077,2.3259366172689715,1819.1428960821243,0.0
RUN_074,2026-10-03 22:26:03,NORMAL,NORMAL,10.6,5904.5,1.2,0.11496142746142743,3.489356537619593,2346.635014024299,0.0
RUN_074,2026-10-03 22:26:04,NORMAL,NORMAL,6.0,4364.454545454545,1.3636363636363635,0.2346353141807687,2.8560239076143783,1871.5210619384961,0.0
RUN_074,2026-10-03 22:26:05,NORMAL,NORMAL,5.666666666666667,2770.5833333333335,1.5,0.35714285714285715,1.8314435497838029,1089.3797963749778,0.0
RUN_074,2026-10-03 22:26:06,NORMAL,NORMAL,7.0,5118.307692307692,1.7692307692307692,0.2007811632811633,2.0404298139681463,1727.0023336013633,0.0
RUN_074,2026-10-03 22:26:07,NORMAL,NORMAL,7.384615384615385,4249.153846153846,1.7692307692307692,0.24597069597069596,2.557193626994442,1817.541740415503,0.0
RUN_074,2026-10-03 22:26:08,NORMAL,NORMAL,5.733333333333333,3975.4666666666667,2.2,0.4343304843304843,2.740020129914214,2345.7767200182398,0.0
RUN_074,2026-10-03 22:26:09,NORMAL,NORMAL,4.857142857142857,3230.5,2.142857142857143,0.34627525252525254,2.1566934296807325,2334.4228989873122,0.0
RUN_074,2026-10-03 22:26:10,NORMAL,NORMAL,7.0,5572.0,1.6666666666666667,0.21263227513227512,3.7317990580810663,3680.249802155546,0.0
RUN_074,2026-10-03 22:26:11,NORMAL,NORMAL,8.166666666666666,4393.916666666667,1.5,0.1828530996294154,3.7122772819623644,3335.5323461668563,0.0
RUN_074,2026-10-03 22:26:12,NORMAL,NORMAL,8.090909090909092,4916.909090909091,1.3636363636363635,0.14688644688644684,3.8894507391577973,3294.561027593372,0.0
RUN_074,2026-10-03 22:26:13,NORMAL,NORMAL,7.3,5134.1,1.2,0.21797008547008545,3.607660813511483,3137.922085633626,0.0
RUN_074,2026-10-03 22:26:14,NORMAL,NORMAL,8.0,4907.1,1.2,0.18108437314319664,2.5399762422940384,2344.65341534938,0.0
RUN_074,2026-10-03 22:26:15,NORMAL,NORMAL,7.636363636363637,4271.0,1.3636363636363635,0.319911149456604,1.766472383129399,1301.20209889818,0.0
RUN_074,2026-10-03 22:26:16,NORMAL,NORMAL,6.2727272727272725,4078.3636363636365,1.3636363636363635,0.28697136197136197,3.8874751507274308,2249.1368980367974,0.0
RUN_074,2026-10-03 22:26:17,NORMAL,NORMAL,9.25,5508.166666666667,1.6666666666666667,0.264890318015318,4.079196741887532,2603.3896414367505,0.0
RUN_074,2026-10-03 22:26:18,NORMAL,NORMAL,6.25,3539.9166666666665,1.6666666666666667,0.2624648499648499,4.165990589385948,2733.5169119209136,0.0
RUN_074,2026-10-03 22:26:19,NORMAL,NORMAL,8.23076923076923,4413.461538461538,2.076923076923077,0.16576735230581383,3.333585613144106,2218.2082050715817,0.0
RUN_074,2026-10-03 22:26:20,NORMAL,EARLY_CHANGE,7.0,3922.7,1.2,0.23670745920745923,2.8331506462237916,1686.5436568458451,0.0
RUN_074,2026-10-03 22:26:21,NORMAL,EARLY_CHANGE,8.5,4615.2,1.2,0.22287008742891096,2.6843434733150895,1691.4823827206383,0.0
RUN_074,2026-10-03 22:26:22,NORMAL,EARLY_CHANGE,6.181818181818182,3237.818181818182,1.3636363636363635,0.335829069919979,2.632330937357464,1437.2238177410213,0.0
RUN_074,2026-10-03 22:26:23,NORMAL,EARLY_CHANGE,8.6,5158.9,1.2,0.22499712705595054,3.398306968117957,2266.943752744016,0.0
RUN_074,2026-10-03 22:26:24,NORMAL,EARLY_CHANGE,8.0,4863.4,1.2,0.20328675409557762,3.783760185842449,2412.444303658828,0.0
RUN_074,2026-10-03 22:26:25,NORMAL,EARLY_CHANGE,8.0,4602.090909090909,1.5454545454545454,0.18268398268398267,3.3938979956482926,2336.6513479675446,0.0
RUN_074,2026-10-03 22:26:26,NORMAL,EARLY_CHANGE,8.727272727272727,6253.181818181818,1.5454545454545454,0.18813980137509548,3.075347309047346,2482.7572965762542,0.0
RUN_074,2026-10-03 22:26:27,NORMAL,EARLY_CHANGE,7.5,4597.8,1.2,0.24353535353535355,2.396191562995715,2194.5825261519617,0.0
RUN_074,2026-10-03 22:26:28,NORMAL,EARLY_CHANGE,7.4,5306.7,1.2,0.1625,2.3334636247084592,1957.3181565676744,0.0
RUN_074,2026-10-03 22:26:29,NORMAL,EARLY_CHANGE,8.4,4827.4,1.2,0.17691197691197688,3.1338752191974706,2498.5998704457643,0.0
RUN_074,2026-10-03 22:26:30,NORMAL,ESCALATION,9.0,4251.454545454545,1.3636363636363635,0.14726157680703134,3.0170578275481046,2413.75145381494,0.0
RUN_074,2026-10-03 22:26:31,NORMAL,ESCALATION,3.3076923076923075,1415.076923076923,1.6153846153846154,0.5288461538461539,2.7705012891487617,1903.8694244556302,0.0
RUN_074,2026-10-03 22:26:32,NORMAL,ESCALATION,7.071428571428571,4031.4285714285716,1.8571428571428572,0.22505926613069469,2.4608024303120604,2017.5504583396776,0.0
RUN_074,2026-10-03 22:26:33,NORMAL,ESCALATION,5.357142857142857,2806.1428571428573,1.8571428571428572,0.2582766439909297,2.712945699401536,1959.2078191397795,0.0
RUN_074,2026-10-03 22:26:34,NORMAL,ESCALATION,7.083333333333333,4217.0,1.5,0.1845247345247345,3.0837082776376987,2154.7745783786627,0.0
RUN_074,2026-10-03 22:26:35,NORMAL,ESCALATION,7.0,4270.545454545455,1.3636363636363635,0.32758264462809916,2.6501641848539683,1875.492095168499,0.0
RUN_074,2026-10-03 22:26:36,NORMAL,ESCALATION,4.4,2165.5,1.2,0.4666666666666666,1.6374892161074688,1094.6655172827664,0.0
RUN_074,2026-10-03 22:26:37,NORMAL,ESCALATION,6.090909090909091,4448.0,1.5454545454545454,0.33207070707070707,2.3980595370515205,2044.584601212637,0.0
RUN_074,2026-10-03 22:26:38,NORMAL,ESCALATION,8.818181818181818,6498.545454545455,1.5454545454545454,0.22017250426341334,3.2451256322588167,2587.7825831235878,0.0
RUN_074,2026-10-03 22:26:39,NORMAL,ESCALATION,8.909090909090908,5450.363636363636,1.5454545454545454,0.12849254679398217,3.9295421707743468,3491.540696474013,0.0
RUN_074,2026-10-03 22:26:40,NORMAL,ESCALATION,7.6,4472.4,1.2,0.25588235294117645,3.959315644416928,3533.4747558371428,0.0
RUN_074,2026-10-03 22:26:41,NORMAL,ESCALATION,6.5,3263.5,1.2,0.18087662337662336,3.638314713104915,3272.0034037646415,0.0
RUN_074,2026-10-03 22:26:42,NORMAL,ESCALATION,5.8,3778.3,1.2,0.35698773448773446,3.4221651064452643,2985.798717518633,0.0
RUN_074,2026-10-03 22:26:43,NORMAL,ESCALATION,9.454545454545455,5405.818181818182,1.3636363636363635,0.20093795093795092,1.4986484435924092,1221.9109868958055,0.0
RUN_074,2026-10-03 22:26:44,NORMAL,ESCALATION,7.0,5004.833333333333,1.6666666666666667,0.3376022126022126,2.2388014269170804,1517.3312550562093,0.0
RUN_074,2026-10-03 22:26:45,NORMAL,ESCALATION,6.916666666666667,4113.416666666667,1.6666666666666667,0.2306887556887557,2.5487281873457963,1538.6387521924999,0.0
RUN_074,2026-10-03 22:26:46,NORMAL,ESCALATION,8.75,6396.333333333333,1.6666666666666667,0.3431496743996744,3.086088248849345,1768.6700072869965,0.0
RUN_074,2026-10-03 22:26:47,NORMAL,ESCALATION,8.23076923076923,4705.461538461538,1.7692307692307692,0.27659007659007656,2.755506371008368,2040.2817834194987,0.0
RUN_074,2026-10-03 22:26:48,NORMAL,ESCALATION,7.214285714285714,4438.214285714285,2.142857142857143,0.23505799755799756,2.8920595698011846,2300.5228661019837,0.0
RUN_074,2026-10-03 22:26:49,NORMAL,ESCALATION,6.933333333333334,5637.0,2.6,0.23407647907647905,3.26425928110543,3028.0131360516216,0.0
RUN_074,2026-10-03 22:26:50,NORMAL,ESCALATION,7.1875,4582.1875,2.625,0.16859737484737483,3.1993210031053545,2783.608674844494,0.0
RUN_074,2026-10-03 22:26:51,NORMAL,ESCALATION,11.25,6376.625,2.625,0.10413599370400839,2.8234352610486875,2129.2477309781357,0.0
RUN_074,2026-10-03 22:26:52,NORMAL,ESCALATION,6.6,3852.4666666666667,2.2,0.2806597106597106,3.5555982076373427,2420.2783260529204,0.0
RUN_074,2026-10-03 22:26:53,NORMAL,ESCALATION,8.333333333333334,5347.066666666667,2.2,0.21959984459984458,3.1804424028363742,2393.298602850185,0.0
RUN_074,2026-10-03 22:26:54,NORMAL,ESCALATION,6.6875,4691.5625,2.25,0.298499503968254,3.3854659541256873,2238.5151663479583,0.0
RUN_074,2026-10-03 22:26:55,NORMAL,ESCALATION,5.666666666666667,3735.8,2.066666666666667,0.25690957190957187,3.3799850914805205,2324.0509916609976,0.0
RUN_074,2026-10-03 22:26:56,NORMAL,ESCALATION,7.823529411764706,5686.294117647059,2.2941176470588234,0.15248901425372013,3.04008267970555,2280.439618351941,0.0
RUN_074,2026-10-03 22:26:57,NORMAL,ESCALATION,7.647058823529412,5274.235294117647,2.2941176470588234,0.20172376642964876,2.8080163660526445,2216.5059258034667,0.0
RUN_074,2026-10-03 22:26:58,NORMAL,ESCALATION,6.0,3682.076923076923,1.6153846153846154,0.3388564427025965,3.098332972787279,2424.4529651881,0.0
RUN_074,2026-10-03 22:26:59,NORMAL,ESCALATION,7.083333333333333,4527.833333333333,1.5,0.17463716838716836,3.2955030785774917,2478.4384451339597,0.0
RUN_074,2026-10-03 22:27:00,NORMAL,SUSTAINED,7.5,5937.916666666667,1.5,0.20707463832463832,2.987430686979407,2547.5111486848077,0.0
RUN_074,2026-10-03 22:27:01,NORMAL,SUSTAINED,6.7272727272727275,4130.272727272727,1.3636363636363635,0.3242424242424242,2.9663285866741393,2451.092811426328,0.0
RUN_074,2026-10-03 22:27:02,NORMAL,SUSTAINED,6.25,3583.0833333333335,1.5,0.2522516835016835,3.097580979849848,2312.3641166957773,0.0
RUN_074,2026-10-03 22:27:03,NORMAL,SUSTAINED,5.833333333333333,2663.9166666666665,1.5,0.24050925925925926,3.420426920820889,2368.3746558871403,0.0
RUN_074,2026-10-03 22:27:04,NORMAL,SUSTAINED,6.25,4528.916666666667,1.5,0.32757427757427754,3.6492007449579837,2805.778967717255,0.0
RUN_074,2026-10-03 22:27:05,NORMAL,SUSTAINED,8.090909090909092,5120.909090909091,1.3636363636363635,0.27148962148962147,3.51472420381877,2375.28503680435,0.0
RUN_074,2026-10-03 22:27:06,NORMAL,SUSTAINED,8.3,5201.8,1.2,0.146765873015873,3.2326476514207996,2059.956562486065,0.0
RUN_074,2026-10-03 22:27:07,NORMAL,SUSTAINED,10.090909090909092,5366.363636363636,1.3636363636363635,0.13159618159618158,3.557296718807716,2431.781116018699,0.0
RUN_074,2026-10-03 22:27:08,NORMAL,SUSTAINED,5.636363636363637,3993.909090909091,1.3636363636363635,0.3886068476977567,3.5938562600746438,2422.0203170858476,0.0
RUN_074,2026-10-03 22:27:09,NORMAL,SUSTAINED,5.5,3379.5,1.2,0.2102020202020202,2.397344654716811,1583.5733740548717,0.0
RUN_074,2026-10-03 22:27:10,NORMAL,SUSTAINED,5.333333333333333,3224.8888888888887,1.0,0.19920634920634916,1.938003937771634,1517.2176919456958,0.0
RUN_074,2026-10-03 22:27:11,NORMAL,SUSTAINED,8.9,6383.0,1.2,0.12218004218004216,1.729222720101026,1550.5395980339515,0.0
RUN_074,2026-10-03 22:27:12,NORMAL,SUSTAINED,7.5,4590.6,1.2,0.27662087912087907,2.1106721511600464,1994.2625357419406,0.0
RUN_074,2026-10-03 22:27:13,NORMAL,SUSTAINED,7.363636363636363,4935.636363636364,1.3636363636363635,0.21526629935720845,1.861257730224026,1755.4233710689884,0.0
RUN_074,2026-10-03 22:27:14,NORMAL,SUSTAINED,7.615384615384615,4325.538461538462,1.6153846153846154,0.17865051615051614,1.866573561245764,1789.4299995012057,0.0
RUN_074,2026-10-03 22:27:15,NORMAL,SUSTAINED,7.230769230769231,5295.0,1.6153846153846154,0.2402023190484729,2.372835222498398,1790.140268719646,0.0
RUN_074,2026-10-03 22:27:16,NORMAL,SUSTAINED,10.384615384615385,6872.923076923077,1.6153846153846154,0.17446858696858697,3.519583728587251,2546.3791374583425,0.0
RUN_074,2026-10-03 22:27:17,NORMAL,SUSTAINED,7.166666666666667,3528.4166666666665,1.5,0.309518722018722,2.7158216693773443,2067.817839790862,0.0
RUN_074,2026-10-03 22:27:18,NORMAL,SUSTAINED,9.833333333333334,5023.083333333333,1.5,0.14913881554748426,4.0546982943786,2248.436371433043,0.0
RUN_074,2026-10-03 22:27:19,NORMAL,SUSTAINED,9.833333333333334,6543.25,1.6666666666666667,0.14738124076359368,3.6745988511194896,2289.036466718258,0.0
RUN_074,2026-10-03 22:27:20,NORMAL,SUSTAINED,9.538461538461538,5237.692307692308,1.7692307692307692,0.13769371653987036,3.345701379584183,1889.6539385358542,0.0
RUN_074,2026-10-03 22:27:21,NORMAL,SUSTAINED,6.9375,4704.625,2.375,0.17301205738705738,2.438312550357667,1549.8867502621706,0.0
RUN_074,2026-10-03 22:27:22,NORMAL,SUSTAINED,6.875,4898.3125,2.375,0.3187274531024531,2.789230667396729,1821.8246955714164,0.0
RUN_074,2026-10-03 22:27:23,NORMAL,SUSTAINED,11.3125,6331.5625,2.125,0.10254588516488669,3.2300257840833626,2082.6371114748786,0.0
RUN_074,2026-10-03 22:27:24,NORMAL,SUSTAINED,8.571428571428571,5926.214285714285,1.8571428571428572,0.20538548752834468,3.8449051446005877,2938.1829185408396,0.0
RUN_074,2026-10-03 22:27:25,NORMAL,SUSTAINED,9.642857142857142,6437.928571428572,1.8571428571428572,0.18262293262293258,3.2767202444920556,2684.130643797344,0.0
RUN_074,2026-10-03 22:27:26,NORMAL,SUSTAINED,8.357142857142858,5434.214285714285,1.8571428571428572,0.1673240450026164,3.31584975549659,2696.54055855348,0.0
RUN_074,2026-10-03 22:27:27,NORMAL,SUSTAINED,6.75,5094.125,2.375,0.32296947843822843,3.3620727144175437,2619.8093075261518,0.0
RUN_074,2026-10-03 22:27:28,NORMAL,SUSTAINED,8.294117647058824,3671.0588235294117,2.176470588235294,0.19409879336349922,2.3474999118963935,1871.6810630844702,0.0
RUN_074,2026-10-03 22:27:29,NORMAL,SUSTAINED,7.133333333333334,3794.8,1.9333333333333333,0.18839968310556543,2.902332935785041,1487.5694924743098,0.0
RUN_074,2026-10-03 22:27:30,NORMAL,DECAY,7.466666666666667,5593.2,1.9333333333333333,0.26478669478669475,3.615112303311865,2282.065807430577,0.0
RUN_074,2026-10-03 22:27:31,NORMAL,DECAY,5.733333333333333,3799.0,1.9333333333333333,0.22044973544973542,3.3654242402960395,1999.5890730085619,0.0
RUN_074,2026-10-03 22:27:32,NORMAL,DECAY,3.6923076923076925,2405.076923076923,1.6153846153846154,0.49945054945054945,3.0556447255884005,1928.827450338243,0.0
RUN_074,2026-10-03 22:27:33,NORMAL,DECAY,7.923076923076923,5473.846153846154,1.6153846153846154,0.14062689447304827,2.213116721066311,1559.6222678859672,0.0
RUN_074,2026-10-03 22:27:34,NORMAL,DECAY,10.071428571428571,7135.857142857143,1.8571428571428572,0.12008450816223923,2.400446933239986,2118.5030636183087,0.0
RUN_074,2026-10-03 22:27:35,NORMAL,DECAY,7.285714285714286,4467.357142857143,1.8571428571428572,0.36669065061922207,3.108509037566517,2609.73309233177,0.0
RUN_074,2026-10-03 22:27:36,NORMAL,DECAY,8.375,4530.5625,2.125,0.1331349206349206,2.4338892457146257,2173.8050848060784,0.0
RUN_074,2026-10-03 22:27:37,NORMAL,DECAY,8.235294117647058,4687.470588235294,2.411764705882353,0.14342161106866985,2.8130136839042033,2259.0537670925887,0.0
RUN_074,2026-10-03 22:27:38,NORMAL,DECAY,5.294117647058823,3135.4117647058824,2.411764705882353,0.2472922502334267,3.255144427008535,2412.230560847976,0.0
RUN_074,2026-10-03 22:27:39,NORMAL,DECAY,5.470588235294118,4157.705882352941,2.411764705882353,0.41610709551886016,3.2180478889436177,2421.8377190755064,0.0
RUN_074,2026-10-03 22:27:40,NORMAL,DECAY,6.277777777777778,4180.277777777777,2.4444444444444446,0.3163456142622809,2.9210924560145277,2383.2697220735313,0.0
RUN_074,2026-10-03 22:27:41,NORMAL,DECAY,9.0,5994.928571428572,1.8571428571428572,0.19396159396159396,3.79431490917029,2792.1181732607192,0.0
RUN_074,2026-10-03 22:27:42,NORMAL,DECAY,7.230769230769231,4182.076923076923,1.6153846153846154,0.19576257076257075,3.1083101938362185,2412.3220238607532,0.0
RUN_074,2026-10-03 22:27:43,NORMAL,DECAY,7.5,5029.375,2.125,0.15987103174603173,2.6053358158018636,2009.026683738848,0.0
RUN_074,2026-10-03 22:27:44,NORMAL,DECAY,6.4,3089.866666666667,2.066666666666667,0.303505291005291,3.200107291206287,2101.5317650602215,0.0
RUN_074,2026-10-03 22:27:45,NORMAL,DECAY,7.2,5281.4,1.9333333333333333,0.22135401635401633,2.610229059973972,1624.4280458176029,0.0
RUN_074,2026-10-03 22:27:46,NORMAL,DECAY,10.76923076923077,8517.153846153846,1.6153846153846154,0.1667488494411571,3.34185743754324,2721.384212778164,0.0
RUN_074,2026-10-03 22:27:47,NORMAL,DECAY,4.266666666666667,2563.6,2.066666666666667,0.46225108225108225,2.540518910844369,1945.9599915700733,0.0
RUN_074,2026-10-03 22:27:48,NORMAL,DECAY,4.6,3398.6,2.066666666666667,0.4109283309283309,2.8087530773398326,2152.602422659817,0.0
RUN_074,2026-10-03 22:27:49,NORMAL,DECAY,7.9375,4901.4375,2.375,0.20440297549672548,2.9776324830807948,2169.5334348315105,0.0
RUN_074,2026-10-03 22:27:50,NORMAL,RECOVERY,7.117647058823529,4904.705882352941,2.411764705882353,0.3297482986064301,2.929675772238777,2255.3702905649916,0.0
RUN_074,2026-10-03 22:27:51,NORMAL,RECOVERY,4.8125,2569.0625,2.25,0.3696969696969697,3.3338563196492634,2401.16754278296,0.0
RUN_074,2026-10-03 22:27:52,NORMAL,RECOVERY,6.1875,2786.0,2.375,0.2376262626262626,2.576713748694094,1879.0844361474333,0.0
RUN_074,2026-10-03 22:27:53,NORMAL,RECOVERY,6.846153846153846,4854.307692307692,1.7692307692307692,0.32203907203907206,3.4270680449577395,2582.636462229212,0.0
RUN_074,2026-10-03 22:27:54,NORMAL,RECOVERY,10.461538461538462,6836.076923076923,1.7692307692307692,0.11488095238095235,3.933552527816962,2997.207563923278,0.0
RUN_074,2026-10-03 22:27:55,NORMAL,RECOVERY,6.909090909090909,3816.4545454545455,1.3636363636363635,0.23086547291092743,3.2894458493035246,2032.589578420564,0.0
RUN_074,2026-10-03 22:27:56,NORMAL,RECOVERY,9.6,6299.8,1.2,0.12422979797979798,3.2304052916200106,2482.401989231531,0.0
RUN_074,2026-10-03 22:27:57,NORMAL,RECOVERY,8.416666666666666,4807.666666666667,1.5,0.1891233766233766,2.676587619617978,2028.2596367283852,0.0
RUN_074,2026-10-03 22:27:58,NORMAL,RECOVERY,6.583333333333333,3817.3333333333335,1.5,0.20797258297258295,2.7606339532158533,1822.3691450288125,0.0
RUN_074,2026-10-03 22:27:59,NORMAL,RECOVERY,5.333333333333333,3779.1666666666665,1.6666666666666667,0.41061299811299806,3.2026171536324664,2051.793565159547,0.0
RUN_077,2026-10-03 22:32:00,UDP_FLOOD,NORMAL,6.857142857142857,4994.0,1.0,0.1878684807256236,0.0,0.0,0.0
RUN_077,2026-10-03 22:32:01,UDP_FLOOD,NORMAL,11.0,8358.625,1.25,0.1010912698412698,1.9375,2055.3125,0.0
RUN_077,2026-10-03 22:32:02,UDP_FLOOD,NORMAL,7.909090909090909,4187.909090909091,1.9090909090909092,0.14599340053885504,1.8775620414549203,2169.3345889605584,0.0
RUN_077,2026-10-03 22:32:03,UDP_FLOOD,NORMAL,7.75,4342.333333333333,2.0,0.2208664021164021,2.184031391876231,2469.1538839657474,0.0
RUN_077,2026-10-03 22:32:04,UDP_FLOOD,NORMAL,8.5,5343.8,1.8,0.13220760233918127,1.906013741060717,2063.1542885152717,0.0
RUN_077,2026-10-03 22:32:05,UDP_FLOOD,NORMAL,10.2,7116.6,1.8,0.10325396825396824,1.8539899803209565,2597.4000123507444,0.0
RUN_077,2026-10-03 22:32:06,UDP_FLOOD,NORMAL,7.454545454545454,4661.727272727273,2.272727272727273,0.16349206349206347,1.7654140076344156,2070.4463116906177,0.0
RUN_077,2026-10-03 22:32:07,UDP_FLOOD,NORMAL,8.3,5041.4,1.8,0.36309274059274055,2.7200726452071575,2847.8281087956075,0.0
RUN_077,2026-10-03 22:32:08,UDP_FLOOD,NORMAL,9.222222222222221,4968.888888888889,1.4444444444444444,0.12152076318742984,2.331522876244712,2363.3090667391243,0.0
RUN_077,2026-10-03 22:32:09,UDP_FLOOD,NORMAL,5.666666666666667,2610.222222222222,1.4444444444444444,0.341358024691358,2.4875178899601713,2464.634098605762,0.0
RUN_077,2026-10-03 22:32:10,UDP_FLOOD,NORMAL,7.333333333333333,2891.1111111111113,1.4444444444444444,0.32015392015392014,2.997414131776223,2109.095860892152,0.0
RUN_077,2026-10-03 22:32:11,UDP_FLOOD,NORMAL,11.75,6090.375,1.25,0.1186800278325046,2.313246979731725,1414.4067492919746,0.0
RUN_077,2026-10-03 22:32:12,UDP_FLOOD,NORMAL,7.714285714285714,4779.428571428572,1.0,0.17506184291898577,3.0713573274335713,2271.1673206195824,0.0
RUN_077,2026-10-03 22:32:13,UDP_FLOOD,NORMAL,10.625,4439.875,1.25,0.10148046398046395,1.6068622966851742,1016.7763494818278,0.0
RUN_077,2026-10-03 22:32:14,UDP_FLOOD,NORMAL,10.375,5359.625,1.25,0.1405812937062937,2.606998523581304,1959.1903708872233,0.0
RUN_077,2026-10-03 22:32:15,UDP_FLOOD,NORMAL,11.25,7606.75,1.25,0.09260912698412696,2.6637933675777097,2850.4359552490987,0.0
RUN_077,2026-10-03 22:32:16,UDP_FLOOD,NORMAL,7.375,3808.0,1.25,0.25005411255411253,2.6251655843343458,2816.7427788347745,0.0
RUN_077,2026-10-03 22:32:17,UDP_FLOOD,NORMAL,8.125,5999.375,1.25,0.19885149572649571,3.315153481260425,3131.342132224504,0.0
RUN_077,2026-10-03 22:32:18,UDP_FLOOD,NORMAL,8.25,3039.25,1.25,0.22277236652236648,2.5309821616144985,2850.370313333233,0.0
RUN_077,2026-10-03 22:32:19,UDP_FLOOD,NORMAL,7.333333333333333,4699.0,1.4444444444444444,0.1682579765913099,1.9756384742972033,1939.711457289335,0.0
RUN_077,2026-10-03 22:32:20,UDP_FLOOD,EARLY_CHANGE,9.0,6175.777777777777,1.4444444444444444,0.11900753567420232,1.9928928614720458,1786.0696694787669,0.0
RUN_077,2026-10-03 22:32:21,UDP_FLOOD,EARLY_CHANGE,23.272727272727273,13328.454545454546,1.9090909090909092,0.18444342464156446,6.048509323162471,3091.854418041134,0.45454545454545453
RUN_077,2026-10-03 22:32:22,UDP_FLOOD,EARLY_CHANGE,26.727272727272727,13953.90909090909,1.9090909090909092,0.24892537052964858,8.031603716907304,6098.206639103763,0.7272727272727273
RUN_077,2026-10-03 22:32:23,UDP_FLOOD,EARLY_CHANGE,44.45454545454545,16386.272727272728,1.9090909090909092,0.14363874268844531,14.05900288806835,9463.940671038734,1.0909090909090908
RUN_077,2026-10-03 22:32:24,UDP_FLOOD,EARLY_CHANGE,60.45454545454545,58655.545454545456,1.9090909090909092,0.163587464140746,19.3787482412479,22724.337409622367,1.4545454545454546
RUN_077,2026-10-03 22:32:25,UDP_FLOOD,EARLY_CHANGE,91.8,51809.0,1.8,0.08478963387515329,9.899667264046252,9046.596984689235,2.0
RUN_077,2026-10-03 22:32:26,UDP_FLOOD,EARLY_CHANGE,97.8,80680.3,1.6,0.13902566070495245,19.19222940166346,16055.105909217284,3.0
RUN_077,2026-10-03 22:32:27,UDP_FLOOD,EARLY_CHANGE,148.4,65197.2,1.6,0.09358422592876331,34.473705632246165,42465.56157812431,3.5
RUN_077,2026-10-03 22:32:28,UDP_FLOOD,EARLY_CHANGE,192.5,125429.91666666667,2.0,0.13726148292734533,26.876886081665486,27754.649986128785,4.666666666666667
RUN_077,2026-10-03 22:32:29,UDP_FLOOD,EARLY_CHANGE,186.08333333333334,105986.25,2.1666666666666665,0.1353609087772462,37.782041237698294,38813.25087344948,5.25
RUN_077,2026-10-03 22:32:30,UDP_FLOOD,ESCALATION,9.090909090909092,3542.6363636363635,2.090909090909091,0.1256198347107438,94.25701049613994,61979.472745300336,5.7272727272727275
RUN_077,2026-10-03 22:32:31,UDP_FLOOD,ESCALATION,14.0,13081.2,1.8,0.11664371146569288,78.35614466824272,49049.75864824593,6.0
RUN_077,2026-10-03 22:32:32,UDP_FLOOD,ESCALATION,19.75,13373.5,1.25,0.08529109779109774,53.8644110876143,35311.95078490478,5.5
RUN_077,2026-10-03 22:32:33,UDP_FLOOD,ESCALATION,28.625,7164.375,1.25,0.08826093236337595,35.51240289145208,21706.114037024487,6.0
RUN_077,2026-10-03 22:32:34,UDP_FLOOD,ESCALATION,44.0,15300.0,1.25,0.09871981087420523,12.588038989977319,7967.546915805258,6.5
RUN_077,2026-10-03 22:32:35,UDP_FLOOD,ESCALATION,41.3,17034.1,1.8,0.20426844321509158,10.623751833633268,6960.844864608084,7.0
RUN_077,2026-10-03 22:32:36,UDP_FLOOD,ESCALATION,39.55555555555556,8358.888888888889,1.4444444444444444,0.11108740433887349,5.453844814079994,6103.24721831245,6.666666666666667
RUN_077,2026-10-03 22:32:37,UDP_FLOOD,ESCALATION,41.9,12102.6,1.6,0.07262049608159446,3.484201132360103,2011.2466960117351,6.4
RUN_077,2026-10-03 22:32:38,UDP_FLOOD,ESCALATION,51.90909090909091,14823.181818181818,1.7272727272727273,0.17843206744367868,6.4705730456536665,3885.455559789324,7.7272727272727275
RUN_077,2026-10-03 22:32:39,UDP_FLOOD,ESCALATION,70.23076923076923,26131.23076923077,2.076923076923077,0.07393075339663059,8.335982012384163,12859.301658166652,9.692307692307692
RUN_077,2026-10-03 22:32:40,UDP_FLOOD,ESCALATION,65.72727272727273,37326.09090909091,1.9090909090909092,0.06665480454310005,12.821761686274392,15154.79635752586,10.363636363636363
RUN_077,2026-10-03 22:32:41,UDP_FLOOD,ESCALATION,71.5,32565.1,1.6,0.1497107495659101,11.420097993034876,17155.695499211775,10.0
RUN_077,2026-10-03 22:32:42,UDP_FLOOD,ESCALATION,94.41666666666667,46139.75,2.0,0.13553890422255047,10.51414482950121,17885.105057915353,12.25
RUN_077,2026-10-03 22:32:43,UDP_FLOOD,ESCALATION,104.07692307692308,35539.0,2.230769230769231,0.1106757867478709,15.934403299763984,17873.188458398414,11.846153846153847
RUN_077,2026-10-03 22:32:44,UDP_FLOOD,ESCALATION,101.6923076923077,9699.076923076924,2.3846153846153846,0.13788150222100726,12.182375770407296,18890.581448779754,12.384615384615385
RUN_077,2026-10-03 22:32:45,UDP_FLOOD,ESCALATION,97.15384615384616,81432.69230769231,2.230769230769231,0.2280546100509377,12.682862674949885,31481.157233772872,12.923076923076923
RUN_077,2026-10-03 22:32:46,UDP_FLOOD,ESCALATION,123.84615384615384,59399.0,2.5384615384615383,0.060054411150595316,14.702173822273636,31219.914409992078,15.384615384615385
RUN_077,2026-10-03 22:32:47,UDP_FLOOD,ESCALATION,148.83333333333334,54974.416666666664,2.3333333333333335,0.18990479734440746,22.868161467800718,31423.14790335122,15.166666666666666
RUN_077,2026-10-03 22:32:48,UDP_FLOOD,ESCALATION,130.69230769230768,130723.0,2.5384615384615383,0.11475490838086687,24.348095053319824,40222.72513824811,16.615384615384617
RUN_077,2026-10-03 22:32:49,UDP_FLOOD,ESCALATION,180.57142857142858,50400.57142857143,2.5714285714285716,0.059786099716205986,26.161363672298396,37638.521364422115,18.0
RUN_077,2026-10-03 22:32:50,UDP_FLOOD,ESCALATION,204.92307692307693,125663.15384615384,2.230769230769231,0.12401071137398588,32.82816380392178,53209.872342923845,17.846153846153847
RUN_077,2026-10-03 22:32:51,UDP_FLOOD,ESCALATION,154.30769230769232,117246.69230769231,2.230769230769231,0.11274116545476648,33.92051221192673,48853.578515767964,16.153846153846153
RUN_077,2026-10-03 22:32:52,UDP_FLOOD,ESCALATION,132.69230769230768,38406.307692307695,2.230769230769231,0.15269728561232518,28.497010103050247,40384.06077567049,16.692307692307693
RUN_077,2026-10-03 22:32:53,UDP_FLOOD,ESCALATION,181.6,51252.8,2.6,0.052524816238080564,26.55953952366823,33768.09171170234,19.2
RUN_077,2026-10-03 22:32:54,UDP_FLOOD,ESCALATION,245.78571428571428,61230.71428571428,3.0,0.07418440707573372,40.83061086373721,26685.61703304286,23.571428571428573
RUN_077,2026-10-03 22:32:55,UDP_FLOOD,ESCALATION,242.0,38462.07142857143,3.0,0.08489637344076094,34.7874372036654,21906.97590317683,24.285714285714285
RUN_077,2026-10-03 22:32:56,UDP_FLOOD,ESCALATION,245.6153846153846,234370.61538461538,3.0,0.06123520295757818,42.00399607329833,87159.86281512858,24.23076923076923
RUN_077,2026-10-03 22:32:57,UDP_FLOOD,ESCALATION,167.36363636363637,44837.181818181816,2.090909090909091,0.07997150283715836,35.70963680727224,68182.6745214268,22.90909090909091
RUN_077,2026-10-03 22:32:58,UDP_FLOOD,ESCALATION,197.28571428571428,182170.07142857142,2.857142857142857,0.06134908983167505,31.71627907121881,64696.82106809735,23.785714285714285
RUN_077,2026-10-03 22:32:59,UDP_FLOOD,ESCALATION,206.0,61016.066666666666,2.8666666666666667,0.18963903501983037,37.04729472101363,81319.81647444467,22.8
RUN_077,2026-10-03 22:33:00,UDP_FLOOD,SUSTAINED,258.26666666666665,99299.8,2.6,0.06800738060181136,37.78624396366923,52669.243896792104,20.8
RUN_077,2026-10-03 22:33:01,UDP_FLOOD,SUSTAINED,156.46153846153845,109598.46153846153,2.076923076923077,0.10737725824594671,36.03603536552502,43202.15112486643,18.46153846153846
RUN_077,2026-10-03 22:33:02,UDP_FLOOD,SUSTAINED,175.15384615384616,104147.07692307692,2.076923076923077,0.14336226340204333,27.751252349178063,31753.50855031517,18.923076923076923
RUN_077,2026-10-03 22:33:03,UDP_FLOOD,SUSTAINED,170.15384615384616,115926.69230769231,2.076923076923077,0.11562924273454334,30.426559506691788,25250.744030493162,19.384615384615383
RUN_077,2026-10-03 22:33:04,UDP_FLOOD,SUSTAINED,190.71428571428572,146482.85714285713,2.5714285714285716,0.136872887920993,25.09047698915882,22349.45752874653,24.571428571428573
RUN_077,2026-10-03 22:33:05,UDP_FLOOD,SUSTAINED,250.0,63485.21428571428,2.2857142857142856,0.05260011402490785,33.8440627106369,34936.110454630456,25.142857142857142
RUN_077,2026-10-03 22:33:06,UDP_FLOOD,SUSTAINED,254.78571428571428,26999.64285714286,2.5714285714285716,0.07436100729179503,37.13508859255186,45437.62061544387,28.928571428571427
RUN_077,2026-10-03 22:33:07,UDP_FLOOD,SUSTAINED,237.9375,152106.5,3.0,0.07119673706555676,36.10265199943999,44487.24822154623,31.625
RUN_077,2026-10-03 22:33:08,UDP_FLOOD,SUSTAINED,271.0,83722.5,3.0,0.10693947878387845,34.58647912091949,43024.27114673245,29.375
RUN_077,2026-10-03 22:33:09,UDP_FLOOD,SUSTAINED,268.11764705882354,204261.0,3.0,0.12585514921469482,25.22606293047282,71438.70387160296,31.058823529411764
RUN_077,2026-10-03 22:33:10,UDP_FLOOD,SUSTAINED,229.8235294117647,169734.0,3.0,0.06960842801152893,33.70499675784689,90651.91242160148,31.705882352941178
RUN_077,2026-10-03 22:33:11,UDP_FLOOD,SUSTAINED,208.66666666666666,132425.38888888888,3.2222222222222223,0.07035533789327528,46.12933718042723,93195.77013353848,33.333333333333336
RUN_077,2026-10-03 22:33:12,UDP_FLOOD,SUSTAINED,248.125,21577.25,3.0,0.057374522135677467,34.98077545838915,98197.38006832277,35.0625
RUN_077,2026-10-03 22:33:13,UDP_FLOOD,SUSTAINED,225.64705882352942,211488.76470588235,3.0,0.1535976789908276,42.261055764209246,92503.90985738626,33.64705882352941
RUN_077,2026-10-03 22:33:14,UDP_FLOOD,SUSTAINED,235.28571428571428,52355.5,2.7142857142857144,0.08199221018914467,39.32187433465424,88368.52798109481,37.857142857142854
RUN_077,2026-10-03 22:33:15,UDP_FLOOD,SUSTAINED,236.05882352941177,93580.5294117647,3.0,0.043936264968027564,40.216753024753004,59402.229590064526,34.94117647058823
RUN_077,2026-10-03 22:33:16,UDP_FLOOD,SUSTAINED,193.14285714285714,150835.57142857142,2.857142857142857,0.0922548235301239,41.31919014417822,66013.85481945319,35.357142857142854
RUN_077,2026-10-03 22:33:17,UDP_FLOOD,SUSTAINED,215.1818181818182,27168.363636363636,1.9090909090909092,0.08960728483904239,34.48090382331129,40514.68594897391,30.545454545454547
RUN_077,2026-10-03 22:33:18,UDP_FLOOD,SUSTAINED,210.0,176035.93333333332,2.7333333333333334,0.06432653877715246,26.12388808604005,49216.508663409295,34.2
RUN_077,2026-10-03 22:33:19,UDP_FLOOD,SUSTAINED,221.625,98996.9375,3.25,0.08971732985949409,43.68248815679754,65751.42739088292,39.875
RUN_077,2026-10-03 22:33:20,UDP_FLOOD,SUSTAINED,287.375,165430.875,3.375,0.05566576666399438,48.79169788440662,79147.15962099988,44.25
RUN_077,2026-10-03 22:33:21,UDP_FLOOD,SUSTAINED,373.25,122891.6875,3.375,0.1016124326469412,63.17933074578881,83101.63253884915,45.0
RUN_077,2026-10-03 22:33:22,UDP_FLOOD,SUSTAINED,258.42857142857144,141235.2142857143,2.857142857142857,0.042637794291602624,55.506623326833456,77641.98936616836,43.57142857142857
RUN_077,2026-10-03 22:33:23,UDP_FLOOD,SUSTAINED,303.6923076923077,204837.92307692306,3.0,0.13585233151612544,63.4808184727494,76493.79874083016,42.92307692307692
RUN_077,2026-10-03 22:33:24,UDP_FLOOD,SUSTAINED,268.25,30004.75,2.8333333333333335,0.05680070394569372,75.4683851615094,72424.88106193423,42.0
RUN_077,2026-10-03 22:33:25,UDP_FLOOD,SUSTAINED,173.1818181818182,139120.0,2.8181818181818183,0.11709289237893551,58.99311750003323,47087.16031886112,40.72727272727273
RUN_077,2026-10-03 22:33:26,UDP_FLOOD,SUSTAINED,233.1818181818182,46744.36363636364,2.272727272727273,0.090443082459917,58.43987498906536,46262.57334812053,41.36363636363637
RUN_077,2026-10-03 22:33:27,UDP_FLOOD,SUSTAINED,255.69230769230768,166139.76923076922,2.5384615384615383,0.03855946645010825,48.054509534145446,58933.41753045473,45.69230769230769
RUN_077,2026-10-03 22:33:28,UDP_FLOOD,SUSTAINED,218.76923076923077,131526.84615384616,2.5384615384615383,0.050172944884662556,62.31572326712788,63839.17408435281,46.38461538461539
RUN_077,2026-10-03 22:33:29,UDP_FLOOD,SUSTAINED,286.2,87622.5,1.8,0.07149455546927277,48.83719184600396,42997.54539623028,40.8
RUN_077,2026-10-03 22:33:30,UDP_FLOOD,DECAY,206.1818181818182,156477.81818181818,2.272727272727273,0.15579752478893164,44.96891919226202,56645.10289280529,43.90909090909091
RUN_077,2026-10-03 22:33:31,UDP_FLOOD,DECAY,161.6,136980.2,1.8,0.23395218471593887,28.92923112022596,41141.187588860295,35.0
RUN_077,2026-10-03 22:33:32,UDP_FLOOD,DECAY,171.63636363636363,37131.36363636364,1.7272727272727273,0.07652325850536996,22.736239320711746,40868.16030047006,38.72727272727273
RUN_077,2026-10-03 22:33:33,UDP_FLOOD,DECAY,196.92857142857142,155380.14285714287,2.4285714285714284,0.03839863366868296,22.84605639668982,47940.399337233845,46.285714285714285
RUN_077,2026-10-03 22:33:34,UDP_FLOOD,DECAY,167.4,68036.33333333333,2.6,0.06229295827453315,24.130202406710215,56031.654978365295,43.8
RUN_077,2026-10-03 22:33:35,UDP_FLOOD,DECAY,199.23076923076923,56547.92307692308,2.5384615384615383,0.07279523628155221,47.462194789291146,63384.18473701007,51.23076923076923
RUN_077,2026-10-03 22:33:36,UDP_FLOOD,DECAY,175.78571428571428,76722.42857142857,2.7142857142857144,0.03617202356718447,40.01416873917993,58968.296208924636,53.57142857142857
RUN_077,2026-10-03 22:33:37,UDP_FLOOD,DECAY,194.0,64710.545454545456,2.090909090909091,0.1297405829783475,40.543962894062126,54470.32047170789,48.36363636363637
RUN_077,2026-10-03 22:33:38,UDP_FLOOD,DECAY,127.0,15311.777777777777,1.4444444444444444,0.17237154356189113,21.045482824289994,22200.999636891574,42.77777777777778
RUN_077,2026-10-03 22:33:39,UDP_FLOOD,DECAY,109.6,27230.8,1.8,0.05666539433039068,28.251271632313877,25362.450714548333,46.8
RUN_077,2026-10-03 22:33:40,UDP_FLOOD,DECAY,107.4,72138.4,1.6,0.0531293956350651,23.59592675216324,31207.0535769196,39.5
RUN_077,2026-10-03 22:33:41,UDP_FLOOD,DECAY,101.8,42890.4,1.8,0.11287827624429794,10.716081638162535,13392.506530050954,40.0
RUN_077,2026-10-03 22:33:42,UDP_FLOOD,DECAY,95.7,36225.0,1.8,0.10204155901172321,12.430822550544555,21108.833208371732,40.5
RUN_077,2026-10-03 22:33:43,UDP_FLOOD,DECAY,89.27272727272727,47410.27272727273,1.9090909090909092,0.07008153001800911,10.611789058391663,14693.819146698095,44.72727272727273
RUN_077,2026-10-03 22:33:44,UDP_FLOOD,DECAY,68.77777777777777,38766.555555555555,1.4444444444444444,0.09664628627869488,17.03919277098439,28676.311268900172,46.111111111111114
RUN_077,2026-10-03 22:33:45,UDP_FLOOD,DECAY,56.3,28574.9,1.6,0.14251642903573675,16.940912056469724,26794.223078619165,42.0
RUN_077,2026-10-03 22:33:46,UDP_FLOOD,DECAY,38.0,21749.777777777777,1.4444444444444444,0.16196338876666744,15.11349377185988,24920.43723302496,37.77777777777778
RUN_077,2026-10-03 22:33:47,UDP_FLOOD,DECAY,24.5,10055.875,1.25,0.06662579029529396,17.73978737812403,22266.312274879932,32.25
RUN_077,2026-10-03 22:33:48,UDP_FLOOD,DECAY,19.625,3312.75,1.25,0.27632172734770827,11.91348658125168,11496.424609367283,32.625
RUN_077,2026-10-03 22:33:49,UDP_FLOOD,DECAY,14.5,5674.125,1.25,0.2051601503980878,12.292050211711842,10709.002935613926,33.0
RUN_077,2026-10-03 22:33:50,UDP_FLOOD,RECOVERY,7.857142857142857,2689.714285714286,1.0,0.13486394557823128,9.012012342182818,6391.954170226045,36.857142857142854
RUN_077,2026-10-03 22:33:51,UDP_FLOOD,RECOVERY,8.125,6072.5,1.25,0.1534722222222222,5.360509712034442,2112.7230378336776,42.0
RUN_077,2026-10-03 22:33:52,UDP_FLOOD,RECOVERY,7.75,6025.0,1.25,0.25660173160173155,4.428584285477992,2742.1140103692205,41.0
RUN_077,2026-10-03 22:33:53,UDP_FLOOD,RECOVERY,9.25,2948.875,1.25,0.1270427489177489,2.9622476467312295,2919.964263061179,40.0
RUN_077,2026-10-03 22:33:54,UDP_FLOOD,RECOVERY,7.5,5501.875,1.25,0.2438988095238095,2.9299742757200486,3284.6353532243147,39.0
RUN_077,2026-10-03 22:33:55,UDP_FLOOD,RECOVERY,6.222222222222222,4576.555555555556,1.4444444444444444,0.20295815295815295,2.1015943774460157,2193.1197180614395,33.77777777777778
RUN_077,2026-10-03 22:33:56,UDP_FLOOD,RECOVERY,8.8,4509.0,1.6,0.13622766122766122,1.8483891082699038,2224.4799478385444,37.0
RUN_077,2026-10-03 22:33:57,UDP_FLOOD,RECOVERY,9.875,5998.5,1.25,0.11078457898310838,1.5007518323816509,2546.996784488354,27.0
RUN_077,2026-10-03 22:33:58,UDP_FLOOD,RECOVERY,10.5,9104.9,1.6,0.1026262626262626,1.714604733204937,2641.324762005937,35.0
RUN_077,2026-10-03 22:33:59,UDP_FLOOD,RECOVERY,8.272727272727273,3488.5454545454545,1.7272727272727273,0.16468253968253965,1.712775806147362,3179.546292631565,30.90909090909091
RUN_079,2026-10-03 22:36:00,ICMP_FLOOD,NORMAL,7.75,2895.5,1.0,0.18497474747474746,0.0,0.0,0.0
RUN_079,2026-10-03 22:36:01,ICMP_FLOOD,NORMAL,7.222222222222222,1429.2222222222222,1.2222222222222223,0.26380471380471376,1.9444444444444444,1171.3333333333333,0.0
RUN_079,2026-10-03 22:36:02,ICMP_FLOOD,NORMAL,9.11111111111111,2727.1111111111113,1.2222222222222223,0.18346961680295013,2.541391207621194,1498.946530285659,0.0
RUN_079,2026-10-03 22:36:03,ICMP_FLOOD,NORMAL,8.6,2769.7,1.4,0.2037301587301587,2.2553630918858993,1353.374980577401,0.0
RUN_079,2026-10-03 22:36:04,ICMP_FLOOD,NORMAL,10.5,3150.5,1.4,0.1036111111111111,2.51454941963301,1340.818329063467,0.0
RUN_079,2026-10-03 22:36:05,ICMP_FLOOD,NORMAL,7.428571428571429,1717.5714285714287,2.0,0.1569160997732426,2.0693082073647537,1116.0369677512049,0.0
RUN_079,2026-10-03 22:36:06,ICMP_FLOOD,NORMAL,8.933333333333334,3873.4,2.3333333333333335,0.16987734487734488,2.1490723332897494,1490.7311362940789,0.0
RUN_079,2026-10-03 22:36:07,ICMP_FLOOD,NORMAL,7.764705882352941,2279.529411764706,2.8823529411764706,0.15667453461571107,2.0240102363842967,1239.8633888229942,0.0
RUN_079,2026-10-03 22:36:08,ICMP_FLOOD,NORMAL,9.058823529411764,2541.0588235294117,2.6470588235294117,0.1171829804182745,1.720699133236021,1032.2806846411386,0.0
RUN_079,2026-10-03 22:36:09,ICMP_FLOOD,NORMAL,7.647058823529412,2501.294117647059,2.5294117647058822,0.2428987678987679,1.5014355148640777,924.5328370086291,0.0
RUN_079,2026-10-03 22:36:10,ICMP_FLOOD,NORMAL,7.588235294117647,2799.764705882353,2.5294117647058822,0.15320006790595025,1.635403219282271,888.3688466977408,0.0
RUN_079,2026-10-03 22:36:11,ICMP_FLOOD,NORMAL,6.0,1916.0666666666666,2.7333333333333334,0.520003145003145,1.8500868372076402,949.0661019925578,0.0
RUN_079,2026-10-03 22:36:12,ICMP_FLOOD,NORMAL,9.076923076923077,3729.769230769231,1.9230769230769231,0.11684789569404952,2.3537482937555696,1351.0698841632334,0.0
RUN_079,2026-10-03 22:36:13,ICMP_FLOOD,NORMAL,8.25,3559.8333333333335,1.8333333333333333,0.1406084656084656,2.0306748137159816,1241.7977439960125,0.0
RUN_079,2026-10-03 22:36:14,ICMP_FLOOD,NORMAL,8.88888888888889,3104.222222222222,1.2222222222222223,0.12223023889690553,1.7260628951866026,1232.017123053499,0.0
RUN_079,2026-10-03 22:36:15,ICMP_FLOOD,NORMAL,7.1,1383.7,1.4,0.1853210678210678,1.7774392840027189,1167.896435873019,0.0
RUN_079,2026-10-03 22:36:16,ICMP_FLOOD,NORMAL,7.6,2342.8,1.4,0.2407178932178932,1.5670698525993456,926.9108660803298,0.0
RUN_079,2026-10-03 22:36:17,ICMP_FLOOD,NORMAL,10.0,3383.7,1.4,0.11101190476190474,1.685972327455844,922.376048914604,0.0
RUN_079,2026-10-03 22:36:18,ICMP_FLOOD,NORMAL,7.222222222222222,3959.777777777778,1.2222222222222223,0.17478354978354974,1.9453320654529758,965.8105099158448,0.0
RUN_079,2026-10-03 22:36:19,ICMP_FLOOD,NORMAL,8.333333333333334,2880.222222222222,1.2222222222222223,0.14779263945930612,1.8951997550862905,799.6388254964885,0.0
RUN_079,2026-10-03 22:36:20,ICMP_FLOOD,EARLY_CHANGE,8.222222222222221,3010.3333333333335,1.2222222222222223,0.1581942748609415,2.1025828409460265,1067.4222630236263,0.0
RUN_079,2026-10-03 22:36:21,ICMP_FLOOD,EARLY_CHANGE,25.77777777777778,3229.777777777778,1.2222222222222223,0.09134169564497432,8.600564326017338,1782.5158741947803,0.5555555555555556
RUN_079,2026-10-03 22:36:22,ICMP_FLOOD,EARLY_CHANGE,43.75,5575.75,1.0,0.06444010764299471,9.262147536407968,1430.9780796778496,1.0
RUN_079,2026-10-03 22:36:23,ICMP_FLOOD,EARLY_CHANGE,47.5,5134.25,1.0,0.18634364900186462,10.948885058858497,1856.520581888002,1.5
RUN_079,2026-10-03 22:36:24,ICMP_FLOOD,EARLY_CHANGE,72.88888888888889,8079.666666666667,1.2222222222222223,0.08920626694953353,10.27054107451631,1525.9447824786323,2.2222222222222223
RUN_079,2026-10-03 22:36:25,ICMP_FLOOD,EARLY_CHANGE,92.3,10142.9,1.4,0.16553568601367583,15.110248849477415,1978.2076448623775,2.5
RUN_079,2026-10-03 22:36:26,ICMP_FLOOD,EARLY_CHANGE,97.7,9994.4,1.4,0.14935420358262194,20.309314631291013,2915.15987609913,3.0
RUN_079,2026-10-03 22:36:27,ICMP_FLOOD,EARLY_CHANGE,128.45454545454547,13015.363636363636,1.5454545454545454,0.1316541412378397,21.036637782665494,2898.015919985474,3.8181818181818183
RUN_079,2026-10-03 22:36:28,ICMP_FLOOD,EARLY_CHANGE,111.84615384615384,12308.0,1.9230769230769231,0.18285444408458004,22.176765578986785,3321.187677171226,4.3076923076923075
RUN_079,2026-10-03 22:36:29,ICMP_FLOOD,EARLY_CHANGE,139.63636363636363,14251.363636363636,1.7272727272727273,0.08655028415593186,26.462876178505052,3808.965212807793,4.909090909090909
RUN_079,2026-10-03 22:36:30,ICMP_FLOOD,ESCALATION,9.777777777777779,3081.777777777778,1.2222222222222223,0.11093474426807758,57.18075664501357,6199.406162754572,5.0
RUN_079,2026-10-03 22:36:31,ICMP_FLOOD,ESCALATION,14.333333333333334,3235.1111111111113,1.2222222222222223,0.11546652330966053,63.44262191069632,6280.014161909887,5.555555555555555
RUN_079,2026-10-03 22:36:32,ICMP_FLOOD,ESCALATION,20.818181818181817,3865.6363636363635,1.5454545454545454,0.11819445499502884,40.6406171001617,4523.552966561005,6.0
RUN_079,2026-10-03 22:36:33,ICMP_FLOOD,ESCALATION,26.636363636363637,4650.454545454545,1.5454545454545454,0.07889164446942346,38.75372989527701,4751.938714333368,6.545454545454546
RUN_079,2026-10-03 22:36:34,ICMP_FLOOD,ESCALATION,28.90909090909091,5432.363636363636,1.5454545454545454,0.08700662083015022,8.369965603390765,2107.972366854455,7.090909090909091
RUN_079,2026-10-03 22:36:35,ICMP_FLOOD,ESCALATION,33.81818181818182,5853.636363636364,1.5454545454545454,0.06906048933895857,7.74688164382134,1857.4006206268687,7.636363636363637
RUN_079,2026-10-03 22:36:36,ICMP_FLOOD,ESCALATION,45.0,5595.888888888889,1.2222222222222223,0.19440035273368605,10.500634434175339,1593.1754455244995,8.333333333333334
RUN_079,2026-10-03 22:36:37,ICMP_FLOOD,ESCALATION,35.55555555555556,4633.111111111111,1.2222222222222223,0.08109393855007886,7.697761307230317,1502.795045168154,8.88888888888889
RUN_079,2026-10-03 22:36:38,ICMP_FLOOD,ESCALATION,53.0,6577.4,1.4,0.08440749407421369,11.61827663357644,1784.7008837987946,8.5
RUN_079,2026-10-03 22:36:39,ICMP_FLOOD,ESCALATION,57.666666666666664,7994.555555555556,1.2222222222222223,0.09645099028817361,13.199228898140396,2576.0697611484634,10.0
RUN_079,2026-10-03 22:36:40,ICMP_FLOOD,ESCALATION,62.583333333333336,8370.583333333334,1.6666666666666667,0.04293169353802757,7.390266928902428,1495.5026380846205,11.083333333333334
RUN_079,2026-10-03 22:36:41,ICMP_FLOOD,ESCALATION,60.53846153846154,8940.923076923076,1.9230769230769231,0.05719986190119428,9.089871392941351,1752.0434493697408,10.76923076923077
RUN_079,2026-10-03 22:36:42,ICMP_FLOOD,ESCALATION,66.92857142857143,7846.071428571428,2.0,0.07008066229030277,10.955065402537715,1676.2594591942088,12.0
RUN_079,2026-10-03 22:36:43,ICMP_FLOOD,ESCALATION,84.66666666666667,9162.666666666666,2.066666666666667,0.06285790405967394,16.243057542803577,2026.1847085142283,13.2
RUN_079,2026-10-03 22:36:44,ICMP_FLOOD,ESCALATION,67.6923076923077,6641.384615384615,1.7692307692307692,0.08610033900774688,15.71591456817898,2374.9275056345928,12.384615384615385
RUN_079,2026-10-03 22:36:45,ICMP_FLOOD,ESCALATION,96.21428571428571,9830.785714285714,2.0,0.21850175226682736,18.707266113455315,2740.4973708780694,13.714285714285714
RUN_079,2026-10-03 22:36:46,ICMP_FLOOD,ESCALATION,104.66666666666667,10315.333333333334,2.2,0.2171368206116566,18.618846722241894,2585.5811306819082,15.0
RUN_079,2026-10-03 22:36:47,ICMP_FLOOD,ESCALATION,116.84615384615384,11993.23076923077,2.076923076923077,0.06887983301301505,22.663316669139014,2955.5935162651504,16.0
RUN_079,2026-10-03 22:36:48,ICMP_FLOOD,ESCALATION,105.25,9553.083333333334,1.8333333333333333,0.08819571056617448,23.85082122614607,3037.6868883226034,15.75
RUN_079,2026-10-03 22:36:49,ICMP_FLOOD,ESCALATION,109.41666666666667,9870.5,2.0,0.1737497545316501,22.373637942976373,2465.935425073201,18.666666666666668
RUN_079,2026-10-03 22:36:50,ICMP_FLOOD,ESCALATION,124.23076923076923,11439.692307692309,2.076923076923077,0.1193427056702508,26.589824896215337,2633.039861700706,17.846153846153847
RUN_079,2026-10-03 22:36:51,ICMP_FLOOD,ESCALATION,136.0625,13006.625,2.5,0.07386400212372075,26.016728144202492,2575.388292392556,18.75
RUN_079,2026-10-03 22:36:52,ICMP_FLOOD,ESCALATION,118.125,10620.0625,2.5,0.0982904419413471,29.416413945668832,2815.8837625733618,19.375
RUN_079,2026-10-03 22:36:53,ICMP_FLOOD,ESCALATION,154.61111111111111,15465.0,2.6666666666666665,0.039638055521904685,30.113426786728766,3204.8233354199156,21.333333333333332
RUN_079,2026-10-03 22:36:54,ICMP_FLOOD,ESCALATION,186.5,16911.85714285714,2.142857142857143,0.0863193562899021,34.23846996868916,3684.4227531368538,21.214285714285715
RUN_079,2026-10-03 22:36:55,ICMP_FLOOD,ESCALATION,156.66666666666666,13911.0,1.8333333333333333,0.15398384287746392,28.202682727207186,3365.989324082288,22.666666666666668
RUN_079,2026-10-03 22:36:56,ICMP_FLOOD,ESCALATION,154.41666666666666,16383.5,1.8333333333333333,0.042804629674766094,26.288447754891664,3077.432604876604,23.333333333333332
RUN_079,2026-10-03 22:36:57,ICMP_FLOOD,ESCALATION,185.14285714285714,16530.85714285714,2.2857142857142856,0.05421156076437022,26.24423536919614,3335.380035179431,25.714285714285715
RUN_079,2026-10-03 22:36:58,ICMP_FLOOD,ESCALATION,161.30769230769232,16227.615384615385,2.076923076923077,0.033601577027555334,31.091599105510962,3382.8587137166396,25.615384615384617
RUN_079,2026-10-03 22:36:59,ICMP_FLOOD,ESCALATION,154.05882352941177,14402.588235294117,2.411764705882353,0.07596923710543929,28.996497574044103,3373.7002056916676,24.58823529411765
RUN_079,2026-10-03 22:37:00,ICMP_FLOOD,SUSTAINED,195.47058823529412,17224.29411764706,2.411764705882353,0.07763944555191432,43.19754410510393,4341.217773038198,22.941176470588236
RUN_079,2026-10-03 22:37:01,ICMP_FLOOD,SUSTAINED,172.27777777777777,14729.111111111111,2.5555555555555554,0.11673224077156255,38.48115319092855,3559.9088576864588,24.444444444444443
RUN_079,2026-10-03 22:37:02,ICMP_FLOOD,SUSTAINED,187.11764705882354,16180.823529411764,2.2941176470588234,0.10218552214581181,37.47446269614443,3503.769295805973,24.11764705882353
RUN_079,2026-10-03 22:37:03,ICMP_FLOOD,SUSTAINED,216.26666666666668,21197.533333333333,2.066666666666667,0.04185690601455095,43.621314823612316,4458.017809665723,25.2
RUN_079,2026-10-03 22:37:04,ICMP_FLOOD,SUSTAINED,216.76470588235293,19148.529411764706,2.5294117647058822,0.1086757838036454,40.36363615110415,4276.5517478119455,27.823529411764707
RUN_079,2026-10-03 22:37:05,ICMP_FLOOD,SUSTAINED,184.4375,18511.75,2.25,0.07911331488438175,35.78476071055003,4202.0168684861555,27.5
RUN_079,2026-10-03 22:37:06,ICMP_FLOOD,SUSTAINED,175.93333333333334,15939.866666666667,2.3333333333333335,0.051733749713490575,43.4501553070164,5119.490907067925,30.0
RUN_079,2026-10-03 22:37:07,ICMP_FLOOD,SUSTAINED,182.23076923076923,15754.23076923077,2.230769230769231,0.05342169263428187,30.211082082576905,3757.807559241726,28.307692307692307
RUN_079,2026-10-03 22:37:08,ICMP_FLOOD,SUSTAINED,191.30769230769232,18034.615384615383,1.9230769230769231,0.09467906433791572,29.74887370108104,3759.6657032057915,28.923076923076923
RUN_079,2026-10-03 22:37:09,ICMP_FLOOD,SUSTAINED,203.33333333333334,16958.066666666666,2.466666666666667,0.05971032208309449,37.04072336934027,4127.1310595319965,32.0
RUN_079,2026-10-03 22:37:10,ICMP_FLOOD,SUSTAINED,201.86666666666667,18656.0,2.6,0.142785218335638,37.980123123650294,3770.327381183178,35.93333333333333
RUN_079,2026-10-03 22:37:11,ICMP_FLOOD,SUSTAINED,236.58823529411765,21624.941176470587,2.8823529411764706,0.09289611990708477,35.12219234040303,3465.4312761159476,38.23529411764706
RUN_079,2026-10-03 22:37:12,ICMP_FLOOD,SUSTAINED,247.23529411764707,19443.235294117647,2.8823529411764706,0.04435561493496506,39.895202238268524,3856.0522348867835,39.0
RUN_079,2026-10-03 22:37:13,ICMP_FLOOD,SUSTAINED,234.94444444444446,21567.666666666668,3.2222222222222223,0.025403191609736517,48.8925583193101,4494.17994213691,40.44444444444444
RUN_079,2026-10-03 22:37:14,ICMP_FLOOD,SUSTAINED,210.47058823529412,19168.058823529413,2.6470588235294117,0.08266028077582228,42.10499053045551,4732.660879268554,37.411764705882355
RUN_079,2026-10-03 22:37:15,ICMP_FLOOD,SUSTAINED,164.8421052631579,16657.42105263158,2.789473684210526,0.08696367582024223,39.0444163140122,4324.682402988116,34.10526315789474
RUN_079,2026-10-03 22:37:16,ICMP_FLOOD,SUSTAINED,175.77777777777777,16049.944444444445,2.6666666666666665,0.04123580613054185,37.3029969272278,4273.441795259464,33.611111111111114
RUN_079,2026-10-03 22:37:17,ICMP_FLOOD,SUSTAINED,190.57894736842104,17822.736842105263,2.789473684210526,0.039014427044989856,31.614821780708308,3839.357798735359,35.36842105263158
RUN_079,2026-10-03 22:37:18,ICMP_FLOOD,SUSTAINED,183.25,18155.875,2.625,0.03930203741986879,35.12107772213478,4165.257888559096,35.625
RUN_079,2026-10-03 22:37:19,ICMP_FLOOD,SUSTAINED,210.0,18911.2,2.6,0.19068614619669605,30.69462488887012,4166.100631484806,34.8
RUN_079,2026-10-03 22:37:20,ICMP_FLOOD,SUSTAINED,178.625,17956.5,3.0,0.11484569948202478,35.50741284113093,4127.403151529432,36.875
RUN_079,2026-10-03 22:37:21,ICMP_FLOOD,SUSTAINED,219.125,18685.5,2.875,0.1169327661671229,41.122977881902884,4870.857167836273,41.25
RUN_079,2026-10-03 22:37:22,ICMP_FLOOD,SUSTAINED,215.41176470588235,18773.70588235294,3.235294117647059,0.043827982668805554,38.17694611547947,4655.96832313233,43.05882352941177
RUN_079,2026-10-03 22:37:23,ICMP_FLOOD,SUSTAINED,209.46666666666667,19205.733333333334,2.7333333333333334,0.05805022931939092,45.09983940547142,5082.42308936947,45.46666666666667
RUN_079,2026-10-03 22:37:24,ICMP_FLOOD,SUSTAINED,208.71428571428572,18050.785714285714,2.4285714285714284,0.11531281445534666,39.07993310577177,4132.765634111911,45.0
RUN_079,2026-10-03 22:37:25,ICMP_FLOOD,SUSTAINED,205.53846153846155,17488.153846153848,2.3846153846153846,0.10978688582076687,36.797297473989794,4361.091219886142,44.30769230769231
RUN_079,2026-10-03 22:37:26,ICMP_FLOOD,SUSTAINED,152.2,14704.7,1.6,0.05880344681291322,38.45243655382848,3965.583595590992,39.0
RUN_079,2026-10-03 22:37:27,ICMP_FLOOD,SUSTAINED,186.23076923076923,16787.46153846154,2.230769230769231,0.06995593667994884,31.34219559006304,3227.389746821384,40.61538461538461
RUN_079,2026-10-03 22:37:28,ICMP_FLOOD,SUSTAINED,191.4,18742.733333333334,2.3333333333333335,0.054323556263428566,26.610724868796467,3025.1942593120466,40.2
RUN_079,2026-10-03 22:37:29,ICMP_FLOOD,SUSTAINED,132.66666666666666,12840.8,2.466666666666667,0.0811184846342007,24.39481244578168,2751.79529870484,36.266666666666666
RUN_079,2026-10-03 22:37:30,ICMP_FLOOD,DECAY,180.4375,15598.5625,2.875,0.2663762152019027,24.773581063173264,2968.799055495979,43.125
RUN_079,2026-10-03 22:37:31,ICMP_FLOOD,DECAY,212.1875,20076.0625,3.0,0.18427975669334168,29.60496651565058,3844.9137803129106,43.75
RUN_079,2026-10-03 22:37:32,ICMP_FLOOD,DECAY,217.375,20915.3125,2.875,0.0893302575568053,31.90854376008955,4126.725083988829,44.375
RUN_079,2026-10-03 22:37:33,ICMP_FLOOD,DECAY,199.625,18025.625,2.75,0.06626748308033888,27.383825677717198,3513.437973488076,49.5
RUN_079,2026-10-03 22:37:34,ICMP_FLOOD,DECAY,190.57142857142858,16431.35714285714,2.7142857142857144,0.06366986835460449,39.54548533279275,4386.299787790051,52.142857142857146
RUN_079,2026-10-03 22:37:35,ICMP_FLOOD,DECAY,176.5625,16208.75,3.5,0.03260469499838216,37.265405081757166,3929.500841903768,55.5
RUN_079,2026-10-03 22:37:36,ICMP_FLOOD,DECAY,152.1875,14650.5625,3.5,0.054967226631778145,36.645350389059956,3925.589116159898,56.25
RUN_079,2026-10-03 22:37:37,ICMP_FLOOD,DECAY,148.44444444444446,13475.722222222223,3.888888888888889,0.052342857032117676,40.09475679448355,3961.5022995785685,59.111111111111114
RUN_079,2026-10-03 22:37:38,ICMP_FLOOD,DECAY,140.35294117647058,11944.529411764706,3.588235294117647,0.0792348848190655,40.35727267513352,3611.719345296251,58.88235294117647
RUN_079,2026-10-03 22:37:39,ICMP_FLOOD,DECAY,130.52631578947367,11294.157894736842,4.052631578947368,0.07523328807807354,30.01662719803272,2790.316809079915,61.578947368421055
RUN_079,2026-10-03 22:37:40,ICMP_FLOOD,DECAY,117.8695652173913,11350.260869565218,4.043478260869565,0.06001183383019543,26.11972077993677,2572.228408735618,58.391304347826086
RUN_079,2026-10-03 22:37:41,ICMP_FLOOD,DECAY,73.11111111111111,6373.333333333333,3.0,0.1214121185708987,27.04820352554431,2635.892966002696,53.333333333333336
RUN_079,2026-10-03 22:37:42,ICMP_FLOOD,DECAY,99.47058823529412,9071.529411764706,2.8823529411764706,0.07767547399654155,25.187963875208084,2828.1428067575944,57.1764705882353
RUN_079,2026-10-03 22:37:43,ICMP_FLOOD,DECAY,70.33333333333333,7681.933333333333,2.466666666666667,0.041080148005530254,22.72898125695302,2545.4507423863643,54.666666666666664
RUN_079,2026-10-03 22:37:44,ICMP_FLOOD,DECAY,70.28571428571429,7139.857142857143,2.2857142857142856,0.09668541121025136,18.701800721144902,1880.2520263608671,53.357142857142854
RUN_079,2026-10-03 22:37:45,ICMP_FLOOD,DECAY,51.84615384615385,5841.846153846154,2.230769230769231,0.04310635573329001,18.381749824406874,1914.5853002334795,51.69230769230769
RUN_079,2026-10-03 22:37:46,ICMP_FLOOD,DECAY,39.4,4504.466666666666,2.6,0.20115739514636885,15.711653336338104,1649.627323682597,51.0
RUN_079,2026-10-03 22:37:47,ICMP_FLOOD,DECAY,32.0,5188.166666666667,2.0,0.092376650209131,11.88954584352931,1787.3723844079107,43.0
RUN_079,2026-10-03 22:37:48,ICMP_FLOOD,DECAY,16.923076923076923,3373.0,1.9230769230769231,0.13022180601366118,12.744483039086578,1758.9305651349985,40.15384615384615
RUN_079,2026-10-03 22:37:49,ICMP_FLOOD,DECAY,13.416666666666666,3237.0833333333335,1.8333333333333333,0.13253637931269507,11.70820277952735,2141.0508013407366,44.0
RUN_079,2026-10-03 22:37:50,ICMP_FLOOD,RECOVERY,9.7,4285.5,1.4,0.14074536574536572,9.422707653968455,2169.9024615503677,34.4
RUN_079,2026-10-03 22:37:51,ICMP_FLOOD,RECOVERY,9.0,2623.0,1.4,0.19547979797979798,8.865491599635225,2489.43079397541,33.6
RUN_079,2026-10-03 22:37:52,ICMP_FLOOD,RECOVERY,9.375,2956.375,1.0,0.114781746031746,5.3770404206348035,1933.092646232248,41.0
RUN_079,2026-10-03 22:37:53,ICMP_FLOOD,RECOVERY,7.75,2695.625,1.0,0.17227633477633475,2.473309009221061,1692.650412313119,40.0
RUN_079,2026-10-03 22:37:54,ICMP_FLOOD,RECOVERY,9.875,4627.0,1.0,0.10372474747474747,2.2045800937536675,1478.6424618394303,39.0
RUN_079,2026-10-03 22:37:55,ICMP_FLOOD,RECOVERY,9.222222222222221,3022.1111111111113,1.2222222222222223,0.11115921115921114,1.6363835113024388,955.6356215155536,42.22222222222222
RUN_079,2026-10-03 22:37:56,ICMP_FLOOD,RECOVERY,9.8,3631.0,1.4,0.10633699633699631,1.3186123906298524,523.3363350965385,37.0
RUN_079,2026-10-03 22:37:57,ICMP_FLOOD,RECOVERY,8.6,2007.8,1.4,0.2774675324675325,1.8092640335503485,797.3173504482917,36.0
RUN_079,2026-10-03 22:37:58,ICMP_FLOOD,RECOVERY,10.444444444444445,4746.333333333333,1.2222222222222223,0.10434704184704183,1.7836499305432822,1416.14274619041,31.11111111111111
RUN_079,2026-10-03 22:37:59,ICMP_FLOOD,RECOVERY,8.444444444444445,2575.1111111111113,1.2222222222222223,0.1680856180856181,3.418596328873956,1700.3948151565237,30.22222222222222
RUN_083,2026-10-03 22:44:00,SYN_FLOOD,NORMAL,6.4,940.8,1.0,0.1715151515151515,0.0,0.0,0.0
RUN_083,2026-10-03 22:44:01,SYN_FLOOD,NORMAL,4.5,516.1666666666666,1.3333333333333333,0.26111111111111107,1.0833333333333333,170.75,0.0
RUN_083,2026-10-03 22:44:02,SYN_FLOOD,NORMAL,7.0,1170.0,1.5714285714285714,0.16139455782312925,1.1127210977284994,285.77383680515953,0.0
RUN_083,2026-10-03 22:44:03,SYN_FLOOD,NORMAL,4.375,380.75,2.0,0.25416666666666665,1.1687766599969447,280.4526489147168,0.0
RUN_083,2026-10-03 22:44:04,SYN_FLOOD,NORMAL,4.125,319.875,2.0,0.3270833333333333,0.5029677751221026,31.270249961960694,0.0
RUN_083,2026-10-03 22:44:05,SYN_FLOOD,NORMAL,5.428571428571429,1928.7142857142858,1.8571428571428572,0.22925170068027212,1.4959149315415758,876.5814025507289,0.0
RUN_083,2026-10-03 22:44:06,SYN_FLOOD,NORMAL,3.6666666666666665,532.8333333333334,1.3333333333333333,0.30277777777777776,1.5624691080153454,906.2681890025265,0.0
RUN_083,2026-10-03 22:44:07,SYN_FLOOD,NORMAL,4.285714285714286,528.4285714285714,1.5714285714285714,0.2619047619047619,1.221824398652261,695.7284348446713,0.0
RUN_083,2026-10-03 22:44:08,SYN_FLOOD,NORMAL,4.5,411.75,1.75,0.23125,1.1225431779535155,572.2141828339146,0.0
RUN_083,2026-10-03 22:44:09,SYN_FLOOD,NORMAL,4.0,342.3333333333333,1.3333333333333333,0.25555555555555554,0.24046817359701056,10.455272093914258,0.0
RUN_083,2026-10-03 22:44:10,SYN_FLOOD,NORMAL,4.5,664.6666666666666,1.3333333333333333,0.2388888888888889,0.7512779165944048,187.61072213366324,0.0
RUN_083,2026-10-03 22:44:11,SYN_FLOOD,NORMAL,6.857142857142857,3655.714285714286,1.5714285714285714,0.186456400742115,0.9569209895965052,814.5026188269819,0.0
RUN_083,2026-10-03 22:44:12,SYN_FLOOD,NORMAL,4.571428571428571,1315.0,1.5714285714285714,0.22380952380952382,1.5314900952825146,1234.4748599890013,0.0
RUN_083,2026-10-03 22:44:13,SYN_FLOOD,NORMAL,7.166666666666667,1718.5,1.3333333333333333,0.16515151515151513,1.5086075447503973,1268.4611085821718,0.0
RUN_083,2026-10-03 22:44:14,SYN_FLOOD,NORMAL,4.857142857142857,1530.4285714285713,1.5714285714285714,0.21326530612244898,0.7321389164962377,430.2600426165553,0.0
RUN_083,2026-10-03 22:44:15,SYN_FLOOD,NORMAL,4.428571428571429,1045.0,1.5714285714285714,0.23809523809523808,1.0705606931574974,603.0958311678471,0.0
RUN_083,2026-10-03 22:44:16,SYN_FLOOD,NORMAL,5.75,1471.375,1.75,0.20526244588744588,0.905057596651025,248.46046688417132,0.0
RUN_083,2026-10-03 22:44:17,SYN_FLOOD,NORMAL,6.555555555555555,2745.6666666666665,2.111111111111111,0.18425925925925923,0.867052512351418,367.51504950579096,0.0
RUN_083,2026-10-03 22:44:18,SYN_FLOOD,NORMAL,6.555555555555555,3644.222222222222,2.111111111111111,0.211026936026936,0.9695646992637046,802.8312154506813,0.0
RUN_083,2026-10-03 22:44:19,SYN_FLOOD,NORMAL,7.375,2329.375,2.0,0.17558760683760682,1.3734895976696704,996.7601265378148,0.0
RUN_083,2026-10-03 22:44:20,SYN_FLOOD,EARLY_CHANGE,3.7142857142857144,669.7142857142857,1.5714285714285714,0.3071428571428571,1.3873355179262996,1035.8840941632373,0.0
RUN_083,2026-10-03 22:44:21,SYN_FLOOD,EARLY_CHANGE,24.285714285714285,1710.7142857142858,1.5714285714285714,0.10348974424604675,7.546991771165244,1061.4508002144073,0.8571428571428571
RUN_083,2026-10-03 22:44:22,SYN_FLOOD,EARLY_CHANGE,52.714285714285715,3829.1428571428573,1.5714285714285714,0.03553167858807255,16.42022359673915,1563.6706212854328,1.7142857142857142
RUN_083,2026-10-03 22:44:23,SYN_FLOOD,EARLY_CHANGE,60.0,4537.875,1.75,0.039016575260287054,16.474638389003978,1234.6501878729903,2.625
RUN_083,2026-10-03 22:44:24,SYN_FLOOD,EARLY_CHANGE,83.77777777777777,5300.0,2.111111111111111,0.12108023574036292,14.730451673586751,1145.0013988974042,3.5555555555555554
RUN_083,2026-10-03 22:44:25,SYN_FLOOD,EARLY_CHANGE,127.33333333333333,8447.222222222223,2.111111111111111,0.034452286331199844,24.427830350756597,1795.5878987529236,4.444444444444445
RUN_083,2026-10-03 22:44:26,SYN_FLOOD,EARLY_CHANGE,126.45454545454545,8510.363636363636,2.4545454545454546,0.01483487889558659,22.786469464402202,1499.5399501065206,5.454545454545454
RUN_083,2026-10-03 22:44:27,SYN_FLOOD,EARLY_CHANGE,172.1818181818182,11482.0,2.4545454545454546,0.011496639282001009,25.336445876437015,1708.3578723580888,6.363636363636363
RUN_083,2026-10-03 22:44:28,SYN_FLOOD,EARLY_CHANGE,221.46666666666667,15327.333333333334,3.4,0.008839936409653559,31.745294670718973,2371.9841006161682,7.466666666666667
RUN_083,2026-10-03 22:44:29,SYN_FLOOD,EARLY_CHANGE,206.2,13216.933333333332,3.6666666666666665,0.017941181764968114,26.882423669106057,2115.9673707860447,8.4
RUN_083,2026-10-03 22:44:30,SYN_FLOOD,ESCALATION,4.166666666666667,369.6666666666667,2.6666666666666665,0.2513888888888889,90.96363627820419,6052.632870712191,8.25
RUN_083,2026-10-03 22:44:31,SYN_FLOOD,ESCALATION,12.636363636363637,1034.1818181818182,2.4545454545454546,0.08715055545199084,92.83207061886118,6179.025769788935,9.090909090909092
RUN_083,2026-10-03 22:44:32,SYN_FLOOD,ESCALATION,17.444444444444443,1602.0,2.3333333333333335,0.07207570694412797,71.78762561747936,4788.948973043009,9.777777777777779
RUN_083,2026-10-03 22:44:33,SYN_FLOOD,ESCALATION,24.5,1892.25,2.0,0.04785854173454977,52.44253815539594,3172.8779437395824,10.5
RUN_083,2026-10-03 22:44:34,SYN_FLOOD,ESCALATION,33.0,2442.5,2.0,0.055963967595117466,6.806758605807495,448.08240837343294,11.375
RUN_083,2026-10-03 22:44:35,SYN_FLOOD,ESCALATION,39.666666666666664,2805.222222222222,2.111111111111111,0.040896879672306624,7.011899937788169,442.2062132848712,12.444444444444445
RUN_083,2026-10-03 22:44:36,SYN_FLOOD,ESCALATION,53.888888888888886,3802.5555555555557,2.111111111111111,0.05189623533547565,7.979375467302924,547.1065244959368,13.333333333333334
RUN_083,2026-10-03 22:44:37,SYN_FLOOD,ESCALATION,48.875,3525.5,2.0,0.037127704131380564,7.426063516394522,471.5038373452023,14.0
RUN_083,2026-10-03 22:44:38,SYN_FLOOD,ESCALATION,68.25,4604.875,2.5,0.043382950007765264,10.80632385476095,608.6107178347874,14.875
RUN_083,2026-10-03 22:44:39,SYN_FLOOD,ESCALATION,69.85714285714286,4464.285714285715,1.8571428571428572,0.05901705687010401,6.011092750819061,378.7111430424225,15.428571428571429
RUN_083,2026-10-03 22:44:40,SYN_FLOOD,ESCALATION,84.7,6283.1,2.6,0.01837305625336243,9.084282192892653,811.3491549678411,17.1
RUN_083,2026-10-03 22:44:41,SYN_FLOOD,ESCALATION,106.3,7011.3,2.6,0.04147810819549461,16.929660997067952,1417.804742370079,18.0
RUN_083,2026-10-03 22:44:42,SYN_FLOOD,ESCALATION,88.2,5889.5,2.2,0.0194898450442262,14.296409279317553,954.7383844896934,18.9
RUN_083,2026-10-03 22:44:43,SYN_FLOOD,ESCALATION,103.36363636363636,7371.090909090909,2.4545454545454546,0.021283032271660916,15.287242135141883,1157.7362427093456,20.0
RUN_083,2026-10-03 22:44:44,SYN_FLOOD,ESCALATION,98.0,6699.0,2.5555555555555554,0.01767885437226832,12.844372039901891,1055.1577404634736,20.444444444444443
RUN_083,2026-10-03 22:44:45,SYN_FLOOD,ESCALATION,115.88888888888889,8083.555555555556,2.3333333333333335,0.01842432918934748,15.273359908285366,1247.2048752923301,21.333333333333332
RUN_083,2026-10-03 22:44:46,SYN_FLOOD,ESCALATION,118.875,8755.0,2.5,0.017138531755454888,10.888190091313106,970.1454878935849,21.875
RUN_083,2026-10-03 22:44:47,SYN_FLOOD,ESCALATION,140.72727272727272,10071.636363636364,3.1818181818181817,0.017435125873385672,13.6844764621913,1067.13011999164,21.272727272727273
RUN_083,2026-10-03 22:44:48,SYN_FLOOD,ESCALATION,143.78571428571428,10660.142857142857,3.2857142857142856,0.020242607820981365,15.477043693033792,1330.7631603661318,23.142857142857142
RUN_083,2026-10-03 22:44:49,SYN_FLOOD,ESCALATION,163.5625,11521.25,3.625,0.015507163503654374,16.444915466928375,1377.1653075823626,24.5
RUN_083,2026-10-03 22:44:50,SYN_FLOOD,ESCALATION,183.76470588235293,12112.823529411764,3.823529411764706,0.01744825540800199,28.98306408684787,1989.0825454536666,25.58823529411765
RUN_083,2026-10-03 22:44:51,SYN_FLOOD,ESCALATION,149.5625,10834.6875,3.375,0.016806989133667273,29.342757701203134,2132.663520471806,26.25
RUN_083,2026-10-03 22:44:52,SYN_FLOOD,ESCALATION,155.06666666666666,11056.2,3.1333333333333333,0.019110739429661613,26.50479720080345,1822.735700979985,26.866666666666667
RUN_083,2026-10-03 22:44:53,SYN_FLOOD,ESCALATION,160.5,11526.0625,3.375,0.026722549236525374,21.52526375467298,1657.2896613718722,26.0
RUN_083,2026-10-03 22:44:54,SYN_FLOOD,ESCALATION,166.4375,11401.625,3.5,0.03822761908731294,25.42684704821525,2066.2729360445915,26.8125
RUN_083,2026-10-03 22:44:55,SYN_FLOOD,ESCALATION,148.85714285714286,9934.0,3.142857142857143,0.05802786633888403,28.396811099675485,2399.9016430585957,26.714285714285715
RUN_083,2026-10-03 22:44:56,SYN_FLOOD,ESCALATION,171.66666666666666,11626.833333333334,3.888888888888889,0.07314731614853948,24.880346618139857,1902.5648239684383,27.22222222222222
RUN_083,2026-10-03 22:44:57,SYN_FLOOD,ESCALATION,188.94736842105263,12735.684210526315,4.052631578947368,0.0382047936578488,25.6366518571578,1902.738273120323,28.42105263157895
RUN_083,2026-10-03 22:44:58,SYN_FLOOD,ESCALATION,219.23809523809524,15055.761904761905,4.428571428571429,0.16996819166761284,33.95571113317587,2302.312299635842,29.952380952380953
RUN_083,2026-10-03 22:44:59,SYN_FLOOD,ESCALATION,201.71428571428572,12675.47619047619,4.428571428571429,0.07479508088579616,35.79647433170825,2463.3226799593035,30.761904761904763
RUN_083,2026-10-03 22:45:00,SYN_FLOOD,SUSTAINED,199.57894736842104,13604.947368421053,4.052631578947368,0.018285174894439322,29.363817453913867,2256.9426547940475,34.89473684210526
RUN_083,2026-10-03 22:45:01,SYN_FLOOD,SUSTAINED,233.38888888888889,14790.944444444445,3.888888888888889,0.012580656569451383,26.98133202730099,2004.0910135212944,35.55555555555556
RUN_083,2026-10-03 22:45:02,SYN_FLOOD,SUSTAINED,205.1578947368421,13517.052631578947,4.368421052631579,0.017718150750357136,27.754494740337343,1964.361207187323,38.8421052631579
RUN_083,2026-10-03 22:45:03,SYN_FLOOD,SUSTAINED,235.88888888888889,15113.944444444445,4.333333333333333,0.022502557184278443,30.462137343695854,2285.7368870173837,39.666666666666664
RUN_083,2026-10-03 22:45:04,SYN_FLOOD,SUSTAINED,254.0,17077.529411764706,3.823529411764706,0.008553924559967601,34.21425515404628,2292.2716753078803,40.470588235294116
RUN_083,2026-10-03 22:45:05,SYN_FLOOD,SUSTAINED,229.5,14357.888888888889,3.888888888888889,0.08708087435523597,34.574815190119594,2452.012197524628,39.111111111111114
RUN_083,2026-10-03 22:45:06,SYN_FLOOD,SUSTAINED,205.61111111111111,14384.111111111111,3.888888888888889,0.01212224873119514,35.88874168063215,2671.3597724545025,40.0
RUN_083,2026-10-03 22:45:07,SYN_FLOOD,SUSTAINED,166.88235294117646,10728.764705882353,3.588235294117647,0.04846118760418485,33.02588449188041,2457.8096628624335,37.88235294117647
RUN_083,2026-10-03 22:45:08,SYN_FLOOD,SUSTAINED,175.57894736842104,12076.526315789473,3.8421052631578947,0.022019063314370785,33.23197652111516,2634.137247623595,37.10526315789474
RUN_083,2026-10-03 22:45:09,SYN_FLOOD,SUSTAINED,195.27777777777777,13929.555555555555,3.7777777777777777,0.02510318126344087,25.80099827084518,2289.8385817311987,37.333333333333336
RUN_083,2026-10-03 22:45:10,SYN_FLOOD,SUSTAINED,211.72222222222223,14942.166666666666,3.6666666666666665,0.017000500474564344,30.762249283813073,2395.0829539416936,40.833333333333336
RUN_083,2026-10-03 22:45:11,SYN_FLOOD,SUSTAINED,222.5,13878.888888888889,3.888888888888889,0.03606277355126262,27.075317752690186,2259.2891536344096,44.44444444444444
RUN_083,2026-10-03 22:45:12,SYN_FLOOD,SUSTAINED,258.55555555555554,16883.5,3.7777777777777777,0.01144018731290336,26.06711624255578,1988.885755841875,45.333333333333336
RUN_083,2026-10-03 22:45:13,SYN_FLOOD,SUSTAINED,249.42105263157896,16418.21052631579,4.052631578947368,0.01066434997345521,30.04343890770147,2411.1193141083104,46.526315789473685
RUN_083,2026-10-03 22:45:14,SYN_FLOOD,SUSTAINED,202.05263157894737,13929.894736842105,4.052631578947368,0.014643855681855727,31.044455840135655,2249.56876777248,47.421052631578945
RUN_083,2026-10-03 22:45:15,SYN_FLOOD,SUSTAINED,213.31578947368422,13734.315789473685,3.8421052631578947,0.028575837195214896,27.033261111625194,2054.4277742852505,45.473684210526315
RUN_083,2026-10-03 22:45:16,SYN_FLOOD,SUSTAINED,194.9,13438.5,4.3,0.013351561657458998,25.223912000848138,1517.473569495241,49.5
RUN_083,2026-10-03 22:45:17,SYN_FLOOD,SUSTAINED,247.95238095238096,16069.238095238095,4.523809523809524,0.024868036695289468,25.336335075464554,1539.658269427805,50.666666666666664
RUN_083,2026-10-03 22:45:18,SYN_FLOOD,SUSTAINED,219.3181818181818,13460.818181818182,4.818181818181818,0.022863825625911497,27.71204673942876,1811.0223952237548,51.81818181818182
RUN_083,2026-10-03 22:45:19,SYN_FLOOD,SUSTAINED,259.57142857142856,16824.714285714286,4.523809523809524,0.020801160180352964,30.13695529034661,2003.2793616813283,52.476190476190474
RUN_083,2026-10-03 22:45:20,SYN_FLOOD,SUSTAINED,272.89473684210526,18862.157894736843,4.473684210526316,0.01655006306415932,31.181365282438808,2345.208291691477,55.89473684210526
RUN_083,2026-10-03 22:45:21,SYN_FLOOD,SUSTAINED,263.8888888888889,17470.166666666668,4.222222222222222,0.009759937649443506,36.58975626926071,2908.026346115189,56.666666666666664
RUN_083,2026-10-03 22:45:22,SYN_FLOOD,SUSTAINED,242.11764705882354,15947.70588235294,4.0588235294117645,0.012200200556941751,32.108104178781026,2579.039957932763,57.411764705882355
RUN_083,2026-10-03 22:45:23,SYN_FLOOD,SUSTAINED,248.125,16913.875,3.75,0.019446908502983556,35.82048562459371,2613.728476795376,58.125
RUN_083,2026-10-03 22:45:24,SYN_FLOOD,SUSTAINED,174.2941176470588,11066.70588235294,3.9411764705882355,0.03479138920844832,33.75447008973885,2624.0731580934553,59.294117647058826
RUN_083,2026-10-03 22:45:25,SYN_FLOOD,SUSTAINED,226.05882352941177,15418.0,3.9411764705882355,0.008026894161919712,31.914073422447217,2522.27114052356,60.23529411764706
RUN_083,2026-10-03 22:45:26,SYN_FLOOD,SUSTAINED,228.0,15624.9375,3.625,0.009739281287697769,26.186846340027188,1875.4650199269925,60.9375
RUN_083,2026-10-03 22:45:27,SYN_FLOOD,SUSTAINED,256.8333333333333,15785.833333333334,4.111111111111111,0.017585496819057106,32.06616049958318,2056.114755247856,62.333333333333336
RUN_083,2026-10-03 22:45:28,SYN_FLOOD,SUSTAINED,234.85,14622.75,4.6,0.016544600301336584,39.92147989940819,2503.59754851245,63.65
RUN_083,2026-10-03 22:45:29,SYN_FLOOD,SUSTAINED,257.1,15867.0,4.6,0.012089568805176155,40.348248914289954,2538.091819883513,64.6
RUN_083,2026-10-03 22:45:30,SYN_FLOOD,DECAY,273.5263157894737,17419.63157894737,4.368421052631579,0.05596511063438998,32.0706734760181,2179.973456452605,65.36842105263158
RUN_083,2026-10-03 22:45:31,SYN_FLOOD,DECAY,250.0,16446.052631578947,4.368421052631579,0.030185690452778396,34.13692177458827,2279.2920417846326,66.3157894736842
RUN_083,2026-10-03 22:45:32,SYN_FLOOD,DECAY,211.10526315789474,15031.0,4.578947368421052,0.008175372173298268,31.81169883313536,2202.779570412966,67.26315789473684
RUN_083,2026-10-03 22:45:33,SYN_FLOOD,DECAY,208.77777777777777,14306.444444444445,4.222222222222222,0.060061997059374775,27.93689677636366,2093.934872061859,68.0
RUN_083,2026-10-03 22:45:34,SYN_FLOOD,DECAY,187.83333333333334,11718.833333333334,4.222222222222222,0.03287892191352716,28.20591782767287,2331.8190748388206,68.94444444444444
RUN_083,2026-10-03 22:45:35,SYN_FLOOD,DECAY,179.22222222222223,12194.555555555555,4.111111111111111,0.014603291524845673,29.15544375460859,2305.195898907226,69.88888888888889
RUN_083,2026-10-03 22:45:36,SYN_FLOOD,DECAY,159.72222222222223,10193.388888888889,4.111111111111111,0.015118484464235095,27.594816887147694,2177.4877447351605,70.83333333333333
RUN_083,2026-10-03 22:45:37,SYN_FLOOD,DECAY,138.2,8712.55,4.6,0.013140827665488505,24.75215874245957,1852.423161294451,72.2
RUN_083,2026-10-03 22:45:38,SYN_FLOOD,DECAY,142.88888888888889,8936.611111111111,4.222222222222222,0.0158694726494623,23.064718238742365,1758.0848085681146,72.72222222222223
RUN_083,2026-10-03 22:45:39,SYN_FLOOD,DECAY,138.6875,9637.8125,3.75,0.01363815440043697,24.885718365464594,1761.6033875183036,73.125
RUN_083,2026-10-03 22:45:40,SYN_FLOOD,DECAY,115.0,7617.785714285715,3.2857142857142856,0.015592614044875787,23.74627541733137,1652.4236812187353,73.35714285714286
RUN_083,2026-10-03 22:45:41,SYN_FLOOD,DECAY,110.8,6944.1,2.6,0.05782114461446031,14.926939304450617,1418.3628487775288,72.0
RUN_083,2026-10-03 22:45:42,SYN_FLOOD,DECAY,93.33333333333333,6258.444444444444,2.111111111111111,0.020126447660613823,14.216728018378044,1275.2293582368184,72.0
RUN_083,2026-10-03 22:45:43,SYN_FLOOD,DECAY,73.2,4959.5,2.2,0.0207096909809093,14.165830478285368,1202.1476075969688,73.8
RUN_083,2026-10-03 22:45:44,SYN_FLOOD,DECAY,76.21428571428571,5447.285714285715,3.142857142857143,0.018909698109056135,11.959162814838582,1051.6639152532966,77.07142857142857
RUN_083,2026-10-03 22:45:45,SYN_FLOOD,DECAY,54.63636363636363,3949.0,2.6363636363636362,0.028725263331197844,12.767943477246886,1086.8349447685555,76.36363636363636
RUN_083,2026-10-03 22:45:46,SYN_FLOOD,DECAY,48.25,3510.125,1.75,0.04786628635905371,13.483554766645133,1117.068893426365,74.375
RUN_083,2026-10-03 22:45:47,SYN_FLOOD,DECAY,32.22222222222222,2193.8888888888887,2.111111111111111,0.2418651760098058,8.482570414397243,791.1509179340368,66.88888888888889
RUN_083,2026-10-03 22:45:48,SYN_FLOOD,DECAY,24.5,2223.2,2.4,0.1050142677743108,3.1104379210114437,524.0782285331206,60.9
RUN_083,2026-10-03 22:45:49,SYN_FLOOD,DECAY,13.4,1756.0,2.2,0.1040830003330003,4.430202287891863,581.9830351173786,61.6
RUN_083,2026-10-03 22:45:50,SYN_FLOOD,RECOVERY,4.5,964.6,2.2,0.24416666666666664,7.599817154713904,734.6812239249367,60.2
RUN_083,2026-10-03 22:45:51,SYN_FLOOD,RECOVERY,4.222222222222222,648.8888888888889,2.111111111111111,0.26666666666666666,7.136323251538424,745.1621673969499,56.0
RUN_083,2026-10-03 22:45:52,SYN_FLOOD,RECOVERY,4.2,406.6,1.0,0.2733333333333333,4.018594643927976,282.67332734147595,65.6
RUN_083,2026-10-03 22:45:53,SYN_FLOOD,RECOVERY,5.0,1208.0,1.5714285714285714,0.23333333333333334,1.724438258837925,504.26907014887365,68.57142857142857
RUN_083,2026-10-03 22:45:54,SYN_FLOOD,RECOVERY,5.0,880.75,2.0,0.20416666666666666,0.8410749085014405,335.7908187473049,68.25
RUN_083,2026-10-03 22:45:55,SYN_FLOOD,RECOVERY,6.083333333333333,1896.4166666666667,2.8333333333333335,0.19847374847374846,0.7338921792604257,302.96396894090645,63.333333333333336
RUN_083,2026-10-03 22:45:56,SYN_FLOOD,RECOVERY,4.4,574.2,2.2,0.24,1.3129621162817409,756.7594310549115,59.2
RUN_083,2026-10-03 22:45:57,SYN_FLOOD,RECOVERY,5.555555555555555,833.3333333333334,1.8888888888888888,0.1928571428571428,1.2926482638056116,759.8511963853311,56.0
RUN_083,2026-10-03 22:45:58,SYN_FLOOD,RECOVERY,5.777777777777778,1144.888888888889,1.8888888888888888,0.21287477954144618,1.2892895529506494,702.7038913565494,54.44444444444444
RUN_083,2026-10-03 22:45:59,SYN_FLOOD,RECOVERY,3.25,342.0,1.75,0.44166666666666665,1.448376335165874,841.4695435516509,51.0
RUN_105,2026-10-03 23:28:00,SYN_FLOOD,NORMAL,6.111111111111111,3639.3333333333335,1.0,0.19025573192239859,0.0,0.0,0.0
RUN_105,2026-10-03 23:28:01,SYN_FLOOD,NORMAL,5.1,2672.1,1.2,0.2741666666666666,1.05,770.55,0.0
RUN_105,2026-10-03 23:28:02,SYN_FLOOD,NORMAL,8.0,5206.7,1.2,0.17232142857142857,2.3982427086588656,2066.8467446534687,0.0
RUN_105,2026-10-03 23:28:03,SYN_FLOOD,NORMAL,6.75,3242.75,1.5,0.19274440836940834,1.947702200026119,1600.6969101003651,0.0
RUN_105,2026-10-03 23:28:04,SYN_FLOOD,NORMAL,6.0,3433.9166666666665,1.5,0.24209447959447958,1.996930059023325,1315.7348248178912,0.0
RUN_105,2026-10-03 23:28:05,SYN_FLOOD,NORMAL,4.545454545454546,1814.6363636363637,1.3636363636363635,0.3448051948051948,2.3957037218459236,1659.426675713838,0.0
RUN_105,2026-10-03 23:28:06,SYN_FLOOD,NORMAL,5.545454545454546,3490.6363636363635,1.3636363636363635,0.3564935064935065,3.176684610520985,1955.1641414741237,0.0
RUN_105,2026-10-03 23:28:07,SYN_FLOOD,NORMAL,8.454545454545455,5890.636363636364,1.3636363636363635,0.14825729825729825,3.3656510501480965,2608.5022670624016,0.0
RUN_105,2026-10-03 23:28:08,SYN_FLOOD,NORMAL,4.9,2974.9,1.2,0.21944444444444447,3.118797715135011,2557.774850909517,0.0
RUN_105,2026-10-03 23:28:09,SYN_FLOOD,NORMAL,8.272727272727273,5555.0,1.3636363636363635,0.13634559884559883,2.5574925174355077,2181.117703955096,0.0
RUN_105,2026-10-03 23:28:10,SYN_FLOOD,NORMAL,6.090909090909091,3421.909090909091,1.3636363636363635,0.19178145087235998,2.0941852056566677,1802.2141828631807,0.0
RUN_105,2026-10-03 23:28:11,SYN_FLOOD,NORMAL,5.5,2892.4,1.2,0.26516233766233765,1.535559526529789,1303.111204794645,0.0
RUN_105,2026-10-03 23:28:12,SYN_FLOOD,NORMAL,6.1,3210.6,1.2,0.311025641025641,2.584928313949368,1586.7581294730176,0.0
RUN_105,2026-10-03 23:28:13,SYN_FLOOD,NORMAL,5.9,2713.0,1.2,0.21920634920634918,2.097802421814787,1166.7849762160329,0.0
RUN_105,2026-10-03 23:28:14,SYN_FLOOD,NORMAL,8.181818181818182,5144.0,1.3636363636363635,0.23034713160311246,2.2316510817979958,1287.110268925577,0.0
RUN_105,2026-10-03 23:28:15,SYN_FLOOD,NORMAL,4.3076923076923075,1715.8461538461538,1.7692307692307692,0.33205128205128204,2.4220630378215993,1638.5573502525065,0.0
RUN_105,2026-10-03 23:28:16,SYN_FLOOD,NORMAL,5.214285714285714,1824.2142857142858,2.0,0.3218733647305076,1.564183288707382,872.4123756055975,0.0
RUN_105,2026-10-03 23:28:17,SYN_FLOOD,NORMAL,3.642857142857143,1208.857142857143,1.8571428571428572,0.3607142857142857,1.5237347477137184,912.4135838249393,0.0
RUN_105,2026-10-03 23:28:18,SYN_FLOOD,NORMAL,4.615384615384615,1988.0,1.6153846153846154,0.32625707625707623,1.4923968155943235,1051.750933754128,0.0
RUN_105,2026-10-03 23:28:19,SYN_FLOOD,NORMAL,5.384615384615385,2266.153846153846,1.7692307692307692,0.20384615384615382,1.5861626883329443,948.2015590052257,0.0
RUN_105,2026-10-03 23:28:20,SYN_FLOOD,EARLY_CHANGE,7.909090909090909,3883.3636363636365,1.3636363636363635,0.1990649873002814,2.1903783368872967,1310.1407884056937,0.0
RUN_105,2026-10-03 23:28:21,SYN_FLOOD,EARLY_CHANGE,15.083333333333334,4018.75,1.5,0.16688542508975943,3.587604659325422,1519.2999285124404,0.3333333333333333
RUN_105,2026-10-03 23:28:22,SYN_FLOOD,EARLY_CHANGE,22.916666666666668,4331.916666666667,1.5,0.11852633477633477,6.339100757878775,1181.8058126579617,0.6666666666666666
RUN_105,2026-10-03 23:28:23,SYN_FLOOD,EARLY_CHANGE,22.615384615384617,5578.538461538462,1.6153846153846154,0.09966563868834147,6.69954209468771,1923.9604114086728,0.6923076923076923
RUN_105,2026-10-03 23:28:24,SYN_FLOOD,EARLY_CHANGE,24.916666666666668,3748.5,1.5,0.17210247513437682,8.013067984403142,2489.2970590162354,0.6666666666666666
RUN_105,2026-10-03 23:28:25,SYN_FLOOD,EARLY_CHANGE,40.785714285714285,3998.8571428571427,1.7142857142857142,0.24698917496810843,8.284862873955756,2149.0257396184943,1.4285714285714286
RUN_105,2026-10-03 23:28:26,SYN_FLOOD,EARLY_CHANGE,43.1875,6380.4375,2.125,0.13086667378679376,9.549279335844686,2401.5604900923277,1.875
RUN_105,2026-10-03 23:28:27,SYN_FLOOD,EARLY_CHANGE,79.13333333333334,7607.6,2.066666666666667,0.08137666836115452,8.712263995475103,1797.7261976645148,2.8
RUN_105,2026-10-03 23:28:28,SYN_FLOOD,EARLY_CHANGE,103.33333333333333,10292.733333333334,2.2,0.1868721284628699,16.529181507681336,2556.0666760231934,3.2
RUN_105,2026-10-03 23:28:29,SYN_FLOOD,EARLY_CHANGE,72.8125,8256.4375,2.625,0.10071327465869277,16.322150431903587,2475.1218302549014,3.9375
RUN_105,2026-10-03 23:28:30,SYN_FLOOD,ESCALATION,6.857142857142857,3329.0714285714284,2.142857142857143,0.1757635221920936,39.19801764323896,4032.610030171562,3.857142857142857
RUN_105,2026-10-03 23:28:31,SYN_FLOOD,ESCALATION,9.8,3784.1,1.2,0.19177822177822176,23.689114643579973,3142.680738584616,3.0
RUN_105,2026-10-03 23:28:32,SYN_FLOOD,ESCALATION,10.666666666666666,4687.444444444444,1.0,0.15047385518400008,15.464436387866519,3037.7841333410706,2.4444444444444446
RUN_105,2026-10-03 23:28:33,SYN_FLOOD,ESCALATION,12.444444444444445,3902.1111111111113,1.0,0.2851713531280094,3.000269852683479,2289.008921612247,2.6666666666666665
RUN_105,2026-10-03 23:28:34,SYN_FLOOD,ESCALATION,17.23076923076923,4560.7692307692305,1.6153846153846154,0.1906131327872454,3.208496960794931,1622.9633247388915,4.0
RUN_105,2026-10-03 23:28:35,SYN_FLOOD,ESCALATION,20.125,3763.5625,2.25,0.13966746166015084,3.1228529111319556,820.6811780633752,4.375
RUN_105,2026-10-03 23:28:36,SYN_FLOOD,ESCALATION,20.6875,3697.0625,2.25,0.2682053774103046,4.766192446153558,1771.7118648394899,4.6875
RUN_105,2026-10-03 23:28:37,SYN_FLOOD,ESCALATION,29.941176470588236,4882.411764705882,2.411764705882353,0.13718396221057153,5.060411346147638,1871.8602967124625,5.647058823529412
RUN_105,2026-10-03 23:28:38,SYN_FLOOD,ESCALATION,24.125,3885.1875,2.125,0.22584525179461884,4.033861573120589,1667.736800928383,4.25
RUN_105,2026-10-03 23:28:39,SYN_FLOOD,ESCALATION,21.3125,3441.1875,2.125,0.1299628323065823,4.582998480002027,1715.4989267036988,3.375
RUN_105,2026-10-03 23:28:40,SYN_FLOOD,ESCALATION,30.764705882352942,3868.4117647058824,2.2941176470588234,0.32254106338654226,4.407742419789764,1161.3810015959907,5.588235294117647
RUN_105,2026-10-03 23:28:41,SYN_FLOOD,ESCALATION,34.25,5155.8125,2.25,0.36429183151775363,7.932343809355906,2042.9726796281466,5.0
RUN_105,2026-10-03 23:28:42,SYN_FLOOD,ESCALATION,23.76923076923077,5784.615384615385,1.7692307692307692,0.1900937337235414,5.977602657158635,2410.678522071528,3.230769230769231
RUN_105,2026-10-03 23:28:43,SYN_FLOOD,ESCALATION,24.636363636363637,4431.727272727273,1.3636363636363635,0.14007730620633846,6.185861902293562,2139.9598322832153,4.0
RUN_105,2026-10-03 23:28:44,SYN_FLOOD,ESCALATION,39.18181818181818,5387.090909090909,1.3636363636363635,0.16625675816814853,4.5366265543825275,1892.8342139321262,6.2727272727272725
RUN_105,2026-10-03 23:28:45,SYN_FLOOD,ESCALATION,32.1,5445.5,1.2,0.22457098181435925,7.690460217716162,2409.3865983249534,4.8
RUN_105,2026-10-03 23:28:46,SYN_FLOOD,ESCALATION,48.18181818181818,8015.181818181818,1.3636363636363635,0.09237806615842575,6.68030658703268,2047.7409279969836,9.090909090909092
RUN_105,2026-10-03 23:28:47,SYN_FLOOD,ESCALATION,55.07692307692308,5485.615384615385,1.7692307692307692,0.20741209019920456,7.506388261767934,1783.3544617289133,10.0
RUN_105,2026-10-03 23:28:48,SYN_FLOOD,ESCALATION,78.6923076923077,7265.692307692308,1.7692307692307692,0.1341336627083614,10.794580322182131,2151.1153460624014,10.384615384615385
RUN_105,2026-10-03 23:28:49,SYN_FLOOD,ESCALATION,49.53333333333333,6199.6,2.2,0.07331154015875459,14.109276146657571,2208.331062469469,11.2
RUN_105,2026-10-03 23:28:50,SYN_FLOOD,ESCALATION,73.86666666666666,6526.6,2.2,0.10536559972300248,11.99741228299214,2080.928116606609,11.6
RUN_105,2026-10-03 23:28:51,SYN_FLOOD,ESCALATION,71.71428571428571,7424.214285714285,2.142857142857143,0.14519245235071168,9.724672881501913,1571.3041810902007,12.857142857142858
RUN_105,2026-10-03 23:28:52,SYN_FLOOD,ESCALATION,103.25,8564.9375,2.75,0.08051467605418026,12.576158827473066,1439.5680070947753,15.5
RUN_105,2026-10-03 23:28:53,SYN_FLOOD,ESCALATION,97.13333333333334,7844.933333333333,2.6,0.15298590889564193,11.60739246839041,1583.3000241918896,17.066666666666666
RUN_105,2026-10-03 23:28:54,SYN_FLOOD,ESCALATION,93.76470588235294,8106.764705882353,2.6470588235294117,0.1554219108043534,11.301162813729437,1570.0735004710095,15.529411764705882
RUN_105,2026-10-03 23:28:55,SYN_FLOOD,ESCALATION,125.61111111111111,9571.222222222223,2.7777777777777777,0.16667919500199033,19.16321361054358,2177.8720983535445,15.11111111111111
RUN_105,2026-10-03 23:28:56,SYN_FLOOD,ESCALATION,120.0,9351.666666666666,3.1904761904761907,0.16348950412478555,15.986401250042892,1758.5896081581723,15.0
RUN_105,2026-10-03 23:28:57,SYN_FLOOD,ESCALATION,110.66666666666667,9777.47619047619,3.0,0.2066750448138209,18.98840589229339,2200.379209652343,15.428571428571429
RUN_105,2026-10-03 23:28:58,SYN_FLOOD,ESCALATION,113.5,10033.95,3.0,0.0856154559373685,18.83036444718837,2192.5164530492552,16.65
RUN_105,2026-10-03 23:28:59,SYN_FLOOD,ESCALATION,119.95,9192.35,3.3,0.19226125110933107,15.003694981007232,2046.4758169715235,19.0
RUN_105,2026-10-03 23:29:00,SYN_FLOOD,SUSTAINED,136.68421052631578,11624.21052631579,3.1052631578947367,0.07128448007486532,12.05058177319581,2209.071568966668,18.473684210526315
RUN_105,2026-10-03 23:29:01,SYN_FLOOD,SUSTAINED,130.8125,9404.625,2.625,0.16098897153239417,8.42497268526787,2028.7200181009628,20.0
RUN_105,2026-10-03 23:29:02,SYN_FLOOD,SUSTAINED,118.70588235294117,9061.588235294117,3.0,0.2162810500395821,15.322454284572606,1759.1783221732012,21.705882352941178
RUN_105,2026-10-03 23:29:03,SYN_FLOOD,SUSTAINED,118.25,9841.4375,2.375,0.17975946304857332,16.404956603493353,1779.7026042257412,18.375
RUN_105,2026-10-03 23:29:04,SYN_FLOOD,SUSTAINED,135.93333333333334,12772.6,2.2,0.08526395329475617,23.446470757270262,3078.8824405312566,17.2
RUN_105,2026-10-03 23:29:05,SYN_FLOOD,SUSTAINED,108.13333333333334,8502.933333333332,2.2,0.13711421082934283,16.37140581813319,2613.1299504107797,17.6
RUN_105,2026-10-03 23:29:06,SYN_FLOOD,SUSTAINED,144.33333333333334,10994.4,2.7333333333333334,0.11949535348063287,17.3019551280829,2286.2787883715832,24.0
RUN_105,2026-10-03 23:29:07,SYN_FLOOD,SUSTAINED,95.3076923076923,7972.461538461538,1.9230769230769231,0.15561299045218602,19.358705724373536,2595.741802928249,21.23076923076923
RUN_105,2026-10-03 23:29:08,SYN_FLOOD,SUSTAINED,143.41176470588235,11007.70588235294,2.6470588235294117,0.16710992140568634,19.556896022340183,2020.974939919709,22.11764705882353
RUN_105,2026-10-03 23:29:09,SYN_FLOOD,SUSTAINED,142.05555555555554,12274.333333333334,3.0,0.1457385371859937,18.92097952484558,2138.557379347132,24.0
RUN_105,2026-10-03 23:29:10,SYN_FLOOD,SUSTAINED,137.11764705882354,10455.411764705883,2.6470588235294117,0.1650401718756829,18.09184521616453,2306.8722704420798,23.058823529411764
RUN_105,2026-10-03 23:29:11,SYN_FLOOD,SUSTAINED,140.52631578947367,10353.105263157895,3.0,0.21803200143790294,19.36239250476148,2374.636925349996,23.68421052631579
RUN_105,2026-10-03 23:29:12,SYN_FLOOD,SUSTAINED,134.94117647058823,9692.176470588236,3.0,0.20351503507422175,20.81550270886962,2474.09844687468,27.0
RUN_105,2026-10-03 23:29:13,SYN_FLOOD,SUSTAINED,133.83333333333334,10748.0,3.3333333333333335,0.07933226340593218,23.08617334952241,2566.9843337873936,28.88888888888889
RUN_105,2026-10-03 23:29:14,SYN_FLOOD,SUSTAINED,134.38888888888889,11127.111111111111,3.0,0.1591670864456815,17.197966407863046,2450.6832684222277,26.5
RUN_105,2026-10-03 23:29:15,SYN_FLOOD,SUSTAINED,107.6470588235294,9162.764705882353,2.6470588235294117,0.10674851189050458,19.804926088382995,2312.1728364064147,25.41176470588235
RUN_105,2026-10-03 23:29:16,SYN_FLOOD,SUSTAINED,118.25,9992.625,2.625,0.09375640627844231,14.434315194639282,1874.0596524926398,27.5
RUN_105,2026-10-03 23:29:17,SYN_FLOOD,SUSTAINED,122.66666666666667,10458.777777777777,3.0,0.12418880836407838,13.214445861235017,2019.869428757572,28.0
RUN_105,2026-10-03 23:29:18,SYN_FLOOD,SUSTAINED,144.73684210526315,11517.0,3.210526315789474,0.12565735329485977,18.144263965231392,2106.6474435231926,27.0
RUN_105,2026-10-03 23:29:19,SYN_FLOOD,SUSTAINED,122.94117647058823,11278.941176470587,2.6470588235294117,0.0729872047507516,14.410557714847842,2239.496589745964,27.294117647058822
RUN_105,2026-10-03 23:29:20,SYN_FLOOD,SUSTAINED,87.27777777777777,7462.166666666667,3.0,0.1272903488419649,23.4920863620675,2412.413921400255,29.5
RUN_105,2026-10-03 23:29:21,SYN_FLOOD,SUSTAINED,98.95238095238095,8961.142857142857,3.380952380952381,0.15663911881608597,20.47250663337334,2226.3426176281523,28.571428571428573
RUN_105,2026-10-03 23:29:22,SYN_FLOOD,SUSTAINED,110.8,9751.0,3.4,0.07282152706886405,19.812709781505525,2295.8026941650796,30.5
RUN_105,2026-10-03 23:29:23,SYN_FLOOD,SUSTAINED,117.05263157894737,10527.78947368421,3.1052631578947367,0.1075673941480016,18.080164551021582,2468.5752432306326,29.36842105263158
RUN_105,2026-10-03 23:29:24,SYN_FLOOD,SUSTAINED,148.0909090909091,11950.545454545454,3.727272727272727,0.10348081208376607,26.887527948855606,2816.8675925860302,31.5
RUN_105,2026-10-03 23:29:25,SYN_FLOOD,SUSTAINED,128.5,10289.9,3.1,0.2001959186248458,18.836326975993405,2562.841233969479,28.8
RUN_105,2026-10-03 23:29:26,SYN_FLOOD,SUSTAINED,149.88888888888889,11021.5,2.7777777777777777,0.1215016828644432,21.570637411610296,2729.057450922096,28.88888888888889
RUN_105,2026-10-03 23:29:27,SYN_FLOOD,SUSTAINED,119.84210526315789,8733.0,3.1052631578947367,0.16576617459990461,18.35729723220879,2550.7623390344684,31.263157894736842
RUN_105,2026-10-03 23:29:28,SYN_FLOOD,SUSTAINED,111.52631578947368,10332.105263157895,2.8947368421052633,0.08126843431428986,13.680577791104982,2162.5642655925817,28.210526315789473
RUN_105,2026-10-03 23:29:29,SYN_FLOOD,SUSTAINED,101.6842105263158,9353.368421052632,2.5789473684210527,0.08100583031106508,15.581466664653908,1874.2343213403685,25.05263157894737
RUN_105,2026-10-03 23:29:30,SYN_FLOOD,DECAY,98.66666666666667,7863.0,2.4444444444444446,0.16364015938617066,20.036889891116516,2377.443060449599,26.833333333333332
RUN_105,2026-10-03 23:29:31,SYN_FLOOD,DECAY,138.0,11118.4375,2.375,0.20767299575084186,25.54728189150535,2967.0420757524257,30.625
RUN_105,2026-10-03 23:29:32,SYN_FLOOD,DECAY,95.06666666666666,8862.466666666667,2.2,0.10580338376424003,14.961121883546973,1829.0547405512639,28.4
RUN_105,2026-10-03 23:29:33,SYN_FLOOD,DECAY,89.42857142857143,8182.214285714285,2.0,0.12270442811042138,17.194161745334885,1725.3651956533972,30.857142857142858
RUN_105,2026-10-03 23:29:34,SYN_FLOOD,DECAY,93.5,9113.357142857143,2.2857142857142856,0.06144416935307661,16.42631724779987,1927.0972633779506,36.5
RUN_105,2026-10-03 23:29:35,SYN_FLOOD,DECAY,97.2,8218.866666666667,2.6,0.12490181334978319,15.539994036015116,2238.99557622484,39.46666666666667
RUN_105,2026-10-03 23:29:36,SYN_FLOOD,DECAY,102.125,8154.0625,3.0,0.13502254324728732,19.76965020871829,2330.622233228465,42.1875
RUN_105,2026-10-03 23:29:37,SYN_FLOOD,DECAY,85.76470588235294,7531.0,2.6470588235294117,0.19532146526590435,17.444671214930935,2525.5610863218517,35.76470588235294
RUN_105,2026-10-03 23:29:38,SYN_FLOOD,DECAY,83.875,6908.1875,2.625,0.12859626209818453,13.770213582402063,1997.1258435536274,33.6875
RUN_105,2026-10-03 23:29:39,SYN_FLOOD,DECAY,75.33333333333333,7053.666666666667,2.7333333333333334,0.08071315442753746,15.484998575407648,2041.868052726425,31.2
RUN_105,2026-10-03 23:29:40,SYN_FLOOD,DECAY,46.625,4898.125,2.625,0.2315816028893096,14.193741504854435,1684.1474974876705,29.625
RUN_105,2026-10-03 23:29:41,SYN_FLOOD,DECAY,45.142857142857146,4912.857142857143,2.142857142857143,0.27038992283815205,10.934489335805932,1786.1613554191913,28.571428571428573
RUN_105,2026-10-03 23:29:42,SYN_FLOOD,DECAY,32.416666666666664,5054.25,1.6666666666666667,0.2610616795290997,10.496321559406178,1903.2238604810084,27.0
RUN_105,2026-10-03 23:29:43,SYN_FLOOD,DECAY,35.38461538461539,4519.692307692308,1.7692307692307692,0.15284434573533645,6.36499632360548,1314.7441767472715,31.53846153846154
RUN_105,2026-10-03 23:29:44,SYN_FLOOD,DECAY,31.6875,3924.1875,2.5,0.11186422203459574,7.2991667496336765,1385.989615662656,36.3125
RUN_105,2026-10-03 23:29:45,SYN_FLOOD,DECAY,32.588235294117645,5233.176470588235,2.5294117647058822,0.10621935602162223,4.822103437141765,1377.5243811647372,29.647058823529413
RUN_105,2026-10-03 23:29:46,SYN_FLOOD,DECAY,25.5625,3695.6875,2.25,0.1610885934878162,5.988669787879311,1339.1218374526366,31.875
RUN_105,2026-10-03 23:29:47,SYN_FLOOD,DECAY,13.615384615384615,3448.230769230769,1.7692307692307692,0.20798123695301113,5.811650032843862,1644.6133006983498,19.846153846153847
RUN_105,2026-10-03 23:29:48,SYN_FLOOD,DECAY,13.846153846153847,3735.4615384615386,1.7692307692307692,0.2331390148403587,6.2295934530410255,1937.1409876133964,26.76923076923077
RUN_105,2026-10-03 23:29:49,SYN_FLOOD,DECAY,9.818181818181818,4013.5454545454545,1.3636363636363635,0.1272005772005772,3.918862323198394,1313.9188845146666,16.0
RUN_105,2026-10-03 23:29:50,SYN_FLOOD,RECOVERY,4.769230769230769,3056.3846153846152,1.6153846153846154,0.3607142857142857,3.9953096643190245,1509.4805524536523,19.846153846153847
RUN_105,2026-10-03 23:29:51,SYN_FLOOD,RECOVERY,4.5,1994.25,1.5,0.26560846560846557,2.859720688304679,1722.4030875628262,21.0
RUN_105,2026-10-03 23:29:52,SYN_FLOOD,RECOVERY,6.846153846153846,3026.0,1.7692307692307692,0.21358641358641356,2.15232234730693,1724.1611446961024,25.23076923076923
RUN_105,2026-10-03 23:29:53,SYN_FLOOD,RECOVERY,6.416666666666667,3564.9166666666665,1.6666666666666667,0.1924963924963925,2.4244560954446857,1802.4065736309196,26.666666666666668
RUN_105,2026-10-03 23:29:54,SYN_FLOOD,RECOVERY,10.090909090909092,5805.545454545455,1.5454545454545454,0.14546622967675596,2.169644786317577,1662.1671766346333,28.363636363636363
RUN_105,2026-10-03 23:29:55,SYN_FLOOD,RECOVERY,5.181818181818182,2530.818181818182,1.5454545454545454,0.2053030303030303,2.767063889233023,2112.8332977517816,27.636363636363637
RUN_105,2026-10-03 23:29:56,SYN_FLOOD,RECOVERY,8.090909090909092,4045.818181818182,1.3636363636363635,0.21980292434837886,2.6359915728983094,1945.2601377865483,26.90909090909091
RUN_105,2026-10-03 23:29:57,SYN_FLOOD,RECOVERY,4.909090909090909,3079.5454545454545,1.3636363636363635,0.48337789661319075,3.032921662151067,2274.3224227009005,19.636363636363637
RUN_105,2026-10-03 23:29:58,SYN_FLOOD,RECOVERY,5.818181818181818,2816.7272727272725,1.3636363636363635,0.24381313131313131,3.127172705758484,2498.351111707852,12.727272727272727
RUN_105,2026-10-03 23:29:59,SYN_FLOOD,RECOVERY,7.285714285714286,3478.6428571428573,1.7142857142857142,0.19157984872270586,2.060194299774396,1397.4251461332547,14.571428571428571
RUN_109,2026-10-03 23:36:00,FLASH_CROWD,NORMAL,16.0,11971.4,1.0,0.07083333333333333,0.0,0.0,0.0
RUN_109,2026-10-03 23:36:01,FLASH_CROWD,NORMAL,8.4,7130.0,1.0,0.15317460317460316,4.0,2589.5,0.0
RUN_109,2026-10-03 23:36:02,FLASH_CROWD,NORMAL,13.4,9194.8,1.0,0.08961722488038276,3.681121542735788,2215.259728784961,0.0
RUN_109,2026-10-03 23:36:03,FLASH_CROWD,NORMAL,10.4,8712.6,1.0,0.13217032967032966,3.8898190450530263,2602.7052088040095,0.0
RUN_109,2026-10-03 23:36:04,FLASH_CROWD,NORMAL,11.6,6304.6,1.0,0.10409090909090905,3.957536153049314,2766.4903945398714,0.0
RUN_109,2026-10-03 23:36:05,FLASH_CROWD,NORMAL,8.2,6532.0,1.0,0.28707070707070703,3.2237374553864497,2102.42954347094,0.0
RUN_109,2026-10-03 23:36:06,FLASH_CROWD,NORMAL,7.333333333333333,6119.0,1.3333333333333333,0.333994708994709,3.2050342283821096,2191.64633950094,0.0
RUN_109,2026-10-03 23:36:07,FLASH_CROWD,NORMAL,7.0,6435.0,1.0,0.23174603174603173,1.9213551667165387,1771.0480175374262,0.0
RUN_109,2026-10-03 23:36:08,FLASH_CROWD,NORMAL,10.0,8148.5,1.3333333333333333,0.242063492063492,1.263186587093639,743.6418850134373,0.0
RUN_109,2026-10-03 23:36:09,FLASH_CROWD,NORMAL,14.333333333333334,13321.5,1.3333333333333333,0.07910923141186298,2.933037686872531,3593.5106995266246,0.0
RUN_109,2026-10-03 23:36:10,FLASH_CROWD,NORMAL,9.428571428571429,8767.57142857143,1.5714285714285714,0.12095761381475664,2.611702963004487,2879.9336222172856,0.0
RUN_109,2026-10-03 23:36:11,FLASH_CROWD,NORMAL,10.428571428571429,8457.0,1.5714285714285714,0.1169830752813946,2.822144953524539,3246.259957501901,0.0
RUN_109,2026-10-03 23:36:12,FLASH_CROWD,NORMAL,11.0,7404.444444444444,2.111111111111111,0.09877981495628552,2.119184031971266,2472.3761959225717,0.0
RUN_109,2026-10-03 23:36:13,FLASH_CROWD,NORMAL,7.777777777777778,5454.111111111111,2.111111111111111,0.22420357420357423,2.488317043201228,2371.1336554508744,0.0
RUN_109,2026-10-03 23:36:14,FLASH_CROWD,NORMAL,14.11111111111111,8983.666666666666,2.111111111111111,0.07471210706504822,2.844437654606913,2245.280586432787,0.0
RUN_109,2026-10-03 23:36:15,FLASH_CROWD,NORMAL,9.222222222222221,8016.666666666667,1.8888888888888888,0.1479717813051146,3.31887538190755,2893.177769480548,0.0
RUN_109,2026-10-03 23:36:16,FLASH_CROWD,NORMAL,7.375,5438.75,1.75,0.17435966810966808,3.457804692961255,2679.2097435074447,0.0
RUN_109,2026-10-03 23:36:17,FLASH_CROWD,NORMAL,12.0,10155.888888888889,1.8888888888888888,0.09373768025728807,3.306252612702979,2714.8337538308815,0.0
RUN_109,2026-10-03 23:36:18,FLASH_CROWD,NORMAL,12.428571428571429,7431.142857142857,1.5714285714285714,0.09277468563182846,4.308380633790162,3311.679257837816,0.0
RUN_109,2026-10-03 23:36:19,FLASH_CROWD,NORMAL,11.428571428571429,8230.42857142857,1.5714285714285714,0.09487476808905379,4.286250034809588,3949.1749034722598,0.0
RUN_109,2026-10-03 23:36:20,FLASH_CROWD,EARLY_CHANGE,7.142857142857143,6433.571428571428,1.5714285714285714,0.18446712018140587,3.6760191953664827,3419.2751631840806,0.0
RUN_109,2026-10-03 23:36:21,FLASH_CROWD,EARLY_CHANGE,15.375,12712.25,1.75,0.10898695602642969,3.866674732216027,3861.6033299475066,0.0
RUN_109,2026-10-03 23:36:22,FLASH_CROWD,EARLY_CHANGE,22.6,15876.1,2.2,0.05115687241866955,5.376019349189831,4134.6899913997795,0.0
RUN_109,2026-10-03 23:36:23,FLASH_CROWD,EARLY_CHANGE,21.88888888888889,17996.444444444445,1.8888888888888888,0.07379337247758297,5.353611601291005,4299.160711518314,0.0
RUN_109,2026-10-03 23:36:24,FLASH_CROWD,EARLY_CHANGE,34.44444444444444,25471.333333333332,1.8888888888888888,0.06785113209660798,9.892305939582254,6202.074915236392,0.0
RUN_109,2026-10-03 23:36:25,FLASH_CROWD,EARLY_CHANGE,40.0,29967.88888888889,2.111111111111111,0.0385602827809554,8.011130515296255,5753.333693240889,0.0
RUN_109,2026-10-03 23:36:26,FLASH_CROWD,EARLY_CHANGE,43.75,41542.75,1.75,0.03988845075995021,9.042689365894319,10034.17841458717,0.0
RUN_109,2026-10-03 23:36:27,FLASH_CROWD,EARLY_CHANGE,58.42857142857143,55703.28571428572,1.8571428571428572,0.05374840169126701,9.251559389036512,11451.154729869717,0.0
RUN_109,2026-10-03 23:36:28,FLASH_CROWD,EARLY_CHANGE,64.55555555555556,56972.666666666664,2.111111111111111,0.08127111319912554,8.573151198753159,10943.42522110606,0.0
RUN_109,2026-10-03 23:36:29,FLASH_CROWD,EARLY_CHANGE,88.44444444444444,79952.11111111111,2.111111111111111,0.042860832635435726,14.655929545541015,14375.013862975009,0.0
RUN_109,2026-10-03 23:36:30,FLASH_CROWD,ESCALATION,11.4,11939.6,2.4,0.11584475021545959,28.1891014020203,26020.03234474054,0.0
RUN_109,2026-10-03 23:36:31,FLASH_CROWD,ESCALATION,13.5,12707.8,2.4,0.16376206095246343,29.8960438401388,27602.96416454279,0.0
RUN_109,2026-10-03 23:36:32,FLASH_CROWD,ESCALATION,20.77777777777778,17967.666666666668,2.3333333333333335,0.0667246568514684,28.110742700844987,24769.224966686535,0.0
RUN_109,2026-10-03 23:36:33,FLASH_CROWD,ESCALATION,15.875,11607.375,2.0,0.06957497911445276,25.422055656483476,22087.605830160843,0.0
RUN_109,2026-10-03 23:36:34,FLASH_CROWD,ESCALATION,28.125,24647.0,2.5,0.04573062628161311,6.313355666124786,6365.195498368585,0.0
RUN_109,2026-10-03 23:36:35,FLASH_CROWD,ESCALATION,21.555555555555557,16451.555555555555,3.2222222222222223,0.06060659190987405,4.090377473090485,4863.016073971257,0.0
RUN_109,2026-10-03 23:36:36,FLASH_CROWD,ESCALATION,20.77777777777778,14495.0,3.2222222222222223,0.05311490978157641,3.8317212809377335,5363.968523721246,0.0
RUN_109,2026-10-03 23:36:37,FLASH_CROWD,ESCALATION,29.555555555555557,29278.88888888889,3.2222222222222223,0.06310884050949216,6.591657263631259,8848.763680313434,0.0
RUN_109,2026-10-03 23:36:38,FLASH_CROWD,ESCALATION,27.6,27779.4,4.0,0.08587077337077337,6.182927288908316,8150.387391898005,0.0
RUN_109,2026-10-03 23:36:39,FLASH_CROWD,ESCALATION,36.6,33690.4,4.0,0.04161139811005276,7.297754113058938,8551.455904427701,0.0
RUN_109,2026-10-03 23:36:40,FLASH_CROWD,ESCALATION,36.4,32173.5,4.0,0.07655099092169593,6.735638537649632,6940.374004448042,0.0
RUN_109,2026-10-03 23:36:41,FLASH_CROWD,ESCALATION,36.44444444444444,38161.0,3.2222222222222223,0.03992007062652078,4.387051446753902,4493.6388338872575,0.0
RUN_109,2026-10-03 23:36:42,FLASH_CROWD,ESCALATION,41.36363636363637,46726.818181818184,3.1818181818181817,0.0384788191606373,4.232025723137132,5685.825591696283,0.0
RUN_109,2026-10-03 23:36:43,FLASH_CROWD,ESCALATION,44.7,40782.7,3.2,0.0690079784343006,5.628001092023676,5687.675293202235,0.0
RUN_109,2026-10-03 23:36:44,FLASH_CROWD,ESCALATION,40.2,37858.6,2.6,0.06278792784458831,8.065097978888957,8461.477954799479,0.0
RUN_109,2026-10-03 23:36:45,FLASH_CROWD,ESCALATION,44.75,43764.583333333336,2.8333333333333335,0.06768379231747298,7.843466928913698,8308.071333354565,0.0
RUN_109,2026-10-03 23:36:46,FLASH_CROWD,ESCALATION,43.416666666666664,37432.0,2.8333333333333335,0.04658208492705304,7.430552209341606,10772.312058484551,0.0
RUN_109,2026-10-03 23:36:47,FLASH_CROWD,ESCALATION,48.63636363636363,46534.36363636364,2.8181818181818183,0.11331903877063709,7.511272942263309,10507.11115640814,0.0
RUN_109,2026-10-03 23:36:48,FLASH_CROWD,ESCALATION,55.583333333333336,49677.75,2.8333333333333335,0.057349277571293024,8.890067152679316,10901.910414327827,0.0
RUN_109,2026-10-03 23:36:49,FLASH_CROWD,ESCALATION,47.76923076923077,44145.92307692308,3.0,0.030096470063434196,7.657544226909483,8587.548132508313,0.0
RUN_109,2026-10-03 23:36:50,FLASH_CROWD,ESCALATION,54.23076923076923,40659.769230769234,3.0,0.07564449399325045,9.387409220381919,7543.610036059051,0.0
RUN_109,2026-10-03 23:36:51,FLASH_CROWD,ESCALATION,51.53846153846154,42611.53846153846,3.0,0.06252320556936086,9.406614871295384,8353.832758309269,0.0
RUN_109,2026-10-03 23:36:52,FLASH_CROWD,ESCALATION,58.25,52422.0,3.0,0.03853026049264449,9.59217681102554,8429.535145983764,0.0
RUN_109,2026-10-03 23:36:53,FLASH_CROWD,ESCALATION,69.4,53924.7,2.8,0.04375375236586998,11.307695642223567,10977.79802149901,0.0
RUN_109,2026-10-03 23:36:54,FLASH_CROWD,ESCALATION,59.0,40353.3,2.8,0.03483721118072254,8.639450936490936,11526.386991572108,0.0
RUN_109,2026-10-03 23:36:55,FLASH_CROWD,ESCALATION,64.07692307692308,68873.38461538461,3.1538461538461537,0.13210551022707118,9.16183418590042,12186.94007760966,0.0
RUN_109,2026-10-03 23:36:56,FLASH_CROWD,ESCALATION,76.15384615384616,68055.07692307692,3.1538461538461537,0.03708743268960292,12.478278895250044,13766.654465753187,0.0
RUN_109,2026-10-03 23:36:57,FLASH_CROWD,ESCALATION,77.0,73439.76923076923,3.1538461538461537,0.03052637503816307,13.412303316650277,19569.668875997544,0.0
RUN_109,2026-10-03 23:36:58,FLASH_CROWD,ESCALATION,81.66666666666667,71364.93333333333,3.6666666666666665,0.0537410506325987,12.558623460627706,18624.15332425616,0.0
RUN_109,2026-10-03 23:36:59,FLASH_CROWD,ESCALATION,82.42857142857143,73911.92857142857,3.4285714285714284,0.0540792698087719,11.548973277762114,15452.31440069769,0.0
RUN_109,2026-10-03 23:37:00,FLASH_CROWD,SUSTAINED,78.3076923076923,60258.61538461538,3.4615384615384617,0.04019218813685839,8.780466718943574,14831.29832372261,0.0
RUN_109,2026-10-03 23:37:01,FLASH_CROWD,SUSTAINED,79.6923076923077,71346.92307692308,3.6153846153846154,0.054209757457419246,9.850847644513543,15191.746307478206,0.0
RUN_109,2026-10-03 23:37:02,FLASH_CROWD,SUSTAINED,83.58333333333333,60064.083333333336,3.3333333333333335,0.06072656041884483,8.784276361119426,12737.93811193289,0.0
RUN_109,2026-10-03 23:37:03,FLASH_CROWD,SUSTAINED,90.2,79760.86666666667,3.6666666666666665,0.027278256105816575,10.035750591573676,10639.322708590853,0.0
RUN_109,2026-10-03 23:37:04,FLASH_CROWD,SUSTAINED,87.84615384615384,74145.38461538461,3.1538461538461537,0.03145434494129838,11.669311535798638,17289.542699359336,0.0
RUN_109,2026-10-03 23:37:05,FLASH_CROWD,SUSTAINED,96.0,70803.28571428571,3.5714285714285716,0.09354080228536844,12.356375038293663,17046.31155062713,0.0
RUN_109,2026-10-03 23:37:06,FLASH_CROWD,SUSTAINED,72.63636363636364,58649.545454545456,3.1818181818181817,0.03529183458981114,12.516851545995104,16240.701779633882,0.0
RUN_109,2026-10-03 23:37:07,FLASH_CROWD,SUSTAINED,90.0909090909091,101101.09090909091,3.909090909090909,0.026427086927047216,12.109294656833098,17849.03947654362,0.0
RUN_109,2026-10-03 23:37:08,FLASH_CROWD,SUSTAINED,89.58333333333333,60389.25,3.8333333333333335,0.020419336212611834,12.56133721311079,20211.436032807356,0.0
RUN_109,2026-10-03 23:37:09,FLASH_CROWD,SUSTAINED,91.83333333333333,86257.5,3.3333333333333335,0.026390907134735176,11.988665269714145,21013.29170846988,0.0
RUN_109,2026-10-03 23:37:10,FLASH_CROWD,SUSTAINED,88.07692307692308,82281.38461538461,3.4615384615384617,0.09643083267677313,12.66445031100187,21222.994534887428,0.0
RUN_109,2026-10-03 23:37:11,FLASH_CROWD,SUSTAINED,95.0,92308.0,3.7142857142857144,0.10329242634578432,13.046017081927406,21815.41957630384,0.0
RUN_109,2026-10-03 23:37:12,FLASH_CROWD,SUSTAINED,86.6,67703.73333333334,4.466666666666667,0.055751299549966445,13.68001031338058,21272.40949829625,0.0
RUN_109,2026-10-03 23:37:13,FLASH_CROWD,SUSTAINED,82.93333333333334,76737.53333333334,3.933333333333333,0.02899818482996452,10.831622055624905,15803.331702032268,0.0
RUN_109,2026-10-03 23:37:14,FLASH_CROWD,SUSTAINED,83.625,60853.6875,4.125,0.043506715816033506,11.362562825174464,15255.210200356021,0.0
RUN_109,2026-10-03 23:37:15,FLASH_CROWD,SUSTAINED,86.88235294117646,63318.705882352944,4.647058823529412,0.04842613973135985,11.450390616325551,15429.251603387269,0.0
RUN_109,2026-10-03 23:37:16,FLASH_CROWD,SUSTAINED,87.94117647058823,84994.0,5.352941176470588,0.030674427097034475,14.440855102594597,18938.565653006564,0.0
RUN_109,2026-10-03 23:37:17,FLASH_CROWD,SUSTAINED,84.85714285714286,74644.85714285714,4.0,0.09241844271238243,16.000344788388198,20653.71916843644,0.0
RUN_109,2026-10-03 23:37:18,FLASH_CROWD,SUSTAINED,87.21428571428571,69117.5,4.571428571428571,0.1514845074243336,14.835497239967443,19562.876481307012,0.0
RUN_109,2026-10-03 23:37:19,FLASH_CROWD,SUSTAINED,81.84615384615384,79611.30769230769,3.923076923076923,0.041424994796631864,12.265276084613479,16618.84209637858,0.0
RUN_109,2026-10-03 23:37:20,FLASH_CROWD,SUSTAINED,85.0,59879.72727272727,3.909090909090909,0.028946971218128156,10.208085613051589,15649.081546434696,0.0
RUN_109,2026-10-03 23:37:21,FLASH_CROWD,SUSTAINED,86.58333333333333,62363.416666666664,4.666666666666667,0.11923562207262117,8.352139734799644,12357.19911943313,0.0
RUN_109,2026-10-03 23:37:22,FLASH_CROWD,SUSTAINED,82.08333333333333,86857.0,4.666666666666667,0.10628129138610826,11.066050911013702,18048.85830790299,0.0
RUN_109,2026-10-03 23:37:23,FLASH_CROWD,SUSTAINED,86.2,54720.4,4.0,0.04522326758251123,11.673566830384488,17594.296027648925,0.0
RUN_109,2026-10-03 23:37:24,FLASH_CROWD,SUSTAINED,58.1,47641.6,2.6,0.12314993482432084,8.917919964900324,11359.96830640068,0.0
RUN_109,2026-10-03 23:37:25,FLASH_CROWD,SUSTAINED,66.125,58967.125,2.0,0.047989369591536754,9.469250332250626,12537.015042456826,0.0
RUN_109,2026-10-03 23:37:26,FLASH_CROWD,SUSTAINED,70.875,50776.25,2.0,0.05061151570990601,9.198167095761494,13214.352988402205,0.0
RUN_109,2026-10-03 23:37:27,FLASH_CROWD,SUSTAINED,82.375,49306.5,2.5,0.07379705187024505,9.186381365766124,14315.030358136728,0.0
RUN_109,2026-10-03 23:37:28,FLASH_CROWD,SUSTAINED,81.9,53343.6,3.2,0.06565476337670285,8.96520469098271,11206.77246102704,0.0
RUN_109,2026-10-03 23:37:29,FLASH_CROWD,SUSTAINED,90.0,82215.2,2.6,0.11288221057070986,11.873295471655647,19195.790222892876,0.0
RUN_109,2026-10-03 23:37:30,FLASH_CROWD,DECAY,81.3,62722.7,2.6,0.06817889937051588,12.657096500265204,13308.831579984177,0.0
RUN_109,2026-10-03 23:37:31,FLASH_CROWD,DECAY,79.27272727272727,60459.454545454544,2.8181818181818183,0.03094874093379057,11.263550274276238,11527.980623861502,0.0
RUN_109,2026-10-03 23:37:32,FLASH_CROWD,DECAY,70.53846153846153,63808.0,3.3076923076923075,0.05377834309890392,11.727604633847589,12521.664599868174,0.0
RUN_109,2026-10-03 23:37:33,FLASH_CROWD,DECAY,67.3076923076923,58911.53846153846,3.6153846153846154,0.04117653385110472,10.71102336758134,13208.450710240268,0.0
RUN_109,2026-10-03 23:37:34,FLASH_CROWD,DECAY,67.72727272727273,67254.27272727272,3.3636363636363638,0.03676488644522421,10.543530309211846,13994.508271422763,0.0
RUN_109,2026-10-03 23:37:35,FLASH_CROWD,DECAY,66.41666666666667,56503.583333333336,4.0,0.09976904819223735,8.539755194913932,11571.629699824654,0.0
RUN_109,2026-10-03 23:37:36,FLASH_CROWD,DECAY,68.76923076923077,67002.69230769231,4.6923076923076925,0.029326082918511923,8.614976209889313,11118.489463242791,0.0
RUN_109,2026-10-03 23:37:37,FLASH_CROWD,DECAY,54.416666666666664,38206.583333333336,4.0,0.10360586032877168,8.404408962372235,10829.1193585099,0.0
RUN_109,2026-10-03 23:37:38,FLASH_CROWD,DECAY,57.0,51703.454545454544,3.909090909090909,0.06776310414940089,8.10158606980632,11606.509369685613,0.0
RUN_109,2026-10-03 23:37:39,FLASH_CROWD,DECAY,44.90909090909091,29165.090909090908,3.1818181818181817,0.06167696127619624,7.612033806657596,10755.658328593983,0.0
RUN_109,2026-10-03 23:37:40,FLASH_CROWD,DECAY,38.22222222222222,26783.444444444445,2.5555555555555554,0.04880213992461565,8.33816182324613,10519.891819028524,0.0
RUN_109,2026-10-03 23:37:41,FLASH_CROWD,DECAY,34.0,26152.4,3.2,0.06874293275950867,6.894491116717735,6958.85906177018,0.0
RUN_109,2026-10-03 23:37:42,FLASH_CROWD,DECAY,37.8,32592.3,3.2,0.05533730308927974,6.162986209557516,7086.071583438995,0.0
RUN_109,2026-10-03 23:37:43,FLASH_CROWD,DECAY,28.818181818181817,21423.81818181818,3.1818181818181817,0.2462551824908105,6.033619820805106,5104.495729169991,0.0
RUN_109,2026-10-03 23:37:44,FLASH_CROWD,DECAY,27.5,29579.416666666668,3.3333333333333335,0.10272470735429413,6.133502860003637,5923.3011785783265,0.0
RUN_109,2026-10-03 23:37:45,FLASH_CROWD,DECAY,28.0,24987.75,3.3333333333333335,0.05448229038348846,5.798032020354721,5118.44089303646,0.0
RUN_109,2026-10-03 23:37:46,FLASH_CROWD,DECAY,24.0,16544.384615384617,3.6153846153846154,0.053361527002238944,7.080597889880299,7329.3501501673445,0.0
RUN_109,2026-10-03 23:37:47,FLASH_CROWD,DECAY,22.181818181818183,23359.0,2.8181818181818183,0.09655174865048578,5.688440129908716,6167.058395734536,0.0
RUN_109,2026-10-03 23:37:48,FLASH_CROWD,DECAY,12.75,8226.333333333334,3.0,0.08529302081933658,6.978696888290773,7804.420202153243,0.0
RUN_109,2026-10-03 23:37:49,FLASH_CROWD,DECAY,12.75,11489.166666666666,3.0,0.13321835936967513,6.0210587274054985,5811.325158748969,0.0
RUN_109,2026-10-03 23:37:50,FLASH_CROWD,RECOVERY,10.166666666666666,8414.333333333334,3.0,0.10499130499130498,6.201439392036776,6336.5036179963745,0.0
RUN_109,2026-10-03 23:37:51,FLASH_CROWD,RECOVERY,11.333333333333334,8455.666666666666,3.0,0.09944927757427756,4.445436402692202,5509.582680250039,0.0
RUN_109,2026-10-03 23:37:52,FLASH_CROWD,RECOVERY,13.083333333333334,12870.166666666666,3.0,0.10909043752181004,2.73701950848495,3184.7628867057797,0.0
RUN_109,2026-10-03 23:37:53,FLASH_CROWD,RECOVERY,14.181818181818182,8724.545454545454,2.6363636363636362,0.0787003400639764,3.481634921130185,3510.140791207118,0.0
RUN_109,2026-10-03 23:37:54,FLASH_CROWD,RECOVERY,7.777777777777778,6775.666666666667,2.111111111111111,0.16904761904761903,3.2081234248316637,2992.2071349066227,0.0
RUN_109,2026-10-03 23:37:55,FLASH_CROWD,RECOVERY,12.0,9599.333333333334,1.8888888888888888,0.09105240925416364,2.652624505544411,2271.7486339707775,0.0
RUN_109,2026-10-03 23:37:56,FLASH_CROWD,RECOVERY,9.777777777777779,9304.111111111111,1.8888888888888888,0.13298183298183297,2.7147829838040063,2743.2101952544053,0.0
RUN_109,2026-10-03 23:37:57,FLASH_CROWD,RECOVERY,15.555555555555555,12015.777777777777,2.111111111111111,0.07041994700831689,3.0289771896489324,2809.809517157771,0.0
RUN_109,2026-10-03 23:37:58,FLASH_CROWD,RECOVERY,8.2,6237.3,2.4,0.21197191697191692,3.1197556304044496,2680.584567353271,0.0
RUN_109,2026-10-03 23:37:59,FLASH_CROWD,RECOVERY,13.0,12432.888888888889,2.111111111111111,0.09183569729546738,3.149407231476267,3100.06152785237,0.0
RUN_111,2026-10-03 23:40:00,SLOWLORIS,NORMAL,2.0,1313.0,1.0,0.6666666666666666,0.0,0.0,0.0
RUN_111,2026-10-03 23:40:01,SLOWLORIS,NORMAL,3.3333333333333335,2829.8333333333335,1.0,0.8431372549019608,1.1666666666666667,982.5833333333334,0.0
RUN_111,2026-10-03 23:40:02,SLOWLORIS,NORMAL,2.1666666666666665,1172.5,1.0,0.6527777777777778,1.6093164695524225,1413.5402810631042,0.0
RUN_111,2026-10-03 23:40:03,SLOWLORIS,NORMAL,2.5,1797.1666666666667,1.0,0.7651515151515151,1.956860913669891,1669.4350991109122,0.0
RUN_111,2026-10-03 23:40:04,SLOWLORIS,NORMAL,2.3333333333333335,765.5,1.0,0.7651515151515151,1.2896250831909553,981.9754822961726,0.0
RUN_111,2026-10-03 23:40:05,SLOWLORIS,NORMAL,2.6666666666666665,1859.6666666666667,1.0,0.7113095238095237,1.7425649771962473,1420.2353261041753,0.0
RUN_111,2026-10-03 23:40:06,SLOWLORIS,NORMAL,2.1666666666666665,1740.5,1.0,0.7388888888888889,1.3690963640924718,885.7766081181638,0.0
RUN_111,2026-10-03 23:40:07,SLOWLORIS,NORMAL,1.6666666666666667,382.5,1.0,0.6944444444444445,1.611769037076021,881.432413235306,0.0
RUN_111,2026-10-03 23:40:08,SLOWLORIS,NORMAL,2.5,1578.8333333333333,1.0,0.8461538461538461,0.8787829203741017,364.6222588838914,0.0
RUN_111,2026-10-03 23:40:09,SLOWLORIS,NORMAL,1.1111111111111112,533.0,1.6666666666666667,0.787037037037037,1.1338961476794092,592.2761610690904,0.0
RUN_111,2026-10-03 23:40:10,SLOWLORIS,NORMAL,2.9,1553.9,1.8,0.731111111111111,1.1239244686704484,461.29245636768246,0.0
RUN_111,2026-10-03 23:40:11,SLOWLORIS,NORMAL,1.2,473.7,1.8,0.9125,1.6006467014951262,739.1266425347377,0.0
RUN_111,2026-10-03 23:40:12,SLOWLORIS,NORMAL,2.1,1002.1,1.8,0.8276923076923076,1.0344808090115698,429.58250915881183,0.0
RUN_111,2026-10-03 23:40:13,SLOWLORIS,NORMAL,2.909090909090909,951.0,1.9090909090909092,0.6622960372960374,1.0397462646797981,374.37589146285904,0.0
RUN_111,2026-10-03 23:40:14,SLOWLORIS,NORMAL,2.6363636363636362,1157.2727272727273,1.9090909090909092,0.7162698412698413,0.69379164804066,213.09028999611226,0.0
RUN_111,2026-10-03 23:40:15,SLOWLORIS,NORMAL,1.9090909090909092,535.6363636363636,1.9090909090909092,0.6318181818181818,1.0838484124450523,406.3141875840225,0.0
RUN_111,2026-10-03 23:40:16,SLOWLORIS,NORMAL,1.2307692307692308,509.9230769230769,2.3846153846153846,0.8012820512820512,0.9863357661278963,346.2208608986906,0.0
RUN_111,2026-10-03 23:40:17,SLOWLORIS,NORMAL,2.9166666666666665,1285.6666666666667,2.1666666666666665,0.6954064454064454,1.1978145163991685,499.70345656102035,0.0
RUN_111,2026-10-03 23:40:18,SLOWLORIS,NORMAL,1.4166666666666667,462.0833333333333,2.1666666666666665,0.7416666666666667,1.1796583585378284,480.93466898167026,0.0
RUN_111,2026-10-03 23:40:19,SLOWLORIS,NORMAL,3.3333333333333335,1407.5,2.1666666666666665,0.6517094017094017,1.1220417433311367,426.89134695927646,0.0
RUN_111,2026-10-03 23:40:20,SLOWLORIS,EARLY_CHANGE,2.5833333333333335,1716.0833333333333,2.1666666666666665,0.7370731120731121,1.3117199138327806,668.0314051173797,0.0
RUN_111,2026-10-03 23:40:21,SLOWLORIS,EARLY_CHANGE,1.8461538461538463,682.9230769230769,2.5384615384615383,0.7353479853479854,1.212763419766588,579.7351108655022,0.7692307692307693
RUN_111,2026-10-03 23:40:22,SLOWLORIS,EARLY_CHANGE,1.2857142857142858,412.2857142857143,2.7142857142857144,0.805952380952381,1.2021629967405847,570.1958165228034,1.5714285714285714
RUN_111,2026-10-03 23:40:23,SLOWLORIS,EARLY_CHANGE,2.4615384615384617,807.6153846153846,2.6923076923076925,0.6854043392504932,1.1862669234322964,479.2365805897177,2.5384615384615383
RUN_111,2026-10-03 23:40:24,SLOWLORIS,EARLY_CHANGE,1.5384615384615385,504.2307692307692,2.6923076923076925,0.7912087912087912,1.0465278765027228,432.42969420463095,3.3846153846153846
RUN_111,2026-10-03 23:40:25,SLOWLORIS,EARLY_CHANGE,1.7692307692307692,435.0769230769231,2.6923076923076925,0.8897435897435897,1.3162820960177928,342.72201152377323,4.230769230769231
RUN_111,2026-10-03 23:40:26,SLOWLORIS,EARLY_CHANGE,1.4,799.2,3.0,0.8095238095238095,0.8569782621676535,168.72683385428965,5.2
RUN_111,2026-10-03 23:40:27,SLOWLORIS,EARLY_CHANGE,1.125,627.25,3.0,0.8333333333333334,1.0180926872104765,242.74201910392645,5.6875
RUN_111,2026-10-03 23:40:28,SLOWLORIS,EARLY_CHANGE,2.4705882352941178,1648.9411764705883,3.235294117647059,0.7519162210338681,1.1278884284285795,498.15374112459045,6.588235294117647
RUN_111,2026-10-03 23:40:29,SLOWLORIS,EARLY_CHANGE,1.1578947368421053,406.7894736842105,3.8421052631578947,0.7824561403508772,0.8902465551971341,341.79288811473185,7.578947368421052
RUN_111,2026-10-03 23:40:30,SLOWLORIS,ESCALATION,1.5263157894736843,797.7894736842105,3.8421052631578947,0.7917293233082706,0.9239439504529359,398.3007884493809,7.578947368421052
RUN_111,2026-10-03 23:40:31,SLOWLORIS,ESCALATION,1.263157894736842,318.8421052631579,3.8421052631578947,0.8328947368421052,1.052918897077144,415.19341914307546,8.421052631578947
RUN_111,2026-10-03 23:40:32,SLOWLORIS,ESCALATION,1.8888888888888888,779.0,3.7777777777777777,0.832977207977208,1.178798070834704,465.0020356897681,9.166666666666666
RUN_111,2026-10-03 23:40:33,SLOWLORIS,ESCALATION,2.0,966.2777777777778,3.5555555555555554,0.6361111111111111,0.9386819242652042,255.85963858626994,9.333333333333334
RUN_111,2026-10-03 23:40:34,SLOWLORIS,ESCALATION,0.8888888888888888,191.0,3.5555555555555554,0.8888888888888888,1.088653680128948,419.26254784319303,10.11111111111111
RUN_111,2026-10-03 23:40:35,SLOWLORIS,ESCALATION,3.388888888888889,1374.7222222222222,3.5555555555555554,0.7665750915750915,1.701678250250952,714.3930086617335,10.88888888888889
RUN_111,2026-10-03 23:40:36,SLOWLORIS,ESCALATION,1.5,664.3888888888889,3.5555555555555554,0.7472222222222222,1.638351724568186,658.3167604428143,11.666666666666666
RUN_111,2026-10-03 23:40:37,SLOWLORIS,ESCALATION,2.0555555555555554,1067.0555555555557,3.5555555555555554,0.7802469135802469,1.5201087221533287,583.2812981008233,12.444444444444445
RUN_111,2026-10-03 23:40:38,SLOWLORIS,ESCALATION,2.1666666666666665,1579.888888888889,3.5555555555555554,0.7681677890011224,1.4627764449068112,806.3087318951805,13.222222222222221
RUN_111,2026-10-03 23:40:39,SLOWLORIS,ESCALATION,2.5,1379.888888888889,3.5555555555555554,0.7747561080894414,1.2322591295431506,719.7166860542865,14.0
RUN_111,2026-10-03 23:40:40,SLOWLORIS,ESCALATION,2.2222222222222223,914.4444444444445,3.5555555555555554,0.7865961199294532,0.9102611572577024,470.92767271089474,14.777777777777779
RUN_111,2026-10-03 23:40:41,SLOWLORIS,ESCALATION,1.5625,347.9375,3.5,0.81875,0.7663645054688887,232.5558988653823,17.5
RUN_111,2026-10-03 23:40:42,SLOWLORIS,ESCALATION,1.125,636.5,3.5,0.8619791666666666,0.9257203918847448,350.2082768438212,18.375
RUN_111,2026-10-03 23:40:43,SLOWLORIS,ESCALATION,2.375,1144.5,3.5,0.8522341628959276,1.1447834347297343,413.311834574149,19.25
RUN_111,2026-10-03 23:40:44,SLOWLORIS,ESCALATION,1.75,1268.4375,3.5,0.8239583333333333,1.1040644665054329,478.617824360997,20.125
RUN_111,2026-10-03 23:40:45,SLOWLORIS,ESCALATION,1.5,428.75,3.5,0.8333333333333334,1.0665439642980723,479.0477784346985,21.0
RUN_111,2026-10-03 23:40:46,SLOWLORIS,ESCALATION,1.1176470588235294,458.2352941176471,3.9411764705882355,0.8986928104575164,0.8566472669276574,400.6158864978937,22.058823529411764
RUN_111,2026-10-03 23:40:47,SLOWLORIS,ESCALATION,1.5625,703.125,3.875,0.7465277777777778,0.9991996335386473,466.6018232676978,22.75
RUN_111,2026-10-03 23:40:48,SLOWLORIS,ESCALATION,2.5,994.4444444444445,4.333333333333333,0.6408068783068783,0.7169062821155794,194.1767310618185,22.5
RUN_111,2026-10-03 23:40:49,SLOWLORIS,ESCALATION,1.4736842105263157,536.2105263157895,4.894736842105263,0.868922305764411,0.9005134303890984,317.04860076090137,23.57894736842105
RUN_111,2026-10-03 23:40:50,SLOWLORIS,ESCALATION,1.6842105263157894,1304.7368421052631,4.894736842105263,0.8450292397660819,1.0476242958482025,568.3493254564077,24.42105263157895
RUN_111,2026-10-03 23:40:51,SLOWLORIS,ESCALATION,1.1,407.7,5.8,0.8724999999999999,0.9297323930310437,426.1484921168324,27.0
RUN_111,2026-10-03 23:40:52,SLOWLORIS,ESCALATION,1.4761904761904763,527.7142857142857,5.761904761904762,0.8603174603174603,0.8754542860915817,378.96981381310746,28.047619047619047
RUN_111,2026-10-03 23:40:53,SLOWLORIS,ESCALATION,1.4761904761904763,567.1428571428571,5.476190476190476,0.7277777777777777,0.834937205441185,367.79581240034975,27.428571428571427
RUN_111,2026-10-03 23:40:54,SLOWLORIS,ESCALATION,1.6363636363636365,409.04545454545456,5.454545454545454,0.8797591297591297,0.9249662248536105,368.04124598706835,28.5
RUN_111,2026-10-03 23:40:55,SLOWLORIS,ESCALATION,1.1304347826086956,373.95652173913044,5.608695652173913,0.8812111801242236,0.8955522505216671,215.54124691448297,29.565217391304348
RUN_111,2026-10-03 23:40:56,SLOWLORIS,ESCALATION,1.173913043478261,261.60869565217394,5.695652173913044,0.8405797101449275,0.5940779239068246,89.79629320429109,31.956521739130434
RUN_111,2026-10-03 23:40:57,SLOWLORIS,ESCALATION,1.2916666666666667,750.625,5.833333333333333,0.9069444444444444,0.7831790574574401,320.95385330447914,33.0
RUN_111,2026-10-03 23:40:58,SLOWLORIS,ESCALATION,1.32,397.2,5.96,0.82,0.6624895373697345,243.23969659701015,34.04
RUN_111,2026-10-03 23:40:59,SLOWLORIS,ESCALATION,1.48,505.84,5.96,0.8103030303030303,0.727330534039453,249.35386950672307,34.96
RUN_111,2026-10-03 23:41:00,SLOWLORIS,SUSTAINED,1.04,347.68,5.64,0.9425,0.5538447321006273,79.7012372754268,35.88
RUN_111,2026-10-03 23:41:01,SLOWLORIS,SUSTAINED,1.04,231.6,5.48,0.8830769230769231,0.6756586651329906,132.9373493044664,36.8
RUN_111,2026-10-03 23:41:02,SLOWLORIS,SUSTAINED,1.8,460.4,5.48,0.6670476190476191,0.8423534390910536,137.36267612069452,37.72
RUN_111,2026-10-03 23:41:03,SLOWLORIS,SUSTAINED,1.2857142857142858,386.82142857142856,5.928571428571429,0.8533163265306122,0.8753251074638364,143.6521646469263,37.5
RUN_111,2026-10-03 23:41:04,SLOWLORIS,SUSTAINED,1.9285714285714286,1236.392857142857,5.785714285714286,0.7438350340136054,1.0043537030470178,347.27851176108516,36.857142857142854
RUN_111,2026-10-03 23:41:05,SLOWLORIS,SUSTAINED,1.0666666666666667,535.3,6.266666666666667,0.8677777777777778,1.0177771270303753,383.99685390255416,38.13333333333333
RUN_111,2026-10-03 23:41:06,SLOWLORIS,SUSTAINED,1.032258064516129,528.0322580645161,6.548387096774194,0.8709677419354839,0.9011877420972034,361.90531710488307,39.193548387096776
RUN_111,2026-10-03 23:41:07,SLOWLORIS,SUSTAINED,0.7,165.83333333333334,6.6,0.9166666666666666,0.8852278642067365,342.4112725111161,41.4
RUN_111,2026-10-03 23:41:08,SLOWLORIS,SUSTAINED,0.6896551724137931,316.55172413793105,6.310344827586207,0.91871921182266,0.835559405300585,358.87943108103553,42.13793103448276
RUN_111,2026-10-03 23:41:09,SLOWLORIS,SUSTAINED,1.3666666666666667,234.16666666666666,6.6,0.8690476190476191,0.5811200331056281,151.3945159736321,43.2
RUN_111,2026-10-03 23:41:10,SLOWLORIS,SUSTAINED,1.71875,708.59375,6.9375,0.7853899572649573,0.6764236773213838,261.35872361879694,44.40625
RUN_111,2026-10-03 23:41:11,SLOWLORIS,SUSTAINED,0.78125,284.8125,7.375,0.9201388888888888,0.6602704658895734,193.83090632531255,46.875
RUN_111,2026-10-03 23:41:12,SLOWLORIS,SUSTAINED,1.6764705882352942,930.5882352941177,7.529411764705882,0.8596813725490197,0.6935182543981588,215.62363348601102,46.5
RUN_111,2026-10-03 23:41:13,SLOWLORIS,SUSTAINED,1.8823529411764706,535.8823529411765,7.588235294117647,0.7671725741578682,0.7456560731544011,290.9120024231043,47.411764705882355
RUN_111,2026-10-03 23:41:14,SLOWLORIS,SUSTAINED,1.2571428571428571,269.77142857142854,7.685714285714286,0.7980952380952381,0.9824952591962762,345.57218033581813,48.457142857142856
RUN_111,2026-10-03 23:41:15,SLOWLORIS,SUSTAINED,0.6944444444444444,278.72222222222223,8.444444444444445,0.9423400673400673,0.8161861223171276,258.44451867529796,51.0
RUN_111,2026-10-03 23:41:16,SLOWLORIS,SUSTAINED,0.7777777777777778,269.22222222222223,8.444444444444445,0.9155092592592593,0.8326310544340744,241.54601995040406,51.94444444444444
RUN_111,2026-10-03 23:41:17,SLOWLORIS,SUSTAINED,1.2058823529411764,526.7647058823529,7.764705882352941,0.8543894830659537,0.6540854954529106,70.20231829920915,52.705882352941174
RUN_111,2026-10-03 23:41:18,SLOWLORIS,SUSTAINED,1.6764705882352942,438.1764705882353,7.764705882352941,0.8325757575757576,0.7839932936210073,126.41531716055545,53.64705882352941
RUN_111,2026-10-03 23:41:19,SLOWLORIS,SUSTAINED,1.1714285714285715,452.8285714285714,8.085714285714285,0.8764069264069264,0.703490805329645,152.40696714634922,54.68571428571428
RUN_111,2026-10-03 23:41:20,SLOWLORIS,SUSTAINED,1.1388888888888888,329.0,8.333333333333334,0.8509259259259259,0.7812059762126251,166.5520351487662,55.72222222222222
RUN_111,2026-10-03 23:41:21,SLOWLORIS,SUSTAINED,1.135135135135135,284.27027027027026,8.837837837837839,0.8622908622908623,0.7700670880376476,165.76003395985708,56.75675675675676
RUN_111,2026-10-03 23:41:22,SLOWLORIS,SUSTAINED,0.7837837837837838,341.0810810810811,8.891891891891891,0.9402948402948402,0.8003009892963032,186.16120119005564,57.7027027027027
RUN_111,2026-10-03 23:41:23,SLOWLORIS,SUSTAINED,0.7567567567567568,173.3783783783784,9.64864864864865,0.9108108108108108,0.5133175258172253,56.165330497357054,58.648648648648646
RUN_111,2026-10-03 23:41:24,SLOWLORIS,SUSTAINED,0.6842105263157895,210.92105263157896,9.473684210526315,0.9087719298245613,0.6260304445461395,127.28365768859062,58.026315789473685
RUN_111,2026-10-03 23:41:25,SLOWLORIS,SUSTAINED,1.15,389.75,9.8,0.8430555555555556,0.7358260784810529,195.4603092948199,59.2
RUN_111,2026-10-03 23:41:26,SLOWLORIS,SUSTAINED,1.146341463414634,396.1951219512195,10.024390243902438,0.8873798965262379,0.6881879139646379,182.99281345967933,60.24390243902439
RUN_111,2026-10-03 23:41:27,SLOWLORIS,SUSTAINED,1.0238095238095237,372.95238095238096,10.333333333333334,0.9018518518518519,0.6543780665138954,140.01523153285314,61.285714285714285
RUN_111,2026-10-03 23:41:28,SLOWLORIS,SUSTAINED,1.255813953488372,585.2325581395348,10.348837209302326,0.8296335447498238,0.6713252318065016,192.4717539223391,62.325581395348834
RUN_111,2026-10-03 23:41:29,SLOWLORIS,SUSTAINED,1.0454545454545454,243.02272727272728,10.5,0.8390151515151515,0.7247505284968161,192.55835573128445,63.36363636363637
RUN_111,2026-10-03 23:41:30,SLOWLORIS,DECAY,1.2790697674418605,704.4883720930233,10.116279069767442,0.890826873385013,0.7672457425975343,246.40651242678956,64.18604651162791
RUN_111,2026-10-03 23:41:31,SLOWLORIS,DECAY,1.673913043478261,517.0217391304348,10.608695652173912,0.8478514239383805,0.7853793236178305,236.20517854750383,63.91304347826087
RUN_111,2026-10-03 23:41:32,SLOWLORIS,DECAY,1.2666666666666666,571.0888888888888,10.555555555555555,0.8619444444444445,0.8094275788578258,252.11567584290137,64.68888888888888
RUN_111,2026-10-03 23:41:33,SLOWLORIS,DECAY,1.2826086956521738,412.2173913043478,10.91304347826087,0.8963572747939755,0.9754218331912432,384.00458813040865,65.73913043478261
RUN_111,2026-10-03 23:41:34,SLOWLORIS,DECAY,0.6666666666666666,179.84444444444443,11.622222222222222,0.955026455026455,0.7733681266869524,213.8861938185844,69.75555555555556
RUN_111,2026-10-03 23:41:35,SLOWLORIS,DECAY,1.1395348837209303,522.5116279069767,11.69767441860465,0.907375740994072,0.7501616486617247,269.2286076126578,70.55813953488372
RUN_111,2026-10-03 23:41:36,SLOWLORIS,DECAY,0.8372093023255814,220.95348837209303,11.69767441860465,0.8767441860465117,0.7620907163099845,269.592140682647,71.51162790697674
RUN_111,2026-10-03 23:41:37,SLOWLORIS,DECAY,1.4772727272727273,441.52272727272725,11.636363636363637,0.8083333333333332,0.6347693237031643,106.27261155957912,72.54545454545455
RUN_111,2026-10-03 23:41:38,SLOWLORIS,DECAY,0.9772727272727273,571.0681818181819,11.636363636363637,0.9237179487179487,0.6482236565034705,164.35870050104404,73.5
RUN_111,2026-10-03 23:41:39,SLOWLORIS,DECAY,0.8181818181818182,122.36363636363636,11.363636363636363,0.9098484848484848,0.8059527209982181,270.44946441526616,72.68181818181819
RUN_111,2026-10-03 23:41:40,SLOWLORIS,DECAY,0.8181818181818182,215.0,11.363636363636363,0.9085858585858585,0.8732342558309637,294.1500623491181,73.61363636363636
RUN_111,2026-10-03 23:41:41,SLOWLORIS,DECAY,1.5227272727272727,639.5227272727273,11.363636363636363,0.9017496392496391,1.0224023801401936,386.27353332984734,74.54545454545455
RUN_111,2026-10-03 23:41:42,SLOWLORIS,DECAY,1.1627906976744187,464.4186046511628,10.953488372093023,0.9152085640457733,0.9015599537422225,339.1346976586485,75.34883720930233
RUN_111,2026-10-03 23:41:43,SLOWLORIS,DECAY,0.975609756097561,520.6829268292682,11.097560975609756,0.919290465631929,0.7799788268779567,218.79046685910077,78.0
RUN_111,2026-10-03 23:41:44,SLOWLORIS,DECAY,0.7857142857142857,298.7142857142857,11.095238095238095,0.9369047619047619,0.6182327612576481,119.30206479383659,79.04761904761905
RUN_111,2026-10-03 23:41:45,SLOWLORIS,DECAY,1.3953488372093024,545.9302325581396,11.511627906976743,0.8335095137420719,0.5409142918991551,90.20454956654288,80.09302325581395
RUN_111,2026-10-03 23:41:46,SLOWLORIS,DECAY,0.6818181818181818,96.31818181818181,11.318181818181818,0.893939393939394,0.8156300292223174,259.76072465627516,79.20454545454545
RUN_111,2026-10-03 23:41:47,SLOWLORIS,DECAY,0.8571428571428571,413.6190476190476,10.619047619047619,0.9146645021645021,0.9557536680995418,331.8964535813345,79.85714285714286
RUN_111,2026-10-03 23:41:48,SLOWLORIS,DECAY,1.4285714285714286,624.8571428571429,10.619047619047619,0.8987253487253487,0.9722119877768742,340.11804730319864,80.78571428571429
RUN_111,2026-10-03 23:41:49,SLOWLORIS,DECAY,1.2380952380952381,512.7857142857143,10.619047619047619,0.8647637085137085,1.0127452415443083,376.25656805064136,81.71428571428571
RUN_111,2026-10-03 23:41:50,SLOWLORIS,RECOVERY,1.3414634146341464,421.9268292682927,10.170731707317072,0.7821815718157181,1.0174259229717404,348.36745596609654,79.70731707317073
RUN_111,2026-10-03 23:41:51,SLOWLORIS,RECOVERY,1.3658536585365855,252.1951219512195,9.585365853658537,0.7943766937669376,0.882647929856496,315.6154822092548,75.8048780487805
RUN_111,2026-10-03 23:41:52,SLOWLORIS,RECOVERY,0.7142857142857143,434.1190476190476,9.476190476190476,0.9164682539682539,0.92643383584156,327.9777876033414,72.23809523809524
RUN_111,2026-10-03 23:41:53,SLOWLORIS,RECOVERY,1.619047619047619,928.952380952381,9.476190476190476,0.8003968253968254,1.0065956097919115,391.7862152159886,70.47619047619048
RUN_111,2026-10-03 23:41:54,SLOWLORIS,RECOVERY,2.395348837209302,908.8604651162791,9.837209302325581,0.7030001006745192,1.1340058359374983,356.3059747051237,68.93023255813954
RUN_111,2026-10-03 23:41:55,SLOWLORIS,RECOVERY,1.35,530.125,9.75,0.8386111111111111,0.9429384141713552,238.57104281852511,70.3
RUN_111,2026-10-03 23:41:56,SLOWLORIS,RECOVERY,0.8461538461538461,182.07692307692307,9.35897435897436,0.8504273504273504,0.8668149500201514,164.5953857129194,68.3076923076923
RUN_111,2026-10-03 23:41:57,SLOWLORIS,RECOVERY,0.925,272.1,9.45,0.8654761904761905,0.875636145740718,168.13611124952416,66.6
RUN_111,2026-10-03 23:41:58,SLOWLORIS,RECOVERY,1.3783783783783783,471.4594594594595,8.945945945945946,0.7772317772317773,0.9552445247917039,243.3387402232822,66.21621621621621
RUN_111,2026-10-03 23:41:59,SLOWLORIS,RECOVERY,0.918918918918919,280.7027027027027,8.945945945945946,0.9262548262548262,0.8919570956072443,218.96467399004806,64.32432432432432
RUN_119,2026-10-03 23:56:00,NORMAL,NORMAL,8.0,3934.0,1.0,0.2107371794871795,0.0,0.0,0.0
RUN_119,2026-10-03 23:56:01,NORMAL,NORMAL,6.833333333333333,5100.333333333333,1.0,0.2904720279720279,4.083333333333333,2473.0,0.0
RUN_119,2026-10-03 23:56:02,NORMAL,NORMAL,12.857142857142858,8996.142857142857,1.2857142857142858,0.08347967392085036,3.780148571827739,2584.4285855502153,0.0
RUN_119,2026-10-03 23:56:03,NORMAL,NORMAL,7.75,4074.625,1.5,0.20361790986790987,3.9867184738198023,2791.1658579211617,0.0
RUN_119,2026-10-03 23:56:04,NORMAL,NORMAL,10.181818181818182,5169.090909090909,2.272727272727273,0.10884460162535027,2.3893037021454173,1620.3238002009575,0.0
RUN_119,2026-10-03 23:56:05,NORMAL,NORMAL,3.5833333333333335,2191.25,2.3333333333333335,0.42371031746031745,3.6655413421966756,2170.7611064370844,0.0
RUN_119,2026-10-03 23:56:06,NORMAL,NORMAL,6.0,5048.916666666667,2.3333333333333335,0.3994408369408369,4.445717850862845,3356.2263796674415,0.0
RUN_119,2026-10-03 23:56:07,NORMAL,NORMAL,9.555555555555555,7772.222222222223,1.8888888888888888,0.133528971028971,4.349321431213171,3434.778756523183,0.0
RUN_119,2026-10-03 23:56:08,NORMAL,NORMAL,9.875,7285.5,1.75,0.1180194805194805,3.6941236194105262,3178.206716782028,0.0
RUN_119,2026-10-03 23:56:09,NORMAL,NORMAL,7.1,4440.1,2.4,0.34254329004329004,3.219855048043276,2976.552768868938,0.0
RUN_119,2026-10-03 23:56:10,NORMAL,NORMAL,6.181818181818182,5208.181818181818,2.4545454545454546,0.3364029909484455,4.115225258935232,3641.9615311823886,0.0
RUN_119,2026-10-03 23:56:11,NORMAL,NORMAL,7.1,4872.0,2.0,0.17476551226551224,3.9756407636304063,3166.7321296094115,0.0
RUN_119,2026-10-03 23:56:12,NORMAL,NORMAL,7.846153846153846,5540.7692307692305,2.5384615384615383,0.1701657991131675,2.8247577368789316,2315.2356762758245,0.0
RUN_119,2026-10-03 23:56:13,NORMAL,NORMAL,9.636363636363637,3943.5454545454545,2.272727272727273,0.16474842002916867,3.7314942314110113,2380.2858173905347,0.0
RUN_119,2026-10-03 23:56:14,NORMAL,NORMAL,11.166666666666666,8550.416666666666,2.5,0.09816194154429446,3.040464513631066,2305.5731543481857,0.0
RUN_119,2026-10-03 23:56:15,NORMAL,NORMAL,6.454545454545454,4093.3636363636365,2.272727272727273,0.20661157024793386,3.4157321704599237,2629.592533089071,0.0
RUN_119,2026-10-03 23:56:16,NORMAL,NORMAL,9.454545454545455,6575.636363636364,2.6363636363636362,0.1222379892834438,2.921266208830717,2406.4018500452926,0.0
RUN_119,2026-10-03 23:56:17,NORMAL,NORMAL,6.5,4569.6,2.0,0.21666666666666665,2.9861886545728846,2348.8229680108684,0.0
RUN_119,2026-10-03 23:56:18,NORMAL,NORMAL,10.7,9006.0,2.0,0.1419832433648223,3.5250987719422673,2812.625920768084,0.0
RUN_119,2026-10-03 23:56:19,NORMAL,NORMAL,6.666666666666667,4064.3333333333335,1.8888888888888888,0.26277302943969605,4.019170399718343,3274.2505621635623,0.0
RUN_119,2026-10-03 23:56:20,NORMAL,EARLY_CHANGE,5.7,3467.8,2.0,0.32947802197802195,2.88764763240543,2444.9070438934855,0.0
RUN_119,2026-10-03 23:56:21,NORMAL,EARLY_CHANGE,6.0,3459.375,1.75,0.33125,2.916476350892662,2631.123791884586,0.0
RUN_119,2026-10-03 23:56:22,NORMAL,EARLY_CHANGE,6.25,4943.5,1.75,0.28566919191919193,3.3631668506981187,3116.998994375718,0.0
RUN_119,2026-10-03 23:56:23,NORMAL,EARLY_CHANGE,6.0,4243.0,1.2857142857142858,0.24512471655328796,2.5258089296950064,2136.1136139121845,0.0
RUN_119,2026-10-03 23:56:24,NORMAL,EARLY_CHANGE,5.285714285714286,3621.0,1.2857142857142858,0.28968253968253965,3.0390943895705824,2126.1942188596736,0.0
RUN_119,2026-10-03 23:56:25,NORMAL,EARLY_CHANGE,11.0,5926.428571428572,1.2857142857142858,0.1198232323232323,4.4411582511735554,2551.516551571999,0.0
RUN_119,2026-10-03 23:56:26,NORMAL,EARLY_CHANGE,8.428571428571429,5223.285714285715,1.2857142857142858,0.13513867085295656,4.169437293868579,2547.4724766742415,0.0
RUN_119,2026-10-03 23:56:27,NORMAL,EARLY_CHANGE,9.0,5543.375,1.5,0.15353084415584414,3.016657740731894,1545.4879550907483,0.0
RUN_119,2026-10-03 23:56:28,NORMAL,EARLY_CHANGE,5.5,3822.0,1.5,0.37704991087344025,3.271200151496464,2088.0563287086243,0.0
RUN_119,2026-10-03 23:56:29,NORMAL,EARLY_CHANGE,8.875,5155.75,1.5,0.31750228937728936,3.6717505286537078,2383.5724424529058,0.0
RUN_119,2026-10-03 23:56:30,NORMAL,ESCALATION,4.625,3482.875,1.5,0.2605654761904762,2.9567017069435146,2092.522888427804,0.0
RUN_119,2026-10-03 23:56:31,NORMAL,ESCALATION,9.125,6493.25,1.5,0.13744276556776555,3.3251657414192484,2297.881318378732,0.0
RUN_119,2026-10-03 23:56:32,NORMAL,ESCALATION,6.857142857142857,4158.714285714285,1.2857142857142858,0.2657081014223871,3.058026812798759,2270.3280876662407,0.0
RUN_119,2026-10-03 23:56:33,NORMAL,ESCALATION,4.428571428571429,3145.0,1.2857142857142858,0.3892857142857143,2.4867213943573385,1630.2256882305385,0.0
RUN_119,2026-10-03 23:56:34,NORMAL,ESCALATION,7.833333333333333,4836.166666666667,1.0,0.1535113035113035,2.810029628313439,2021.727982056337,0.0
RUN_119,2026-10-03 23:56:35,NORMAL,ESCALATION,6.428571428571429,3888.1428571428573,1.2857142857142858,0.4177004134987329,2.8942236994016524,2055.295934266093,0.0
RUN_119,2026-10-03 23:56:36,NORMAL,ESCALATION,3.5714285714285716,2800.1428571428573,1.2857142857142858,0.42261904761904756,2.9737586320755622,1894.8554307318725,0.0
RUN_119,2026-10-03 23:56:37,NORMAL,ESCALATION,8.11111111111111,4839.888888888889,1.6666666666666667,0.15102212602212597,2.4022868373775004,1383.3819193060876,0.0
RUN_119,2026-10-03 23:56:38,NORMAL,ESCALATION,9.625,6447.375,1.5,0.12218163780663778,2.9528125834123813,1877.4308709597117,0.0
RUN_119,2026-10-03 23:56:39,NORMAL,ESCALATION,7.285714285714286,3023.0,1.2857142857142858,0.1976190476190476,2.973102832037203,1887.844659838887,0.0
RUN_119,2026-10-03 23:56:40,NORMAL,ESCALATION,8.714285714285714,5731.142857142857,1.2857142857142858,0.14863588792160218,2.902181387045656,2230.0615186955065,0.0
RUN_119,2026-10-03 23:56:41,NORMAL,ESCALATION,5.142857142857143,3343.714285714286,1.2857142857142858,0.43362193362193363,2.7800592440862033,2077.544545937424,0.0
RUN_119,2026-10-03 23:56:42,NORMAL,ESCALATION,10.285714285714286,6590.571428571428,1.2857142857142858,0.12336934773909561,4.070348897914399,3050.5572402242683,0.0
RUN_119,2026-10-03 23:56:43,NORMAL,ESCALATION,9.571428571428571,6509.285714285715,1.2857142857142858,0.11581275866990148,3.2561293269269433,2266.2098404313033,0.0
RUN_119,2026-10-03 23:56:44,NORMAL,ESCALATION,5.666666666666667,2533.8333333333335,1.0,0.5472222222222222,3.6733645836069826,2560.2486120904014,0.0
RUN_119,2026-10-03 23:56:45,NORMAL,ESCALATION,8.0,5842.142857142857,1.2857142857142858,0.28486037771752054,3.1969742684541624,2534.7632724159153,0.0
RUN_119,2026-10-03 23:56:46,NORMAL,ESCALATION,8.0,3681.8571428571427,1.2857142857142858,0.24274891774891774,2.7297531705703793,1941.3823010141912,0.0
RUN_119,2026-10-03 23:56:47,NORMAL,ESCALATION,7.75,4492.0,1.75,0.1383928571428571,2.534742276168781,1684.8401439300571,0.0
RUN_119,2026-10-03 23:56:48,NORMAL,ESCALATION,3.5,2228.375,1.75,0.5545138888888889,3.010876612785854,1980.4388569751793,0.0
RUN_119,2026-10-03 23:56:49,NORMAL,ESCALATION,6.0,3208.25,1.75,0.2855623543123543,2.5769002618014523,1723.862157923069,0.0
RUN_119,2026-10-03 23:56:50,NORMAL,ESCALATION,10.666666666666666,8306.444444444445,1.8888888888888888,0.12008547008547005,2.8564289592941265,2180.7783791255856,0.0
RUN_119,2026-10-03 23:56:51,NORMAL,ESCALATION,8.0,5443.111111111111,1.8888888888888888,0.20828245828245823,3.179585844691024,2526.13985552834,0.0
RUN_119,2026-10-03 23:56:52,NORMAL,ESCALATION,4.125,2502.875,1.5,0.45416666666666666,2.8369814905642543,2092.4949513628326,0.0
RUN_119,2026-10-03 23:56:53,NORMAL,ESCALATION,6.25,4841.0,1.5,0.19954594017094016,2.7988145367947475,1995.0560334309173,0.0
RUN_119,2026-10-03 23:56:54,NORMAL,ESCALATION,6.714285714285714,4535.571428571428,1.2857142857142858,0.15646258503401356,2.758084295825547,2100.4341987236767,0.0
RUN_119,2026-10-03 23:56:55,NORMAL,ESCALATION,11.25,9210.25,1.75,0.1363793477764066,2.009133513481293,1815.603640962131,0.0
RUN_119,2026-10-03 23:56:56,NORMAL,ESCALATION,7.125,3684.125,1.75,0.2623106060606061,1.840787634964672,2402.7420732152277,0.0
RUN_119,2026-10-03 23:56:57,NORMAL,ESCALATION,5.625,2991.0,1.75,0.3053571428571428,2.6929804410767817,2614.096193866622,0.0
RUN_119,2026-10-03 23:56:58,NORMAL,ESCALATION,5.625,4084.5,1.75,0.3144886363636364,2.89883448758858,2617.7966180642165,0.0
RUN_119,2026-10-03 23:56:59,NORMAL,ESCALATION,6.555555555555555,4229.0,1.8888888888888888,0.2296296296296296,3.15447224683546,2677.544026625701,0.0
RUN_119,2026-10-03 23:57:00,NORMAL,SUSTAINED,10.142857142857142,5580.857142857143,1.2857142857142858,0.33801125345242994,1.8168197554648484,1051.2099287502372,0.0
RUN_119,2026-10-03 23:57:01,NORMAL,SUSTAINED,7.375,5405.625,1.5,0.27018849206349205,3.1531451765508516,1849.009686792808,0.0
RUN_119,2026-10-03 23:57:02,NORMAL,SUSTAINED,8.5,6234.0,1.5,0.19525878533231472,4.334068687820624,2923.3882802563903,0.0
RUN_119,2026-10-03 23:57:03,NORMAL,SUSTAINED,5.375,3283.25,1.5,0.40327380952380953,3.591329004414374,2499.653886706579,0.0
RUN_119,2026-10-03 23:57:04,NORMAL,SUSTAINED,7.375,5889.375,1.5,0.24787608225108224,3.7481575330824466,2462.087719325053,0.0
RUN_119,2026-10-03 23:57:05,NORMAL,SUSTAINED,6.125,4598.125,1.5,0.2896329365079365,3.9085128107467786,2862.0574817579136,0.0
RUN_119,2026-10-03 23:57:06,NORMAL,SUSTAINED,5.875,3130.375,1.5,0.39145299145299145,3.926892884417134,2793.404857201994,0.0
RUN_119,2026-10-03 23:57:07,NORMAL,SUSTAINED,6.888888888888889,4463.888888888889,1.6666666666666667,0.23328924162257492,2.9683339729848597,2264.0644111167776,0.0
RUN_119,2026-10-03 23:57:08,NORMAL,SUSTAINED,3.2222222222222223,1457.888888888889,1.6666666666666667,0.44753086419753085,2.7997027149558904,2884.93614036153,0.0
RUN_119,2026-10-03 23:57:09,NORMAL,SUSTAINED,6.75,5528.5,1.5,0.28178800366300366,3.087603613969568,3227.8099956734613,0.0
RUN_119,2026-10-03 23:57:10,NORMAL,SUSTAINED,7.125,3895.75,1.5,0.21309974747474747,2.566453840983826,2514.3159585051158,0.0
RUN_119,2026-10-03 23:57:11,NORMAL,SUSTAINED,10.8,6748.3,2.0,0.1346367521367521,3.217838122851154,2401.8010316328264,0.0
RUN_119,2026-10-03 23:57:12,NORMAL,SUSTAINED,7.777777777777778,3901.4444444444443,1.6666666666666667,0.15158051824718488,3.431543420582498,2583.679536315455,0.0
RUN_119,2026-10-03 23:57:13,NORMAL,SUSTAINED,7.333333333333333,6505.555555555556,1.6666666666666667,0.2643298059964726,3.3555696919335354,3019.6101854842573,0.0
RUN_119,2026-10-03 23:57:14,NORMAL,SUSTAINED,8.181818181818182,4941.272727272727,2.090909090909091,0.277462599788803,2.6446230399968202,2090.0719031205003,0.0
RUN_119,2026-10-03 23:57:15,NORMAL,SUSTAINED,8.777777777777779,5366.0,1.6666666666666667,0.1556216931216931,2.5741402106508264,1915.51789162839,0.0
RUN_119,2026-10-03 23:57:16,NORMAL,SUSTAINED,4.5,2773.1,2.0,0.3328968253968254,3.0858636992482302,2212.4362383304865,0.0
RUN_119,2026-10-03 23:57:17,NORMAL,SUSTAINED,10.3,6081.1,2.0,0.11218004218004216,3.871065107026433,2771.604134630272,0.0
RUN_119,2026-10-03 23:57:18,NORMAL,SUSTAINED,10.333333333333334,7891.555555555556,1.8888888888888888,0.10374502041168705,3.8460864623635933,2918.3554055074874,0.0
RUN_119,2026-10-03 23:57:19,NORMAL,SUSTAINED,7.444444444444445,3591.6666666666665,1.6666666666666667,0.17534595034595035,3.181535522767033,2520.3462735442595,0.0
RUN_119,2026-10-03 23:57:20,NORMAL,SUSTAINED,11.75,7832.625,1.5,0.12127664002664,3.667170652937842,3067.644272788336,0.0
RUN_119,2026-10-03 23:57:21,NORMAL,SUSTAINED,9.25,5210.0,1.75,0.2392178362573099,2.7433936093293805,1956.2150932016045,0.0
RUN_119,2026-10-03 23:57:22,NORMAL,SUSTAINED,8.222222222222221,4209.222222222223,1.8888888888888888,0.14579772079772077,3.5856875064070914,2112.4861483858413,0.0
RUN_119,2026-10-03 23:57:23,NORMAL,SUSTAINED,5.666666666666667,3891.222222222222,1.8888888888888888,0.3117283950617284,3.4665764421327703,1971.3823626041865,0.0
RUN_119,2026-10-03 23:57:24,NORMAL,SUSTAINED,5.125,3755.625,1.5,0.4833333333333333,3.5914046627328675,2223.6055230546663,0.0
RUN_119,2026-10-03 23:57:25,NORMAL,SUSTAINED,7.0,4935.75,1.5,0.2045558608058608,2.56235199688901,2019.8196827092625,0.0
RUN_119,2026-10-03 23:57:26,NORMAL,SUSTAINED,9.75,7507.375,1.75,0.15663305992253357,2.2558989972558963,1890.6323791424134,0.0
RUN_119,2026-10-03 23:57:27,NORMAL,SUSTAINED,6.142857142857143,3843.4285714285716,1.2857142857142858,0.38903061224489793,3.930563440548187,3139.3769176983733,0.0
RUN_119,2026-10-03 23:57:28,NORMAL,SUSTAINED,7.857142857142857,6188.857142857143,1.2857142857142858,0.3912698412698412,3.4944420387378434,2755.49366492876,0.0
RUN_119,2026-10-03 23:57:29,NORMAL,SUSTAINED,9.875,7703.875,1.5,0.1270427489177489,2.508777953686805,2418.856704940645,0.0
RUN_119,2026-10-03 23:57:30,NORMAL,DECAY,5.285714285714286,3506.4285714285716,1.2857142857142858,0.20034013605442175,3.7804367629409024,3528.161523263617,0.0
RUN_119,2026-10-03 23:57:31,NORMAL,DECAY,5.714285714285714,4967.714285714285,1.2857142857142858,0.315546218487395,4.482785455557603,4016.6371035172792,0.0
RUN_119,2026-10-03 23:57:32,NORMAL,DECAY,4.857142857142857,3857.285714285714,1.2857142857142858,0.28095238095238095,3.752873147252639,3279.1054832860677,0.0
RUN_119,2026-10-03 23:57:33,NORMAL,DECAY,11.0,6844.625,1.5,0.09714370596723536,3.2807375535313614,2535.6547436140886,0.0
RUN_119,2026-10-03 23:57:34,NORMAL,DECAY,8.555555555555555,4718.222222222223,1.8888888888888888,0.1437321937321937,3.4753516364082424,2736.119874286306,0.0
RUN_119,2026-10-03 23:57:35,NORMAL,DECAY,6.2,4634.6,2.0,0.24916666666666662,3.1929421351435767,2649.1703119350614,0.0
RUN_119,2026-10-03 23:57:36,NORMAL,DECAY,8.666666666666666,5371.0,2.3333333333333335,0.17363701113701113,3.364946825530188,2590.1564777104777,0.0
RUN_119,2026-10-03 23:57:37,NORMAL,DECAY,4.1,2703.6,2.0,0.525,3.3161511059753095,2723.562186497941,0.0
RUN_119,2026-10-03 23:57:38,NORMAL,DECAY,7.384615384615385,4697.615384615385,2.5384615384615383,0.2592702169625246,3.0762397132382966,2682.449034672063,0.0
RUN_119,2026-10-03 23:57:39,NORMAL,DECAY,5.533333333333333,4722.0,3.1333333333333333,0.2648965848965849,2.3918061162597803,2207.4113222404467,0.0
RUN_119,2026-10-03 23:57:40,NORMAL,DECAY,10.25,6214.8125,3.125,0.12150141525141524,3.596047207756972,2497.9828084154,0.0
RUN_119,2026-10-03 23:57:41,NORMAL,DECAY,7.5625,4463.4375,3.125,0.33358837343212344,4.071496837901235,2639.5952317608285,0.0
RUN_119,2026-10-03 23:57:42,NORMAL,DECAY,8.933333333333334,5996.333333333333,2.8666666666666667,0.1218237318237318,3.6446871117777317,2295.312205664288,0.0
RUN_119,2026-10-03 23:57:43,NORMAL,DECAY,7.75,3771.3333333333335,2.6666666666666665,0.294701825951826,3.452031720507504,2296.969720143038,0.0
RUN_119,2026-10-03 23:57:44,NORMAL,DECAY,9.25,5887.083333333333,2.6666666666666665,0.15201719576719575,3.5200995511600772,2670.5432632040825,0.0
RUN_119,2026-10-03 23:57:45,NORMAL,DECAY,8.23076923076923,5778.615384615385,2.6923076923076925,0.18874213393444159,3.136094616540991,2593.5636946587188,0.0
RUN_119,2026-10-03 23:57:46,NORMAL,DECAY,8.166666666666666,3810.6666666666665,2.6666666666666665,0.1404109779109779,2.611058878063317,2306.52264182982,0.0
RUN_119,2026-10-03 23:57:47,NORMAL,DECAY,7.5,3663.5,2.6666666666666665,0.21352513227513226,2.9588281547955932,2156.9127789762115,0.0
RUN_119,2026-10-03 23:57:48,NORMAL,DECAY,7.181818181818182,5733.454545454545,2.6363636363636362,0.2023426068880614,3.0073541341471244,2545.3497297962717,0.0
RUN_119,2026-10-03 23:57:49,NORMAL,DECAY,7.846153846153846,4352.461538461538,2.6923076923076925,0.20873848373848375,2.19950773950636,1892.4322808631891,0.0
RUN_119,2026-10-03 23:57:50,NORMAL,RECOVERY,7.6,5450.3,2.4,0.15811868686868685,2.3129126572693903,2039.0013890890434,0.0
RUN_119,2026-10-03 23:57:51,NORMAL,RECOVERY,5.6,3081.2,2.4,0.2651190476190476,2.5257139986421744,2111.483194241624,0.0
RUN_119,2026-10-03 23:57:52,NORMAL,RECOVERY,8.2,3390.7,2.2,0.30053321678321676,3.00907620599012,1914.563419773195,0.0
RUN_119,2026-10-03 23:57:53,NORMAL,RECOVERY,6.625,3927.25,1.5,0.20624999999999996,3.0359630672313154,1256.7115902040566,0.0
RUN_119,2026-10-03 23:57:54,NORMAL,RECOVERY,9.222222222222221,5263.777777777777,1.8888888888888888,0.1290564373897707,3.1198085744532253,1550.1362197102426,0.0
RUN_119,2026-10-03 23:57:55,NORMAL,RECOVERY,6.111111111111111,4355.777777777777,1.8888888888888888,0.22615039281705945,2.7908612286054777,1399.5668688870894,0.0
RUN_119,2026-10-03 23:57:56,NORMAL,RECOVERY,9.714285714285714,6031.857142857143,1.2857142857142858,0.10668577454291739,3.0304792984876108,2130.172097473596,0.0
RUN_119,2026-10-03 23:57:57,NORMAL,RECOVERY,8.0,3632.222222222222,1.6666666666666667,0.25244431494431496,2.8002598785574673,1725.972348012077,0.0
RUN_119,2026-10-03 23:57:58,NORMAL,RECOVERY,6.111111111111111,4405.666666666667,1.6666666666666667,0.34850489017155684,3.405486690565864,2097.0710035486527,0.0
RUN_119,2026-10-03 23:57:59,NORMAL,RECOVERY,10.666666666666666,7381.333333333333,1.6666666666666667,0.19199637269812705,3.6611234150773617,2298.91889200548,0.0
RUN_128,2026-10-04 00:14:00,NORMAL,NORMAL,6.714285714285714,4776.142857142857,1.0,0.343301936159079,0.0,0.0,0.0
RUN_128,2026-10-04 00:14:01,NORMAL,NORMAL,7.428571428571429,5174.714285714285,1.0,0.2173469387755102,4.071428571428571,3390.285714285714,0.0
RUN_128,2026-10-04 00:14:02,NORMAL,NORMAL,9.714285714285714,3916.8571428571427,1.0,0.14539758487126905,3.9711851973979657,2995.9544473855094,0.0
RUN_128,2026-10-04 00:14:03,NORMAL,NORMAL,10.5,7424.375,1.25,0.10746527777777777,3.331986909827708,2627.421735435349,0.0
RUN_128,2026-10-04 00:14:04,NORMAL,NORMAL,10.25,5839.625,1.25,0.13466186591186588,2.882783455777603,2202.3263654101643,0.0
RUN_128,2026-10-04 00:14:05,NORMAL,NORMAL,6.555555555555555,3520.3333333333335,1.4444444444444444,0.2479938271604938,2.6429694281403213,1922.737832913714,0.0
RUN_128,2026-10-04 00:14:06,NORMAL,NORMAL,7.0,5022.444444444444,1.4444444444444444,0.1735890652557319,2.5525793852228316,2122.3385409582097,0.0
RUN_128,2026-10-04 00:14:07,NORMAL,NORMAL,8.090909090909092,4019.090909090909,1.7272727272727273,0.1526312071766617,2.1459187705079508,1732.5333325472557,0.0
RUN_128,2026-10-04 00:14:08,NORMAL,NORMAL,8.2,6090.3,1.6,0.16830086580086576,3.060142309581734,2299.498704347053,0.0
RUN_128,2026-10-04 00:14:09,NORMAL,NORMAL,6.142857142857143,4136.142857142857,1.0,0.38588435374149654,2.4839142205824096,2049.5809811184,0.0
RUN_128,2026-10-04 00:14:10,NORMAL,NORMAL,7.0,4184.0,1.0,0.18548752834467117,2.673798560959362,1986.4713995273576,0.0
RUN_128,2026-10-04 00:14:11,NORMAL,NORMAL,5.625,3727.625,1.25,0.21553030303030302,2.3260016848008145,1679.5877611265205,0.0
RUN_128,2026-10-04 00:14:12,NORMAL,NORMAL,6.375,3476.75,1.25,0.1795138888888889,2.8497341985677296,2015.4100677116417,0.0
RUN_128,2026-10-04 00:14:13,NORMAL,NORMAL,6.222222222222222,5260.777777777777,1.6666666666666667,0.31873219373219375,2.1359462733386154,1942.002683719572,0.0
RUN_128,2026-10-04 00:14:14,NORMAL,NORMAL,7.777777777777778,4052.222222222222,1.6666666666666667,0.2252789331220704,2.9143321487533123,2599.2707005481334,0.0
RUN_128,2026-10-04 00:14:15,NORMAL,NORMAL,6.666666666666667,5150.0,1.6666666666666667,0.1844396344396344,2.9771515519713367,2724.7300187779083,0.0
RUN_128,2026-10-04 00:14:16,NORMAL,NORMAL,8.666666666666666,5154.777777777777,1.6666666666666667,0.16525573192239854,3.3990568925320535,2512.0333302417403,0.0
RUN_128,2026-10-04 00:14:17,NORMAL,NORMAL,8.5,4528.4,1.8,0.17750683956566307,3.3884651719859136,2292.6395200046513,0.0
RUN_128,2026-10-04 00:14:18,NORMAL,NORMAL,9.181818181818182,7668.636363636364,1.9090909090909092,0.23234820734820733,2.9763894419721213,2305.800505203738,0.0
RUN_128,2026-10-04 00:14:19,NORMAL,NORMAL,11.0,5552.2,1.6,0.19335950599108492,3.6090255658974413,2613.313765244008,0.0
RUN_128,2026-10-04 00:14:20,NORMAL,EARLY_CHANGE,6.7,4333.7,1.6,0.28900543900543896,3.847428839296149,2621.4875080617176,0.0
RUN_128,2026-10-04 00:14:21,NORMAL,EARLY_CHANGE,5.2,4539.8,1.6,0.32519230769230767,3.8457712240146806,2658.168186347456,0.0
RUN_128,2026-10-04 00:14:22,NORMAL,EARLY_CHANGE,7.3,4260.5,1.6,0.24378357753357754,3.90020738711979,2586.716109838817,0.0
RUN_128,2026-10-04 00:14:23,NORMAL,EARLY_CHANGE,8.818181818181818,6012.636363636364,1.7272727272727273,0.13392230170305036,3.7398812271305713,2275.986237218115,0.0
RUN_128,2026-10-04 00:14:24,NORMAL,EARLY_CHANGE,10.833333333333334,7991.333333333333,2.0,0.19665931656063232,2.888086408284289,2190.1860042157195,0.0
RUN_128,2026-10-04 00:14:25,NORMAL,EARLY_CHANGE,8.916666666666666,6175.416666666667,2.0,0.13475320975320973,3.254866030562597,2870.9074567194425,0.0
RUN_128,2026-10-04 00:14:26,NORMAL,EARLY_CHANGE,8.666666666666666,5884.0,2.0,0.1967730526554056,3.173681067617179,2939.7490745980544,0.0
RUN_128,2026-10-04 00:14:27,NORMAL,EARLY_CHANGE,10.0,7105.545454545455,1.9090909090909092,0.1117221162675708,3.0487323648739424,2740.2296064325874,0.0
RUN_128,2026-10-04 00:14:28,NORMAL,EARLY_CHANGE,11.7,7775.5,1.8,0.0953340123928359,2.7600292139266975,3051.803144937102,0.0
RUN_128,2026-10-04 00:14:29,NORMAL,EARLY_CHANGE,7.4,4863.7,1.8,0.20960428460428457,2.15776094899689,1997.391290402896,0.0
RUN_128,2026-10-04 00:14:30,NORMAL,ESCALATION,7.363636363636363,4667.272727272727,1.9090909090909092,0.22262232716778166,2.5036795905958105,1819.3317606427574,0.0
RUN_128,2026-10-04 00:14:31,NORMAL,ESCALATION,7.0,4198.3,1.6,0.19217032967032965,2.2652420944491465,1838.7519148876054,0.0
RUN_128,2026-10-04 00:14:32,NORMAL,ESCALATION,7.2727272727272725,5607.363636363636,1.7272727272727273,0.16287878787878787,2.3565615318114044,2036.070063898698,0.0
RUN_128,2026-10-04 00:14:33,NORMAL,ESCALATION,9.333333333333334,5076.666666666667,1.4444444444444444,0.12835497835497833,2.3195257556659485,1889.9615487792876,0.0
RUN_128,2026-10-04 00:14:34,NORMAL,ESCALATION,8.222222222222221,5078.111111111111,1.4444444444444444,0.17676366843033509,2.289983614074896,1781.100580480533,0.0
RUN_128,2026-10-04 00:14:35,NORMAL,ESCALATION,6.7,4756.1,1.6,0.3214224664224664,2.955471696866513,2190.4732461154354,0.0
RUN_128,2026-10-04 00:14:36,NORMAL,ESCALATION,6.181818181818182,3201.7272727272725,1.9090909090909092,0.23623737373737372,2.7924263040674244,1760.499420305575,0.0
RUN_128,2026-10-04 00:14:37,NORMAL,ESCALATION,4.888888888888889,3345.0,1.4444444444444444,0.3371693121693122,2.3495719845812286,1511.125780299111,0.0
RUN_128,2026-10-04 00:14:38,NORMAL,ESCALATION,5.777777777777778,2628.222222222222,1.4444444444444444,0.20044091710758374,1.7799482124393455,1096.8078562407072,0.0
RUN_128,2026-10-04 00:14:39,NORMAL,ESCALATION,6.625,3546.875,1.25,0.20386141636141636,2.2945387860261635,1291.2124458758153,0.0
RUN_128,2026-10-04 00:14:40,NORMAL,ESCALATION,6.444444444444445,3844.8888888888887,1.4444444444444444,0.3087782587782588,2.402936672118973,1491.02358025581,0.0
RUN_128,2026-10-04 00:14:41,NORMAL,ESCALATION,10.0,3726.6666666666665,1.4444444444444444,0.14123334907648633,3.6381940566863062,1735.771111811361,0.0
RUN_128,2026-10-04 00:14:42,NORMAL,ESCALATION,3.888888888888889,2393.4444444444443,1.6666666666666667,0.5801519468186135,2.5264822721207962,950.7561712545222,0.0
RUN_128,2026-10-04 00:14:43,NORMAL,ESCALATION,9.444444444444445,4319.333333333333,1.6666666666666667,0.22713567296900627,4.042664125461738,1799.6022864467823,0.0
RUN_128,2026-10-04 00:14:44,NORMAL,ESCALATION,9.11111111111111,7499.222222222223,1.6666666666666667,0.17019400352733685,4.629357055975291,3418.101444691231,0.0
RUN_128,2026-10-04 00:14:45,NORMAL,ESCALATION,5.0,2897.4444444444443,1.6666666666666667,0.3659544159544159,4.480605777440777,3464.70909990113,0.0
RUN_128,2026-10-04 00:14:46,NORMAL,ESCALATION,8.125,4384.5,1.25,0.13854166666666667,3.7771869380701717,2918.2051520686728,0.0
RUN_128,2026-10-04 00:14:47,NORMAL,ESCALATION,8.375,4779.0,1.25,0.26433935753788695,3.813482132870757,3175.168194891191,0.0
RUN_128,2026-10-04 00:14:48,NORMAL,ESCALATION,8.125,5848.75,1.25,0.34853259485612426,3.818083515031588,2740.1571989992362,0.0
RUN_128,2026-10-04 00:14:49,NORMAL,ESCALATION,7.111111111111111,3386.3333333333335,1.4444444444444444,0.1668911335578002,1.908507346029623,1220.7102014622335,0.0
RUN_128,2026-10-04 00:14:50,NORMAL,ESCALATION,5.444444444444445,4104.333333333333,1.4444444444444444,0.286026936026936,3.12601279570777,1842.3007347803634,0.0
RUN_128,2026-10-04 00:14:51,NORMAL,ESCALATION,6.428571428571429,3859.0,1.0,0.22240259740259738,2.647639093607316,1376.2833901520955,0.0
RUN_128,2026-10-04 00:14:52,NORMAL,ESCALATION,5.142857142857143,2444.8571428571427,1.0,0.34563492063492063,1.9017053214202269,1280.5223172144854,0.0
RUN_128,2026-10-04 00:14:53,NORMAL,ESCALATION,8.375,4995.375,1.25,0.3299107142857143,2.2761389880258536,1366.5405326790915,0.0
RUN_128,2026-10-04 00:14:54,NORMAL,ESCALATION,7.5,5182.75,1.25,0.15213744588744588,2.341238780614591,1698.7852771878427,0.0
RUN_128,2026-10-04 00:14:55,NORMAL,ESCALATION,5.222222222222222,4369.666666666667,1.4444444444444444,0.26133557800224466,2.4604042566480957,1635.3582862577757,0.0
RUN_128,2026-10-04 00:14:56,NORMAL,ESCALATION,5.7272727272727275,4125.727272727273,1.9090909090909092,0.25735930735930734,2.5953501029682884,1723.7166733019462,0.0
RUN_128,2026-10-04 00:14:57,NORMAL,ESCALATION,7.833333333333333,4819.166666666667,2.0,0.14735542235542234,2.680694864527552,2014.0057080656497,0.0
RUN_128,2026-10-04 00:14:58,NORMAL,ESCALATION,9.0,6344.333333333333,2.1666666666666665,0.1474371693121693,2.8745555178954567,2497.3011482395264,0.0
RUN_128,2026-10-04 00:14:59,NORMAL,ESCALATION,7.5,3121.5714285714284,2.2857142857142856,0.2873224289715886,2.9662822536299864,2397.800597495366,0.0
RUN_128,2026-10-04 00:15:00,NORMAL,SUSTAINED,4.846153846153846,3023.3846153846152,2.230769230769231,0.36181126565741945,2.746377952345448,2208.8626908473007,0.0
RUN_128,2026-10-04 00:15:01,NORMAL,SUSTAINED,8.923076923076923,5458.538461538462,2.3846153846153846,0.17361036399497937,2.6092920205254413,2114.618205494921,0.0
RUN_128,2026-10-04 00:15:02,NORMAL,SUSTAINED,10.416666666666666,4287.166666666667,2.3333333333333335,0.1457384781397939,3.3441216757619188,2566.892244670328,0.0
RUN_128,2026-10-04 00:15:03,NORMAL,SUSTAINED,7.4,5448.6,1.8,0.2514224664224664,3.660326113914837,2425.339568043779,0.0
RUN_128,2026-10-04 00:15:04,NORMAL,SUSTAINED,8.88888888888889,7324.777777777777,1.4444444444444444,0.15622093955427288,3.7799625816908278,2856.938035998642,0.0
RUN_128,2026-10-04 00:15:05,NORMAL,SUSTAINED,7.0,4511.333333333333,1.4444444444444444,0.2863728863728864,3.03823994529976,2671.2952840136336,0.0
RUN_128,2026-10-04 00:15:06,NORMAL,SUSTAINED,7.4,4340.5,1.6,0.2921067821067821,2.6256648126538975,2190.697931745828,0.0
RUN_128,2026-10-04 00:15:07,NORMAL,SUSTAINED,9.0,5838.777777777777,1.4444444444444444,0.18595679012345678,2.4127442491428592,1690.77869451089,0.0
RUN_128,2026-10-04 00:15:08,NORMAL,SUSTAINED,4.6,2945.2,1.6,0.353525641025641,2.9071387986534925,2149.1562641374826,0.0
RUN_128,2026-10-04 00:15:09,NORMAL,SUSTAINED,4.8,2155.1,1.6,0.4392857142857142,3.0497729343385047,2139.580982116724,0.0
RUN_128,2026-10-04 00:15:10,NORMAL,SUSTAINED,10.0,4941.444444444444,1.4444444444444444,0.13046737213403878,3.857430309215843,2065.7206653679173,0.0
RUN_128,2026-10-04 00:15:11,NORMAL,SUSTAINED,9.75,5819.375,1.25,0.12584013209013206,3.2527489879501803,1611.3407986672396,0.0
RUN_128,2026-10-04 00:15:12,NORMAL,SUSTAINED,8.444444444444445,6238.0,1.6666666666666667,0.16331692998359665,2.9123329578884505,1888.92975305677,0.0
RUN_128,2026-10-04 00:15:13,NORMAL,SUSTAINED,7.875,3352.375,1.25,0.13433441558441556,2.420458474708776,2046.7417804178087,0.0
RUN_128,2026-10-04 00:15:14,NORMAL,SUSTAINED,6.625,3495.375,1.25,0.195528083028083,2.4404448724856547,1983.3499992726638,0.0
RUN_128,2026-10-04 00:15:15,NORMAL,SUSTAINED,9.4,6726.1,1.8,0.12178571428571427,1.5573951721723156,1409.7477391351997,0.0
RUN_128,2026-10-04 00:15:16,NORMAL,SUSTAINED,6.9,3022.9,1.8,0.2753185703185703,2.1196984707842583,1796.7829708103295,0.0
RUN_128,2026-10-04 00:15:17,NORMAL,SUSTAINED,9.692307692307692,5807.384615384615,2.230769230769231,0.10946638831254216,1.9714340219739301,1589.6782843750084,0.0
RUN_128,2026-10-04 00:15:18,NORMAL,SUSTAINED,7.636363636363637,5322.545454545455,1.9090909090909092,0.2637180110442142,3.101173975233863,2832.74989999498,0.0
RUN_128,2026-10-04 00:15:19,NORMAL,SUSTAINED,4.75,2938.0,2.0,0.4639249639249639,2.9125921937155037,2436.5029183445236,0.0
RUN_128,2026-10-04 00:15:20,NORMAL,SUSTAINED,7.6,5883.4,1.6,0.1753943278943279,3.6248752140340743,3635.4129160310295,0.0
RUN_128,2026-10-04 00:15:21,NORMAL,SUSTAINED,11.416666666666666,7150.166666666667,2.1666666666666665,0.09410115347615346,3.2224606810196152,3028.059512529919,0.0
RUN_128,2026-10-04 00:15:22,NORMAL,SUSTAINED,11.538461538461538,5536.615384615385,2.230769230769231,0.08968926372772526,3.034823657618167,2612.140500376855,0.0
RUN_128,2026-10-04 00:15:23,NORMAL,SUSTAINED,7.666666666666667,5199.083333333333,2.0,0.20525793650793647,3.4956855155179394,3120.0176006522634,0.0
RUN_128,2026-10-04 00:15:24,NORMAL,SUSTAINED,8.090909090909092,5034.727272727273,1.9090909090909092,0.1672523554876496,3.1865670831118664,2536.7590790331456,0.0
RUN_128,2026-10-04 00:15:25,NORMAL,SUSTAINED,7.833333333333333,5296.25,2.1666666666666665,0.13584447959447957,3.0242495832773053,2257.5969925654485,0.0
RUN_128,2026-10-04 00:15:26,NORMAL,SUSTAINED,7.769230769230769,4564.7692307692305,2.230769230769231,0.19551175320406086,2.574875729728384,1795.0229178684267,0.0
RUN_128,2026-10-04 00:15:27,NORMAL,SUSTAINED,6.5,4749.0,2.1666666666666665,0.5166035353535353,3.049327850962611,2452.385371849632,0.0
RUN_128,2026-10-04 00:15:28,NORMAL,SUSTAINED,4.75,3537.5,2.1666666666666665,0.28505291005291006,3.466989207043825,2557.6054030307987,0.0
RUN_128,2026-10-04 00:15:29,NORMAL,SUSTAINED,6.5,5010.5,2.1666666666666665,0.33207764457764455,3.620747966107906,2720.632277737793,0.0
RUN_128,2026-10-04 00:15:30,NORMAL,DECAY,5.909090909090909,3460.909090909091,1.9090909090909092,0.24845205299750753,3.941728416720791,2743.289097686329,0.0
RUN_128,2026-10-04 00:15:31,NORMAL,DECAY,7.9,4450.2,1.6,0.21261904761904762,4.096676058633874,2797.0746354100856,0.0
RUN_128,2026-10-04 00:15:32,NORMAL,DECAY,8.2,5630.0,1.6,0.23753357753357748,3.3135955424080095,2658.2325547118185,0.0
RUN_128,2026-10-04 00:15:33,NORMAL,DECAY,5.555555555555555,4198.222222222223,1.4444444444444444,0.25165343915343913,4.084180286079945,3298.2999885037448,0.0
RUN_128,2026-10-04 00:15:34,NORMAL,DECAY,8.6,4411.4,1.6,0.14172979797979796,3.0026450883610893,2336.076421441693,0.0
RUN_128,2026-10-04 00:15:35,NORMAL,DECAY,7.75,5918.75,1.25,0.2605623543123543,4.363580127860157,3523.1298359138877,0.0
RUN_128,2026-10-04 00:15:36,NORMAL,DECAY,5.777777777777778,3425.3333333333335,1.4444444444444444,0.26785714285714285,2.73356181070117,2219.9251251251635,0.0
RUN_128,2026-10-04 00:15:37,NORMAL,DECAY,7.818181818181818,4601.454545454545,1.9090909090909092,0.1577200577200577,2.8739092033475333,2018.687822128109,0.0
RUN_128,2026-10-04 00:15:38,NORMAL,DECAY,7.0,5397.5,1.6,0.22960678210678206,3.1646871778619365,2851.7100981370795,0.0
RUN_128,2026-10-04 00:15:39,NORMAL,DECAY,5.1,3127.2,1.6,0.37444444444444447,2.7812795987926187,2448.483587712236,0.0
RUN_128,2026-10-04 00:15:40,NORMAL,DECAY,6.222222222222222,4749.888888888889,1.4444444444444444,0.29378029378029374,2.632378300950433,2235.926205860911,0.0
RUN_128,2026-10-04 00:15:41,NORMAL,DECAY,8.4,5775.2,1.8,0.22109649122807012,2.753557078396623,2743.206910259189,0.0
RUN_128,2026-10-04 00:15:42,NORMAL,DECAY,10.666666666666666,6726.222222222223,1.4444444444444444,0.10459355459355457,3.164214049067765,2993.265834162429,0.0
RUN_128,2026-10-04 00:15:43,NORMAL,DECAY,6.4,3130.4,1.8,0.1796067821067821,2.62018037013097,2179.229648012124,0.0
RUN_128,2026-10-04 00:15:44,NORMAL,DECAY,6.5,3104.8,1.8,0.26458333333333334,2.933501056317719,2295.7941396461842,0.0
RUN_128,2026-10-04 00:15:45,NORMAL,DECAY,5.888888888888889,3124.3333333333335,1.4444444444444444,0.3826210826210826,2.971301567049151,2157.3209978457035,0.0
RUN_128,2026-10-04 00:15:46,NORMAL,DECAY,4.625,3865.25,1.25,0.537405303030303,2.534972917584396,1899.5340458790954,0.0
RUN_128,2026-10-04 00:15:47,NORMAL,DECAY,9.2,6934.7,1.6,0.13618548118548118,2.104134005300876,1515.954656144677,0.0
RUN_128,2026-10-04 00:15:48,NORMAL,DECAY,4.7,3121.4,1.6,0.31956349206349205,3.285838856357624,2724.5239639157508,0.0
RUN_128,2026-10-04 00:15:49,NORMAL,DECAY,6.538461538461538,4999.846153846154,2.076923076923077,0.31153846153846154,2.741020652713601,2392.651979856482,0.0
RUN_128,2026-10-04 00:15:50,NORMAL,RECOVERY,6.923076923076923,3874.3076923076924,2.076923076923077,0.15790875790875789,3.002725205619027,2609.166167452545,0.0
RUN_128,2026-10-04 00:15:51,NORMAL,RECOVERY,4.9,2129.3,1.6,0.3290909090909091,2.7273110780103567,2110.8675584958028,0.0
RUN_128,2026-10-04 00:15:52,NORMAL,RECOVERY,5.5,3501.5,1.6,0.32651515151515154,2.544871206029703,2014.4033174503413,0.0
RUN_128,2026-10-04 00:15:53,NORMAL,RECOVERY,10.222222222222221,6749.666666666667,1.4444444444444444,0.16884154335134724,3.5302229045100604,2652.955718643607,0.0
RUN_128,2026-10-04 00:15:54,NORMAL,RECOVERY,8.444444444444445,3900.1111111111113,1.6666666666666667,0.14551066217732886,2.1643887243047355,1939.3102484031592,0.0
RUN_128,2026-10-04 00:15:55,NORMAL,RECOVERY,7.3,4877.8,1.8,0.1801190476190476,2.598025779238431,2397.9452116845177,0.0
RUN_128,2026-10-04 00:15:56,NORMAL,RECOVERY,8.3,4267.1,1.8,0.20123015873015873,2.6223617409719195,2636.377491452158,0.0
RUN_128,2026-10-04 00:15:57,NORMAL,RECOVERY,7.8,4149.0,1.8,0.14234848484848484,1.9879234750616077,1572.6311935648532,0.0
RUN_128,2026-10-04 00:15:58,NORMAL,RECOVERY,9.083333333333334,5220.666666666667,2.0,0.17809095860566448,2.3333914010962604,1539.6712967128226,0.0
RUN_128,2026-10-04 00:15:59,NORMAL,RECOVERY,10.909090909090908,7803.272727272727,1.9090909090909092,0.10993867243867243,3.097563851691092,2261.3287367280477,0.0
RUN_129,2026-10-04 00:16:00,NORMAL,NORMAL,4.5,3597.6666666666665,1.0,0.4146825396825397,0.0,0.0,0.0
RUN_129,2026-10-04 00:16:01,NORMAL,NORMAL,8.0,6253.285714285715,1.2857142857142858,0.2619666048237477,3.142857142857143,2604.0714285714284,0.0
RUN_129,2026-10-04 00:16:02,NORMAL,NORMAL,5.0,2943.5,1.5,0.26785714285714285,2.41582416535838,2143.0044539916107,0.0
RUN_129,2026-10-04 00:16:03,NORMAL,NORMAL,5.0,3068.222222222222,1.6666666666666667,0.4012345679012345,2.331052972337667,2051.52151983144,0.0
RUN_129,2026-10-04 00:16:04,NORMAL,NORMAL,10.666666666666666,6751.777777777777,1.6666666666666667,0.10057720057720056,3.3448440741078524,2530.06713012879,0.0
RUN_129,2026-10-04 00:16:05,NORMAL,NORMAL,6.0,3832.4444444444443,1.6666666666666667,0.21957671957671954,3.5004204981930958,2386.1079281649636,0.0
RUN_129,2026-10-04 00:16:06,NORMAL,NORMAL,8.125,4743.875,1.5,0.15489042207792206,2.9522607459346353,2093.50284771449,0.0
RUN_129,2026-10-04 00:16:07,NORMAL,NORMAL,6.428571428571429,4889.428571428572,1.2857142857142858,0.20297619047619048,3.6158670842544347,2295.4545160013095,0.0
RUN_129,2026-10-04 00:16:08,NORMAL,NORMAL,11.0,7800.0,1.2857142857142858,0.1025226757369614,4.066209417219885,3024.6101313868153,0.0
RUN_129,2026-10-04 00:16:09,NORMAL,NORMAL,9.5,6741.5,1.0,0.13505291005291004,3.822987098728396,2998.3749643499837,0.0
RUN_129,2026-10-04 00:16:10,NORMAL,NORMAL,5.5,3781.6666666666665,1.0,0.424537037037037,3.3064846254463327,2834.2139702025856,0.0
RUN_129,2026-10-04 00:16:11,NORMAL,NORMAL,6.333333333333333,5220.666666666667,1.0,0.3196386946386946,2.3777979433353402,2321.8188616816915,0.0
RUN_129,2026-10-04 00:16:12,NORMAL,NORMAL,8.666666666666666,6043.0,1.0,0.17213573463573462,2.6939902555914865,1866.0759786759345,0.0
RUN_129,2026-10-04 00:16:13,NORMAL,NORMAL,6.142857142857143,3897.714285714286,1.2857142857142858,0.3115646258503401,2.24333517040006,1570.2620127629732,0.0
RUN_129,2026-10-04 00:16:14,NORMAL,NORMAL,6.571428571428571,3158.1428571428573,1.2857142857142858,0.2573093573093573,3.768431021281896,2076.171477274073,0.0
RUN_129,2026-10-04 00:16:15,NORMAL,NORMAL,7.0,4120.857142857143,1.2857142857142858,0.210989010989011,2.8272588875770808,1389.8042045654977,0.0
RUN_129,2026-10-04 00:16:16,NORMAL,NORMAL,7.875,4171.375,1.5,0.263856456043956,3.34260039554077,2092.467677357902,0.0
RUN_129,2026-10-04 00:16:17,NORMAL,NORMAL,5.875,4305.25,1.75,0.2804563492063492,2.6162926740182915,2061.233526981418,0.0
RUN_129,2026-10-04 00:16:18,NORMAL,NORMAL,3.6666666666666665,2355.5555555555557,1.8888888888888888,0.5111111111111111,1.9358898653233498,1685.095837729275,0.0
RUN_129,2026-10-04 00:16:19,NORMAL,NORMAL,7.125,4801.125,1.75,0.1641865079365079,2.393546238789026,1807.9710957628558,0.0
RUN_129,2026-10-04 00:16:20,NORMAL,EARLY_CHANGE,6.2727272727272725,3890.181818181818,2.090909090909091,0.21183589138134593,1.9385631054293264,1518.885559907359,0.0
RUN_129,2026-10-04 00:16:21,NORMAL,EARLY_CHANGE,12.5,7177.2,1.8,0.0850465221053456,4.026771071534975,2962.9772242571507,0.0
RUN_129,2026-10-04 00:16:22,NORMAL,EARLY_CHANGE,7.111111111111111,4204.555555555556,1.6666666666666667,0.3222663139329806,3.4688093306933663,2214.3641014215887,0.0
RUN_129,2026-10-04 00:16:23,NORMAL,EARLY_CHANGE,8.875,5943.75,1.5,0.14201388888888886,2.7580789333921194,2214.5302270225307,0.0
RUN_129,2026-10-04 00:16:24,NORMAL,EARLY_CHANGE,9.333333333333334,6420.333333333333,1.0,0.24583333333333332,3.62351896427421,3023.0703359304075,0.0
RUN_129,2026-10-04 00:16:25,NORMAL,EARLY_CHANGE,8.166666666666666,4973.666666666667,1.0,0.1435185185185185,2.884560046025976,2636.673478751467,0.0
RUN_129,2026-10-04 00:16:26,NORMAL,EARLY_CHANGE,5.714285714285714,2175.5714285714284,1.2857142857142858,0.498976023976024,1.3346942785181075,1057.3752470105403,0.0
RUN_129,2026-10-04 00:16:27,NORMAL,EARLY_CHANGE,8.285714285714286,6793.142857142857,1.2857142857142858,0.13916361416361417,3.1888246960830515,2102.6001320928976,0.0
RUN_129,2026-10-04 00:16:28,NORMAL,EARLY_CHANGE,9.75,5535.875,1.5,0.12216949716949715,2.9880329677895587,2270.8934614710324,0.0
RUN_129,2026-10-04 00:16:29,NORMAL,EARLY_CHANGE,6.666666666666667,4167.0,1.8888888888888888,0.20661375661375658,3.3028390889141153,2432.0562471528733,0.0
RUN_129,2026-10-04 00:16:30,NORMAL,ESCALATION,6.888888888888889,4883.0,1.8888888888888888,0.2827681577681578,3.2409794168234884,2872.431239919426,0.0
RUN_129,2026-10-04 00:16:31,NORMAL,ESCALATION,8.11111111111111,3862.3333333333335,1.6666666666666667,0.30867928367928366,3.0500916692828053,2719.471903603208,0.0
RUN_129,2026-10-04 00:16:32,NORMAL,ESCALATION,8.75,4181.75,1.5,0.22698412698412695,3.2791892789265114,2280.917111343213,0.0
RUN_129,2026-10-04 00:16:33,NORMAL,ESCALATION,6.875,5014.875,1.5,0.19166666666666665,3.671409297399687,2470.7783955381265,0.0
RUN_129,2026-10-04 00:16:34,NORMAL,ESCALATION,7.428571428571429,5159.0,1.2857142857142858,0.25424297924297923,2.9209421649184226,2228.5983187017328,0.0
RUN_129,2026-10-04 00:16:35,NORMAL,ESCALATION,6.142857142857143,3975.8571428571427,1.2857142857142858,0.19342403628117913,2.34352343280553,1729.325653987947,0.0
RUN_129,2026-10-04 00:16:36,NORMAL,ESCALATION,7.166666666666667,4381.166666666667,1.0,0.17368326118326116,1.8804705731276583,1218.0130309356816,0.0
RUN_129,2026-10-04 00:16:37,NORMAL,ESCALATION,5.285714285714286,3100.1428571428573,1.2857142857142858,0.2649659863945578,2.2060071892778614,1489.174716902368,0.0
RUN_129,2026-10-04 00:16:38,NORMAL,ESCALATION,9.625,4793.25,1.75,0.12148268398268397,2.5928453644950755,1712.5419246915217,0.0
RUN_129,2026-10-04 00:16:39,NORMAL,ESCALATION,6.857142857142857,4218.857142857143,1.2857142857142858,0.2718872397443826,3.145793384100233,1860.7823562612718,0.0
RUN_129,2026-10-04 00:16:40,NORMAL,ESCALATION,6.444444444444445,4489.0,1.8888888888888888,0.18182743182743183,2.4547634119213373,1655.2871898240555,0.0
RUN_129,2026-10-04 00:16:41,NORMAL,ESCALATION,5.0,3310.0,2.4,0.3675,2.180244735872724,1687.3991004029801,0.0
RUN_129,2026-10-04 00:16:42,NORMAL,ESCALATION,7.375,4578.375,1.75,0.2423160173160173,1.7041361364552563,1728.7542456569147,0.0
RUN_129,2026-10-04 00:16:43,NORMAL,ESCALATION,6.75,3520.125,1.5,0.30326617826617824,2.168805967846409,2080.210131632027,0.0
RUN_129,2026-10-04 00:16:44,NORMAL,ESCALATION,7.333333333333333,3233.6666666666665,1.8888888888888888,0.2721753555086888,1.6507219574050938,1531.3209156165294,0.0
RUN_129,2026-10-04 00:16:45,NORMAL,ESCALATION,10.333333333333334,6119.666666666667,1.8888888888888888,0.12698771816418872,4.0064881693730054,2365.168920109775,0.0
RUN_129,2026-10-04 00:16:46,NORMAL,ESCALATION,8.3,4811.6,2.0,0.13222222222222219,3.177679023515787,1847.1382127701459,0.0
RUN_129,2026-10-04 00:16:47,NORMAL,ESCALATION,6.7,4962.6,2.0,0.22996031746031745,3.0202057930151165,1659.559094656046,0.0
RUN_129,2026-10-04 00:16:48,NORMAL,ESCALATION,9.375,7056.0,1.5,0.14241973304473302,3.9465190108435153,2675.474641775143,0.0
RUN_129,2026-10-04 00:16:49,NORMAL,ESCALATION,8.625,4814.125,1.5,0.13779449716949715,3.629273500432396,2522.8427557039163,0.0
RUN_129,2026-10-04 00:16:50,NORMAL,ESCALATION,4.428571428571429,2656.285714285714,1.2857142857142858,0.457312925170068,3.0752555396478423,2357.901718211408,0.0
RUN_129,2026-10-04 00:16:51,NORMAL,ESCALATION,7.142857142857143,3737.4285714285716,1.2857142857142858,0.19291898577612862,3.4814332611382164,2464.440869926441,0.0
RUN_129,2026-10-04 00:16:52,NORMAL,ESCALATION,5.714285714285714,4562.571428571428,1.2857142857142858,0.44551282051282054,2.850083674056152,1998.3108975825412,0.0
RUN_129,2026-10-04 00:16:53,NORMAL,ESCALATION,6.666666666666667,4899.833333333333,1.0,0.28988095238095235,2.8130987971123567,1889.4136293477247,0.0
RUN_129,2026-10-04 00:16:54,NORMAL,ESCALATION,7.666666666666667,4588.166666666667,1.0,0.1744505494505494,1.9756064934623891,1757.9256343188742,0.0
RUN_129,2026-10-04 00:16:55,NORMAL,ESCALATION,7.333333333333333,4952.0,1.0,0.18849206349206346,2.0625605142702947,2021.5160174376813,0.0
RUN_129,2026-10-04 00:16:56,NORMAL,ESCALATION,5.166666666666667,2691.8333333333335,1.0,0.37752525252525254,2.6982189770746943,2165.2525940381515,0.0
RUN_129,2026-10-04 00:16:57,NORMAL,ESCALATION,12.714285714285714,10112.0,1.2857142857142858,0.10809785452642592,3.5684491527821836,3344.359639187227,0.0
RUN_129,2026-10-04 00:16:58,NORMAL,ESCALATION,8.166666666666666,7026.666666666667,1.0,0.15437710437710436,3.670987084069479,3086.5344810389724,0.0
RUN_129,2026-10-04 00:16:59,NORMAL,ESCALATION,6.0,3613.3333333333335,1.0,0.27070707070707073,4.07539737725126,3890.2189617615313,0.0
RUN_129,2026-10-04 00:17:00,NORMAL,SUSTAINED,4.333333333333333,3569.8333333333335,1.0,0.30158730158730157,4.2591255037543405,3642.8587958795015,0.0
RUN_129,2026-10-04 00:17:01,NORMAL,SUSTAINED,9.166666666666666,4603.666666666667,1.0,0.20077614379084965,3.7685477413276285,2785.1190505945447,0.0
RUN_129,2026-10-04 00:17:02,NORMAL,SUSTAINED,9.0,5820.857142857143,1.2857142857142858,0.11473050758765044,2.545520478768028,1601.3504525612454,0.0
RUN_129,2026-10-04 00:17:03,NORMAL,SUSTAINED,9.142857142857142,5018.714285714285,1.2857142857142858,0.12504796790511075,2.8081548219745374,2040.6268858464955,0.0
RUN_129,2026-10-04 00:17:04,NORMAL,SUSTAINED,5.875,4001.75,1.5,0.2748931623931624,2.727106457140599,1874.636047102612,0.0
RUN_129,2026-10-04 00:17:05,NORMAL,SUSTAINED,9.25,7059.625,1.5,0.1472222222222222,3.2032007028503644,2381.7814605101717,0.0
RUN_129,2026-10-04 00:17:06,NORMAL,SUSTAINED,10.125,6571.625,1.5,0.11382402319902316,2.8423378741270136,1930.4730421206632,0.0
RUN_129,2026-10-04 00:17:07,NORMAL,SUSTAINED,11.0,9596.625,1.5,0.11445169413919412,3.762176253441844,3244.629784846107,0.0
RUN_129,2026-10-04 00:17:08,NORMAL,SUSTAINED,6.857142857142857,5644.428571428572,1.2857142857142858,0.16349206349206344,2.8364985182440683,2600.053955316134,0.0
RUN_129,2026-10-04 00:17:09,NORMAL,SUSTAINED,5.5,4234.75,1.75,0.3970238095238095,2.729066723193708,2637.0419399921425,0.0
RUN_129,2026-10-04 00:17:10,NORMAL,SUSTAINED,10.0,7124.222222222223,1.8888888888888888,0.16280734516028633,2.7921341069920746,2235.8361249408244,0.0
RUN_129,2026-10-04 00:17:11,NORMAL,SUSTAINED,4.666666666666667,3083.3333333333335,1.8888888888888888,0.3317901234567901,3.7861163509052793,3232.9409741702684,0.0
RUN_129,2026-10-04 00:17:12,NORMAL,SUSTAINED,6.0,4820.6,2.4,0.2642099567099567,2.896907007337289,2408.3990420440773,0.0
RUN_129,2026-10-04 00:17:13,NORMAL,SUSTAINED,10.5,6361.6,2.4,0.16627747252747252,3.621095189093924,2378.6135145824737,0.0
RUN_129,2026-10-04 00:17:14,NORMAL,SUSTAINED,5.8,3572.1,2.0,0.2147619047619047,3.084678635718483,2417.1350220873114,0.0
RUN_129,2026-10-04 00:17:15,NORMAL,SUSTAINED,5.6,4365.4,2.0,0.5051165501165501,3.0702698010460643,2497.252180898151,0.0
RUN_129,2026-10-04 00:17:16,NORMAL,SUSTAINED,8.11111111111111,4316.666666666667,1.6666666666666667,0.16437389770723101,3.312752162056007,2545.417863618475,0.0
RUN_129,2026-10-04 00:17:17,NORMAL,SUSTAINED,8.428571428571429,4024.4285714285716,1.2857142857142858,0.21334161869876153,3.4439573915699038,2541.0717075390717,0.0
RUN_129,2026-10-04 00:17:18,NORMAL,SUSTAINED,12.0,8453.57142857143,1.2857142857142858,0.09532312925170065,3.578543779100617,3450.8275246890857,0.0
RUN_129,2026-10-04 00:17:19,NORMAL,SUSTAINED,7.0,5154.285714285715,1.2857142857142858,0.27171717171717175,4.1196998137193335,3498.0608343133094,0.0
RUN_129,2026-10-04 00:17:20,NORMAL,SUSTAINED,8.285714285714286,3932.5714285714284,1.2857142857142858,0.19243197278911564,4.043904042841798,3291.719598135205,0.0
RUN_129,2026-10-04 00:17:21,NORMAL,SUSTAINED,5.714285714285714,3371.5714285714284,1.2857142857142858,0.3040300968872397,3.6942922804716884,2572.932592317153,0.0
RUN_129,2026-10-04 00:17:22,NORMAL,SUSTAINED,6.555555555555555,5100.555555555556,1.8888888888888888,0.2944147355912061,3.15166436315421,2301.4127475456594,0.0
RUN_129,2026-10-04 00:17:23,NORMAL,SUSTAINED,7.666666666666667,4245.222222222223,1.8888888888888888,0.1390143806810473,3.394276982626682,2186.708245338209,0.0
RUN_129,2026-10-04 00:17:24,NORMAL,SUSTAINED,6.888888888888889,4188.777777777777,1.8888888888888888,0.24677174677174676,3.1415598925184662,1923.6616290450454,0.0
RUN_129,2026-10-04 00:17:25,NORMAL,SUSTAINED,6.5,3644.5,1.5,0.34444444444444444,2.9636254198141696,2110.227155512938,0.0
RUN_129,2026-10-04 00:17:26,NORMAL,SUSTAINED,9.75,7251.375,1.5,0.1247113997113997,3.025763771143934,2326.975395621749,0.0
RUN_129,2026-10-04 00:17:27,NORMAL,SUSTAINED,10.6,6050.6,2.0,0.12085428460428457,2.73161467296303,1983.14757240893,0.0
RUN_129,2026-10-04 00:17:28,NORMAL,SUSTAINED,6.8,3272.4,2.4,0.24115440115440112,3.6682028258937316,2182.594783424234,0.0
RUN_129,2026-10-04 00:17:29,NORMAL,SUSTAINED,4.0,2462.8888888888887,2.3333333333333335,0.628747795414462,2.538836159359957,1227.8807127458576,0.0
RUN_129,2026-10-04 00:17:30,NORMAL,DECAY,5.25,2420.0,1.75,0.4595238095238095,3.628134867125533,2174.7078364813765,0.0
RUN_129,2026-10-04 00:17:31,NORMAL,DECAY,7.333333333333333,4586.888888888889,1.8888888888888888,0.32713078497392223,3.277203993369045,2163.0799329165725,0.0
RUN_129,2026-10-04 00:17:32,NORMAL,DECAY,6.333333333333333,4700.25,2.1666666666666665,0.22665436415436413,2.138350121445135,1738.1222347298174,0.0
RUN_129,2026-10-04 00:17:33,NORMAL,DECAY,4.5,3438.3,2.0,0.4313034188034187,2.5734840557197676,1786.3533437922565,0.0
RUN_129,2026-10-04 00:17:34,NORMAL,DECAY,8.666666666666666,6612.333333333333,1.6666666666666667,0.14439356939356937,3.630061018942718,2770.8228739089186,0.0
RUN_129,2026-10-04 00:17:35,NORMAL,DECAY,9.333333333333334,5449.555555555556,1.6666666666666667,0.12450142450142448,3.7940451069288668,2862.0196896569,0.0
RUN_129,2026-10-04 00:17:36,NORMAL,DECAY,5.777777777777778,3860.8888888888887,1.6666666666666667,0.3435666185666186,3.0837512012179236,2162.755367557586,0.0
RUN_129,2026-10-04 00:17:37,NORMAL,DECAY,4.888888888888889,3124.5555555555557,1.6666666666666667,0.4731481481481481,2.7802756223851564,1826.8137907685082,0.0
RUN_129,2026-10-04 00:17:38,NORMAL,DECAY,5.909090909090909,2348.5454545454545,2.272727272727273,0.34701426024955434,3.1613428364918374,1854.8851304770571,0.0
RUN_129,2026-10-04 00:17:39,NORMAL,DECAY,4.8,2953.7,2.0,0.30361111111111116,2.9760066562610406,1599.1233831517322,0.0
RUN_129,2026-10-04 00:17:40,NORMAL,DECAY,4.444444444444445,3014.8888888888887,1.6666666666666667,0.42037037037037034,2.6811481160448003,1703.4738668866678,0.0
RUN_129,2026-10-04 00:17:41,NORMAL,DECAY,7.9,5180.2,2.0,0.1354304029304029,2.8040304340441877,1952.3884612774036,0.0
RUN_129,2026-10-04 00:17:42,NORMAL,DECAY,8.11111111111111,5043.333333333333,1.8888888888888888,0.25163262663262664,2.5833738764707266,2017.4860395011679,0.0
RUN_129,2026-10-04 00:17:43,NORMAL,DECAY,7.625,4979.875,1.75,0.2586805555555555,2.911509125235301,1916.0939174516511,0.0
RUN_129,2026-10-04 00:17:44,NORMAL,DECAY,10.625,5695.625,1.75,0.1315516591251885,3.5234236087716235,1956.9014347824136,0.0
RUN_129,2026-10-04 00:17:45,NORMAL,DECAY,6.125,3963.75,1.75,0.2513361638361638,3.4139987972058607,1916.9069901833611,0.0
RUN_129,2026-10-04 00:17:46,NORMAL,DECAY,8.25,4594.0,1.5,0.1861111111111111,4.1644781677660925,1840.5047538508,0.0
RUN_129,2026-10-04 00:17:47,NORMAL,DECAY,5.625,2933.0,1.5,0.3236111111111111,4.5129134402975195,2294.4152505128504,0.0
RUN_129,2026-10-04 00:17:48,NORMAL,DECAY,6.888888888888889,4034.0,1.8888888888888888,0.24311490978157643,2.9786738926523064,1617.9537263034867,0.0
RUN_129,2026-10-04 00:17:49,NORMAL,DECAY,6.7,3419.2,2.2,0.3296428571428571,3.0897182396938865,1542.4456783919109,0.0
RUN_129,2026-10-04 00:17:50,NORMAL,RECOVERY,8.555555555555555,4294.111111111111,1.8888888888888888,0.1956321456321456,3.032734809762351,1579.1255600418672,0.0
RUN_129,2026-10-04 00:17:51,NORMAL,RECOVERY,4.777777777777778,3654.6666666666665,1.8888888888888888,0.3833333333333333,2.2828229969097267,1110.13494019384,0.0
RUN_129,2026-10-04 00:17:52,NORMAL,RECOVERY,7.0,5283.3,2.0,0.32805555555555554,2.1634539049494417,1327.0330862242395,0.0
RUN_129,2026-10-04 00:17:53,NORMAL,RECOVERY,7.0,4794.555555555556,1.8888888888888888,0.2515873015873016,1.5233776661700529,782.7907267191667,0.0
RUN_129,2026-10-04 00:17:54,NORMAL,RECOVERY,9.181818181818182,6447.363636363636,2.4545454545454546,0.1449314574314574,2.363213688972532,1405.0565421094177,0.0
RUN_129,2026-10-04 00:17:55,NORMAL,RECOVERY,9.7,5313.6,2.0,0.11327412783295135,2.4669526461964963,1730.7329532338813,0.0
RUN_129,2026-10-04 00:17:56,NORMAL,RECOVERY,8.2,6016.7,2.0,0.2152579365079365,2.5114488531776527,1824.303419989997,0.0
RUN_129,2026-10-04 00:17:57,NORMAL,RECOVERY,8.333333333333334,5047.555555555556,1.8888888888888888,0.13755935422602086,1.874185744391767,1575.452558689183,0.0
RUN_129,2026-10-04 00:17:58,NORMAL,RECOVERY,10.5,8006.4,2.4,0.11162448662448661,1.9694904927373138,1607.302434650364,0.0
RUN_129,2026-10-04 00:17:59,NORMAL,RECOVERY,5.777777777777778,4606.333333333333,1.8888888888888888,0.26349206349206344,1.8226431586647935,1476.9793142194435,0.0
RUN_132,2026-10-04 00:22:00,UDP_FLOOD,NORMAL,8.222222222222221,5044.555555555556,1.0,0.15392817059483724,0.0,0.0,0.0
RUN_132,2026-10-04 00:22:01,UDP_FLOOD,NORMAL,6.6,1819.9,1.2,0.270523088023088,1.1,1533.25,0.0
RUN_132,2026-10-04 00:22:02,UDP_FLOOD,NORMAL,7.5,5521.3,1.2,0.14273809523809522,1.7467328638173911,2543.787147303333,0.0
RUN_132,2026-10-04 00:22:03,UDP_FLOOD,NORMAL,7.230769230769231,4193.2307692307695,1.6153846153846154,0.17295482295482292,1.6217279698098162,1991.3857360378233,0.0
RUN_132,2026-10-04 00:22:04,UDP_FLOOD,NORMAL,9.307692307692308,6045.076923076923,1.7692307692307692,0.1244494821417898,2.060451376075241,1896.8421686222678,0.0
RUN_132,2026-10-04 00:22:05,UDP_FLOOD,NORMAL,7.714285714285714,4087.214285714286,2.142857142857143,0.16763553906411047,1.4446087559400442,1816.7405269515098,0.0
RUN_132,2026-10-04 00:22:06,UDP_FLOOD,NORMAL,9.142857142857142,3335.285714285714,2.142857142857143,0.12611211151127116,2.0895399936526107,2190.1120189806375,0.0
RUN_132,2026-10-04 00:22:07,UDP_FLOOD,NORMAL,9.076923076923077,3620.4615384615386,2.076923076923077,0.17548925433540818,2.2446537782086837,2179.602396346183,0.0
RUN_132,2026-10-04 00:22:08,UDP_FLOOD,NORMAL,10.846153846153847,6154.307692307692,2.076923076923077,0.09774918394827894,2.5032480695340364,2676.185960846827,0.0
RUN_132,2026-10-04 00:22:09,UDP_FLOOD,NORMAL,7.375,4582.625,2.625,0.244047619047619,1.7338753079072036,1392.0906237358463,0.0
RUN_132,2026-10-04 00:22:10,UDP_FLOOD,NORMAL,8.5625,3319.5625,2.375,0.13601103757353755,1.9568198958041745,1441.524811321991,0.0
RUN_132,2026-10-04 00:22:11,UDP_FLOOD,NORMAL,8.375,6463.375,2.375,0.14162157287157284,2.0946003744832575,1949.7378969902265,0.0
RUN_132,2026-10-04 00:22:12,UDP_FLOOD,NORMAL,8.6,6217.666666666667,1.9333333333333333,0.13714359714359714,2.2450549354095677,2532.874044439174,0.0
RUN_132,2026-10-04 00:22:13,UDP_FLOOD,NORMAL,8.923076923076923,4141.692307692308,1.9230769230769231,0.14266929651545035,1.9808897581544531,1912.8615364046584,0.0
RUN_132,2026-10-04 00:22:14,UDP_FLOOD,NORMAL,9.0,4292.384615384615,1.7692307692307692,0.15982521751752518,2.348725753628889,2781.463580285312,0.0
RUN_132,2026-10-04 00:22:15,UDP_FLOOD,NORMAL,10.833333333333334,7028.916666666667,1.5,0.13416575254810545,3.1800230396061404,3710.4715181982865,0.0
RUN_132,2026-10-04 00:22:16,UDP_FLOOD,NORMAL,9.23076923076923,4518.307692307692,1.7692307692307692,0.13592603977219359,2.8923493602814228,3303.0913790776362,0.0
RUN_132,2026-10-04 00:22:17,UDP_FLOOD,NORMAL,7.5,4800.7,1.2,0.21095959595959596,2.263856602129529,2967.0839375980822,0.0
RUN_132,2026-10-04 00:22:18,UDP_FLOOD,NORMAL,8.416666666666666,5283.833333333333,1.5,0.14060638435638437,1.1561820625856754,1505.1722253661967,0.0
RUN_132,2026-10-04 00:22:19,UDP_FLOOD,NORMAL,6.846153846153846,3069.6153846153848,1.6153846153846154,0.1790959040959041,1.469842712885355,1377.765122169478,0.0
RUN_132,2026-10-04 00:22:20,UDP_FLOOD,EARLY_CHANGE,8.142857142857142,6292.142857142857,1.8571428571428572,0.1444779426922284,1.5112014929139488,2099.854232572539,0.0
RUN_132,2026-10-04 00:22:21,UDP_FLOOD,EARLY_CHANGE,20.0,13493.642857142857,1.8571428571428572,0.11880533127229385,6.841592081416226,5159.627236530576,0.35714285714285715
RUN_132,2026-10-04 00:22:22,UDP_FLOOD,EARLY_CHANGE,31.076923076923077,27193.0,1.7692307692307692,0.23175083313219821,11.384266207869494,10674.372481210406,0.6153846153846154
RUN_132,2026-10-04 00:22:23,UDP_FLOOD,EARLY_CHANGE,40.25,23600.0,1.6666666666666667,0.06561561869809401,8.32562113980829,8288.266083279113,1.0
RUN_132,2026-10-04 00:22:24,UDP_FLOOD,EARLY_CHANGE,66.58333333333333,33305.5,1.5,0.09702558451290481,8.12777033472876,2390.908759077407,1.3333333333333333
RUN_132,2026-10-04 00:22:25,UDP_FLOOD,EARLY_CHANGE,77.5,28743.25,1.5,0.28499489735324257,16.105169199447328,16949.841810994785,1.6666666666666667
RUN_132,2026-10-04 00:22:26,UDP_FLOOD,EARLY_CHANGE,98.38461538461539,36300.38461538462,1.6153846153846154,0.17087217598472593,15.813758204752427,19477.537366089193,2.3076923076923075
RUN_132,2026-10-04 00:22:27,UDP_FLOOD,EARLY_CHANGE,105.0,45799.333333333336,1.9333333333333333,0.21562729431183889,11.682309696954478,15350.915264898893,2.8
RUN_132,2026-10-04 00:22:28,UDP_FLOOD,EARLY_CHANGE,123.33333333333333,55727.066666666666,1.9333333333333333,0.1337560547957475,15.337682629257682,16972.01786361334,3.2
RUN_132,2026-10-04 00:22:29,UDP_FLOOD,EARLY_CHANGE,164.2941176470588,101692.88235294117,2.176470588235294,0.10554014938613134,23.26035756993902,28470.11522419195,4.764705882352941
RUN_132,2026-10-04 00:22:30,UDP_FLOOD,ESCALATION,9.6875,3115.875,2.0,0.13131876803751802,73.22388444092891,51694.88202566623,4.5
RUN_132,2026-10-04 00:22:31,UDP_FLOOD,ESCALATION,15.133333333333333,9769.6,1.9333333333333333,0.10703404351955073,66.01799695173597,42141.24289838465,5.333333333333333
RUN_132,2026-10-04 00:22:32,UDP_FLOOD,ESCALATION,22.3125,6646.9375,2.0,0.06640892421089804,56.74370108580641,34974.12591991177,5.5
RUN_132,2026-10-04 00:22:33,UDP_FLOOD,ESCALATION,27.6875,8826.125,2.0,0.21063864317719927,43.92694696685604,26348.18509966083,6.0
RUN_132,2026-10-04 00:22:34,UDP_FLOOD,ESCALATION,34.57142857142857,23622.428571428572,1.8571428571428572,0.07297215709942242,8.968800421131613,8772.961643537314,6.5
RUN_132,2026-10-04 00:22:35,UDP_FLOOD,ESCALATION,46.5,23973.14285714286,2.142857142857143,0.06730487843309373,9.373054756985612,7143.551494510924,8.0
RUN_132,2026-10-04 00:22:36,UDP_FLOOD,ESCALATION,49.5,32360.583333333332,1.6666666666666667,0.05859406669738256,9.576486006773505,13083.221262633395,7.5
RUN_132,2026-10-04 00:22:37,UDP_FLOOD,ESCALATION,45.18181818181818,14221.181818181818,1.3636363636363635,0.21688808748333557,9.193207871381288,12763.039698059623,7.2727272727272725
RUN_132,2026-10-04 00:22:38,UDP_FLOOD,ESCALATION,65.6,29037.3,1.2,0.14499370421245422,12.555716288855601,14083.371628250281,8.5
RUN_132,2026-10-04 00:22:39,UDP_FLOOD,ESCALATION,67.07692307692308,45632.692307692305,1.6153846153846154,0.08330401543337397,10.685304609463579,10167.945651647062,8.307692307692308
RUN_132,2026-10-04 00:22:40,UDP_FLOOD,ESCALATION,63.642857142857146,19314.071428571428,1.7142857142857142,0.14548714020583173,11.325044486959367,20252.0145668587,9.5
RUN_132,2026-10-04 00:22:41,UDP_FLOOD,ESCALATION,58.916666666666664,23381.0,1.5,0.10158381359181483,9.713732054737005,18123.370546874456,8.333333333333334
RUN_132,2026-10-04 00:22:42,UDP_FLOOD,ESCALATION,78.6923076923077,34512.07692307692,1.6153846153846154,0.11085715279208228,17.175335114602706,20084.77388743595,9.692307692307692
RUN_132,2026-10-04 00:22:43,UDP_FLOOD,ESCALATION,91.42857142857143,19231.35714285714,1.7142857142857142,0.08241491471842624,18.009268622764026,20894.679310232295,11.0
RUN_132,2026-10-04 00:22:44,UDP_FLOOD,ESCALATION,114.93333333333334,83291.66666666667,1.8,0.09137862147007839,17.708080874803258,25158.46675393985,12.266666666666667
RUN_132,2026-10-04 00:22:45,UDP_FLOOD,ESCALATION,125.5625,63092.125,2.125,0.17680876980263485,22.1097852104698,32362.491847458838,15.0
RUN_132,2026-10-04 00:22:46,UDP_FLOOD,ESCALATION,126.0,82309.25,2.0,0.23690317176910103,22.205820039207637,30020.865437484805,12.5
RUN_132,2026-10-04 00:22:47,UDP_FLOOD,ESCALATION,123.70588235294117,40650.0,2.2941176470588234,0.10420402587447397,19.26256665165665,30976.810001180555,13.764705882352942
RUN_132,2026-10-04 00:22:48,UDP_FLOOD,ESCALATION,115.88235294117646,12441.235294117647,2.411764705882353,0.11396229079438151,19.18517011390219,25101.171978647675,14.294117647058824
RUN_132,2026-10-04 00:22:49,UDP_FLOOD,ESCALATION,123.27777777777777,67430.94444444444,2.7777777777777777,0.118822509008304,20.968782598050936,27058.7718798401,15.555555555555555
RUN_132,2026-10-04 00:22:50,UDP_FLOOD,ESCALATION,180.7058823529412,91040.29411764706,2.411764705882353,0.17747428369950838,32.99128366916899,30537.37934198755,17.058823529411764
RUN_132,2026-10-04 00:22:51,UDP_FLOOD,ESCALATION,164.7058823529412,125077.05882352941,2.2941176470588234,0.05856057089966417,25.577060109351432,33679.95945184736,17.647058823529413
RUN_132,2026-10-04 00:22:52,UDP_FLOOD,ESCALATION,174.5625,111079.0625,2.375,0.15810883806933437,25.335670640900343,26867.368601277478,19.375
RUN_132,2026-10-04 00:22:53,UDP_FLOOD,ESCALATION,202.8125,101751.875,2.375,0.04374045912873182,26.75069652075844,51952.684431834794,20.0
RUN_132,2026-10-04 00:22:54,UDP_FLOOD,ESCALATION,125.78571428571429,22283.214285714286,1.8571428571428572,0.30306690430280386,22.182534667619958,51987.873656682255,16.5
RUN_132,2026-10-04 00:22:55,UDP_FLOOD,ESCALATION,203.88235294117646,183471.76470588235,2.2941176470588234,0.10130580466119471,25.407816188107265,52167.91326618249,18.0
RUN_132,2026-10-04 00:22:56,UDP_FLOOD,ESCALATION,150.05555555555554,128765.88888888889,2.2222222222222223,0.05008517868190008,28.760259150930683,64438.4290462564,15.555555555555555
RUN_132,2026-10-04 00:22:57,UDP_FLOOD,ESCALATION,117.3529411764706,69665.58823529411,2.176470588235294,0.06568648759014722,18.29090575083475,50692.1113180989,12.705882352941176
RUN_132,2026-10-04 00:22:58,UDP_FLOOD,ESCALATION,198.47058823529412,98415.64705882352,2.0588235294117645,0.06411811971824698,18.83106767292429,38750.632703369214,17.41176470588235
RUN_132,2026-10-04 00:22:59,UDP_FLOOD,ESCALATION,182.11764705882354,69138.23529411765,2.176470588235294,0.08040043804544565,28.2750885107094,53424.65590472203,20.11764705882353
RUN_132,2026-10-04 00:23:00,UDP_FLOOD,SUSTAINED,204.52941176470588,121681.23529411765,2.176470588235294,0.2048376704306308,26.17615249971625,33549.38641663048,18.352941176470587
RUN_132,2026-10-04 00:23:01,UDP_FLOOD,SUSTAINED,278.0,137449.63157894736,2.6842105263157894,0.07592863861869524,32.50216380374308,39198.44136225357,25.263157894736842
RUN_132,2026-10-04 00:23:02,UDP_FLOOD,SUSTAINED,279.1764705882353,97128.4705882353,2.6470588235294117,0.15828187705065366,47.86596726594454,73597.3285693723,26.529411764705884
RUN_132,2026-10-04 00:23:03,UDP_FLOOD,SUSTAINED,294.7647058823529,83924.11764705883,2.764705882352941,0.10433464890699108,51.128960318204506,73561.37759087904,29.647058823529413
RUN_132,2026-10-04 00:23:04,UDP_FLOOD,SUSTAINED,291.5625,121972.4375,2.25,0.0958004201730545,36.40592589807702,68690.8355663449,26.875
RUN_132,2026-10-04 00:23:05,UDP_FLOOD,SUSTAINED,287.93333333333334,182961.4,1.9333333333333333,0.06421302927784976,33.295741248244695,54288.99559292391,26.4
RUN_132,2026-10-04 00:23:06,UDP_FLOOD,SUSTAINED,240.11764705882354,138846.41176470587,2.2941176470588234,0.15265708979610057,28.923738365949195,46358.07107089891,26.470588235294116
RUN_132,2026-10-04 00:23:07,UDP_FLOOD,SUSTAINED,212.0,38829.142857142855,2.9047619047619047,0.09269476167081273,29.402507620445142,55136.905765745614,26.285714285714285
RUN_132,2026-10-04 00:23:08,UDP_FLOOD,SUSTAINED,196.36363636363637,21419.81818181818,3.090909090909091,0.08105812341852482,39.22665177303815,48819.562397008754,27.772727272727273
RUN_132,2026-10-04 00:23:09,UDP_FLOOD,SUSTAINED,253.85714285714286,110920.47619047618,3.1904761904761907,0.07455911020636094,38.058042266892414,55673.18097693746,29.714285714285715
RUN_132,2026-10-04 00:23:10,UDP_FLOOD,SUSTAINED,206.95238095238096,78441.95238095238,3.2857142857142856,0.05620563733039597,39.539043328473554,55069.70475028893,30.333333333333332
RUN_132,2026-10-04 00:23:11,UDP_FLOOD,SUSTAINED,219.38095238095238,190485.0,3.6666666666666665,0.12053125767535684,42.85303738104862,61814.63433284185,33.333333333333336
RUN_132,2026-10-04 00:23:12,UDP_FLOOD,SUSTAINED,300.6666666666667,294022.95238095237,3.2857142857142856,0.0667923682415596,47.50180204820206,87282.81747617127,34.0
RUN_132,2026-10-04 00:23:13,UDP_FLOOD,SUSTAINED,211.75,165122.45,2.9,0.061630465021854985,48.59139994312594,79298.24922754851,31.2
RUN_132,2026-10-04 00:23:14,UDP_FLOOD,SUSTAINED,246.45,202302.0,3.0,0.10769027175539295,49.50526006354208,80262.32711287771,34.45
RUN_132,2026-10-04 00:23:15,UDP_FLOOD,SUSTAINED,250.94117647058823,118889.35294117648,2.411764705882353,0.05386170607205043,53.37100269025244,78126.99572909609,34.94117647058823
RUN_132,2026-10-04 00:23:16,UDP_FLOOD,SUSTAINED,231.94736842105263,159732.05263157896,2.6842105263157894,0.08718078887193995,36.331850358691206,52753.48629466902,37.63157894736842
RUN_132,2026-10-04 00:23:17,UDP_FLOOD,SUSTAINED,292.95,126218.25,2.9,0.09430692446243237,47.720923494085476,50453.834619247646,39.2
RUN_132,2026-10-04 00:23:18,UDP_FLOOD,SUSTAINED,212.15,103180.6,2.9,0.11319965760574477,44.610610632657604,62706.79561088508,37.05
RUN_132,2026-10-04 00:23:19,UDP_FLOOD,SUSTAINED,263.2105263157895,38225.21052631579,2.789473684210526,0.05521110326341712,55.04763132631366,62572.57962603552,36.63157894736842
RUN_132,2026-10-04 00:23:20,UDP_FLOOD,SUSTAINED,245.05,145486.85,2.7,0.08096613739753257,42.55916810361346,49401.092693875624,35.4
RUN_132,2026-10-04 00:23:21,UDP_FLOOD,SUSTAINED,215.7058823529412,68647.70588235294,2.5294117647058822,0.04761996842767915,38.45875179529072,62533.82540393421,35.294117647058826
RUN_132,2026-10-04 00:23:22,UDP_FLOOD,SUSTAINED,212.25,53239.875,2.75,0.06078370634829341,42.429777998273266,54778.16216777091,38.125
RUN_132,2026-10-04 00:23:23,UDP_FLOOD,SUSTAINED,304.4117647058824,165369.5294117647,2.411764705882353,0.16587699790860855,46.64999795432277,68710.16807532172,40.11764705882353
RUN_132,2026-10-04 00:23:24,UDP_FLOOD,SUSTAINED,212.45,155632.9,2.9,0.04789604397746472,41.887166415172906,61202.71671491505,40.95
RUN_132,2026-10-04 00:23:25,UDP_FLOOD,SUSTAINED,219.15,56160.6,2.9,0.09922860306138755,48.05461321089901,63164.42689455522,41.6
RUN_132,2026-10-04 00:23:26,UDP_FLOOD,SUSTAINED,256.27777777777777,114361.05555555556,2.7777777777777777,0.17549229312939818,46.52837330521013,66447.07889889191,43.333333333333336
RUN_132,2026-10-04 00:23:27,UDP_FLOOD,SUSTAINED,211.61111111111111,53293.27777777778,2.7777777777777777,0.10717556650050046,31.60431951029629,55907.21446330148,40.333333333333336
RUN_132,2026-10-04 00:23:28,UDP_FLOOD,SUSTAINED,244.8,97643.35,2.9,0.048163727115736445,24.070786226137947,34414.92530202648,40.2
RUN_132,2026-10-04 00:23:29,UDP_FLOOD,SUSTAINED,262.05263157894734,201529.42105263157,2.789473684210526,0.04696903573135588,27.680983517596246,50006.068859774845,42.94736842105263
RUN_132,2026-10-04 00:23:30,UDP_FLOOD,DECAY,284.55,73350.0,2.7,0.05675505953129726,52.02739764066217,60798.28102592771,44.85
RUN_132,2026-10-04 00:23:31,UDP_FLOOD,DECAY,312.63157894736844,131349.0,2.6842105263157894,0.04592716974033131,49.33069205691028,71684.81103576219,47.89473684210526
RUN_132,2026-10-04 00:23:32,UDP_FLOOD,DECAY,225.4090909090909,20027.590909090908,3.3636363636363638,0.12536795723597013,49.240627029039,69496.06123400893,48.40909090909091
RUN_132,2026-10-04 00:23:33,UDP_FLOOD,DECAY,206.3,151448.85,3.0,0.04546521241309441,53.562074167568355,80409.08955000628,46.8
RUN_132,2026-10-04 00:23:34,UDP_FLOOD,DECAY,227.4,136871.7,3.0,0.08876360004583718,57.692925778444035,64065.37360551306,47.45
RUN_132,2026-10-04 00:23:35,UDP_FLOOD,DECAY,187.33333333333334,70992.52380952382,3.0952380952380953,0.0538161882879087,56.999858036540985,66904.8428523183,49.333333333333336
RUN_132,2026-10-04 00:23:36,UDP_FLOOD,DECAY,149.625,99772.5,2.375,0.20194652751418138,39.3730206153915,55545.67631446519,46.875
RUN_132,2026-10-04 00:23:37,UDP_FLOOD,DECAY,168.8125,61578.25,2.25,0.06849727721409066,33.7800361105223,43046.280270715746,47.5
RUN_132,2026-10-04 00:23:38,UDP_FLOOD,DECAY,139.4,40161.333333333336,2.6,0.06373265622244448,17.507862395012005,27318.225166070995,41.06666666666667
RUN_132,2026-10-04 00:23:39,UDP_FLOOD,DECAY,115.0625,44512.6875,2.25,0.29289161161678623,20.69631209421731,22313.141289369392,39.0
RUN_132,2026-10-04 00:23:40,UDP_FLOOD,DECAY,136.0625,91200.1875,2.375,0.060697279733952135,21.733373569461186,34577.30120370825,49.375
RUN_132,2026-10-04 00:23:41,UDP_FLOOD,DECAY,122.26666666666667,45249.8,2.066666666666667,0.13643139390331846,22.855805077156838,29659.399691528914,48.0
RUN_132,2026-10-04 00:23:42,UDP_FLOOD,DECAY,99.73333333333333,27115.0,2.066666666666667,0.22367494294626547,29.08745440448489,33121.95909176743,48.6
RUN_132,2026-10-04 00:23:43,UDP_FLOOD,DECAY,80.38461538461539,12124.307692307691,1.7692307692307692,0.13627435878936914,23.510094940056074,29538.58243523974,44.15384615384615
RUN_132,2026-10-04 00:23:44,UDP_FLOOD,DECAY,60.357142857142854,8663.714285714286,1.7142857142857142,0.2517714597481794,21.098824946055085,19128.88323732332,41.5
RUN_132,2026-10-04 00:23:45,UDP_FLOOD,DECAY,52.38461538461539,33218.153846153844,1.7692307692307692,0.11593809941879228,10.652592975477766,11095.46089650898,38.76923076923077
RUN_132,2026-10-04 00:23:46,UDP_FLOOD,DECAY,47.5,15007.714285714286,1.8571428571428572,0.10417667840411128,15.029847805226467,16225.392558536145,42.5
RUN_132,2026-10-04 00:23:47,UDP_FLOOD,DECAY,37.666666666666664,16805.333333333332,1.5,0.22314510283713415,12.729353785934753,14457.732221384567,43.0
RUN_132,2026-10-04 00:23:48,UDP_FLOOD,DECAY,24.833333333333332,15384.083333333334,1.5,0.13361208418774206,12.298696517929578,12545.565590111864,43.5
RUN_132,2026-10-04 00:23:49,UDP_FLOOD,DECAY,15.333333333333334,6155.083333333333,1.5,0.21386426041208154,9.987621913463316,6690.720295449474,44.0
RUN_132,2026-10-04 00:23:50,UDP_FLOOD,RECOVERY,9.0,4286.666666666667,1.5,0.14412277537277537,8.016961077011784,6432.691683674512,43.0
RUN_132,2026-10-04 00:23:51,UDP_FLOOD,RECOVERY,8.090909090909092,4852.181818181818,1.3636363636363635,0.15869181323726778,6.58135847983589,4346.106259581354,38.18181818181818
RUN_132,2026-10-04 00:23:52,UDP_FLOOD,RECOVERY,9.4,5107.2,1.2,0.11926587301587296,4.043725874111532,1902.8629129444168,32.8
RUN_132,2026-10-04 00:23:53,UDP_FLOOD,RECOVERY,7.636363636363637,3983.7272727272725,1.3636363636363635,0.14635642135642132,3.2678408283680813,1803.1440635972162,36.36363636363637
RUN_132,2026-10-04 00:23:54,UDP_FLOOD,RECOVERY,8.363636363636363,3318.909090909091,1.3636363636363635,0.15744949494949495,1.7997998149696883,1515.3607924296373,35.45454545454545
RUN_132,2026-10-04 00:23:55,UDP_FLOOD,RECOVERY,8.090909090909092,3776.2727272727275,1.3636363636363635,0.17846648301193754,1.788744823811725,2073.3663860475117,34.54545454545455
RUN_132,2026-10-04 00:23:56,UDP_FLOOD,RECOVERY,7.636363636363637,5118.909090909091,1.3636363636363635,0.2011554102463193,1.9251733353108655,2289.8408513031204,33.63636363636363
RUN_132,2026-10-04 00:23:57,UDP_FLOOD,RECOVERY,9.25,3170.25,1.5,0.12586071336071333,2.180162371021611,2102.322950471334,36.0
RUN_132,2026-10-04 00:23:58,UDP_FLOOD,RECOVERY,7.666666666666667,2803.3333333333335,1.6666666666666667,0.20868356180856182,1.8726156818997541,1641.4644566218658,23.333333333333332
RUN_132,2026-10-04 00:23:59,UDP_FLOOD,RECOVERY,9.75,4793.333333333333,1.6666666666666667,0.10824915824915825,1.9143360495540194,1850.4992559596858,22.666666666666668
RUN_133,2026-10-04 00:24:00,NORMAL,NORMAL,6.0,4530.714285714285,1.0,0.28836996336996334,0.0,0.0,0.0
RUN_133,2026-10-04 00:24:01,NORMAL,NORMAL,4.285714285714286,2527.8571428571427,1.0,0.357312925170068,2.142857142857143,1984.2857142857142,0.0
RUN_133,2026-10-04 00:24:02,NORMAL,NORMAL,6.375,4051.0,1.25,0.2354707792207792,2.266195444573617,1892.9981738430856,0.0
RUN_133,2026-10-04 00:24:03,NORMAL,NORMAL,5.875,2826.875,1.25,0.35491071428571425,3.31725137105962,2211.7008200216133,0.0
RUN_133,2026-10-04 00:24:04,NORMAL,NORMAL,7.222222222222222,4763.666666666667,1.4444444444444444,0.1667989417989418,3.085935757637734,2216.1034713348026,0.0
RUN_133,2026-10-04 00:24:05,NORMAL,NORMAL,8.11111111111111,4723.777777777777,1.6666666666666667,0.3044396961063628,2.977593772355021,1897.4508916667442,0.0
RUN_133,2026-10-04 00:24:06,NORMAL,NORMAL,10.7,9423.0,1.8,0.11653711484593836,2.355013511160748,1908.6250925850163,0.0
RUN_133,2026-10-04 00:24:07,NORMAL,NORMAL,8.454545454545455,5072.363636363636,1.9090909090909092,0.2385361647921456,2.814854095820355,2307.9323285324326,0.0
RUN_133,2026-10-04 00:24:08,NORMAL,NORMAL,8.916666666666666,4279.583333333333,2.0,0.16084956709956708,3.2372337400599434,2808.635112978775,0.0
RUN_133,2026-10-04 00:24:09,NORMAL,NORMAL,8.181818181818182,4881.636363636364,1.9090909090909092,0.16352586807132258,3.183665093281891,2895.2324349960027,0.0
RUN_133,2026-10-04 00:24:10,NORMAL,NORMAL,7.416666666666667,4308.916666666667,2.0,0.4278829966329966,2.4869958112728727,1828.992863188697,0.0
RUN_133,2026-10-04 00:24:11,NORMAL,NORMAL,6.363636363636363,4120.181818181818,1.9090909090909092,0.18665551620097076,2.6745397271661564,1541.0593526164507,0.0
RUN_133,2026-10-04 00:24:12,NORMAL,NORMAL,7.7272727272727275,3742.7272727272725,1.9090909090909092,0.19610389610389609,2.2312304955201543,1373.1339774700189,0.0
RUN_133,2026-10-04 00:24:13,NORMAL,NORMAL,8.6,4899.5,1.6,0.12698773448773445,2.9222769590958477,1777.3407804483627,0.0
RUN_133,2026-10-04 00:24:14,NORMAL,NORMAL,9.88888888888889,7080.333333333333,1.4444444444444444,0.11548019881353214,2.9147603462119935,2256.210873194932,0.0
RUN_133,2026-10-04 00:24:15,NORMAL,NORMAL,4.875,2574.25,1.25,0.3873015873015873,3.06250232813608,2372.010967581341,0.0
RUN_133,2026-10-04 00:24:16,NORMAL,NORMAL,7.25,4990.0,1.25,0.16914682539682535,2.624154680554394,1742.5734789463943,0.0
RUN_133,2026-10-04 00:24:17,NORMAL,NORMAL,7.444444444444445,5875.111111111111,1.4444444444444444,0.27697056030389366,2.4685995873399893,1974.9759898365146,0.0
RUN_133,2026-10-04 00:24:18,NORMAL,NORMAL,7.8,4312.8,1.6,0.2758928571428571,2.3526855483914844,1999.021777281048,0.0
RUN_133,2026-10-04 00:24:19,NORMAL,NORMAL,10.444444444444445,6786.777777777777,1.4444444444444444,0.20957550075197132,3.8547490336967636,3086.3818438762432,0.0
RUN_133,2026-10-04 00:24:20,NORMAL,EARLY_CHANGE,7.111111111111111,4452.222222222223,1.4444444444444444,0.25763187429854095,3.340850102546063,2963.9615653737383,0.0
RUN_133,2026-10-04 00:24:21,NORMAL,EARLY_CHANGE,8.333333333333334,4306.555555555556,1.4444444444444444,0.2837309749074455,3.5845685696333103,2578.035378142804,0.0
RUN_133,2026-10-04 00:24:22,NORMAL,EARLY_CHANGE,5.888888888888889,3220.1111111111113,1.4444444444444444,0.27152076318742985,4.684469812284415,2651.786902975364,0.0
RUN_133,2026-10-04 00:24:23,NORMAL,EARLY_CHANGE,7.333333333333333,4902.0,1.4444444444444444,0.25753289919956585,4.468922677981306,2995.7920900177273,0.0
RUN_133,2026-10-04 00:24:24,NORMAL,EARLY_CHANGE,10.25,7789.75,1.25,0.1306556801042095,4.527768391805013,3129.4404772004227,0.0
RUN_133,2026-10-04 00:24:25,NORMAL,EARLY_CHANGE,5.0,3375.285714285714,1.0,0.43809523809523804,2.5724144389542567,1845.0642008362372,0.0
RUN_133,2026-10-04 00:24:26,NORMAL,EARLY_CHANGE,9.714285714285714,7294.142857142857,1.0,0.15999952428523853,1.5,1586.9285714285713,0.0
RUN_133,2026-10-04 00:24:27,NORMAL,EARLY_CHANGE,9.285714285714286,6266.0,1.0,0.1626468769325912,4.494660045806319,3495.4405110653493,0.0
RUN_133,2026-10-04 00:24:28,NORMAL,EARLY_CHANGE,5.222222222222222,3175.4444444444443,1.4444444444444444,0.2966931216931217,3.382877660189719,2587.5170701582656,0.0
RUN_133,2026-10-04 00:24:29,NORMAL,EARLY_CHANGE,11.2,8479.5,1.6,0.18308824946982838,3.991740270051526,3191.644859874843,0.0
RUN_133,2026-10-04 00:24:30,NORMAL,ESCALATION,5.0,2583.6,1.6,0.24492424242424243,3.772192619310421,3167.45778311048,0.0
RUN_133,2026-10-04 00:24:31,NORMAL,ESCALATION,11.444444444444445,6972.777777777777,1.4444444444444444,0.09167149118129508,3.1118497205713056,2380.5511787499363,0.0
RUN_133,2026-10-04 00:24:32,NORMAL,ESCALATION,8.777777777777779,6417.666666666667,1.4444444444444444,0.2983855650522317,3.7936448583320614,2613.6392892044873,0.0
RUN_133,2026-10-04 00:24:33,NORMAL,ESCALATION,9.666666666666666,5175.555555555556,1.4444444444444444,0.13504925539239265,3.3134343723142563,2854.2416571404824,0.0
RUN_133,2026-10-04 00:24:34,NORMAL,ESCALATION,8.75,6319.25,1.25,0.1368596681096681,2.1089839713324383,1939.6552736738377,0.0
RUN_133,2026-10-04 00:24:35,NORMAL,ESCALATION,3.2222222222222223,1686.111111111111,1.4444444444444444,0.5388888888888889,2.513127265989004,2006.8957240746613,0.0
RUN_133,2026-10-04 00:24:36,NORMAL,ESCALATION,9.75,4540.875,1.25,0.12582799145299145,3.63486379815615,2431.363201602826,0.0
RUN_133,2026-10-04 00:24:37,NORMAL,ESCALATION,7.0,3512.75,1.25,0.24791666666666665,2.439097334836295,1593.6842307645238,0.0
RUN_133,2026-10-04 00:24:38,NORMAL,ESCALATION,5.0,3348.375,1.25,0.2984126984126984,2.616950772337131,1583.7885690163462,0.0
RUN_133,2026-10-04 00:24:39,NORMAL,ESCALATION,4.888888888888889,3101.222222222222,1.4444444444444444,0.3873456790123457,2.833768066948922,1579.5642816072368,0.0
RUN_133,2026-10-04 00:24:40,NORMAL,ESCALATION,5.888888888888889,3756.4444444444443,1.4444444444444444,0.37568742985409653,3.1763672262937277,1971.2054286897683,0.0
RUN_133,2026-10-04 00:24:41,NORMAL,ESCALATION,8.777777777777779,5636.888888888889,1.4444444444444444,0.1416305916305916,2.926668467320506,1991.2208952107005,0.0
RUN_133,2026-10-04 00:24:42,NORMAL,ESCALATION,7.666666666666667,3640.222222222222,1.4444444444444444,0.18801907968574635,1.7642296675717306,1230.1818323544014,0.0
RUN_133,2026-10-04 00:24:43,NORMAL,ESCALATION,8.666666666666666,4687.444444444444,1.4444444444444444,0.16063647681294738,2.709017456494471,1359.4417811880758,0.0
RUN_133,2026-10-04 00:24:44,NORMAL,ESCALATION,7.111111111111111,4291.0,1.4444444444444444,0.2052990219656886,2.7122388374118116,1578.5752908059435,0.0
RUN_133,2026-10-04 00:24:45,NORMAL,ESCALATION,7.777777777777778,5014.888888888889,1.4444444444444444,0.1578347578347578,3.2972028026650317,2122.054126492027,0.0
RUN_133,2026-10-04 00:24:46,NORMAL,ESCALATION,7.111111111111111,4848.666666666667,1.4444444444444444,0.4011396011396011,3.008045822060644,2107.0643438755624,0.0
RUN_133,2026-10-04 00:24:47,NORMAL,ESCALATION,11.3,8241.2,1.6,0.09857503607503605,3.122787553259286,2554.158134336555,0.0
RUN_133,2026-10-04 00:24:48,NORMAL,ESCALATION,7.0,6171.5,1.6,0.24186868686868687,2.1316575962957223,1689.477055927398,0.0
RUN_133,2026-10-04 00:24:49,NORMAL,ESCALATION,8.0,4561.3,1.6,0.3278943278943279,2.2583257905696374,2058.4807637449844,0.0
RUN_133,2026-10-04 00:24:50,NORMAL,ESCALATION,9.333333333333334,5134.222222222223,1.6666666666666667,0.2585470085470085,2.9153799692121867,1949.904663713149,0.0
RUN_133,2026-10-04 00:24:51,NORMAL,ESCALATION,8.181818181818182,6603.181818181818,1.9090909090909092,0.18047785547785547,2.8502535926389614,1879.8328532631092,0.0
RUN_133,2026-10-04 00:24:52,NORMAL,ESCALATION,9.0,5489.636363636364,1.9090909090909092,0.29261184448350225,3.632812395506539,2834.8658288424854,0.0
RUN_133,2026-10-04 00:24:53,NORMAL,ESCALATION,8.636363636363637,6573.272727272727,1.9090909090909092,0.16096454050999504,3.6630022784914966,2923.8315307963667,0.0
RUN_133,2026-10-04 00:24:54,NORMAL,ESCALATION,7.0,4938.9,1.6,0.18547008547008545,3.600899444940753,3172.7497002554974,0.0
RUN_133,2026-10-04 00:24:55,NORMAL,ESCALATION,9.222222222222221,6154.666666666667,1.4444444444444444,0.15011022927689593,3.1727500696037896,2873.7800722806164,0.0
RUN_133,2026-10-04 00:24:56,NORMAL,ESCALATION,6.8,5419.2,1.6,0.24233516483516482,2.9762853945846706,2197.1720318950565,0.0
RUN_133,2026-10-04 00:24:57,NORMAL,ESCALATION,11.5,5012.4,1.6,0.10002917833800185,3.914457110711031,2823.6975394350256,0.0
RUN_133,2026-10-04 00:24:58,NORMAL,ESCALATION,6.555555555555555,4587.555555555556,1.4444444444444444,0.2064517726282432,2.6273658746248807,1704.2288316755305,0.0
RUN_133,2026-10-04 00:24:59,NORMAL,ESCALATION,7.222222222222222,4528.888888888889,1.4444444444444444,0.16186467853134517,3.479568250735147,2484.2903450074414,0.0
RUN_133,2026-10-04 00:25:00,NORMAL,SUSTAINED,5.285714285714286,4316.142857142857,1.0,0.36961451247165533,3.3233996212553163,2356.8563944418497,0.0
RUN_133,2026-10-04 00:25:01,NORMAL,SUSTAINED,6.875,4140.375,1.25,0.2604707792207792,2.2854373082971082,2210.7064620876254,0.0
RUN_133,2026-10-04 00:25:02,NORMAL,SUSTAINED,8.0,3840.875,1.25,0.15464743589743588,3.076394524592634,2072.9434348362897,0.0
RUN_133,2026-10-04 00:25:03,NORMAL,SUSTAINED,10.25,5976.75,1.25,0.10482052669552668,2.9464854462658936,1592.0340368241978,0.0
RUN_133,2026-10-04 00:25:04,NORMAL,SUSTAINED,7.75,5498.375,1.25,0.2706439393939394,3.309829806295678,2343.131432194734,0.0
RUN_133,2026-10-04 00:25:05,NORMAL,SUSTAINED,9.75,7657.5,1.25,0.13547794117647055,3.017464019292302,2073.939712727407,0.0
RUN_133,2026-10-04 00:25:06,NORMAL,SUSTAINED,5.375,3478.875,1.25,0.31726190476190474,3.0494193067834483,2235.883410648739,0.0
RUN_133,2026-10-04 00:25:07,NORMAL,SUSTAINED,7.285714285714286,4602.285714285715,1.0,0.30425170068027213,3.1488714119708736,2264.949868377323,0.0
RUN_133,2026-10-04 00:25:08,NORMAL,SUSTAINED,8.285714285714286,5185.142857142857,1.0,0.18830455259026685,3.552657396323222,2485.0110552926644,0.0
RUN_133,2026-10-04 00:25:09,NORMAL,SUSTAINED,6.25,4790.0,1.25,0.2177624458874459,2.5741253811080766,1991.2089189106557,0.0
RUN_133,2026-10-04 00:25:10,NORMAL,SUSTAINED,9.555555555555555,6886.111111111111,1.4444444444444444,0.15466015466015465,2.1353574606671533,1853.4460374112455,0.0
RUN_133,2026-10-04 00:25:11,NORMAL,SUSTAINED,4.111111111111111,2591.6666666666665,1.4444444444444444,0.376984126984127,3.5335377316965886,2941.583520932491,0.0
RUN_133,2026-10-04 00:25:12,NORMAL,SUSTAINED,9.75,6946.375,1.25,0.20933441558441557,3.1337483429094255,2430.0580502942307,0.0
RUN_133,2026-10-04 00:25:13,NORMAL,SUSTAINED,9.25,6754.875,1.25,0.21215277777777777,3.598672857645862,2603.468878300587,0.0
RUN_133,2026-10-04 00:25:14,NORMAL,SUSTAINED,7.666666666666667,4761.666666666667,1.4444444444444444,0.1978768145434812,2.5894881831357637,1899.675060382733,0.0
RUN_133,2026-10-04 00:25:15,NORMAL,SUSTAINED,7.6,4172.6,1.6,0.14111471861471858,1.8860526917254443,1378.2172694514409,0.0
RUN_133,2026-10-04 00:25:16,NORMAL,SUSTAINED,7.0,5454.4,1.6,0.20753968253968252,2.403753502530073,2263.6305797949353,0.0
RUN_133,2026-10-04 00:25:17,NORMAL,SUSTAINED,5.333333333333333,3020.4444444444443,1.4444444444444444,0.35454545454545455,2.411224925431166,2329.750341098337,0.0
RUN_133,2026-10-04 00:25:18,NORMAL,SUSTAINED,7.666666666666667,4939.222222222223,1.4444444444444444,0.26618566618566614,2.7758907543572007,2395.9055689865004,0.0
RUN_133,2026-10-04 00:25:19,NORMAL,SUSTAINED,6.428571428571429,3570.5714285714284,1.0,0.5095238095238095,3.5298066434319426,2359.483549610132,0.0
RUN_133,2026-10-04 00:25:20,NORMAL,SUSTAINED,6.333333333333333,3444.1111111111113,1.4444444444444444,0.3622615039281706,2.533331126104388,1650.3465221113643,0.0
RUN_133,2026-10-04 00:25:21,NORMAL,SUSTAINED,7.75,5063.25,1.25,0.1749472749472749,3.1772241036333173,2164.61051462687,0.0
RUN_133,2026-10-04 00:25:22,NORMAL,SUSTAINED,6.125,3286.875,1.25,0.20719696969696969,3.812450145412097,2454.297424584239,0.0
RUN_133,2026-10-04 00:25:23,NORMAL,SUSTAINED,11.5,8683.125,1.25,0.09916853979353976,3.6040638588795906,2843.76710155627,0.0
RUN_133,2026-10-04 00:25:24,NORMAL,SUSTAINED,4.142857142857143,2010.2857142857142,1.0,0.2738095238095238,1.9016461172057755,1651.3069295260427,0.0
RUN_133,2026-10-04 00:25:25,NORMAL,SUSTAINED,7.0,5177.571428571428,1.0,0.19603174603174603,1.8137126399609478,1792.3470953262674,0.0
RUN_133,2026-10-04 00:25:26,NORMAL,SUSTAINED,8.571428571428571,3971.8571428571427,1.0,0.35858843537414964,2.232477693201852,1151.9784254588653,0.0
RUN_133,2026-10-04 00:25:27,NORMAL,SUSTAINED,8.875,4803.375,1.25,0.1699160724896019,3.027868396292626,1486.362750266331,0.0
RUN_133,2026-10-04 00:25:28,NORMAL,SUSTAINED,11.75,7824.5,1.25,0.10036340293693233,3.973676005254347,2659.5883488378445,0.0
RUN_133,2026-10-04 00:25:29,NORMAL,SUSTAINED,6.25,3925.375,1.25,0.37003205128205124,2.9616243239859488,1906.7101921124374,0.0
RUN_133,2026-10-04 00:25:30,NORMAL,DECAY,5.571428571428571,3302.285714285714,1.0,0.2061224489795918,2.690506000369492,1990.9206996973323,0.0
RUN_133,2026-10-04 00:25:31,NORMAL,DECAY,9.375,6490.75,1.25,0.21634563353313352,3.364855626721438,2568.9779998826143,0.0
RUN_133,2026-10-04 00:25:32,NORMAL,DECAY,5.3,4212.8,1.8,0.31708333333333333,2.64829974657219,2162.797075812682,0.0
RUN_133,2026-10-04 00:25:33,NORMAL,DECAY,8.333333333333334,5256.333333333333,1.6666666666666667,0.1405615988949322,3.056879312636535,2251.7593346022954,0.0
RUN_133,2026-10-04 00:25:34,NORMAL,DECAY,7.555555555555555,4635.888888888889,1.6666666666666667,0.2264149430816097,3.1275482256531557,2430.7997667737677,0.0
RUN_133,2026-10-04 00:25:35,NORMAL,DECAY,8.1,4393.2,1.8,0.143502886002886,2.2831507275631844,1723.4314834818313,0.0
RUN_133,2026-10-04 00:25:36,NORMAL,DECAY,4.363636363636363,2641.3636363636365,1.9090909090909092,0.5128099173553718,2.9050848821591386,2206.2475068052727,0.0
RUN_133,2026-10-04 00:25:37,NORMAL,DECAY,5.7272727272727275,3987.7272727272725,1.9090909090909092,0.298010323010323,2.8035602849092753,2274.2376509574037,0.0
RUN_133,2026-10-04 00:25:38,NORMAL,DECAY,8.416666666666666,4316.083333333333,2.1666666666666665,0.2082698891522421,3.128930604690012,2273.916116301363,0.0
RUN_133,2026-10-04 00:25:39,NORMAL,DECAY,6.0,4334.272727272727,1.9090909090909092,0.2377164502164502,3.2617627299200507,2624.6587667959084,0.0
RUN_133,2026-10-04 00:25:40,NORMAL,DECAY,7.818181818181818,6279.0,1.9090909090909092,0.1635225885225885,3.4093736167067914,3005.809059296318,0.0
RUN_133,2026-10-04 00:25:41,NORMAL,DECAY,8.636363636363637,5388.545454545455,1.7272727272727273,0.12023254523254522,2.8156730397156013,2098.7035240636405,0.0
RUN_133,2026-10-04 00:25:42,NORMAL,DECAY,5.5,3356.7,1.6,0.40778138528138524,3.2459340838566946,2232.1955772938986,0.0
RUN_133,2026-10-04 00:25:43,NORMAL,DECAY,8.727272727272727,5160.363636363636,1.9090909090909092,0.1644546110455201,2.2617871428245917,1831.9994169475683,0.0
RUN_133,2026-10-04 00:25:44,NORMAL,DECAY,6.636363636363637,4572.545454545455,1.7272727272727273,0.19618260527351436,2.7886770856613268,2205.8799769859197,0.0
RUN_133,2026-10-04 00:25:45,NORMAL,DECAY,7.3,4232.2,1.6,0.2326388888888889,2.879896023530248,2184.7785873056687,0.0
RUN_133,2026-10-04 00:25:46,NORMAL,DECAY,9.0,5013.363636363636,1.9090909090909092,0.2048262343716889,2.7458821701538088,2026.8158818333534,0.0
RUN_133,2026-10-04 00:25:47,NORMAL,DECAY,5.454545454545454,3449.181818181818,1.9090909090909092,0.3756854256854256,2.486777720317938,1655.831408245069,0.0
RUN_133,2026-10-04 00:25:48,NORMAL,DECAY,10.1,5805.2,1.8,0.10947802197802195,3.1587316250247577,2302.679372209982,0.0
RUN_133,2026-10-04 00:25:49,NORMAL,DECAY,8.818181818181818,5951.090909090909,1.9090909090909092,0.16580086580086578,2.3520795983754654,2092.742957493023,0.0
RUN_133,2026-10-04 00:25:50,NORMAL,RECOVERY,5.3,4366.8,1.8,0.33547008547008544,2.9607985472690292,2529.978686362456,0.0
RUN_133,2026-10-04 00:25:51,NORMAL,RECOVERY,8.0,4777.545454545455,1.9090909090909092,0.18167716122261576,3.1080976673149867,2376.0839102819446,0.0
RUN_133,2026-10-04 00:25:52,NORMAL,RECOVERY,7.4,4950.4,1.6,0.20123015873015873,2.852042297179273,2308.826799296375,0.0
RUN_133,2026-10-04 00:25:53,NORMAL,RECOVERY,6.2,3880.9,1.8,0.3308730158730159,2.5000266219244813,2094.9088642129072,0.0
RUN_133,2026-10-04 00:25:54,NORMAL,RECOVERY,4.454545454545454,3309.818181818182,1.9090909090909092,0.50090515545061,2.5698801996073968,2162.619750465701,0.0
RUN_133,2026-10-04 00:25:55,NORMAL,RECOVERY,3.8181818181818183,2105.2727272727275,1.7272727272727273,0.45010822510822507,2.4228206512369734,1895.880204898971,0.0
RUN_133,2026-10-04 00:25:56,NORMAL,RECOVERY,9.0,4565.8,1.6,0.2114260739260739,3.31048448338529,1985.5549460851296,0.0
RUN_133,2026-10-04 00:25:57,NORMAL,RECOVERY,5.555555555555555,2397.3333333333335,1.4444444444444444,0.20626102292768958,3.1530837309385173,1965.4558117443225,0.0
RUN_133,2026-10-04 00:25:58,NORMAL,RECOVERY,6.2,4543.4,1.6,0.3076680672268907,2.8286462152658958,1452.2052915875784,0.0
RUN_133,2026-10-04 00:25:59,NORMAL,RECOVERY,6.4,4620.1,1.6,0.3661421911421911,2.9239995873716484,1698.212767126142,0.0
RUN_142,2026-10-04 00:42:00,NORMAL,NORMAL,4.75,1887.875,1.0,0.24583333333333332,0.0,0.0,0.0
RUN_142,2026-10-04 00:42:01,NORMAL,NORMAL,10.222222222222221,6973.555555555556,1.2222222222222223,0.1963691537220949,2.7777777777777777,2368.0,0.0
RUN_142,2026-10-04 00:42:02,NORMAL,NORMAL,7.0,4671.555555555556,1.2222222222222223,0.2077601410934744,3.153523793666513,2607.490953995768,0.0
RUN_142,2026-10-04 00:42:03,NORMAL,NORMAL,8.5,6811.4,1.4,0.23539432789432788,2.9072945307188727,2614.6124857534683,0.0
RUN_142,2026-10-04 00:42:04,NORMAL,NORMAL,6.5,3339.25,1.8333333333333333,0.31246484996484997,3.0347288593411257,2450.5457352150306,0.0
RUN_142,2026-10-04 00:42:05,NORMAL,NORMAL,7.083333333333333,4427.0,1.8333333333333333,0.20389194139194136,2.8388401308250906,2314.935830605214,0.0
RUN_142,2026-10-04 00:42:06,NORMAL,NORMAL,6.363636363636363,4542.727272727273,1.5454545454545454,0.3176384221838767,2.675106465237542,2167.680548510673,0.0
RUN_142,2026-10-04 00:42:07,NORMAL,NORMAL,6.833333333333333,4924.0,1.6666666666666667,0.29484126984126985,3.529679699187156,2887.6912619974323,0.0
RUN_142,2026-10-04 00:42:08,NORMAL,NORMAL,6.181818181818182,3792.090909090909,1.5454545454545454,0.3280122655122655,3.0922286174526565,2656.1617914839608,0.0
RUN_142,2026-10-04 00:42:09,NORMAL,NORMAL,5.25,2575.5,1.8333333333333333,0.2964646464646465,2.8807420747712555,2424.743593559233,0.0
RUN_142,2026-10-04 00:42:10,NORMAL,NORMAL,8.272727272727273,4932.363636363636,1.5454545454545454,0.27859413313958764,2.944648794293931,2315.0477183691964,0.0
RUN_142,2026-10-04 00:42:11,NORMAL,NORMAL,8.9,4544.2,1.4,0.24621914635072528,3.8143409250696765,2925.761139177444,0.0
RUN_142,2026-10-04 00:42:12,NORMAL,NORMAL,7.2727272727272725,4687.545454545455,1.5454545454545454,0.15310245310245307,3.314432413684062,2298.000442261133,0.0
RUN_142,2026-10-04 00:42:13,NORMAL,NORMAL,8.818181818181818,4334.454545454545,1.5454545454545454,0.12684310638856092,3.2772443980050383,2272.0230980973274,0.0
RUN_142,2026-10-04 00:42:14,NORMAL,NORMAL,6.090909090909091,3325.909090909091,1.5454545454545454,0.4235219326128417,3.7619075919080216,2293.443808373845,0.0
RUN_142,2026-10-04 00:42:15,NORMAL,NORMAL,9.363636363636363,5499.818181818182,1.7272727272727273,0.14131247540338449,3.1330323247015572,1826.422505831294,0.0
RUN_142,2026-10-04 00:42:16,NORMAL,NORMAL,6.583333333333333,4769.166666666667,1.8333333333333333,0.21525072150072147,3.177188372348392,2092.913290940414,0.0
RUN_142,2026-10-04 00:42:17,NORMAL,NORMAL,7.3,4768.3,1.4,0.17249999999999996,2.4149387036624512,2032.6476837584892,0.0
RUN_142,2026-10-04 00:42:18,NORMAL,NORMAL,6.625,3280.5,1.0,0.17416125541125538,2.9285498620110144,2169.6131237846093,0.0
RUN_142,2026-10-04 00:42:19,NORMAL,NORMAL,6.333333333333333,4233.777777777777,1.2222222222222223,0.20246913580246914,2.3845553982361825,1671.617683797177,0.0
RUN_142,2026-10-04 00:42:20,NORMAL,EARLY_CHANGE,9.9,5970.4,1.4,0.1151068376068376,2.4438224897394876,1885.7498891264247,0.0
RUN_142,2026-10-04 00:42:21,NORMAL,EARLY_CHANGE,7.769230769230769,5776.538461538462,1.7692307692307692,0.1850028176951254,2.6464823000482607,1993.465060119768,0.0
RUN_142,2026-10-04 00:42:22,NORMAL,EARLY_CHANGE,5.846153846153846,4660.384615384615,1.7692307692307692,0.4175546675546675,3.0657440073477336,2276.580697488086,0.0
RUN_142,2026-10-04 00:42:23,NORMAL,EARLY_CHANGE,5.571428571428571,3122.1428571428573,2.0,0.3223054723054723,3.286280175221628,2262.078631362946,0.0
RUN_142,2026-10-04 00:42:24,NORMAL,EARLY_CHANGE,8.571428571428571,6034.071428571428,2.0,0.13478921871779012,3.1682630276961086,2425.9321579351913,0.0
RUN_142,2026-10-04 00:42:25,NORMAL,EARLY_CHANGE,11.363636363636363,5161.272727272727,1.5454545454545454,0.12843561667091077,3.582564410246542,2778.456481043307,0.0
RUN_142,2026-10-04 00:42:26,NORMAL,EARLY_CHANGE,5.909090909090909,4698.454545454545,1.5454545454545454,0.3990981240981241,4.084608805478645,3052.799668862487,0.0
RUN_142,2026-10-04 00:42:27,NORMAL,EARLY_CHANGE,6.888888888888889,4173.666666666667,1.2222222222222223,0.20322270322270322,3.658622730998479,2488.400063954668,0.0
RUN_142,2026-10-04 00:42:28,NORMAL,EARLY_CHANGE,6.75,3624.5,1.0,0.275,3.036538702457347,2008.2628856348833,0.0
RUN_142,2026-10-04 00:42:29,NORMAL,EARLY_CHANGE,8.375,7194.875,1.0,0.19361836080586076,2.662968239439807,2134.160704860894,0.0
RUN_142,2026-10-04 00:42:30,NORMAL,ESCALATION,5.888888888888889,2965.222222222222,1.2222222222222223,0.20679012345679007,2.9260013346469247,2646.971323641922,0.0
RUN_142,2026-10-04 00:42:31,NORMAL,ESCALATION,11.0,7533.666666666667,1.2222222222222223,0.13511827678494343,2.4151909942551,2481.3819558418695,0.0
RUN_142,2026-10-04 00:42:32,NORMAL,ESCALATION,7.9,5414.6,1.4,0.21568181818181817,3.0174362648149256,2770.9599044800843,0.0
RUN_142,2026-10-04 00:42:33,NORMAL,ESCALATION,7.8,4948.9,1.4,0.2230133755133755,3.123862918184837,2826.297279642503,0.0
RUN_142,2026-10-04 00:42:34,NORMAL,ESCALATION,8.4,6102.3,1.4,0.2654761904761905,2.473872754123483,2082.0989655720286,0.0
RUN_142,2026-10-04 00:42:35,NORMAL,ESCALATION,10.0,5154.9,1.4,0.12365190365190364,1.8030889034979147,1939.4703863034315,0.0
RUN_142,2026-10-04 00:42:36,NORMAL,ESCALATION,6.545454545454546,4771.272727272727,1.5454545454545454,0.37635756056808684,2.481703721525982,1996.6422457534145,0.0
RUN_142,2026-10-04 00:42:37,NORMAL,ESCALATION,5.916666666666667,4573.5,1.8333333333333333,0.3471560846560846,2.849412440139432,2229.1831039298254,0.0
RUN_142,2026-10-04 00:42:38,NORMAL,ESCALATION,8.416666666666666,5087.583333333333,1.8333333333333333,0.168025493025493,3.000214471578301,2250.626156292263,0.0
RUN_142,2026-10-04 00:42:39,NORMAL,ESCALATION,11.416666666666666,8967.166666666666,1.8333333333333333,0.10568342834209705,3.178514065090312,2989.8953589307425,0.0
RUN_142,2026-10-04 00:42:40,NORMAL,ESCALATION,8.75,6285.75,1.6666666666666667,0.26983375420875416,2.7556549908590795,2707.308366976185,0.0
RUN_142,2026-10-04 00:42:41,NORMAL,ESCALATION,9.181818181818182,6721.727272727273,1.5454545454545454,0.13385087135087134,3.3930093100176517,3400.795251473625,0.0
RUN_142,2026-10-04 00:42:42,NORMAL,ESCALATION,10.0,5996.909090909091,1.5454545454545454,0.14163907987437396,2.637688905745164,2888.6477416770053,0.0
RUN_142,2026-10-04 00:42:43,NORMAL,ESCALATION,6.75,4691.833333333333,1.6666666666666667,0.2522156084656085,2.455044906392444,2524.703254168519,0.0
RUN_142,2026-10-04 00:42:44,NORMAL,ESCALATION,6.416666666666667,4337.25,1.6666666666666667,0.4476139601139601,3.6449774281130374,3167.1353216592142,0.0
RUN_142,2026-10-04 00:42:45,NORMAL,ESCALATION,4.818181818181818,2375.4545454545455,1.5454545454545454,0.24253246753246752,3.401201362459386,2515.2868931933485,0.0
RUN_142,2026-10-04 00:42:46,NORMAL,ESCALATION,8.272727272727273,4055.090909090909,1.5454545454545454,0.1749488256841198,3.5412078695735234,2436.355334982778,0.0
RUN_142,2026-10-04 00:42:47,NORMAL,ESCALATION,7.636363636363637,3450.2727272727275,1.5454545454545454,0.15854751309296763,3.263869339111339,2126.996297714352,0.0
RUN_142,2026-10-04 00:42:48,NORMAL,ESCALATION,7.5,4175.75,2.0,0.170508658008658,2.407358575504799,1529.1027786613438,0.0
RUN_142,2026-10-04 00:42:49,NORMAL,ESCALATION,8.0,5903.909090909091,1.7272727272727273,0.1884953430407976,2.862770961930201,2469.9731977089727,0.0
RUN_142,2026-10-04 00:42:50,NORMAL,ESCALATION,6.545454545454546,4789.818181818182,1.7272727272727273,0.18293650793650792,2.5109886053804202,2368.816301182028,0.0
RUN_142,2026-10-04 00:42:51,NORMAL,ESCALATION,7.2727272727272725,4129.090909090909,1.7272727272727273,0.18228715728715725,3.3140593033414123,2668.511231002065,0.0
RUN_142,2026-10-04 00:42:52,NORMAL,ESCALATION,4.6,2815.7,1.4,0.44067460317460316,3.0878813177631246,2478.2308850293985,0.0
RUN_142,2026-10-04 00:42:53,NORMAL,ESCALATION,7.2,5296.2,1.4,0.3602518315018315,2.846293613049979,2150.2625970293434,0.0
RUN_142,2026-10-04 00:42:54,NORMAL,ESCALATION,7.416666666666667,4907.166666666667,1.8333333333333333,0.16223336848336847,2.6449614348700363,2039.679123664597,0.0
RUN_142,2026-10-04 00:42:55,NORMAL,ESCALATION,6.181818181818182,4125.818181818182,1.5454545454545454,0.33918404827495735,3.032416070342546,2135.3281562966545,0.0
RUN_142,2026-10-04 00:42:56,NORMAL,ESCALATION,5.615384615384615,2558.769230769231,1.9230769230769231,0.27497502497502496,2.6506704768907596,2001.428757004694,0.0
RUN_142,2026-10-04 00:42:57,NORMAL,ESCALATION,6.538461538461538,4848.2307692307695,1.9230769230769231,0.18461815961815958,2.4069222956191547,1942.5630786562108,0.0
RUN_142,2026-10-04 00:42:58,NORMAL,ESCALATION,7.769230769230769,3828.230769230769,1.9230769230769231,0.2768981018981019,2.766185095868416,1950.0342321474263,0.0
RUN_142,2026-10-04 00:42:59,NORMAL,ESCALATION,11.25,5619.833333333333,1.8333333333333333,0.2198600741363899,3.7140119631422426,2231.5712344614913,0.0
RUN_142,2026-10-04 00:43:00,NORMAL,SUSTAINED,7.076923076923077,3434.0,2.3846153846153846,0.16732572982572982,3.1633445334119226,1973.457489076826,0.0
RUN_142,2026-10-04 00:43:01,NORMAL,SUSTAINED,6.0,2753.4545454545455,2.090909090909091,0.3020687645687646,3.402395964679896,1732.011826905686,0.0
RUN_142,2026-10-04 00:43:02,NORMAL,SUSTAINED,9.272727272727273,6882.636363636364,2.090909090909091,0.12135415089960543,3.121939229958919,2192.526732234217,0.0
RUN_142,2026-10-04 00:43:03,NORMAL,SUSTAINED,6.454545454545454,4002.6363636363635,2.090909090909091,0.4443034238488784,2.4622211688631874,1488.9185308244366,0.0
RUN_142,2026-10-04 00:43:04,NORMAL,SUSTAINED,9.5,7063.25,2.1666666666666665,0.1396173271173271,2.9521842333196253,2365.3563208980213,0.0
RUN_142,2026-10-04 00:43:05,NORMAL,SUSTAINED,8.909090909090908,4993.545454545455,1.7272727272727273,0.13327951015116787,3.512612927451203,2595.596504240464,0.0
RUN_142,2026-10-04 00:43:06,NORMAL,SUSTAINED,9.2,6525.4,1.4,0.3454615705931495,3.3884041713257007,2695.4916234160596,0.0
RUN_142,2026-10-04 00:43:07,NORMAL,SUSTAINED,7.0,5119.0,1.2222222222222223,0.214021164021164,3.217399912923204,2372.132556428207,0.0
RUN_142,2026-10-04 00:43:08,NORMAL,SUSTAINED,11.222222222222221,6851.666666666667,1.2222222222222223,0.09391657724991055,2.892639828692684,2246.2323247141644,0.0
RUN_142,2026-10-04 00:43:09,NORMAL,SUSTAINED,7.545454545454546,4958.090909090909,1.5454545454545454,0.16727439227439225,2.7952712725282267,2300.039695429288,0.0
RUN_142,2026-10-04 00:43:10,NORMAL,SUSTAINED,5.4,3732.9,1.4,0.3375,2.7639875193961516,2319.093489710213,0.0
RUN_142,2026-10-04 00:43:11,NORMAL,SUSTAINED,4.2727272727272725,2859.7272727272725,1.5454545454545454,0.37153679653679655,2.188230638712896,1718.4680625463952,0.0
RUN_142,2026-10-04 00:43:12,NORMAL,SUSTAINED,5.9,3679.7,1.4,0.4260353535353535,2.1095885445184197,1756.7655330935772,0.0
RUN_142,2026-10-04 00:43:13,NORMAL,SUSTAINED,7.454545454545454,4979.818181818182,1.5454545454545454,0.18161021984551395,2.3343811542636144,1705.7657751975885,0.0
RUN_142,2026-10-04 00:43:14,NORMAL,SUSTAINED,7.666666666666667,6310.5,1.6666666666666667,0.2920661854485384,3.0853671433723036,2525.04116754913,0.0
RUN_142,2026-10-04 00:43:15,NORMAL,SUSTAINED,6.454545454545454,2816.181818181818,1.5454545454545454,0.3321789321789322,3.1896622809092876,2429.0951655601098,0.0
RUN_142,2026-10-04 00:43:16,NORMAL,SUSTAINED,4.636363636363637,2711.5454545454545,1.5454545454545454,0.25547785547785545,3.0585357121199497,2418.3733320043275,0.0
RUN_142,2026-10-04 00:43:17,NORMAL,SUSTAINED,8.454545454545455,4826.818181818182,1.5454545454545454,0.23192968647514103,3.911366288975607,2770.7802690898698,0.0
RUN_142,2026-10-04 00:43:18,NORMAL,SUSTAINED,9.363636363636363,3841.0,1.7272727272727273,0.291362505118486,4.02532252637745,2600.430699338898,0.0
RUN_142,2026-10-04 00:43:19,NORMAL,SUSTAINED,5.8,2844.7,1.4,0.3596266233766233,2.538840568693815,1210.687808815835,0.0
RUN_142,2026-10-04 00:43:20,NORMAL,SUSTAINED,7.2727272727272725,4681.636363636364,1.5454545454545454,0.22445660400205855,2.793058708293956,1393.1673783998842,0.0
RUN_142,2026-10-04 00:43:21,NORMAL,SUSTAINED,7.9,5440.9,1.4,0.15756313131313132,3.3284736236493138,2398.924612764218,0.0
RUN_142,2026-10-04 00:43:22,NORMAL,SUSTAINED,10.454545454545455,7245.363636363636,1.7272727272727273,0.10815068769614221,3.02406086542676,2368.149733548638,0.0
RUN_142,2026-10-04 00:43:23,NORMAL,SUSTAINED,5.818181818181818,3723.5454545454545,1.7272727272727273,0.5336885336885336,3.7360245572830055,3173.339996528673,0.0
RUN_142,2026-10-04 00:43:24,NORMAL,SUSTAINED,6.416666666666667,3454.1666666666665,1.8333333333333333,0.22195258445258445,3.237090765915715,2629.8346193919765,0.0
RUN_142,2026-10-04 00:43:25,NORMAL,SUSTAINED,6.75,4068.75,1.8333333333333333,0.3603896103896103,3.1033183332831946,2610.931940619633,0.0
RUN_142,2026-10-04 00:43:26,NORMAL,SUSTAINED,7.222222222222222,5308.111111111111,1.2222222222222223,0.2772899939566606,4.586755214712733,3568.7857953271323,0.0
RUN_142,2026-10-04 00:43:27,NORMAL,SUSTAINED,7.1,4674.8,1.4,0.2786147186147186,3.2290028530724593,2484.4806547582716,0.0
RUN_142,2026-10-04 00:43:28,NORMAL,SUSTAINED,8.454545454545455,4916.272727272727,1.5454545454545454,0.21240426240426238,2.850793932091713,1962.7643094642626,0.0
RUN_142,2026-10-04 00:43:29,NORMAL,SUSTAINED,10.2,3625.7,1.4,0.12310245310245309,2.1681622828264784,1561.479194002402,0.0
RUN_142,2026-10-04 00:43:30,NORMAL,DECAY,6.333333333333333,3710.1111111111113,1.2222222222222223,0.24219977553310887,2.666623108703936,1588.925137919907,0.0
RUN_142,2026-10-04 00:43:31,NORMAL,DECAY,5.0,2765.125,1.0,0.440625,3.45100345192218,1671.8632607240568,0.0
RUN_142,2026-10-04 00:43:32,NORMAL,DECAY,7.222222222222222,4895.333333333333,1.2222222222222223,0.24926570343237012,2.5037366469811313,1497.378055683011,0.0
RUN_142,2026-10-04 00:43:33,NORMAL,DECAY,7.3,4816.2,1.4,0.16504329004329005,2.7316192930831837,1722.6589172964534,0.0
RUN_142,2026-10-04 00:43:34,NORMAL,DECAY,5.666666666666667,3269.6666666666665,1.2222222222222223,0.34972866639533307,2.7594049587950154,1730.724034653078,0.0
RUN_142,2026-10-04 00:43:35,NORMAL,DECAY,6.818181818181818,3417.2727272727275,1.5454545454545454,0.23362294271385184,2.716378682337965,1774.206648998491,0.0
RUN_142,2026-10-04 00:43:36,NORMAL,DECAY,5.923076923076923,4114.923076923077,1.9230769230769231,0.24899267399267397,2.3060596018196446,1592.8515697091789,0.0
RUN_142,2026-10-04 00:43:37,NORMAL,DECAY,10.23076923076923,6668.2307692307695,1.9230769230769231,0.17844679829973947,2.8652562518075775,2547.1451308275673,0.0
RUN_142,2026-10-04 00:43:38,NORMAL,DECAY,8.307692307692308,4207.923076923077,1.9230769230769231,0.14824481074481072,2.6999234876402176,2477.446552595101,0.0
RUN_142,2026-10-04 00:43:39,NORMAL,DECAY,9.833333333333334,5198.25,1.8333333333333333,0.12429503367003365,3.3513191599955454,2534.465505607396,0.0
RUN_142,2026-10-04 00:43:40,NORMAL,DECAY,9.272727272727273,5281.0,1.7272727272727273,0.20647647806738714,2.787981252564887,1885.8325124155729,0.0
RUN_142,2026-10-04 00:43:41,NORMAL,DECAY,7.818181818181818,5046.454545454545,1.7272727272727273,0.14508824508824505,3.07128502346192,1931.168903212995,0.0
RUN_142,2026-10-04 00:43:42,NORMAL,DECAY,9.416666666666666,7760.75,1.8333333333333333,0.1908591748665278,2.4999361809537333,1989.8855978657057,0.0
RUN_142,2026-10-04 00:43:43,NORMAL,DECAY,6.615384615384615,4133.7692307692305,2.230769230769231,0.2289377289377289,2.8394015751299913,2251.8413011931507,0.0
RUN_142,2026-10-04 00:43:44,NORMAL,DECAY,8.272727272727273,5489.636363636364,1.7272727272727273,0.2938842203548086,2.9278010255184923,1850.6151067637766,0.0
RUN_142,2026-10-04 00:43:45,NORMAL,DECAY,9.181818181818182,7249.818181818182,1.5454545454545454,0.22574609733700643,4.028780654686278,3619.703265354067,0.0
RUN_142,2026-10-04 00:43:46,NORMAL,DECAY,5.4,3468.3,1.4,0.29027777777777775,4.526895051772217,3933.7330381597726,0.0
RUN_142,2026-10-04 00:43:47,NORMAL,DECAY,7.833333333333333,3582.4166666666665,1.6666666666666667,0.17958430458430455,3.4978965934749024,3001.4396111485985,0.0
RUN_142,2026-10-04 00:43:48,NORMAL,DECAY,6.384615384615385,4157.153846153846,2.076923076923077,0.19587719972335355,2.948081928520721,2372.9485803870793,0.0
RUN_142,2026-10-04 00:43:49,NORMAL,DECAY,7.923076923076923,4972.7692307692305,2.076923076923077,0.17385531135531135,2.4031293652338417,1862.7469496823276,0.0
RUN_142,2026-10-04 00:43:50,NORMAL,RECOVERY,7.428571428571429,4823.857142857143,2.142857142857143,0.15773373451944878,2.489619947110878,1804.0673910949315,0.0
RUN_142,2026-10-04 00:43:51,NORMAL,RECOVERY,5.923076923076923,3354.5384615384614,2.076923076923077,0.3147388935850474,2.6669733222614633,1784.1864850572433,0.0
RUN_142,2026-10-04 00:43:52,NORMAL,RECOVERY,9.785714285714286,6783.428571428572,2.142857142857143,0.13863688832176227,2.8158593421207123,2102.878190741217,0.0
RUN_142,2026-10-04 00:43:53,NORMAL,RECOVERY,4.076923076923077,2172.6153846153848,1.9230769230769231,0.37646520146520146,2.0579987799515576,1654.9936359304702,0.0
RUN_142,2026-10-04 00:43:54,NORMAL,RECOVERY,6.3076923076923075,3942.076923076923,1.9230769230769231,0.2423992673992674,3.225632678974615,2669.808104138411,0.0
RUN_142,2026-10-04 00:43:55,NORMAL,RECOVERY,7.5,4867.916666666667,1.6666666666666667,0.2657747345247345,4.2254427743031435,3403.3568079896286,0.0
RUN_142,2026-10-04 00:43:56,NORMAL,RECOVERY,7.545454545454546,5392.636363636364,1.5454545454545454,0.18039649744195196,3.7688189151771785,3180.465387891553,0.0
RUN_142,2026-10-04 00:43:57,NORMAL,RECOVERY,5.4,3201.6,1.4,0.38428571428571423,2.316065721654812,1898.6571889591014,0.0
RUN_142,2026-10-04 00:43:58,NORMAL,RECOVERY,6.1,4030.4,1.4,0.39602564102564103,3.0009086349565735,2270.848495232689,0.0
RUN_142,2026-10-04 00:43:59,NORMAL,RECOVERY,7.7272727272727275,4598.0,1.5454545454545454,0.1694083694083694,3.1623502863539006,2085.760882015463,0.0
RUN_144,2026-10-04 00:46:00,NORMAL,NORMAL,8.333333333333334,5096.444444444444,1.0,0.1625296453727826,0.0,0.0,0.0
RUN_144,2026-10-04 00:46:01,NORMAL,NORMAL,7.0,3770.4444444444443,1.0,0.21658249158249157,2.0,1532.6666666666667,0.0
RUN_144,2026-10-04 00:46:02,NORMAL,NORMAL,8.3,5096.5,1.2,0.19301698301698303,2.6575705465476105,1875.302882517292,0.0
RUN_144,2026-10-04 00:46:03,NORMAL,NORMAL,8.153846153846153,5017.846153846154,1.6153846153846154,0.14448051948051946,2.4036033239851116,1608.320833327923,0.0
RUN_144,2026-10-04 00:46:04,NORMAL,NORMAL,10.916666666666666,6765.5,1.5,0.12073682036917328,3.1773724246056894,2206.6267378358148,0.0
RUN_144,2026-10-04 00:46:05,NORMAL,NORMAL,6.846153846153846,3866.6153846153848,1.7692307692307692,0.20112003381234148,2.5301104309380373,1830.30317200968,0.0
RUN_144,2026-10-04 00:46:06,NORMAL,NORMAL,4.428571428571429,2436.285714285714,2.0,0.49676870748299323,2.908626381334907,1976.2298633111347,0.0
RUN_144,2026-10-04 00:46:07,NORMAL,NORMAL,4.533333333333333,3381.4666666666667,2.3333333333333335,0.5016955266955266,2.5975297331262452,2138.7597233853758,0.0
RUN_144,2026-10-04 00:46:08,NORMAL,NORMAL,7.466666666666667,4843.0,2.3333333333333335,0.2405274355274355,3.413841896494356,2393.9967604091335,0.0
RUN_144,2026-10-04 00:46:09,NORMAL,NORMAL,4.8,2987.4,2.3333333333333335,0.37812169312169314,3.123006550305829,2139.361146745622,0.0
RUN_144,2026-10-04 00:46:10,NORMAL,NORMAL,6.882352941176471,4155.882352941177,2.764705882352941,0.35295091298551506,3.3304463681974035,2130.8391117505207,0.0
RUN_144,2026-10-04 00:46:11,NORMAL,NORMAL,8.0625,5303.6875,2.375,0.28476870351870354,3.3380087993202627,2235.3341282746774,0.0
RUN_144,2026-10-04 00:46:12,NORMAL,NORMAL,3.875,2595.0,2.375,0.3721230158730159,2.9061747149011685,2017.2524758255752,0.0
RUN_144,2026-10-04 00:46:13,NORMAL,NORMAL,6.2,3418.866666666667,2.066666666666667,0.3368518518518518,3.7376755474510173,2921.4604106132765,0.0
RUN_144,2026-10-04 00:46:14,NORMAL,NORMAL,6.909090909090909,4227.636363636364,1.3636363636363635,0.27596292596292593,4.1647564854322745,3203.713929519449,0.0
RUN_144,2026-10-04 00:46:15,NORMAL,NORMAL,8.9,5606.4,1.2,0.13620781995781994,2.8878901921585753,2471.183076085832,0.0
RUN_144,2026-10-04 00:46:16,NORMAL,NORMAL,6.7,3848.8,1.2,0.3376923076923077,3.2241274359080885,2237.266024762398,0.0
RUN_144,2026-10-04 00:46:17,NORMAL,NORMAL,7.416666666666667,4610.583333333333,1.5,0.2768821796395326,2.100266150408971,1317.6159278313323,0.0
RUN_144,2026-10-04 00:46:18,NORMAL,NORMAL,6.583333333333333,5304.333333333333,1.5,0.19031385281385282,2.081614400537053,1334.7816241744001,0.0
RUN_144,2026-10-04 00:46:19,NORMAL,NORMAL,6.384615384615385,3800.923076923077,1.6153846153846154,0.28968531468531467,2.1177070390057153,1422.5830263264709,0.0
RUN_144,2026-10-04 00:46:20,NORMAL,EARLY_CHANGE,7.333333333333333,4919.5,1.5,0.3146804584304584,3.9879492758251236,2615.0573012884483,0.0
RUN_144,2026-10-04 00:46:21,NORMAL,EARLY_CHANGE,8.0,4803.923076923077,1.7692307692307692,0.13629426129426125,2.903483686277695,2439.1761697228344,0.0
RUN_144,2026-10-04 00:46:22,NORMAL,EARLY_CHANGE,7.75,3271.25,1.6666666666666667,0.30882936507936504,3.5711139046527536,2634.704604661704,0.0
RUN_144,2026-10-04 00:46:23,NORMAL,EARLY_CHANGE,6.181818181818182,3722.5454545454545,1.5454545454545454,0.21788211788211787,3.538894421382013,2203.0390474545716,0.0
RUN_144,2026-10-04 00:46:24,NORMAL,EARLY_CHANGE,7.5,4663.166666666667,1.6666666666666667,0.2544321419321419,3.5883898197824298,2417.4724310955257,0.0
RUN_144,2026-10-04 00:46:25,NORMAL,EARLY_CHANGE,6.818181818181818,4607.636363636364,1.3636363636363635,0.2675662721117267,3.18646666412478,2433.505268606483,0.0
RUN_144,2026-10-04 00:46:26,NORMAL,EARLY_CHANGE,6.2,4434.4,1.2,0.21373015873015871,3.3767483646232854,2474.519096968466,0.0
RUN_144,2026-10-04 00:46:27,NORMAL,EARLY_CHANGE,10.692307692307692,5422.461538461538,1.6153846153846154,0.10537104926245194,2.725529670924242,2195.593983770283,0.0
RUN_144,2026-10-04 00:46:28,NORMAL,EARLY_CHANGE,6.0,3911.3571428571427,1.7142857142857142,0.34056122448979587,3.1250229966494123,2196.1749580993296,0.0
RUN_144,2026-10-04 00:46:29,NORMAL,EARLY_CHANGE,6.6923076923076925,4412.923076923077,1.6153846153846154,0.26548174048174045,3.5457124024725912,2501.4019808615058,0.0
RUN_144,2026-10-04 00:46:30,NORMAL,ESCALATION,6.583333333333333,4623.5,1.5,0.17255291005291004,2.56678126910124,1707.447383569937,0.0
RUN_144,2026-10-04 00:46:31,NORMAL,ESCALATION,6.071428571428571,4440.285714285715,1.8571428571428572,0.2977280655852084,2.25161431533745,1460.601464387592,0.0
RUN_144,2026-10-04 00:46:32,NORMAL,ESCALATION,6.285714285714286,4267.642857142857,1.8571428571428572,0.2825636664922379,2.7163430337066097,2066.572572594591,0.0
RUN_144,2026-10-04 00:46:33,NORMAL,ESCALATION,8.153846153846153,4663.307692307692,1.6153846153846154,0.18325787460402843,2.7162682447690663,1975.2992925242766,0.0
RUN_144,2026-10-04 00:46:34,NORMAL,ESCALATION,8.866666666666667,4959.2,1.9333333333333333,0.14245057087162347,2.272404498769612,1826.6408112727472,0.0
RUN_144,2026-10-04 00:46:35,NORMAL,ESCALATION,9.538461538461538,5220.307692307692,1.7692307692307692,0.12261990146605531,2.250612400851039,1474.9759764571756,0.0
RUN_144,2026-10-04 00:46:36,NORMAL,ESCALATION,9.384615384615385,4801.923076923077,1.7692307692307692,0.12425299059914442,1.8605605424147535,1112.7864183585048,0.0
RUN_144,2026-10-04 00:46:37,NORMAL,ESCALATION,6.866666666666666,4495.2,1.9333333333333333,0.2318213268213268,2.4883529102860407,1360.8319216884108,0.0
RUN_144,2026-10-04 00:46:38,NORMAL,ESCALATION,7.571428571428571,5857.5,1.8571428571428572,0.32284402105830673,3.5134142200017573,2785.4300480489264,0.0
RUN_144,2026-10-04 00:46:39,NORMAL,ESCALATION,5.615384615384615,3706.769230769231,1.7692307692307692,0.3835709162632239,3.5843310770619037,2896.2741157554765,0.0
RUN_144,2026-10-04 00:46:40,NORMAL,ESCALATION,4.642857142857143,2855.785714285714,1.7142857142857142,0.40515873015873016,3.558731355755121,2587.3535383581325,0.0
RUN_144,2026-10-04 00:46:41,NORMAL,ESCALATION,7.285714285714286,4967.642857142857,1.7142857142857142,0.27278733171590314,3.579173157916052,2658.8561285290352,0.0
RUN_144,2026-10-04 00:46:42,NORMAL,ESCALATION,7.230769230769231,4147.076923076923,1.6153846153846154,0.2876354414815953,4.0030106276148505,3018.8666608808903,0.0
RUN_144,2026-10-04 00:46:43,NORMAL,ESCALATION,5.142857142857143,3875.214285714286,1.7142857142857142,0.5006585967720422,4.110128890724078,2883.16780360711,0.0
RUN_144,2026-10-04 00:46:44,NORMAL,ESCALATION,5.833333333333333,3798.5,1.5,0.38887235449735447,4.78787711749293,3386.036507572462,0.0
RUN_144,2026-10-04 00:46:45,NORMAL,ESCALATION,8.692307692307692,4811.538461538462,1.7692307692307692,0.20156264675495444,3.965005190595813,2687.5143529676593,0.0
RUN_144,2026-10-04 00:46:46,NORMAL,ESCALATION,8.0,5146.25,1.6666666666666667,0.1533429533429533,3.714711722303003,2614.1884887138544,0.0
RUN_144,2026-10-04 00:46:47,NORMAL,ESCALATION,9.076923076923077,5374.538461538462,1.7692307692307692,0.1374236874236874,2.6378533264936204,1913.0174984488924,0.0
RUN_144,2026-10-04 00:46:48,NORMAL,ESCALATION,7.923076923076923,5056.7692307692305,1.7692307692307692,0.2526870565332104,2.420698361923351,1873.2664561717918,0.0
RUN_144,2026-10-04 00:46:49,NORMAL,ESCALATION,7.461538461538462,5885.2307692307695,1.7692307692307692,0.2346240298163375,2.347206608389825,2173.2264685122386,0.0
RUN_144,2026-10-04 00:46:50,NORMAL,ESCALATION,6.923076923076923,3531.5384615384614,1.7692307692307692,0.3075502488964027,3.0469107313223276,2521.235428998793,0.0
RUN_144,2026-10-04 00:46:51,NORMAL,ESCALATION,7.6923076923076925,5772.153846153846,1.6153846153846154,0.19825815210430592,2.568010989207935,2323.0021970585426,0.0
RUN_144,2026-10-04 00:46:52,NORMAL,ESCALATION,8.846153846153847,5884.2307692307695,1.6153846153846154,0.16036410171025553,3.5929560478940896,3139.3149945554733,0.0
RUN_144,2026-10-04 00:46:53,NORMAL,ESCALATION,7.428571428571429,3815.5714285714284,1.8571428571428572,0.1660456606885178,2.6960661238032353,2475.6503320367337,0.0
RUN_144,2026-10-04 00:46:54,NORMAL,ESCALATION,6.846153846153846,3404.3076923076924,1.6153846153846154,0.19695027195027195,2.651808893860016,2025.6874029127864,0.0
RUN_144,2026-10-04 00:46:55,NORMAL,ESCALATION,6.545454545454546,4510.272727272727,1.3636363636363635,0.26923127377672834,2.8082859551476798,2234.9493945928193,0.0
RUN_144,2026-10-04 00:46:56,NORMAL,ESCALATION,7.666666666666667,4790.222222222223,1.0,0.17187750521083853,2.7859229220208075,1995.7062052350152,0.0
RUN_144,2026-10-04 00:46:57,NORMAL,ESCALATION,4.333333333333333,2620.6666666666665,1.0,0.46419753086419746,2.8339364079202727,1919.2096637675213,0.0
RUN_144,2026-10-04 00:46:58,NORMAL,ESCALATION,10.272727272727273,6501.0,1.3636363636363635,0.18890986464515877,3.317985548483327,2353.230801465876,0.0
RUN_144,2026-10-04 00:46:59,NORMAL,ESCALATION,7.7272727272727275,4590.181818181818,1.3636363636363635,0.3526515151515151,2.92787451640467,1986.1361531531677,0.0
RUN_144,2026-10-04 00:47:00,NORMAL,SUSTAINED,6.909090909090909,4288.0,1.3636363636363635,0.1756438006438006,4.185434605175327,3143.3265420418106,0.0
RUN_144,2026-10-04 00:47:01,NORMAL,SUSTAINED,9.75,4761.666666666667,1.6666666666666667,0.1089875402375402,3.806362393880755,2766.3487455153045,0.0
RUN_144,2026-10-04 00:47:02,NORMAL,SUSTAINED,6.363636363636363,4523.545454545455,1.3636363636363635,0.319047619047619,3.2233042914388075,2295.047663986926,0.0
RUN_144,2026-10-04 00:47:03,NORMAL,SUSTAINED,5.333333333333333,3323.3333333333335,1.6666666666666667,0.4322039072039072,2.6732112061333244,2071.795101488841,0.0
RUN_144,2026-10-04 00:47:04,NORMAL,SUSTAINED,7.153846153846154,3770.0,1.7692307692307692,0.21056166056166054,2.2977349318275553,1956.784502491696,0.0
RUN_144,2026-10-04 00:47:05,NORMAL,SUSTAINED,5.3076923076923075,3796.769230769231,2.076923076923077,0.3261988011988012,2.6124845232627365,2049.0009937913774,0.0
RUN_144,2026-10-04 00:47:06,NORMAL,SUSTAINED,8.76923076923077,6358.076923076923,2.076923076923077,0.13216676485907256,3.132816800875046,2340.348794087204,0.0
RUN_144,2026-10-04 00:47:07,NORMAL,SUSTAINED,6.583333333333333,4350.0,1.6666666666666667,0.19761396011396007,2.5750668826889953,2018.5164690510046,0.0
RUN_144,2026-10-04 00:47:08,NORMAL,SUSTAINED,7.818181818181818,5042.636363636364,1.5454545454545454,0.3649104163810046,2.715491765291316,1995.0123300793696,0.0
RUN_144,2026-10-04 00:47:09,NORMAL,SUSTAINED,9.0,7494.272727272727,1.3636363636363635,0.1479234149688695,3.005600284214999,2479.150741756524,0.0
RUN_144,2026-10-04 00:47:10,NORMAL,SUSTAINED,6.583333333333333,4003.75,1.5,0.2601190476190476,3.466997726680719,2718.7965010321464,0.0
RUN_144,2026-10-04 00:47:11,NORMAL,SUSTAINED,7.0,4544.166666666667,1.5,0.29962606837606837,3.586528619216803,2761.2636788483887,0.0
RUN_144,2026-10-04 00:47:12,NORMAL,SUSTAINED,6.083333333333333,3909.4166666666665,1.5,0.1907076719576719,3.0092115219639943,2606.3359247451303,0.0
RUN_144,2026-10-04 00:47:13,NORMAL,SUSTAINED,6.636363636363637,3833.2727272727275,1.3636363636363635,0.22417027417027413,2.9268676482315943,2350.2243726248084,0.0
RUN_144,2026-10-04 00:47:14,NORMAL,SUSTAINED,8.833333333333334,5559.666666666667,1.5,0.1544261294261294,2.240316395247058,1715.9198289281576,0.0
RUN_144,2026-10-04 00:47:15,NORMAL,SUSTAINED,6.5,3306.0,1.7142857142857142,0.2066687280972995,2.448060673548318,1934.960285156048,0.0
RUN_144,2026-10-04 00:47:16,NORMAL,SUSTAINED,6.076923076923077,3979.4615384615386,1.6153846153846154,0.36327838827838826,2.7318994535178858,1870.2420120464499,0.0
RUN_144,2026-10-04 00:47:17,NORMAL,SUSTAINED,6.076923076923077,4443.7692307692305,1.7692307692307692,0.3706501831501831,2.98611916053109,2131.8351896889603,0.0
RUN_144,2026-10-04 00:47:18,NORMAL,SUSTAINED,8.76923076923077,4173.076923076923,1.6153846153846154,0.12671217671217666,2.926378265405228,2258.2530854675065,0.0
RUN_144,2026-10-04 00:47:19,NORMAL,SUSTAINED,6.923076923076923,4260.538461538462,1.6153846153846154,0.2556471306471306,3.4143910439272007,2413.590396299947,0.0
RUN_144,2026-10-04 00:47:20,NORMAL,SUSTAINED,10.066666666666666,6129.866666666667,1.9333333333333333,0.10964461464461463,2.695103842409493,1976.5685327497185,0.0
RUN_144,2026-10-04 00:47:21,NORMAL,SUSTAINED,7.705882352941177,4167.35294117647,2.176470588235294,0.20411445532552797,2.7414431298322377,1957.1422888938007,0.0
RUN_144,2026-10-04 00:47:22,NORMAL,SUSTAINED,7.222222222222222,4436.5,2.4444444444444446,0.2610642443975777,3.311192042202465,2026.976655342556,0.0
RUN_144,2026-10-04 00:47:23,NORMAL,SUSTAINED,8.294117647058824,5025.705882352941,2.411764705882353,0.20481261337662718,3.528039293917392,2364.3924461387355,0.0
RUN_144,2026-10-04 00:47:24,NORMAL,SUSTAINED,6.5,3869.1111111111113,2.4444444444444446,0.21973504890171555,3.214197748771346,2122.4514390930785,0.0
RUN_144,2026-10-04 00:47:25,NORMAL,SUSTAINED,5.466666666666667,2922.133333333333,2.3333333333333335,0.22563492063492063,3.0292298263896282,1971.7879111686714,0.0
RUN_144,2026-10-04 00:47:26,NORMAL,SUSTAINED,8.1875,4099.625,2.375,0.1481917388167388,2.1281492678764153,1487.2203230244256,0.0
RUN_144,2026-10-04 00:47:27,NORMAL,SUSTAINED,6.529411764705882,4727.823529411765,2.411764705882353,0.28343431846892053,2.707821511375941,1608.1204885998793,0.0
RUN_144,2026-10-04 00:47:28,NORMAL,SUSTAINED,6.0,2656.1666666666665,2.4444444444444446,0.3612044817927171,2.7821836729409593,1524.3188033690203,0.0
RUN_144,2026-10-04 00:47:29,NORMAL,SUSTAINED,9.0,4074.1875,2.0,0.18897138400814867,3.0546323991264837,1253.6265734532853,0.0
RUN_144,2026-10-04 00:47:30,NORMAL,DECAY,6.5,3829.3125,2.125,0.29924580627705627,3.0226134295680214,1628.7585267607246,0.0
RUN_144,2026-10-04 00:47:31,NORMAL,DECAY,7.111111111111111,5068.611111111111,2.5555555555555554,0.157034632034632,2.655924053057338,1642.0311235114432,0.0
RUN_144,2026-10-04 00:47:32,NORMAL,DECAY,7.714285714285714,5704.285714285715,2.0,0.18375850340136052,2.772616145279901,2135.240151397019,0.0
RUN_144,2026-10-04 00:47:33,NORMAL,DECAY,6.3125,3227.4375,2.125,0.33591564685314684,2.8630427413522233,2137.6395716556535,0.0
RUN_144,2026-10-04 00:47:34,NORMAL,DECAY,8.944444444444445,4481.611111111111,2.4444444444444446,0.16089689631356296,2.661555425626751,1916.71552190468,0.0
RUN_144,2026-10-04 00:47:35,NORMAL,DECAY,8.176470588235293,5474.470588235294,2.176470588235294,0.14036159918512855,2.9563054279197782,2377.1900684868197,0.0
RUN_144,2026-10-04 00:47:36,NORMAL,DECAY,10.68421052631579,6110.736842105263,2.3684210526315788,0.11969361048308415,2.5041064454612627,1868.8459780763728,0.0
RUN_144,2026-10-04 00:47:37,NORMAL,DECAY,7.052631578947368,5187.473684210527,2.263157894736842,0.2272315403894351,3.1286459742158486,2016.4153601853836,0.0
RUN_144,2026-10-04 00:47:38,NORMAL,DECAY,6.0,3770.8333333333335,2.2222222222222223,0.232514245014245,3.428543234430974,2440.838419087383,0.0
RUN_144,2026-10-04 00:47:39,NORMAL,DECAY,8.105263157894736,5608.526315789473,2.3684210526315788,0.24730766309713675,3.202425722300485,2272.91733357882,0.0
RUN_144,2026-10-04 00:47:40,NORMAL,DECAY,6.0,3449.375,2.125,0.3540449134199134,4.149649914880343,2738.939401081494,0.0
RUN_144,2026-10-04 00:47:41,NORMAL,DECAY,7.928571428571429,5496.071428571428,2.0,0.21210575139146567,3.144380119599275,2062.824897043355,0.0
RUN_144,2026-10-04 00:47:42,NORMAL,DECAY,9.714285714285714,4609.428571428572,2.0,0.1140924551638837,3.0889595252654147,2001.759815995197,0.0
RUN_144,2026-10-04 00:47:43,NORMAL,DECAY,5.133333333333334,3114.133333333333,2.066666666666667,0.4303141303141303,3.3470045659564844,2081.6618496388105,0.0
RUN_144,2026-10-04 00:47:44,NORMAL,DECAY,5.555555555555555,4250.722222222223,2.3333333333333335,0.3631082651915985,2.7036199536890724,1641.0804791749747,0.0
RUN_144,2026-10-04 00:47:45,NORMAL,DECAY,6.25,4131.0625,2.0,0.29362599206349205,3.379880379552704,2372.9669305415023,0.0
RUN_144,2026-10-04 00:47:46,NORMAL,DECAY,6.785714285714286,5058.571428571428,1.7142857142857142,0.20329055864770149,3.310014146284584,2081.8198714746804,0.0
RUN_144,2026-10-04 00:47:47,NORMAL,DECAY,9.384615384615385,7553.846153846154,1.6153846153846154,0.12377707762323144,2.83606014410425,2247.252060366465,0.0
RUN_144,2026-10-04 00:47:48,NORMAL,DECAY,9.181818181818182,4800.454545454545,1.3636363636363635,0.11656500065590975,2.6312631817094077,2503.7590780718015,0.0
RUN_144,2026-10-04 00:47:49,NORMAL,DECAY,7.777777777777778,4180.777777777777,1.0,0.3452681577681578,2.416402067750271,2143.6819394904464,0.0
RUN_144,2026-10-04 00:47:50,NORMAL,RECOVERY,7.5,4242.0,1.2,0.2420270415858651,3.45365711576292,2222.502622523803,0.0
RUN_144,2026-10-04 00:47:51,NORMAL,RECOVERY,8.3,6004.1,1.2,0.23581349206349206,3.2954627295636207,2074.9296733228325,0.0
RUN_144,2026-10-04 00:47:52,NORMAL,RECOVERY,9.090909090909092,4342.909090909091,1.3636363636363635,0.14334890255942886,3.2901039875134193,2475.3164077210317,0.0
RUN_144,2026-10-04 00:47:53,NORMAL,RECOVERY,9.083333333333334,5271.916666666667,1.5,0.19285806785806783,2.992107330806492,2359.8304130512224,0.0
RUN_144,2026-10-04 00:47:54,NORMAL,RECOVERY,7.363636363636363,5164.0,1.3636363636363635,0.19311294765840217,2.405903088775557,2672.2259438296715,0.0
RUN_144,2026-10-04 00:47:55,NORMAL,RECOVERY,6.454545454545454,4082.0,1.3636363636363635,0.20628361537452447,2.6605960756899516,2654.6233098947528,0.0
RUN_144,2026-10-04 00:47:56,NORMAL,RECOVERY,9.727272727272727,8035.454545454545,1.3636363636363635,0.18441886396431847,2.8068995234789806,2684.3091456641014,0.0
RUN_144,2026-10-04 00:47:57,NORMAL,RECOVERY,9.8,5450.7,1.2,0.11730519480519479,2.965375331667307,2630.9246780814565,0.0
RUN_144,2026-10-04 00:47:58,NORMAL,RECOVERY,6.5,4540.333333333333,1.5,0.1918350168350168,1.937349862944063,1893.3441433331748,0.0
RUN_144,2026-10-04 00:47:59,NORMAL,RECOVERY,9.857142857142858,6126.5,1.7142857142857142,0.28826404687749224,2.6022028373701276,1887.6902986072582,0.0
RUN_146,2026-10-04 00:50:00,NORMAL,NORMAL,7.166666666666667,5192.833333333333,1.0,0.20455932955932954,0.0,0.0,0.0
RUN_146,2026-10-04 00:50:01,NORMAL,NORMAL,7.0,5858.333333333333,1.0,0.30264550264550266,2.75,2718.0833333333335,0.0
RUN_146,2026-10-04 00:50:02,NORMAL,NORMAL,10.833333333333334,7290.666666666667,1.0,0.10063431938431937,3.650489234249415,3010.993859628155,0.0
RUN_146,2026-10-04 00:50:03,NORMAL,NORMAL,7.714285714285714,4985.714285714285,1.2857142857142858,0.1388888888888889,2.901619918719932,2434.2276852092195,0.0
RUN_146,2026-10-04 00:50:04,NORMAL,NORMAL,8.285714285714286,4366.0,1.2857142857142858,0.26715367965367964,2.8801477175398746,2431.318024031484,0.0
RUN_146,2026-10-04 00:50:05,NORMAL,NORMAL,5.0,2783.75,1.5,0.460842803030303,3.828306887660268,2864.8738805775693,0.0
RUN_146,2026-10-04 00:50:06,NORMAL,NORMAL,7.25,4305.25,1.5,0.15531655844155842,3.56146592072465,2349.9380187207644,0.0
RUN_146,2026-10-04 00:50:07,NORMAL,NORMAL,8.0,4747.285714285715,1.2857142857142858,0.2925082853654282,3.2755234710504704,2246.4858225748353,0.0
RUN_146,2026-10-04 00:50:08,NORMAL,NORMAL,7.5,4497.333333333333,1.0,0.15979437229437227,3.930109429447603,2468.639461539399,0.0
RUN_146,2026-10-04 00:50:09,NORMAL,NORMAL,6.666666666666667,3338.6666666666665,1.0,0.20370370370370372,3.062311682604234,1903.0832706188341,0.0
RUN_146,2026-10-04 00:50:10,NORMAL,NORMAL,6.0,2463.0,1.0,0.27152777777777776,2.9357526350919834,1491.5656017699114,0.0
RUN_146,2026-10-04 00:50:11,NORMAL,NORMAL,4.833333333333333,3277.8333333333335,1.0,0.3425925925925926,3.3193229622224343,1632.0072484148884,0.0
RUN_146,2026-10-04 00:50:12,NORMAL,NORMAL,9.5,5417.833333333333,1.0,0.2472222222222222,3.185768233101088,1882.9876157348244,0.0
RUN_146,2026-10-04 00:50:13,NORMAL,NORMAL,4.625,2606.375,1.5,0.3090277777777778,2.443797714947722,1497.0594561398088,0.0
RUN_146,2026-10-04 00:50:14,NORMAL,NORMAL,6.125,4135.0,1.5,0.35630411255411254,2.9534743132590475,1616.7190711015962,0.0
RUN_146,2026-10-04 00:50:15,NORMAL,NORMAL,4.875,3657.5,1.5,0.478030303030303,3.4195550401522494,2440.8801025167836,0.0
RUN_146,2026-10-04 00:50:16,NORMAL,NORMAL,6.25,4550.625,1.5,0.20119047619047617,3.1133823376446763,2195.0768067968843,0.0
RUN_146,2026-10-04 00:50:17,NORMAL,NORMAL,6.571428571428571,3626.4285714285716,1.2857142857142858,0.3710797139368568,2.9918078029353294,2230.170981583067,0.0
RUN_146,2026-10-04 00:50:18,NORMAL,NORMAL,8.0,4457.0,1.5,0.18671085858585856,1.4723456388036162,1191.744842280967,0.0
RUN_146,2026-10-04 00:50:19,NORMAL,NORMAL,7.7,5767.5,2.0,0.13944805194805193,1.6722781454791833,1371.8626457547052,0.0
RUN_146,2026-10-04 00:50:20,NORMAL,EARLY_CHANGE,3.2222222222222223,1570.7777777777778,1.8888888888888888,0.6578483245149912,2.467725174231923,1974.42131621764,0.0
RUN_146,2026-10-04 00:50:21,NORMAL,EARLY_CHANGE,6.4,4195.0,2.0,0.18210678210678205,2.14643335414923,1726.3121970696932,0.0
RUN_146,2026-10-04 00:50:22,NORMAL,EARLY_CHANGE,6.0,4870.222222222223,1.8888888888888888,0.26062610229276895,1.8375175053667607,1513.3985259423062,0.0
RUN_146,2026-10-04 00:50:23,NORMAL,EARLY_CHANGE,6.9,5616.2,2.0,0.36031857031857034,2.2829438115923226,1961.6775100827945,0.0
RUN_146,2026-10-04 00:50:24,NORMAL,EARLY_CHANGE,9.5,5709.625,1.5,0.19121260683760682,2.287045124456856,1862.3270830345052,0.0
RUN_146,2026-10-04 00:50:25,NORMAL,EARLY_CHANGE,8.0,6219.625,1.5,0.33125,2.130632280007711,1801.2494114088145,0.0
RUN_146,2026-10-04 00:50:26,NORMAL,EARLY_CHANGE,8.125,3250.375,1.5,0.1613514957264957,2.8388298262562706,2640.4426512250934,0.0
RUN_146,2026-10-04 00:50:27,NORMAL,EARLY_CHANGE,4.5,3236.75,1.5,0.33675595238095235,2.5551353447146186,1911.5758189939636,0.0
RUN_146,2026-10-04 00:50:28,NORMAL,EARLY_CHANGE,4.75,3032.0,1.5,0.3995535714285714,3.513748555714797,2619.920877619986,0.0
RUN_146,2026-10-04 00:50:29,NORMAL,EARLY_CHANGE,7.75,4682.25,1.5,0.1470238095238095,3.1956852554169095,2272.107499008059,0.0
RUN_146,2026-10-04 00:50:30,NORMAL,ESCALATION,8.375,6384.625,1.5,0.2193452380952381,2.254473776926244,1774.9193904049002,0.0
RUN_146,2026-10-04 00:50:31,NORMAL,ESCALATION,5.5,3540.0,1.5,0.4895833333333333,2.8997393287490305,2161.3910206632804,0.0
RUN_146,2026-10-04 00:50:32,NORMAL,ESCALATION,7.375,3867.25,1.5,0.274905303030303,3.652643349641028,2560.252067974445,0.0
RUN_146,2026-10-04 00:50:33,NORMAL,ESCALATION,7.857142857142857,3910.8571428571427,1.2857142857142858,0.1425082853654282,2.766298886314672,2126.7070414907635,0.0
RUN_146,2026-10-04 00:50:34,NORMAL,ESCALATION,8.5,5419.833333333333,1.0,0.18028083028083022,1.4569102826369005,1248.9668605603983,0.0
RUN_146,2026-10-04 00:50:35,NORMAL,ESCALATION,8.5,4555.666666666667,1.0,0.15309829059829058,2.7701585219973133,2060.8222005452058,0.0
RUN_146,2026-10-04 00:50:36,NORMAL,ESCALATION,8.571428571428571,4115.0,1.2857142857142858,0.20760667903525046,3.2297678572644193,2032.423448907083,0.0
RUN_146,2026-10-04 00:50:37,NORMAL,ESCALATION,8.714285714285714,4952.571428571428,1.2857142857142858,0.13538445681302821,2.580996657164878,1765.0091101751386,0.0
RUN_146,2026-10-04 00:50:38,NORMAL,ESCALATION,6.0,3783.125,1.5,0.19890873015873012,1.835334433066754,971.4023881703353,0.0
RUN_146,2026-10-04 00:50:39,NORMAL,ESCALATION,7.857142857142857,4363.714285714285,1.2857142857142858,0.26294881588999236,2.9141350963192982,1579.0813185534987,0.0
RUN_146,2026-10-04 00:50:40,NORMAL,ESCALATION,8.875,6590.0,1.5,0.1463682151182151,2.7286579841841228,1710.7979055062763,0.0
RUN_146,2026-10-04 00:50:41,NORMAL,ESCALATION,6.5,4165.75,1.5,0.28145292207792205,3.227837622936468,2504.512131075913,0.0
RUN_146,2026-10-04 00:50:42,NORMAL,ESCALATION,6.0,3575.5555555555557,1.6666666666666667,0.23540965207631873,2.3326710608177335,2185.5464146190684,0.0
RUN_146,2026-10-04 00:50:43,NORMAL,ESCALATION,8.1,3890.2,2.0,0.2067832167832168,2.775586363345001,2238.7159084478085,0.0
RUN_146,2026-10-04 00:50:44,NORMAL,ESCALATION,10.818181818181818,4683.909090909091,2.272727272727273,0.10133578542669448,2.8758414556159404,2105.5876455793027,0.0
RUN_146,2026-10-04 00:50:45,NORMAL,ESCALATION,5.090909090909091,3437.909090909091,2.272727272727273,0.257034632034632,3.4870171862648225,1799.9047619653131,0.0
RUN_146,2026-10-04 00:50:46,NORMAL,ESCALATION,4.75,2126.0833333333335,2.3333333333333335,0.4722582972582972,3.434603483674353,1666.4795394052228,0.0
RUN_146,2026-10-04 00:50:47,NORMAL,ESCALATION,12.692307692307692,7479.692307692308,2.6923076923076925,0.08842339621691847,4.009710665714108,2697.412749795536,0.0
RUN_146,2026-10-04 00:50:48,NORMAL,ESCALATION,10.090909090909092,4471.727272727273,2.4545454545454546,0.14013120717666172,4.0794888423154285,2651.764423273379,0.0
RUN_146,2026-10-04 00:50:49,NORMAL,ESCALATION,7.833333333333333,5080.166666666667,1.0,0.17055860805860804,1.7387292237076668,1571.5767358167234,0.0
RUN_146,2026-10-04 00:50:50,NORMAL,ESCALATION,5.0,2122.0,1.2857142857142858,0.2702380952380952,2.1237623524768017,2094.483892696736,0.0
RUN_146,2026-10-04 00:50:51,NORMAL,ESCALATION,6.0,2814.8571428571427,1.2857142857142858,0.3363095238095238,3.426659650980038,2428.0736641016933,0.0
RUN_146,2026-10-04 00:50:52,NORMAL,ESCALATION,7.571428571428571,5002.571428571428,1.2857142857142858,0.193301936159079,3.1036113668714185,1833.5927175780791,0.0
RUN_146,2026-10-04 00:50:53,NORMAL,ESCALATION,8.142857142857142,4777.857142857143,1.2857142857142858,0.2847469990327133,3.124119262975266,1991.6184400173354,0.0
RUN_146,2026-10-04 00:50:54,NORMAL,ESCALATION,8.666666666666666,6413.833333333333,1.0,0.16468253968253965,4.439909243763642,3125.0884823858073,0.0
RUN_146,2026-10-04 00:50:55,NORMAL,ESCALATION,9.833333333333334,6754.0,1.0,0.10548525548525546,3.5531379506519585,2347.8505090883696,0.0
RUN_146,2026-10-04 00:50:56,NORMAL,ESCALATION,10.0,4796.666666666667,1.0,0.10468559218559216,2.9970420265828372,2562.555457543275,0.0
RUN_146,2026-10-04 00:50:57,NORMAL,ESCALATION,7.333333333333333,4638.833333333333,1.0,0.3171296296296296,2.7657681584676257,2340.630835270101,0.0
RUN_146,2026-10-04 00:50:58,NORMAL,ESCALATION,7.5,4169.5,1.0,0.17774470899470896,2.6799526576457047,2022.4036644912994,0.0
RUN_146,2026-10-04 00:50:59,NORMAL,ESCALATION,3.142857142857143,2327.714285714286,1.2857142857142858,0.3380952380952381,2.6956549275492088,1517.3348388594552,0.0
RUN_146,2026-10-04 00:51:00,NORMAL,SUSTAINED,6.0,2885.625,1.5,0.2585858585858586,2.110926471624439,1112.9029439665196,0.0
RUN_146,2026-10-04 00:51:01,NORMAL,SUSTAINED,8.571428571428571,4225.857142857143,1.2857142857142858,0.23542727114155682,2.799690247924249,1369.9751010089738,0.0
RUN_146,2026-10-04 00:51:02,NORMAL,SUSTAINED,8.0,6125.428571428572,1.2857142857142858,0.14369876155590441,2.937289355986568,2020.8922331469978,0.0
RUN_146,2026-10-04 00:51:03,NORMAL,SUSTAINED,7.571428571428571,5040.285714285715,1.2857142857142858,0.157312925170068,2.8376811972948492,2227.6501236444324,0.0
RUN_146,2026-10-04 00:51:04,NORMAL,SUSTAINED,7.285714285714286,3694.1428571428573,1.2857142857142858,0.36645021645021647,1.976643118357567,1404.4641338343124,0.0
RUN_146,2026-10-04 00:51:05,NORMAL,SUSTAINED,7.0,5328.0,1.2857142857142858,0.1967171717171717,2.781812063430937,2029.782276888427,0.0
RUN_146,2026-10-04 00:51:06,NORMAL,SUSTAINED,6.428571428571429,3348.1428571428573,1.2857142857142858,0.24957482993197275,3.1846822173180547,2299.9644553339026,0.0
RUN_146,2026-10-04 00:51:07,NORMAL,SUSTAINED,10.625,6515.75,1.5,0.10377886002886001,3.1471182294143643,2066.4108375221754,0.0
RUN_146,2026-10-04 00:51:08,NORMAL,SUSTAINED,7.333333333333333,3515.6666666666665,1.6666666666666667,0.24681861348528017,2.217320989094274,1753.4622770146702,0.0
RUN_146,2026-10-04 00:51:09,NORMAL,SUSTAINED,8.454545454545455,3720.0,1.9090909090909092,0.14335664335664333,1.7588769624123979,994.65748527625,0.0
RUN_146,2026-10-04 00:51:10,NORMAL,SUSTAINED,9.833333333333334,8735.166666666666,2.3333333333333335,0.19985897136632427,2.6879675261309397,3221.4741113366204,0.0
RUN_146,2026-10-04 00:51:11,NORMAL,SUSTAINED,6.545454545454546,4385.727272727273,2.090909090909091,0.3753364431171917,4.044545662617577,3984.4694793389845,0.0
RUN_146,2026-10-04 00:51:12,NORMAL,SUSTAINED,7.769230769230769,5750.923076923077,2.3846153846153846,0.1665168165168165,3.1055801882075267,3200.7115337594723,0.0
RUN_146,2026-10-04 00:51:13,NORMAL,SUSTAINED,10.538461538461538,7342.076923076923,2.3846153846153846,0.12191035460266228,4.194286935443554,4176.471705840855,0.0
RUN_146,2026-10-04 00:51:14,NORMAL,SUSTAINED,8.363636363636363,4445.636363636364,2.090909090909091,0.1454129204129204,4.2701249390655995,3883.9547725613097,0.0
RUN_146,2026-10-04 00:51:15,NORMAL,SUSTAINED,4.9,3690.0,1.8,0.4476623376623376,4.128049459212439,3084.883362561546,0.0
RUN_146,2026-10-04 00:51:16,NORMAL,SUSTAINED,7.333333333333333,5133.444444444444,1.6666666666666667,0.18324514991181656,3.903312245005575,2867.281199688004,0.0
RUN_146,2026-10-04 00:51:17,NORMAL,SUSTAINED,6.333333333333333,3823.0,1.6666666666666667,0.22096560846560848,3.5304045004350297,2449.5214480313934,0.0
RUN_146,2026-10-04 00:51:18,NORMAL,SUSTAINED,9.222222222222221,6815.666666666667,1.8888888888888888,0.15310569060569057,2.0655180192905935,1911.2409523307033,0.0
RUN_146,2026-10-04 00:51:19,NORMAL,SUSTAINED,5.909090909090909,3562.4545454545455,2.090909090909091,0.3184769775678866,2.510303056322154,2079.2147876814784,0.0
RUN_146,2026-10-04 00:51:20,NORMAL,SUSTAINED,6.545454545454546,3533.3636363636365,2.090909090909091,0.1999278499278499,2.6143103621997916,2284.9729727748695,0.0
RUN_146,2026-10-04 00:51:21,NORMAL,SUSTAINED,5.071428571428571,3030.0714285714284,2.4285714285714284,0.39509637188208613,2.014701913826893,1621.8010380980907,0.0
RUN_146,2026-10-04 00:51:22,NORMAL,SUSTAINED,8.0,4559.307692307692,2.3846153846153846,0.18872032151384374,2.370706606595022,1912.3002748213185,0.0
RUN_146,2026-10-04 00:51:23,NORMAL,SUSTAINED,7.454545454545454,3116.5454545454545,2.272727272727273,0.18751021705567156,2.826169644580469,1663.5048113394544,0.0
RUN_146,2026-10-04 00:51:24,NORMAL,SUSTAINED,9.538461538461538,7538.153846153846,2.3846153846153846,0.13378312863606978,2.8435883467610403,2200.4334212501676,0.0
RUN_146,2026-10-04 00:51:25,NORMAL,SUSTAINED,7.545454545454546,3727.6363636363635,2.090909090909091,0.16378167287258194,3.130049226139724,2443.852051236673,0.0
RUN_146,2026-10-04 00:51:26,NORMAL,SUSTAINED,11.7,7748.9,2.0,0.11895436864477112,3.9587917438603943,3207.171850603684,0.0
RUN_146,2026-10-04 00:51:27,NORMAL,SUSTAINED,7.5,5052.875,1.5,0.17569444444444443,3.0914228828277572,2241.996733093029,0.0
RUN_146,2026-10-04 00:51:28,NORMAL,SUSTAINED,5.888888888888889,2417.1111111111113,1.6666666666666667,0.30772005772005767,2.823585849432504,1996.6211219991358,0.0
RUN_146,2026-10-04 00:51:29,NORMAL,SUSTAINED,8.5,6417.5,1.8,0.16247766122766122,2.894718945283109,2420.339440720857,0.0
RUN_146,2026-10-04 00:51:30,NORMAL,DECAY,8.25,6334.875,1.5,0.1673115079365079,4.227439899673954,3698.7087072180284,0.0
RUN_146,2026-10-04 00:51:31,NORMAL,DECAY,8.666666666666666,4690.777777777777,1.8888888888888888,0.1275132275132275,2.78290402529706,2442.3870176078535,0.0
RUN_146,2026-10-04 00:51:32,NORMAL,DECAY,7.125,4909.625,1.5,0.414729020979021,3.290395448638515,3019.896215626425,0.0
RUN_146,2026-10-04 00:51:33,NORMAL,DECAY,10.142857142857142,5779.857142857143,1.2857142857142858,0.11707683073229289,3.277717217499639,2753.060757854217,0.0
RUN_146,2026-10-04 00:51:34,NORMAL,DECAY,8.142857142857142,5037.714285714285,1.2857142857142858,0.1535198928056071,2.1534264717940306,1901.9882334713961,0.0
RUN_146,2026-10-04 00:51:35,NORMAL,DECAY,8.857142857142858,4541.857142857143,1.2857142857142858,0.1395534290271132,1.9012984499464214,1499.4466441338902,0.0
RUN_146,2026-10-04 00:51:36,NORMAL,DECAY,8.428571428571429,5091.714285714285,1.2857142857142858,0.16326173826173826,3.1137806186036445,2047.6054208998405,0.0
RUN_146,2026-10-04 00:51:37,NORMAL,DECAY,8.666666666666666,6526.333333333333,1.0,0.2539351851851852,2.39414919249972,1672.6159201673756,0.0
RUN_146,2026-10-04 00:51:38,NORMAL,DECAY,8.5,4970.666666666667,1.0,0.16157407407407406,2.2365187684028003,2028.094474451188,0.0
RUN_146,2026-10-04 00:51:39,NORMAL,DECAY,6.666666666666667,4847.666666666667,1.0,0.19259259259259257,3.5891590350312277,2796.430061258355,0.0
RUN_146,2026-10-04 00:51:40,NORMAL,DECAY,9.5,4962.0,1.0,0.1147283272283272,3.6532965315283037,2707.269211727323,0.0
RUN_146,2026-10-04 00:51:41,NORMAL,DECAY,5.166666666666667,3120.8333333333335,1.0,0.325,2.978994114771295,2256.8711815805004,0.0
RUN_146,2026-10-04 00:51:42,NORMAL,DECAY,9.333333333333334,5197.666666666667,1.0,0.1351406219053278,2.518758781479908,1220.5366413298955,0.0
RUN_146,2026-10-04 00:51:43,NORMAL,DECAY,8.5,5304.0,1.0,0.18174603174603168,2.931954370630409,2199.0661195490347,0.0
RUN_146,2026-10-04 00:51:44,NORMAL,DECAY,6.166666666666667,3892.8333333333335,1.0,0.3265993265993266,3.381155878185749,2428.9190291103223,0.0
RUN_146,2026-10-04 00:51:45,NORMAL,DECAY,7.142857142857143,3003.1428571428573,1.2857142857142858,0.17896825396825397,2.5231292082948946,1406.3052707486452,0.0
RUN_146,2026-10-04 00:51:46,NORMAL,DECAY,5.625,3432.5,1.5,0.24990079365079365,2.2371480900990925,1262.9328355796038,0.0
RUN_146,2026-10-04 00:51:47,NORMAL,DECAY,7.777777777777778,2689.8888888888887,1.6666666666666667,0.27442804109470775,1.89758994581467,982.4688347289806,0.0
RUN_146,2026-10-04 00:51:48,NORMAL,DECAY,7.8,5984.6,1.8,0.24650793650793648,2.2871717626909542,1652.6363106939582,0.0
RUN_146,2026-10-04 00:51:49,NORMAL,DECAY,13.181818181818182,9384.636363636364,1.9090909090909092,0.08312546039818765,2.5422492392917877,2218.7013753924116,0.0
RUN_146,2026-10-04 00:51:50,NORMAL,RECOVERY,9.666666666666666,7577.666666666667,1.6666666666666667,0.11886169386169383,3.6421692594832606,3209.9385584022375,0.0
RUN_146,2026-10-04 00:51:51,NORMAL,RECOVERY,9.375,4587.5,1.5,0.14818086325439264,3.179099990657172,2477.519210047854,0.0
RUN_146,2026-10-04 00:51:52,NORMAL,RECOVERY,10.75,6626.0,1.5,0.11031746031746029,3.65094320028164,2505.8709109235274,0.0
RUN_146,2026-10-04 00:51:53,NORMAL,RECOVERY,5.5,3538.0,2.0,0.27634920634920634,3.523529334447582,2403.314564118663,0.0
RUN_146,2026-10-04 00:51:54,NORMAL,RECOVERY,8.636363636363637,5271.181818181818,2.272727272727273,0.26847041847041847,3.6993193861565015,1936.4704609411112,0.0
RUN_146,2026-10-04 00:51:55,NORMAL,RECOVERY,6.375,3378.5,1.75,0.2696924603174603,3.980636654736022,2564.766663266728,0.0
RUN_146,2026-10-04 00:51:56,NORMAL,RECOVERY,9.142857142857142,4772.0,1.2857142857142858,0.13917748917748915,3.7979663244101363,2592.8691411657264,0.0
RUN_146,2026-10-04 00:51:57,NORMAL,RECOVERY,8.5,5547.0,1.0,0.14874939874939871,3.303310925383208,2412.661056147643,0.0
RUN_146,2026-10-04 00:51:58,NORMAL,RECOVERY,7.0,4451.666666666667,1.0,0.2824795574795575,2.1032346232384795,1298.2723699661076,0.0
RUN_146,2026-10-04 00:51:59,NORMAL,RECOVERY,6.333333333333333,4321.333333333333,1.0,0.17427248677248675,2.62464817021116,1567.9083794734486,0.0
